Character,pinyin,Raw_Tang,Raw_Song,Raw_Yuan,Raw_Ming,Raw_Qing,PerMillion_Tang,PerMillion_Song,PerMillion_Yuan,PerMillion_Ming,PerMillion_Qing,Gloss
不,bù,30629,208915,33127,145270,72299,10594.988749158996,11131.694475521968,9282.91987018988,8800.486483283921,8089.299040795023,"no, not"
人,rén,23625,155373,27985,123038,69399,8172.209644418078,8278.796475816838,7842.017465127051,7453.667349971,7764.827509815264,man
无,wú,18734,130417,21345,81963,49972,6480.346052001198,6949.056785841843,5981.342247387419,4965.3354004915,5591.203912455343,"negative, no, not"
一,yī,17687,151823,22907,107959,70034,6118.1744753787325,8089.6405253675985,6419.049279030386,6540.178428091478,7835.875586426349,one
山,shān,17581,115362,24961,110401,51825,6081.50762999002,6146.875705838093,6994.625618975749,6688.115290431805,5798.530032077927,"mountain, hill, peak"
风,fēng,16997,122393,25864,110633,60380,5879.494066716363,6521.511054460237,7247.666239701485,6702.169898156193,6755.721048468215,wind
日,rì,16381,86323,18269,89560,34672,5666.411267098943,4599.580031163309,5119.378848326107,5425.5632232595035,3879.336869700065,sun
云,yún,14731,78712,20694,94606,38093,5095.653768123712,4194.040330073404,5798.9176138409575,5731.250941264946,4262.101389521359,"say, speak"
有,yǒu,14705,113793,19527,85244,41229,5086.660013594405,6063.274104076161,5471.89833987979,5164.099055421317,4612.978189918781,"have, own, possess"
何,hé,14045,88027,15455,81710,38370,4858.357014004313,4690.3748873789455,4330.833658157534,4950.008608447231,4293.094015066667,"what, why, where, which, how"
来,lái,13933,98897,17350,78426,38723,4819.6146868011465,5269.565079317886,4861.854672858829,4751.063212900288,4332.590032458342,"come, coming"
天,tiān,13637,92020,20098,89302,48153,4717.224250621347,4903.135369109597,5631.905199718545,5409.933530186693,5387.681941816661,"sky, heaven"
中,zhōng,12851,73330,14735,66622,30408,4445.336132927691,3907.2692525190914,4129.073694788176,4035.9744647163316,3402.2518324249995,central
时,shí,12789,75269,12630,58648,30072,4423.889487511653,4010.5856998208023,3539.2060241041504,3552.9079043961965,3364.657889525276,"time, season"
花,huā,12646,75234,16655,77015,48821,4374.423837600466,4008.7207819994724,4667.10026377313,4665.584542645497,5462.422280676826,flower
上,shàng,12314,57540,14004,58270,25472,4259.580510533935,3065.9248982674007,3924.231287534008,3530.008586638357,2849.9789093504864,top
春,chūn,12219,75107,15079,69134,37289,4226.718715138391,4001.953794476359,4225.470121731314,4188.151941456259,4172.144454725592,spring
水,shuǐ,12108,61652,14564,65165,31689,4188.322301570966,3285.0261005905772,4081.1557034879534,3947.709104998945,3545.578739730196,"water, liquid, lotion, juice"
月,yuè,12034,64991,15030,68614,32685,4162.724692526017,3462.9392607455097,4211.739235335343,4156.650234487802,3657.0179276115205,moon
相,xiāng,10888,59388,11022,51690,25250,3766.3076659650383,3164.392559233653,3088.6087725792518,3131.390833075968,2825.140054220312,"mutual, reciprocal, each other"
生,shēng,10883,74692,14803,58659,32428,3764.5780977863255,3979.841197452011,4148.128802439726,3553.574286658991,3628.2630367626243,"life, living, lifetime"
为,wèi,10840,66208,11537,54295,23063,3749.7038114493957,3527.785117561489,3232.923190822612,3289.2022689467926,2580.4437651676453,"do, handle, govern, act"
心,xīn,10646,56917,10210,51151,28953,3682.596566115338,3032.7293610477172,2861.0683694460317,3098.7381021990495,3239.4566332610175,heart
自,zì,10389,75293,11875,60532,25580,3593.696761729499,4011.8645006125726,3327.6382847376713,3667.0410119511416,2862.062676711112,"self, private, personal"
年,nián,10291,73860,12950,62693,35176,3559.7972254267274,3935.5094366706676,3628.8771189349764,3797.954836487361,3935.727784049651,year
如,rú,10114,77989,14395,54164,33610,3498.5705119002937,4155.516456221347,4033.798156530424,3281.26626199897,3760.5131573205813,"if, supposing"
君,jūn,10083,52575,9029,51646,18492,3487.8471891922745,2801.3729844700833,2530.1259850860156,3128.725304024791,2069.0095003026536,"sovereign, monarch, ruler, chief, prince"
长,zhǎng,9963,49283,11404,55941,22981,3446.337552903167,2625.9641425323653,3195.6536420335497,3388.917287543098,2571.2690529123556,long
知,zhī,9900,65860,9070,45015,20325,3424.5449938513852,3509.242506080831,2541.615094111215,2727.0179599712656,2274.0978852288254,"know, perceive, comprehend"
白,bái,9277,43580,12950,57232,17963,3209.0407987837675,2322.0891043881356,3628.8771189349764,3467.1263331128616,2009.8214175825528,white
归,guī,9143,55710,10131,43015,21364,3162.688371594264,2968.4163378949756,2838.9308179096715,2605.8575485541264,2390.348202707435,return
此,cǐ,9030,62144,8660,44129,25044,3123.6001307553543,3311.2415168218517,2426.72400385922,2673.343897713473,2802.091386847267,"this, these"
见,jiàn,8819,49840,8725,38878,18378,3050.6123536136733,2655.642977574683,2444.938444996731,2355.237237537773,2056.2544125331046,"see, observe, behold"
行,xíng,8670,49244,9257,41056,17978,2999.0712218880312,2623.88609124574,2594.016640152979,2487.180925571038,2011.4997186048618,go
秋,qiū,8606,45132,10966,52659,28804,2976.932749200507,2404.7848889225643,3072.9163309838573,3190.0930524075725,3222.7855097727465,"autumn, fall"
去,qù,8534,48368,8705,37101,20083,2952.0269674270426,2577.209862346153,2439.3340015698045,2247.586211993645,2247.021295402238,"go away, leave, depart"
得,dé,8516,62664,9654,37155,21381,2945.8005219836764,3338.948867310191,2705.264842177472,2250.857543101908,2392.250277199386,"obtain, get, gain, acquire"
清,qīng,8331,58447,12166,47752,22574,2881.806499371302,3114.252911523023,3409.1829365994536,2892.825982995621,2525.731151840369,"clear, pure, clean"
空,kōng,8294,44699,9502,40539,22516,2869.007694848827,2381.713191304389,2662.67107213283,2455.860959219707,2519.241721220774,"empty, hollow, bare, deserted"
在,zài,8205,42969,8501,39194,16411,2838.2213812677387,2289.5329675643366,2382.168678615153,2374.380582541681,1836.1732051409717,"be at, in, on"
夜,yè,8132,39323,9414,42478,21284,2812.9696858585316,2095.261813948019,2638.0115210543527,2573.325978088624,2381.397263921787,"night, dark"
下,xià,8092,44044,9376,40233,18096,2799.1331404288294,2346.812586362346,2627.363078543192,2437.3234162728854,2024.7023533136935,"under, underneath, below"
江,jiāng,7961,46838,11107,53168,25170,2753.818454146553,2495.686311870847,3112.42765714369,3220.9283771132345,2816.189115434663,large river
高,gāo,7878,42689,9378,47115,19055,2725.10762237992,2274.6136249936926,2627.9235228858847,2854.2363919592617,2132.001732006655,"high, tall"
是,shì,7701,52818,7524,37287,21807,2663.8809088534863,2814.3208424867494,2108.391617209789,2258.854130255439,2439.914026232964,"indeed, yes, right"
未,wèi,7645,61574,7902,41967,22260,2644.509745251903,3280.869998017326,2214.3155979787016,2542.3694929715452,2490.598717106698,not yet
里,lǐ,7643,43090,8928,44373,21519,2643.817917980418,2295.980254889508,2501.8235457800365,2688.1254679063636,2407.6906466046294,unit of distance
金,jīn,7635,34692,9445,37885,17058,2641.050608894477,1848.5065445028272,2646.698408366089,2295.081093269164,1908.563922569904,gold
明,míng,7589,46267,9788,42591,19377,2625.1385816503193,2465.261509699997,2742.8146131378803,2580.171541333693,2168.0292606188905,"bright, light, brilliant"
处,chù,7365,43309,7186,33873,20374,2547.653927243985,2307.649312114405,2013.676523294729,2052.033307966382,2279.580335235035,"place, locale"
多,duō,7351,36018,7148,35679,17494,2542.811136343589,1919.1602882480925,2003.0280807835686,2161.4411594760586,1957.3465389516884,"much, many"
门,mén,7218,35542,7149,38382,16312,2496.804622789828,1893.7974058779973,2003.3083029549148,2325.1894555063227,1825.0964183937315,"gate, door, entrance, opening"
青,qīng,7080,39069,10708,47443,20242,2449.068541057354,2081.7278389017915,3000.619010776504,2874.1066994316725,2264.8112862387147,"blue, green"
子,zi,7075,53718,10142,44669,18696,2447.338972878641,2862.275872178106,2842.013261794481,2706.0572087961004,2091.8343942060574,"offspring, child"
三,sān,6999,51024,8766,42075,20162,2421.0495365622064,2718.7304833019784,2456.427554021931,2548.9121551880708,2255.8603474530664,three
玉,yù,6942,41444,9663,39747,18388,2401.3324593248803,2208.275833920649,2707.7868417195887,2407.8814362985204,2057.3732798813107,"jade, precious stone, gem"
寒,hán,6866,45006,8272,37407,22179,2375.0430230084453,2398.071184765774,2317.9978013768437,2266.1237549404673,2481.5358915862294,"cold, wintry, chilly"
道,dào,6866,37623,7705,33486,13500,2375.0430230084453,2004.6800911976784,2159.111830223474,2028.5887683571652,1510.4709200781865,"path, road, street"
客,kè,6864,36161,7447,38615,15240,2374.35119573696,1926.7798096323859,2086.814510016121,2339.3046434364196,1705.1538386660416,"guest, traveller"
声,shēng,6767,36982,7029,33688,22361,2340.797573069932,1970.5254533841678,1969.681642393355,2040.8259699102966,2501.8992773235796,"sound, voice, noise"
家,jiā,6740,42615,8674,37272,18648,2331.457904904882,2270.670655885737,2430.6471142580685,2257.9454271698105,2086.463830934668,"house, home, residence"
千,qiān,6716,47974,9098,46378,20686,2323.155977647061,2556.2162160146036,2549.4613149089128,2809.588780352046,2314.4889964990643,thousand
落,luò,6715,34474,8413,35919,19870,2322.810064011318,1836.890770644254,2357.5091275366763,2175.9804088461156,2223.189420885449,"fall, drop"
事,shì,6676,53001,7325,33391,20110,2309.3194322173586,2824.0716985239924,2052.627405111869,2022.8336488148511,2250.042237242395,"affair, matter, business"
今,jīn,6672,53181,8162,38987,20151,2307.935777674388,2833.6627044622637,2287.1733625287475,2361.8404799600075,2254.6295933700394,"now, today, modern era"
雨,yǔ,6493,49957,11324,45533,26291,2246.017236876469,2661.8771314345595,3173.2358683258435,2758.3985065283046,2941.614145168563,rain
万,wàn,6431,46862,8695,41127,19371,2224.57059146043,2496.965112662616,2436.5317798563415,2491.4821201763466,2167.3579402099667,ten thousand
我,wǒ,6400,62678,9915,42405,24386,2213.847268752411,3339.6948344387233,2778.4028288988643,2568.903623071899,2728.4699153353076,"our, us, i, me, my, we"
前,qián,6376,37105,7050,34164,18760,2205.5453414945887,1977.0793074419864,1975.566307991628,2069.6621478275756,2098.9951452345763,"in front, forward"
朝,cháo,6363,29236,5961,29732,12967,2201.0484642299357,1557.7924978405583,1670.4043633954743,1801.1706761271948,1450.8352904188032,dynasty
远,yuǎn,6247,25183,5564,29624,13100,2160.9224824837984,1341.8350141304825,1559.1561613709814,1794.628013910669,1465.716226149944,"distant, remote, far"
出,chū,6231,33951,7207,31396,13558,2155.387864311917,1809.0235700569433,2019.561188893002,1901.9761384262547,1516.9603506977817,"go out, send out"
南,nán,6191,36894,8579,40645,18338,2141.5513188822147,1965.8365171476796,2404.026007980167,2462.2824610248163,2051.7789431402803,south
入,rù,6139,29372,5881,27913,13559,2123.5638098236013,1565.0390356605856,1647.986589687768,1690.9752819433063,1517.0722374326022,"enter, come in(to), join"
深,shēn,6083,33697,7126,32441,16439,2104.1926462220176,1795.489595010716,1996.8631930139493,1965.28245339171,1839.3060337159486,deep
东,dōng,6040,35951,8289,37404,18765,2089.318359885088,1915.5903027044026,2322.761578289731,2265.9420143233415,2099.554578908679,"east, eastern, eastward"
尽,jǐn,6031,31218,5835,26379,16760,2086.2051371634047,1663.4001298941905,1635.096369805837,1598.0452463863605,1875.2216755933634,"exhaust, use up"
飞,fēi,6010,34240,8421,37392,18002,2078.9409508128106,1824.4224629245014,2359.750904907447,2265.2150518548387,2014.1850002405567,fly
与,yǔ,5964,48241,6937,29941,16412,2063.0289235686528,2570.4428748230393,1943.9012026294927,1813.8319391202858,1836.2850918757924,and
路,lù,5929,25557,4848,25817,12441,2050.921946317663,1361.7629931355573,1358.517086687009,1563.9991707781442,1391.982867903164,"road, path, street"
新,xīn,5845,38545,5876,31743,17524,2021.8652009152872,2053.8073549481574,1646.5854788310364,1922.9974698071285,1960.7031409963065,"new, recent, fresh, modern"
烟,yān,5818,28471,6807,32898,20870,2012.5255327502382,1517.0307226029051,1907.47232035447,1992.9676074005265,2335.076155706056,"smoke, soot"
草,cǎo,5817,26674,6875,31256,14398,2012.1796191144956,1421.2805133191632,1926.5274280060203,1893.494909627055,1610.9452079470911,"grass, straw, thatch, herbs"
开,kāi,5776,31861,6501,33184,13797,1997.9971600490505,1697.6613344403486,1821.7243359224929,2010.2935462331775,1543.7012803199066,open
地,dì,5713,33414,6094,29845,15849,1976.204600997269,1780.4104023411005,1707.6739121845362,1808.016239372263,1773.2928601717908,earth
流,liú,5713,34247,7373,37734,18504,1976.204600997269,1824.7954464887673,2066.0780693364927,2285.9334822071696,2070.3521411205006,"flow, circulate, drift"
城,chéng,5704,24334,5898,29805,13861,1973.0913782755858,1296.597436121636,1652.7503666006555,1805.5930311439201,1550.8620313484255,castle
树,shù,5695,18279,7049,31626,14301,1969.978155553903,973.9666530314532,1975.2860858202816,1915.9095857392258,1600.092194669492,tree
思,sī,5677,24405,5379,26787,14549,1963.7517101105368,1300.380555130621,1507.3150596719104,1622.761970315457,1627.8401049050026,"think, consider, ponder"
已,yǐ,5601,45947,5951,30327,15998,1937.4622737941017,2448.2108324764035,1667.6021416820113,1837.2158985237936,1789.9639836600613,already
谁,shuí,5552,45255,7426,38220,21056,1920.5125056427162,2411.338742980383,2080.929844417848,2315.3754621815347,2355.8870883826885,who? whom? whose? anyone?
欲,yù,5550,38926,5954,30701,14580,1919.820678371231,2074.108317517498,1668.4428081960502,1859.8728954587987,1631.3085936844413,"desire, want, long for"
将,jiāng,5528,25013,5173,26652,12215,1912.2105783848945,1332.7768418554483,1449.5892923745662,1614.5836425447999,1366.6964658337072,"will, going to, future"
色,sè,5488,25388,5741,31752,13048,1898.3740329551922,1352.7581042268469,1608.755485699282,1923.5426916585054,1459.8981159392724,"color, tint, hue, shade"
回,huí,5480,26144,5353,27227,15216,1895.6067238692517,1393.0403291675866,1500.0292832169057,1649.4172608272274,1702.4685570303473,"return, turn around"
别,bié,5477,17842,3878,22323,10778,1894.568982962024,950.6818219479834,1086.7015804810687,1352.3319320324015,1205.915227896496,"separate, other"
酒,jiǔ,5464,39939,8137,35386,17226,1890.0721056973705,2128.084367603436,2280.167808245089,2143.691159203448,1927.360894019766,"wine, spirits, liquor, alcoholic beverage"
西,xī,5427,34105,7804,33144,17655,1877.2733011748956,1817.2292084707979,2186.8538251867612,2007.8703380048344,1975.3603032578062,west(ern)
还,hái,5419,26825,4932,29755,13714,1874.505992088955,1429.3263016340463,1382.0557490801007,1802.5640208584919,1534.4146813297962,"still, yet, also, besides"
可,kě,5404,48172,7075,32820,16805,1869.3172875528167,2566.7663225467018,1982.571862275286,1988.242351355258,1880.2565786602906,"may, can, -able"
成,chéng,5379,37648,6681,29154,17508,1860.6694466592526,2006.0121753557717,1872.1643267648321,1766.1553172276415,1958.9129532391769,"completed, finished, fixed"
应,yīng,5295,26925,3975,22705,9105,1831.6127012568772,1434.6546382664194,1113.8831311016627,1375.4735706130753,1018.7287205416213,"should, ought to, must"
马,mǎ,5261,22481,6402,29192,12179,1819.85163764163,1197.863358323765,1793.982340959206,1768.457365044567,1362.6685433801654,horse
闻,wén,5240,23817,4235,23145,10443,1812.5874512910361,1269.0499357322676,1186.7408956517086,1402.128861124846,1168.4331717315927,hear
闲,xián,5230,17045,2393,7123,7056,1809.1283149336105,908.214978987971,670.5716560317682,431.5128052621421,789.4728008941988,"fence, guard"
更,gèng,5217,41347,5375,26013,16462,1804.6314376689572,2203.1073473872475,1506.194170986525,1575.872891097024,1841.8794286168227,"more, still further, much more"
独,dú,5209,24488,5024,25951,11280,1801.8641285830167,1304.8030745354902,1407.836188843963,1572.1169183430927,1262.0823687764403,"alone, single, solitary, only"
身,shēn,5154,30847,4536,20819,11815,1782.8388786171756,1643.6320009880867,1271.0877692269537,1261.2193026467128,1321.9417719054647,body
光,guāng,5085,29459,7085,31247,14598,1758.970837750939,1569.67468853075,1985.3740839887498,1892.9496877756778,1633.3225549112121,"light, brilliant, shine"
香,xiāng,5076,34846,6600,27571,21152,1755.8576150292556,1856.7121829166813,1849.4663308857794,1670.2568515909757,2366.6282149254666,"fragrant, sweet-smelling"
重,zhòng,5060,30216,5899,29404,18681,1750.3229968573746,1610.0101968378135,1653.0305887720021,1781.3003686547838,2090.156093183748,"heavy, weighty"
向,xiàng,5056,21953,4076,24475,11377,1748.9393423144045,1169.7297409048358,1142.185570407642,1482.7005347172437,1272.935382054039,"toward, direction, trend"
同,tóng,5000,29066,4934,28961,14914,1729.5681787128208,1548.7343255655244,1382.6161934227932,1754.4633375258875,1668.678763114524,"same, similar"
满,mǎn,4916,24745,6382,24443,11488,1700.5114333104452,1318.4968996806888,1788.3778975322796,1480.7619681345693,1285.3548096191264,fill
看,kàn,4911,35143,5947,32539,15633,1698.7818651317327,1872.537342714829,1666.481252996626,1971.21931355115,1749.1253254505398,"look, see"
阳,yáng,4878,22840,5208,24975,13684,1687.366715152228,1216.9920868339839,1459.3970683716877,1512.9906375715286,1531.058079285178,'male' principle
石,shí,4877,26715,7231,33029,13847,1687.0208015164853,1423.465131338436,2026.286521005314,2000.9036143483493,1549.2956170609368,"stone, rock, mineral"
雪,xuě,4769,29986,6247,24640,11809,1649.6621288562883,1597.7550225833554,1750.5479044005249,1492.6962686591578,1321.270451496541,snow
情,qíng,4766,24823,5263,27428,18255,1648.6243879490607,1322.6530022539396,1474.8092877957358,1661.59388217465,2042.49234415017,"feeling, sentiment, emotion"
愁,chóu,4762,23176,4458,21752,20226,1647.2407334060906,1234.895297918757,1249.23043986194,1317.7406345728084,2263.021098481585,anxiety
老,lǎo,4732,56930,9169,34624,17300,1636.8633243338136,3033.422044809926,2569.357089074502,2097.5290424535174,1935.640512396491,"old, aged"
望,wàng,4723,19904,4238,25502,12099,1633.7501016121305,1060.552123307514,1187.5815621657473,1544.9164059799448,1353.717604594517,"to look at, look forward"
海,hǎi,4720,24349,7707,36779,19254,1632.7123607049027,1297.396686616492,2159.6722745661673,2228.0793857554854,2154.2671922359555,"sea, ocean"
红,hóng,4712,26109,5066,20153,21757,1629.9450516189622,1391.175411346256,1419.605520040509,1220.8728856448054,2434.3196894919333,"red, vermillion"
衣,yī,4683,23049,5583,24720,12032,1619.913556182428,1228.1283103956434,1564.4803826265615,1497.5426851158434,1346.2211933615363,"clothes, clothing"
游,yóu,4675,28978,5479,29752,13109,1617.1462470964875,1544.0453893290362,1535.3372768065433,1802.382280241366,1466.7232067633295,to swim
头,tóu,4674,36453,7085,28263,15874,1616.800333460745,1942.3385525989147,1985.3740839887498,1712.1783539413057,1776.090028542306,head
从,cóng,4655,33071,5030,27061,11162,1610.2279743816362,1762.1342076920614,1409.517521872041,1639.360946679605,1248.8797340676085,"from, by, since, whence, through"
书,shū,4643,36346,6622,30804,15300,1606.0770107527253,1936.6372324022757,1855.6312186553987,1866.1126566467815,1711.867042755278,"book, letter, document"
林,lín,4533,28856,6607,30671,10911,1568.0265108210433,1537.544818637541,1851.427886085204,1858.0554892875416,1220.7961636276366,"forest, grove"
难,nán,4497,27038,4171,22740,18717,1555.573619934311,1440.6756586610006,1168.8066766855434,1377.5938778128752,2094.18401563729,"difficult, arduous, hard"
古,gǔ,4497,35358,6932,31128,16540,1555.573619934311,1883.9932664744308,1942.5000917727612,1885.740643296358,1850.6065939328298,"old, classic, ancient"
莫,mò,4432,27459,4364,23271,10552,1533.0892336110444,1463.107955883291,1222.8895557553851,1409.7619670441259,1180.6288258270388,"do not, is not, can not"
尘,chén,4417,28389,5758,23184,12426,1527.9005290749058,1512.6614865643594,1613.5192626121695,1404.4914891474803,1390.3045668808552,"dust, dirt, ashes, cinders"
能,néng,4403,34025,5424,27551,12920,1523.05773817451,1812.9665391648994,1519.9250573824952,1669.0452474768042,1445.5766138822348,to be able
似,shì,4376,29604,5039,21909,13375,1513.7180700094607,1577.400776647691,1412.0395214141581,1327.251726869054,1496.4850782256108,"resemble, similar to"
方,fāng,4354,28571,4445,19872,7904,1506.1079700231244,1522.3590592352782,1245.587551634438,1203.8498478406973,884.352752022073,"a square, rectangle"
歌,gē,4348,19958,5592,28477,11556,1504.032488208669,1063.429425088995,1567.0023821686787,1725.1425179629398,1292.9631075869277,"song, lyrics"
名,míng,4324,29828,4737,25425,12194,1495.7305609508473,1589.3362507042063,1327.4124256675664,1540.2517301403848,1364.3468444024743,"name, rank, title, position"
楼,lóu,4291,18287,4301,20832,14984,1484.3154109713428,974.3929199620432,1205.2355589605663,1262.0068453209244,1676.5108345519664,building of two or more stories
龙,lóng,4280,22454,6841,29347,11283,1480.5103609781747,1196.4247074330242,1916.9998741802451,1777.8472969293953,1262.4180289809021,dragon
复,fù,4232,27133,4770,22309,9145,1463.9065064625315,1445.737578461755,1336.6597573219951,1351.4838091524816,1023.2041899344456,return
黄,huáng,4229,30954,7273,29807,15736,1462.8687655553038,1649.3333211847257,2038.0558522018598,1805.7141915553375,1760.6496591370624,yellow
作,zuò,4173,38586,5634,25031,14815,1443.49760195372,2055.9919729674302,1578.7717133652243,1516.3831290912085,1657.6019763672837,make
旧,jiù,4141,25328,4112,22538,15122,1432.4283656099583,1349.5611022474232,1152.27356857611,1365.3566762597443,1691.95120395721,"old, ancient"
犹,yóu,4123,29956,4419,23196,12667,1426.201920166592,1596.1565215936437,1238.3017751794332,1405.218451615983,1417.2692699726215,"like, similar to, just like, as"
分,fēn,4045,26283,4396,21116,11489,1399.2206565786719,1400.4467170865848,1231.8566652384677,1279.211623742158,1285.466696353947,divide
后,hòu,4033,25256,3967,18858,11550,1395.0696929497612,1345.7246998721146,1111.641353730892,1142.4215192522076,1292.291787178004,"queen, empress, sovereign"
到,dào,4010,27598,4467,22515,14558,1387.1136793276823,1470.5143438022894,1251.752439404057,1363.963331528447,1628.847085518388,"go to, arrive, been to"
仙,xiān,3997,23070,6139,22759,10492,1382.616802063029,1229.2472610884415,1720.2839098951213,1378.744901721338,1173.9156217378022,"Taoist super-being, transcendent, immortal"
间,jiān,3985,33536,5881,22623,11443,1378.465838434118,1786.9109730325956,1647.986589687768,1370.5059937449726,1280.319906552199,"midpoint, space"
亦,yì,3958,32895,4401,25603,11574,1369.1261702690688,1752.756335219085,1233.2577760951995,1551.0350067565103,1294.9770688136985,"also, too"
十,shí,3955,31367,5332,26442,15023,1368.0884293618412,1671.3393514764261,1494.1446176186328,1601.8617993460005,1680.87441720997,"ten, tenth"
言,yán,3955,24224,3296,19039,8135,1368.0884293618412,1290.7362658260256,923.6122767575043,1153.3865364854587,910.1985877656331,"words, speech"
当,dāng,3952,30806,5345,25512,13805,1367.0506884546135,1641.4473829688138,1497.7875058461352,1545.5222080370304,1544.5963741984713,"bear, accept, undertake"
平,píng,3926,32572,5493,22609,12338,1358.056933925307,1735.5458078965203,1539.260387205392,1369.6578708650527,1380.4585342166417,"flat, level, even"
气,qì,3908,26877,6353,26286,13833,1351.8304884819406,1432.0970366828803,1780.251454563236,1592.4112872554635,1547.7292027734484,"steam, vapor"
过,guò,3865,26480,5249,25092,12702,1336.9562021450104,1410.9435402523595,1470.8861773968874,1520.0785216394313,1421.1853056913426,"pass, pass through, go across"
鸟,niǎo,3835,12623,3004,18932,7010,1326.5787930727336,672.5959331044387,841.787402724376,1146.9044544746419,784.3260110924508,bird
非,fēi,3759,28440,3887,17913,9119,1300.2893567562985,1515.3789382468697,1089.2235800231856,1085.1732248576093,1020.2951348291098,"not, negative, non-"
王,wáng,3735,15520,4064,19693,8001,1291.987429498477,826.9578453442833,1138.8229043514862,1193.0059910188634,895.2057652996718,"king, ruler"
叶,yè,3734,17908,3724,17782,10418,1291.6415158627344,954.1985241253495,1043.547366093734,1077.2372179097865,1165.6360033610774,"to harmonize, to rhyme"
几,jǐ,3723,29021,5126,28520,17137,1287.8364658695664,1546.3365740809566,1436.4188503212888,1727.7474668084083,1917.4029746207318,small table
五,wǔ,3721,20918,4702,23938,9248,1287.1446385980812,1114.5814567597756,1317.6046496704446,1450.1689642517417,1034.728523620968,five
外,wài,3719,22356,4161,19465,12050,1286.4528113265962,1191.2029375332988,1166.0044549720799,1179.1937041173094,1348.235154588307,"out, outside, external"
意,yì,3697,32562,4621,22934,13304,1278.8427113402597,1735.012974233283,1294.9066537913918,1389.3464377203377,1488.5411200533476,"thought, idea, opinion"
离,lí,3668,12628,3219,15569,10224,1268.8112159037253,672.8623499360573,902.0351695638369,943.1732226767218,1143.9299768058797,rare beast
松,sōng,3661,18484,4793,19869,7954,1266.3898204535274,984.8897431278178,1343.1048672629609,1203.6681072235715,889.9470887631032,pine tree
发,fā,3642,21057,4741,20493,7657,1259.8174613744186,1121.987844678774,1328.5333143529517,1241.470155585719,856.7167285213832,"issue, dispatch, send out"
大,dà,3601,29569,5635,26136,13444,1245.6350023089735,1575.5358588263605,1579.051935536571,1583.324256399178,1504.2052629282325,"big, great, vast, large, high"
诗,shī,3595,44125,5774,23059,14606,1243.5595204945182,2351.1285390345683,1618.0028173537107,1396.918963433909,1634.2176487897773,poetry
起,qǐ,3588,21762,4962,20264,12022,1241.13812504432,1159.5526179370033,1390.4624142204907,1227.5972884784567,1345.1023260133302,"rise, stand up"
初,chū,3584,22145,3403,17831,9869,1239.75447050135,1179.960147238992,953.5960490915618,1080.2056479895066,1104.2101859445647,"beginning, initial, primary"
华,huá,3573,22559,5498,25607,12044,1235.9494205081817,1202.0194608970157,1540.6614980621234,1551.2773275793447,1347.5638341793835,flowery
然,rán,3558,31707,5024,22017,12894,1230.7607159720433,1689.455696026494,1407.836188843963,1333.7943890855795,1442.667558776899,"yes, certainly"
百,bǎi,3538,29941,5416,24999,12502,1223.842443257192,1595.3572710987876,1517.6832800117245,1514.4445625085343,1398.8079587272214,one hundred
北,běi,3536,19098,4074,20171,8262,1223.1506159857067,1017.6057300505877,1141.6251260649494,1221.9633293475597,924.4082030878501,north
台,tái,3526,15350,4029,23858,9357,1219.6914796282813,817.8996730692493,1129.0151283543644,1445.3225477950562,1046.924177716414,platform
随,suí,3490,19991,3317,16959,7219,1207.2385887415487,1065.1877761776784,929.4969423557773,1027.3797086116338,807.7103386699577,"follow, listen to, submit to"
竹,zhú,3486,21786,4458,19656,8716,1205.8549341985786,1160.831418728773,1249.23043986194,1190.7645234076463,975.2047806964055,bamboo
世,shì,3482,35444,6209,26268,12463,1204.4712796556082,1888.5756359782717,1739.8994618893641,1591.3208435527092,1394.4443760692175,generation
边,biān,3480,19809,3472,19318,9790,1203.7794523841233,1055.4902035067594,972.9313789144585,1170.2884138781496,1095.3711338937367,"edge, margin, side, border"
梦,mèng,3471,28807,5295,25976,22903,1200.6662296624402,1534.9339336876785,1483.7763972788186,1573.6314234858069,2562.5418875963487,dream
安,ān,3447,25070,3970,20118,9591,1192.3643024046187,1335.8139937359008,1112.4820202449312,1218.7525784450054,1073.1056736644362,"peaceful, tranquil, quiet"
宫,gōng,3425,12842,3679,13947,6272,1184.7542024182824,684.2649903293354,1030.9373683831489,844.9121290174218,701.7536007948434,palace
公,gōng,3415,34496,4150,19988,9053,1181.2950660608567,1838.063004703376,1162.9220110872704,1210.8771517028913,1012.9106103309498,"fair, equitable"
之,zhī,3405,33529,5955,24504,10028,1177.8359297034308,1786.5379894683294,1668.7230303673966,1484.4573606827923,1122.0001767810409,marks preceding phrase as modifier of following phrase
神,shén,3340,21512,5408,18010,10246,1155.3515433801642,1146.231776356071,1515.4415026409538,1091.0495048113405,1146.391484971933,"spirit, god, supernatural being"
国,guó,3331,15987,3240,16342,8731,1152.2383206584811,851.841177417465,907.91983516211,990.0017216894462,976.8830817187145,"nation, country, nation-state"
故,gù,3331,22301,4605,20613,10784,1152.2383206584811,1188.2723523854936,1290.4230990498506,1248.7397802707476,1206.5865483054195,"ancient, old"
醉,zuì,3289,24513,3806,17756,8377,1137.7099479572937,1306.1351586935837,1066.5255841441328,1075.6621325613637,937.2751775922198,"intoxicated, drunk"
若,ruò,3285,17334,2944,13384,5647,1136.3262934143231,923.6138718555287,824.9740724435961,810.8054732034971,631.8243915319644,"if, supposing, assuming"
孤,gū,3264,17278,3737,21781,11110,1129.0621070637294,920.6300033414,1047.1902543212361,1319.497460538357,1243.061623856937,"orphan, fatherless"
终,zhōng,3263,15484,2571,13039,6340,1128.7161934279868,825.039644156629,720.451202531415,789.9053022340405,709.3618987626446,end
暮,mù,3255,13261,3234,15962,8320,1125.9488843420463,706.5907208189782,906.2385021340319,966.9812435201897,930.8976337074454,"evening, dusk, sunset"
少,shǎo,3254,21088,3141,15797,9081,1125.6029707063037,1123.6396290348096,880.1778401988232,956.9855095782758,1016.0434389059267,"few, less, inadequate"
吟,yín,3234,17031,2781,12525,9734,1118.6846979914524,907.4690118594388,779.2978585141444,758.7670764998356,1089.105476743783,"sing, hum"
枝,zhī,3216,18220,3053,15073,8740,1112.4582525480864,970.8229344183533,855.5182891203461,913.1254406452713,977.8900623320999,"branches, limbs"
阴,yīn,3213,20242,4454,18741,10509,1111.4205116408586,1078.5619011249344,1248.1095511765548,1135.333635184305,1175.8176962297528,'female' principle
露,lù,3203,15876,4083,16375,7981,1107.961375283433,845.9267237555309,1144.1471256070663,992.0008684778289,892.9680306032596,dew
柳,liǔ,3199,16411,3546,16317,10464,1106.5777207404628,874.4333247387264,993.667819594087,988.487216546732,1170.7827931628253,willow tree
好,hǎo,3199,26468,4968,21170,13876,1106.5777207404628,1410.3041398564749,1392.1437472485686,1282.4829548504208,1552.5403323707344,"good, excellent, fine"
坐,zuò,3194,22173,4010,19315,8324,1104.8481525617499,1181.452081496056,1123.6909070987842,1170.1066732610238,931.3451806467277,sit
所,suǒ,3193,21033,3539,16341,7113,1104.5022389260073,1120.7090438870046,991.7062643946626,989.9411414837377,795.8503447789733,"place, location"
文,wén,3190,22106,4101,20931,10052,1103.4644980187795,1177.8820959523664,1149.1911246913003,1268.0042856860725,1124.6854584167356,"literature, culture, writing"
晚,wǎn,3181,21237,3273,14898,7806,1100.3512752970967,1131.5788506170454,917.1671668165388,902.5239046462715,873.3878520096536,"night, evening"
野,yě,3164,17288,4273,18366,7198,1094.470743489473,921.1628370046371,1197.389338162869,1112.6160580435912,805.3607172387249,"open country, field"
碧,bì,3161,15743,4052,16334,10978,1093.4330025822453,838.840036034475,1135.46023829533,989.5170800437777,1228.2925748606172,jade
汉,hàn,3148,12142,2725,17177,5332,1088.936125317592,646.9666339027247,763.6054169187498,1040.586193456102,596.5800700634734,Chinese people
幽,yōu,3141,19913,4178,18288,8996,1086.514729867394,1061.0316736044274,1170.7682318849677,1107.8908019983228,1006.5330664461752,"quiet, secluded, tranquil"
四,sì,3112,20574,3471,15721,8089,1076.4832344308597,1096.2519787444128,972.6511567431122,952.3814139444244,905.0517979638852,four
轻,qīng,3066,17069,2705,12865,10048,1060.5712071867017,909.4937797797404,758.0009734918233,779.3643464407493,1124.237911477453,light
须,xū,3062,30113,3674,16437,7287,1059.1875526437314,1604.5220101064692,1029.5362575264173,995.7568412317604,815.3186366377589,"must, have to, necessary"
波,bō,3045,14988,3549,16319,11211,1053.3070208361078,798.6110944600591,994.508486108126,988.6083769581492,1254.3621840738185,"waves, breakers"
问,wèn,3045,22969,3528,21173,11573,1053.3070208361078,1223.8656410897452,988.6238205098531,1282.6646954675466,1294.865182078878,"ask about, inquire after"
微,wēi,3041,14989,3103,15047,8733,1051.9233662931374,798.6643778263829,869.5293976876627,911.5503552968485,977.1068551883557,"small, prefix micro-, trifling"
绿,lǜ,3037,17134,4042,16835,11597,1050.5397117501673,912.9571985907828,1132.6580165818666,1019.8677631037712,1297.5504637145725,green
留,liú,3022,19863,3301,18605,10459,1045.3510072140289,1058.3675052882409,925.0133876142361,1127.0947272079395,1170.2233594887223,"stop, halt"
岁,suì,2975,24748,4196,20845,8194,1029.0930663341283,1318.6567497796598,1175.8122309692017,1262.7943879951356,916.7999051200488,year
霜,shuāng,2963,19239,3903,19162,9033,1024.9421027052176,1025.1186847022336,1093.707134764727,1160.8379017876127,1010.6728756345375,frost
池,chí,2956,11474,2446,11762,4669,1022.5207072550196,611.3733451984733,685.4234311131237,712.5443795441969,522.3991648774113,"pool, pond"
小,xiǎo,2952,27630,4433,18679,17436,1021.1370527120495,1472.2194115246486,1242.2248855782818,1131.5776624303737,1950.857108332093,"small, tiny, insignificant"
河,hé,2949,11974,3990,19680,8787,1020.0993118048218,638.0150283603382,1118.0864636718575,1192.218448344652,983.1487388686684,river
半,bàn,2936,19741,3395,17400,11287,1015.6024345401684,1051.866934596746,951.3542717207911,1054.095579329113,1262.8655759201845,half
关,guān,2931,13797,2954,16421,8483,1013.8728663614555,735.1506051684972,827.7762941570595,994.7875579404233,949.1351714832041,frontier pass
泉,quán,2930,14432,2896,13772,5950,1013.526952725713,768.9855427840654,811.5234082189723,834.3105930184221,665.7260721826082,"spring, fountain"
逢,féng,2907,15556,2290,16434,6375,1005.5709391036339,828.8760465319376,641.7087723830963,995.5751006146347,713.2779344813658,"come upon, happen meet"
临,lín,2907,13278,2579,15888,6474,1005.5709391036339,707.4965380464815,722.6929799021857,962.4983082977556,724.3547212286059,"draw near, approach"
连,lián,2884,11537,2617,12929,6574,997.614925481555,614.7301972768684,733.3414224133461,783.2414796060979,735.5433947106665,"join, connect"
溪,xī,2868,21972,4134,17965,7090,992.080307309674,1170.7421248649866,1158.438456345729,1088.323395554455,793.2769498780995,"mountain stream, creek"
芳,fāng,2855,14350,2979,16574,9547,987.5834300450207,764.6163067455196,834.7818484407178,1004.0563294138344,1068.1826573323294,fragrant
岂,qǐ,2815,22336,3438,17301,6855,973.7468846153181,1190.137270206824,963.4038250886833,1048.0981389639646,766.9835671952568,how? what?
共,gòng,2805,16286,2863,18874,7712,970.2877482578924,867.7729039482601,802.2760765645435,1143.3908025435449,862.8704989365166,"together with, all, total"
翠,cuì,2801,15941,4403,16035,9697,968.9040937149223,849.3901425665734,1233.818220437892,971.4035985369154,1084.9656675554202,color green
两,liǎng,2791,23347,3545,15854,9031,965.4449573574965,1244.006753560115,993.3875974227407,960.4385813036643,1010.4491021648964,"two, both, pair, couple"
乡,xiāng,2790,12100,2583,14492,7545,965.0990437217539,644.728732517128,723.8138685875709,877.9283411285924,844.1854142214753,country
因,yīn,2784,11035,1778,9548,4169,963.0235619072986,587.9819473823561,498.2350206537751,578.4198041054236,466.4557974671081,"cause, reason"
九,jiǔ,2780,17962,3669,16725,7111,961.6399073643283,957.0758259068309,1028.1351466696856,1013.2039404758284,795.6265713093321,nine
曲,qū,2768,12768,2744,14289,8447,957.4889437354176,680.3220212213794,768.9296381743301,865.6305593697526,945.1072490296623,"crooked, bent"
馀,yú,2768,22928,3082,15363,5325,957.4889437354176,1221.681023070472,863.6447320893898,930.6937003007565,595.796862919729,"surplus, excess, remainder"
近,jìn,2762,13850,2890,14315,6446,955.4134619209622,737.9746235836549,809.8420751908944,867.2056447181754,721.2218926536289,"near, close"
影,yǐng,2742,15217,3569,16999,14868,948.4951892061109,810.8129853481931,1000.1129295350524,1029.8029168399767,1663.531973312776,shadow
期,qī,2734,12544,2436,13319,5324,945.7278801201703,668.3865471648639,682.6212093996604,806.86775983244,595.6849761849085,period of time
经,jīng,2724,15483,2874,15523,7918,942.2687437627447,824.9863607903053,805.358520449353,940.3865332141277,885.9191663095614,classic works
庭,tíng,2710,13093,2698,13425,6515,937.4259528623489,697.6391152765916,756.039418292399,813.2892616375483,728.9420773562507,courtyard
断,duàn,2699,16756,3204,13401,11607,933.6209028691807,892.816086120413,897.831836993642,811.8353367005427,1298.6693310627784,"sever, cut off"
物,wù,2698,24082,3506,13637,5765,933.2749892334381,1283.1700278080561,982.4589327402339,826.1322652477652,645.027026240796,"thing, substance, creature"
双,shuāng,2686,14702,3332,19476,10785,929.1240256045273,783.3720516914725,933.7002749259723,1179.8600863801037,1206.6984350402402,"set of two, pair, couple"
照,zhào,2678,14821,3331,14157,8247,926.3567165185868,789.7127722839963,933.420052754626,857.6339722162214,922.7299020655411,"shine, illumine, reflect"
惊,jīng,2666,17867,2948,14020,9014,922.205752889676,952.0139061060765,826.0949611289815,849.3344840341474,1008.5470276729462,"frighten, surprise, startle"
却,què,2660,20292,2916,12759,6652,920.1302710752207,1081.226069441121,817.1278516458989,772.9428446356409,744.2705600266738,"still, but"
乐,lè,2648,20081,3683,14371,5756,915.9793074463099,1069.983279146814,1032.0582570685342,870.5981362378553,644.0200456274104,"happy, glad"
曾,céng,2638,17861,2881,16394,9122,912.5201710888842,951.6942059081343,807.3200756487773,993.1518923862918,1020.6307950335715,already
吹,chuī,2637,15442,4022,15428,10172,912.1742574531416,822.8017427710323,1127.0535731549403,934.6314136718134,1138.1118665952083,blow
寻,xún,2606,16661,2649,13508,8533,901.4509347451221,887.7541663196587,742.3085318964287,818.3174187113597,954.7295082242345,"seek, search, look for"
动,dòng,2594,13461,3057,12646,4868,897.2999711162114,717.2473940837241,856.6391778057315,766.0972813905726,544.664625106712,"move, happen"
残,cán,2589,13722,2256,13179,12105,895.5704029374987,731.1543526942176,632.181218557321,798.3865310332403,1354.3889250034406,"injure, spoil"
正,zhèng,2578,21065,3218,15711,8770,891.7653529443304,1122.4141116093638,901.7549473924906,951.7756118873388,981.2466643767182,"right, proper, correct"
遥,yáo,2575,8448,2508,15631,6665,890.7276120371026,450.1378787028676,702.7972057365962,946.9291954306532,745.7250875793417,"far away, distant, remote"
星,xīng,2573,12130,2911,14895,6989,890.0357847656176,646.32723350684,815.7267407891674,902.3421640291458,781.9763896612181,"a star, planet"
居,jū,2564,16492,3552,15086,5779,886.9225620439345,878.7492774109485,995.3491526221649,913.9129833194827,646.5934405282844,"live, dwell, reside, sit"
常,cháng,2559,14768,2748,11262,5487,885.1929938652218,786.8887538688385,770.0505268597154,682.2542766899121,613.9225139606674,"common, normal, frequent, regular"
苦,kǔ,2554,14569,2851,11211,8073,883.4634256865088,776.2853639704165,798.9134105083874,679.164686198775,903.2616102067554,bitter
者,zhě,2553,15411,2764,12346,6067,883.1175120507662,821.1499584149967,774.5340816012568,747.9232196780016,678.816820156619,that which
晓,xiǎo,2548,13406,2444,9883,5960,881.3879438720535,714.3168089359189,684.862986770431,598.7141730177946,666.8449395308141,"dawn, daybreak"
对,duì,2538,16262,2837,16222,7809,877.9288075146278,866.4941031564906,794.9903001095389,982.7320970044178,873.7235122141154,"correct, right"
真,zhēn,2529,26377,5185,18403,9174,874.8155847929448,1405.4553535210155,1452.9519584307222,1114.8575256548083,1026.4489052442432,"real, actual, true, genuine"
笑,xiào,2522,28629,4029,18024,10929,872.3941893427467,1525.4494944820547,1129.0151283543644,1091.8976276912604,1222.8101248544074,"smile, laugh, giggle"
忆,yì,2512,9627,2494,14623,7578,868.9350529853211,512.9589675985447,698.8740953377476,885.8643480764149,847.8776764705553,"remember, reflect upon"
垂,chuí,2498,11329,2171,12154,6912,864.0922620849253,603.6472570815325,608.3623339928829,736.2918201819563,773.3611110800314,let down
语,yǔ,2496,21061,2994,12814,11919,863.4004348134401,1122.2009781440688,838.9851810109127,776.2747559496123,1333.5779923268078,"language, words"
静,jìng,2496,11769,2143,9664,5150,863.4004348134401,627.0919382639736,600.5161131951857,585.4471079676177,576.216684326123,"quiet, still, motionless"
鹤,hè,2459,11155,3487,14604,5075,850.6016302909652,594.3759513412036,977.1347114846535,884.7133241679521,567.8251792145775,crane
木,mù,2445,16396,3412,13385,6181,845.7588393905694,873.6340742438704,956.1180486336788,810.8660534092056,691.5719079261681,tree
悲,bēi,2444,10187,2070,10724,5997,845.4129257548268,542.7976527398333,580.0598946869035,649.6621260187017,670.9847487191767,"sorrow, grief"
先,xiān,2432,20801,3207,17084,8175,841.2619621259159,1108.3473028998992,898.6725035076811,1034.952234325205,914.6740571584573,"first, former, previous"
舟,zhōu,2423,15532,3351,17266,6749,838.148739404233,827.597245740168,939.0244961815525,1045.9778317641646,755.1235733042727,"boat, ship"
紫,zǐ,2417,11387,3100,16119,4430,836.0732575897775,606.7376923283089,868.6887311736236,976.4923358164352,495.65823525528634,"purple, violet"
以,yǐ,2400,21744,3396,17769,6867,830.192725782154,1158.5935173431762,951.6344938921374,1076.4496752355753,768.3262080131042,by means of
又,yòu,2396,18783,3177,13217,13185,828.8090712391837,1000.8214696586131,890.2658383672912,800.6885788501659,1475.2265986096954,"and, also, again, in addition"
才,cái,2391,14324,2351,14049,9170,827.0795030604709,763.2309392211026,658.8023248352223,851.0913099996958,1026.0013583049606,"talent, ability"
唯,wéi,2378,3655,520,1723,642,822.5826257958176,194.75070391323166,145.71552910009171,104.37969443586562,71.83128375482931,only
鱼,yú,2376,14631,3067,13848,6537,821.8907985243325,779.5889326824877,859.4413995191948,838.9146886522734,731.4035855223041,fish
沙,shā,2367,10540,2850,11607,5973,818.7775758026494,561.6066810521098,798.6331883370411,703.1544476593687,668.299467083482,"sand, gravel, pebbles"
依,yī,2358,12341,2312,12689,8726,815.6643530809663,657.5700238011469,647.8736601527155,768.702230236041,976.3236480446114,"rely on, be set in"
兮,xī,2356,17031,3026,12548,1752,814.9725258094811,907.4690118594388,847.9522904939953,760.1604212311328,196.02555940570244,exclamatory particle
凤,fèng,2346,8554,3011,13984,4710,811.5133894520555,455.78591553318296,843.7489579238004,847.1535966286389,526.9865210050561,male phoenix
和,hé,2340,14035,2388,10079,6132,809.4379076376001,747.8320463535448,669.1705451750366,610.5878933366741,686.0894579199585,"harmony, peace"
怜,lián,2329,12208,2430,16226,9074,805.632857644432,650.4833360800908,680.9398763715825,982.9744178272522,1015.2602317621826,"pity, sympathize"
虚,xū,2316,13181,2842,12437,5092,801.1359803797785,702.3280515130797,796.3914109662704,753.4360183974815,569.7272537065278,false
至,zhì,2311,13372,2414,11319,5098,799.4064122010657,712.5051744809122,676.4563216300412,685.7073484153005,570.3985741154514,"reach, arrive"
峰,fēng,2308,12522,2514,15431,6648,798.368671293838,667.2143131057419,704.4785387646742,934.8131542889392,743.8230130873915,"peak, summit"
二,èr,2297,16819,2860,12818,5940,794.5636213006699,896.172938198808,801.4354100505045,776.5170767724466,664.6072048344021,two
爱,ài,2294,13182,2412,12116,5541,793.5258803934422,702.3813348794034,675.8958772873485,733.9897723650306,619.9643976409801,"love, be fond of, like"
忽,hū,2294,14629,2473,13285,6544,793.5258803934422,779.4823659498402,692.9894297394746,804.8080328383486,732.1867926660483,"suddenly, abruptly"
楚,chǔ,2293,8358,1857,9539,4064,793.1799667576996,445.34237573373196,520.3725721901352,577.8745822540465,454.70769031094443,name of feudal state
泪,lèi,2292,8260,1741,10875,10634,792.834053121957,440.1206058340064,487.86680031396094,658.8097370806956,1189.8035380823287,tears
数,shù,2280,17111,2734,12383,8674,788.6830894930463,911.731681165337,766.1274164608668,750.1646872892187,970.5055378339399,number
久,jiǔ,2279,16717,2887,13763,6274,788.3371758573037,890.7380348337877,809.0014086768554,833.765371167045,701.9773742644845,long time (ago)
车,chē,2272,13617,2813,13110,6254,785.9157804071058,725.5595992302259,788.264967997227,794.2064968393489,699.7396395680724,"cart, vehicle"
鸣,míng,2254,12855,3000,14214,5401,779.6893349637396,684.9576740915439,840.6665140389906,861.0870439416099,604.3002547660951,cry of bird or animal
官,guān,2250,16233,3336,12972,5391,778.3056804207694,864.9488855331025,934.8211636113576,785.8464284515663,603.1813874178891,"official, public servant"
通,tōng,2246,12124,2419,9827,4723,776.9220258777991,646.0075333088976,677.8574324867727,595.3216814981146,528.4410485577241,pass through
浮,fú,2234,15697,3514,19430,7076,772.7710622488884,836.3890011835833,984.7007101110044,1177.0733969175096,791.7105355906109,"to float, drift, waft"
夕,xī,2233,9552,2442,14160,7790,772.4251486131458,508.9627151242651,684.3025424277383,857.8157128333471,871.5976642525238,"evening, night, dusk"
传,chuán,2223,19901,3257,17565,8327,768.9660122557201,1060.3922732085427,912.6836120749975,1064.091313271027,931.6808408511895,summon
且,qiě,2218,16119,2466,12140,6423,767.2364440770073,858.8745817721973,691.0278745400503,735.4436973020363,718.6484977527549,"moreover, also (post-subject)"
转,zhuǎn,2213,12993,2397,12822,7771,765.5068758982944,692.3107786442185,671.6925447171535,776.7593975952808,869.4718162909323,"shift, move, turn"
丹,dān,2207,12313,3499,13783,4212,763.4313940838391,656.0780895440824,980.4973775408095,834.9769752812164,471.26692706439417,cinnabar (native HgS)
吾,wú,2201,24484,3023,16715,7389,761.3559122693838,1304.5899410701954,847.1116239799562,1012.5981384187428,826.7310835894607,"i, my, our"
女,nǚ,2200,8394,2539,11009,6830,761.0099986336412,447.2605769213862,711.4840930483325,666.927484645644,764.1863988247417,"woman, girl"
合,hé,2200,11661,2086,10454,5003,761.0099986336412,621.3373347010107,584.5434494284449,633.3054704773878,559.7693343074938,"combine, unite, join"
其,qí,2196,18773,2924,12952,6586,759.6263440906708,1000.2886359953757,819.3696290166696,784.6348243373949,736.8860355285138,"his, her, its, their"
苍,cāng,2185,13803,3633,15639,7948,755.8212940975027,735.4703053664396,1018.0471485012176,947.4138370763217,889.2757683541797,blue
景,jǐng,2185,10062,2061,8721,4883,755.8212940975027,536.1372319493672,577.5378951447866,528.3199739844365,546.3429261290211,"scenery, view"
恩,ēn,2182,6759,1365,10235,3203,754.783553190275,360.1422729820883,382.5032638877408,620.0384054272109,358.3732116304023,"kindness, mercy, charity"
早,zǎo,2179,11114,2082,10247,6342,753.7458122830473,592.1913333219306,583.4225607430595,620.7653678957138,709.5856722322858,early
堪,kān,2177,13451,2128,15828,7613,753.0539850115622,716.7145604204867,596.3127806249908,958.8634959552414,851.7937121892766,"adequately capable of, worthy of"
登,dēng,2173,12349,2272,13668,5931,751.6703304685919,657.9962907317367,636.6647732988622,828.0102516247308,663.6002242210167,"rise, mount, board, climb"
病,bìng,2166,14076,1569,9557,4944,749.2489350183939,750.0166643728178,439.66858684239213,578.9650259568007,553.1680169530781,"illness, sickness, disease"
恨,hèn,2157,12658,1759,7906,7446,746.1357122967108,674.4608509257691,492.9107993981948,478.94710633195217,833.1086274742353,"hatred, dislike"
宿,sù,2150,7847,1463,7236,3273,743.7143168465129,418.1145755423061,409.96503667968113,438.35836850721046,366.20528306784473,"stop, rest, lodge, stay overnight"
寂,jì,2142,10273,1880,9500,5523,740.9470077605724,547.3800222436741,526.8176821311008,575.5119542314122,617.9504364142092,"still, silent, quiet"
灵,líng,2141,12410,3075,11898,6360,740.6010941248298,661.2465760774842,861.6831768899655,720.7832875205623,711.5996334590567,"spirit, soul"
听,tīng,2123,14294,3068,12727,9329,734.3746486814637,761.6324382313908,859.721621690541,771.0042780529668,1043.7913491414372,hear
散,sàn,2111,10326,2556,11478,5342,730.2236850525529,550.2040406588318,716.2478699612201,695.3396011229631,597.6989374116795,"scatter, disperse, break up"
疏,shū,2095,15648,2528,12601,7332,724.6890668806719,833.7781162337207,708.4016491635228,763.371172133687,820.3535397046861,neglect
使,shǐ,2092,14738,2701,11572,4460,723.6513259734442,785.2902528791267,756.8800848064379,701.0341404595687,499.0148372999045,"cause, send on a mission, order"
怀,huái,2090,16124,3663,17642,8244,722.9594987019591,859.140998603816,1026.4538136416074,1068.7559891105868,922.3942418610792,"bosom, breast"
绝,jué,2082,14979,2728,11547,8072,720.1921896160186,798.1315441631456,764.4460834327889,699.5196353168544,903.149723471935,"to cut, sever, break off, terminate"
园,yuán,2073,12263,2200,13113,6319,717.0789668943354,653.413921227896,616.4887769619265,794.3882374564747,707.0122773314118,garden
珠,zhū,2066,9152,2284,10463,6815,714.6575714441375,487.64936859477325,640.0274393550183,633.8506923287649,762.5080978024326,"precious stone, gem, jewel, pearl"
觉,jué,2064,13928,2134,8449,4857,713.9657441726524,742.1307261569058,597.9941136530688,511.84215803170554,543.4338710236854,to wake up from sleep
堂,táng,2061,17909,3600,17009,6684,712.9280032654248,954.2518074916733,1008.7998168467889,1030.4087188970623,747.8509355409333,hall
送,sòng,2056,10981,2294,12128,6195,711.1984350867119,585.1046456008746,642.8296610684815,734.7167348335335,693.1383222136566,"see off, send off"
主,zhǔ,2055,9843,1539,10189,3786,710.8525214509693,524.4681747244704,431.2619217020022,617.2517159646168,423.60317803081585,"master, chief owner"
陵,líng,2055,7964,1736,10987,4738,710.8525214509693,424.34872940218247,486.46568945722925,665.5947201200554,530.1193495800331,"hill, mound"
火,huǒ,2041,10984,2520,9377,6242,706.0097305505734,585.2644956998458,706.1598717927521,568.0605889292582,698.3969987502252,"fire, flame"
雁,yàn,2039,9516,2497,11666,6222,705.3179032790883,507.0445139366108,699.7147618517865,706.7286797961742,696.159264053813,wild goose
死,sǐ,2039,11592,2250,8013,6151,705.3179032790883,617.6607824246735,630.499885529243,485.4291883427691,688.21530588155,die
皆,jiē,2012,9832,1547,6838,3521,695.9782351140391,523.8820576949093,433.50369907277286,414.2474466351997,393.95319330335514,"all, every, everybody"
舞,wǔ,2006,9557,2320,8612,4479,693.9027532995837,509.22913195588376,650.1154375234861,521.7167315622024,501.14068526149606,"dance, posture, prance"
窗,chuāng,2003,15647,2941,11076,9735,692.865012392356,833.7248328673969,824.1334059295572,670.9863584281181,1089.2173634786034,window
萧,xiāo,2001,12743,2938,13901,7572,692.1731851208709,678.9899370632862,823.2927394155182,842.1254395548275,847.2063560616317,common artemisia
州,zhōu,1997,14252,2544,9862,5326,690.7895305779007,759.3945368457942,712.885203905064,597.4419886979146,595.9087496545498,"administrative division, state"
于,yú,1996,16599,2236,11215,5109,690.4436169421581,884.4505976075875,626.5767751303944,679.4070070216094,571.6293281984781,"in, on, at"
足,zú,1995,16695,2776,12220,6146,690.0977033064155,889.5658007746656,777.8967476574127,740.2901137587219,687.6558722074469,foot
太,tài,1987,14597,3156,13575,6000,687.3303942204749,777.7772982274809,884.3811727690182,822.3762924938338,671.3204089236384,"very, too, much"
穷,qióng,1985,16024,2141,9360,4787,686.6385669489898,853.8126619714429,599.955668852493,567.0307254322125,535.6017995862428,"poor, destitute, impoverished"
帝,dì,1979,8336,1344,10012,2932,684.5630851345344,444.1701416746099,376.61859828946785,606.5290195541999,328.051906494018,"supreme ruler, emperor"
川,chuān,1963,10210,2046,8697,2995,679.0284669626535,544.0231701652791,573.3345625745916,526.8660490474308,335.10077078771616,"stream, river"
手,shǒu,1960,18592,2919,12610,9002,677.9907260554257,990.6443466907806,817.9685181599378,763.9163939850641,1007.2043868550987,hand
沈,shěn,1960,5169,1199,3940,5021,677.9907260554257,275.4217205273582,335.98638344424995,238.68601049176465,561.7832955342648,"sink, submerge"
悠,yōu,1959,8763,2154,10403,3143,677.6448124196833,466.9221390948424,603.5985570799953,630.2158799862507,351.66000754116595,"long, far, remote, distant"
寄,jì,1956,12282,2135,10626,5562,676.6070715124555,654.4263051880469,598.2743358244151,643.7252658592618,622.3140190722128,"send, transmit, mail"
昔,xī,1952,12610,2419,11552,5267,675.2234169694852,671.9032493422302,677.8574324867727,699.8225363453973,589.3074323001339,formerly
罗,luó,1944,7508,1697,10018,7004,672.4561078835447,400.05151435856175,475.53702477472234,606.8925007884513,783.6546906835273,net for catching birds
亲,qīn,1943,11664,2132,10654,5244,672.1101942478022,621.497184799982,597.4336693103761,645.4215116191018,586.73403739926,"relatives, parents"
乱,luàn,1941,9563,2389,8523,7348,671.418366976317,509.5488321538261,669.4507673463829,516.3250932541397,822.1437274618158,"confusion, state of chaos, revolt"
秦,qín,1935,5526,1362,7157,3668,669.3428851618617,294.44388230492973,381.6625973737018,433.5725322562334,410.4005433219843,feudal state of Qin
始,shǐ,1933,8785,1406,7140,3295,668.6510578903766,468.0943731539645,393.9923729129403,432.54266875918773,368.6667912338981,"begin, start"
识,shí,1927,14162,2430,10418,5667,666.575576075921,754.5990338766585,680.9398763715825,631.1245830718792,634.0621262283765,"recognize, understand, know"
霞,xiá,1919,6938,2427,12661,4429,663.8082669899806,369.6799955540359,680.0992098575434,767.0059844762012,495.54634852046576,rosy clouds
兴,xīng,1907,14831,2939,15659,5827,659.6573033610698,790.2456059472336,823.5729615868646,948.6254411904931,651.9640037996735,"thrive, prosper, flourish"
画,huà,1905,14535,3600,12664,12205,658.9654760895847,774.4737295154096,1008.7998168467889,767.1877250933269,1365.577598485501,"a painting, picture, drawing"
节,jié,1904,13457,2384,11958,5716,658.6195624538421,717.0342606184291,668.0496564896513,724.4180998630766,639.5445762345862,"knot, node, joint"
往,wǎng,1897,13488,2617,11678,5834,656.1981670036441,718.6860449744647,733.3414224133461,707.4556422646771,652.7472109434177,"go, depart"
待,dài,1896,11529,2091,9152,5687,655.8522533679015,614.3039303462785,585.9445602851764,554.43004264483,636.2998609247886,"treat, entertain, receive"
容,róng,1886,15134,2190,10539,5798,652.393117010476,806.3904659433236,613.6865552484632,638.4547879626161,648.7192884898759,"looks, appearance"
休,xiū,1880,15624,2427,9117,6111,650.3176351960207,832.4993154419512,680.0992098575434,552.30973544503,683.7398364887258,"rest, stop"
田,tián,1878,13078,2790,10384,5382,649.6258079245355,696.8398647817356,781.8198580562614,629.0648560777879,602.1744068045036,"field, arable land, cultivated"
会,huì,1875,12996,2058,9061,3792,648.5880670173078,692.4706287431899,576.6972286307476,548.9172439253501,424.2744984397395,"assemble, meet together"
儿,ér,1855,17738,3500,11894,8798,641.6697943024565,945.1403518503155,980.7775997121557,720.5409666977281,984.3794929516952,"son, child"
带,dài,1853,9265,1736,10016,5040,640.9779670309714,493.6703889893547,486.46568945722925,606.7713403770342,563.9091434958563,"belt, girdle, band, strap, zone"
信,xìn,1840,12744,2007,9219,5750,636.4810897663181,679.04322042961,562.4058978920848,558.4889164273042,643.3487252184868,"trust, believe"
僧,sēng,1840,10141,1278,7342,2893,636.4810897663181,540.3466178889418,358.12393498061004,444.7798703123188,323.6883238360143,"Buddhist priest, monk"
皇,huáng,1836,7888,1754,9156,3275,635.0974352233477,420.29919356157905,491.5096885414632,554.6723634676642,366.429056537486,"royal, imperial"
迟,chí,1834,8940,1764,9689,5036,634.4056079518626,476.3532949341425,494.31191025492654,586.9616131103319,563.4615965565738,"late, tardy"
虽,suī,1832,13459,1358,5831,2612,633.7137806803775,717.1408273510765,380.5417086883164,353.24317948667,292.2481513514239,"although, even if"
直,zhí,1825,12240,1890,7525,3637,631.2923852301795,652.1884038024502,529.6199038445641,455.8660479569871,406.9320545425455,"straight, erect, vertical"
夫,fū,1823,12926,2266,10038,4033,630.6005579586945,688.7407931005287,634.9834402707843,608.1041049026228,451.2392015315056,"man, male adult, husband"
群,qún,1823,11135,2357,11822,5227,630.6005579586945,593.3102840147291,660.4836578633003,716.1791918867111,584.8319629073097,"group, crowd, multitude, mob"
圣,shèng,1816,9848,1636,9459,2207,628.1791625084966,524.7345915560891,458.4434723225962,573.0281657973609,246.9340237490783,"holy, sacred"
斜,xié,1811,9769,1767,9332,9159,626.4495943297837,520.5252056165143,495.1525767689655,565.3344796723726,1024.770604221934,"slanting, sloping, inclined"
洞,dòng,1808,6790,1889,8525,2729,625.411853422556,361.79405733812393,529.3396816732178,516.4462536655568,305.33889932543485,"cave, grotto"
胜,shèng,1801,14362,1980,11315,5690,622.9904579723581,765.2557071414044,554.8398992657338,685.4650275924663,636.6355211292504,victory
暗,àn,1799,8384,1491,5937,5698,622.2986307008729,446.7277432581489,417.8112574773784,359.66468129177844,637.5306150078153,dark
凉,liáng,1795,13585,3221,11211,9792,620.9149761579026,723.8545315078665,902.5956139065296,679.164686198775,1095.5949073633778,"cool, cold"
湖,hú,1790,19469,3903,17303,8733,619.1854079791899,1037.3738589566915,1093.707134764727,1048.2192993753818,977.1068551883557,a lake
阁,gé,1788,8124,1838,10070,4841,618.4935807077047,432.8740680139792,515.048350934555,610.0426714852971,541.6436832665556,"chamber, pavilion"
燕,yàn,1786,11069,2582,12657,8408,617.8017534362197,589.7935818373628,723.5336464162247,766.7636636533668,940.7436663716586,swallow (bird)
功,gōng,1775,14319,2749,8455,3814,613.9967034430513,762.964522389484,770.3307490310617,512.205639265957,426.73600660579285,"achievement, merit, good result"
桃,táo,1772,11171,2525,11353,6513,612.9589625358236,595.2284852023834,707.5609826494838,687.767075409392,728.7183038866095,peach
晴,qíng,1772,13416,2762,11727,5842,612.9589625358236,714.8496425991563,773.9736372585642,710.424072344397,653.6423048219826,"clear weather, fine weather"
尚,shàng,1771,17409,2536,13194,7352,612.6130489000811,927.6101243298084,710.6434265342934,799.2952341188688,822.5912744010983,"still, yet"
兰,lán,1766,8240,1732,11001,6228,610.8834807213683,439.05493850753186,485.34480077184395,666.4428429999755,696.8305844627367,orchid
隔,gé,1764,8572,2189,11318,6726,610.1916534498831,456.7450161270101,613.4063330771169,685.646768209592,752.5501784033986,"separate, partition"
首,shǒu,1761,12642,2548,13085,6917,609.1539125426555,673.6083170645895,714.0060925904494,792.6919916966347,773.9205447541344,head
剑,jiàn,1752,5829,1663,9794,3507,606.0406898209725,310.5887423010198,466.0094709489472,593.3225347097317,392.3867790158667,"sword, dagger, saber"
度,dù,1751,10682,2587,12567,5956,605.6947761852299,569.1729190700795,724.9347572729563,761.3114451395957,666.3973925915318,"degree, system"
士,shì,1741,14237,3077,12394,5783,602.2356398278041,758.5952863509382,862.2436212326581,750.831069552013,647.0409874675668,"scholar, gentleman"
隐,yǐn,1738,11263,2436,11445,5001,601.1978989205764,600.1305549041664,682.6212093996604,693.3404543345804,559.5455608378527,"hide, conceal"
只,zhǐ,1738,21225,2904,12500,8220,601.1978989205764,1130.9394502211605,813.7651855897429,757.2525713571214,919.7089602253847,"only, just, simply"
逐,zhú,1737,6295,1234,7522,3155,600.851985284834,335.41879100787776,345.79415944137145,455.6843073398614,353.0026483590132,"chase, expel"
争,zhēng,1735,11152,1793,7934,5940,600.1601580133488,594.2161012422324,502.43835322397007,480.64335209179205,664.6072048344021,"dispute, fight, contend, strive"
学,xué,1735,15110,2366,10001,5203,600.1601580133488,805.1116651515541,663.0056574054173,605.8626372914057,582.1466812716152,"learning, knowledge"
贤,xián,1725,12291,1945,9857,3316,596.7010216559232,654.9058554849604,545.0321232686123,597.1390876693716,371.0164126651309,"virtuous, worthy, good"
解,jiě,1724,12907,1979,9537,5093,596.3551080201806,687.7284091403778,554.5596770943876,577.7534218426293,569.8391404413484,"loosen, unfasten, untie"
用,yòng,1722,15641,2365,7453,3288,595.6632807486956,833.4051326694546,662.725435234071,451.50427314597005,367.8835840901539,"use, employ, apply, operate"
辞,cí,1716,7137,1421,8405,2958,593.58779893424,380.2833854524581,398.1957054831352,509.17662898052845,330.9609615993537,"words, speech, expression, phrase"
移,yí,1714,8338,1658,8706,3999,592.895971662755,444.27670840725733,464.60836009221555,527.411270898808,447.43505254760504,"change place, shift"
绕,rào,1709,7055,1696,7856,4440,591.1664034840421,375.91414941391224,475.25680260337606,475.9180960465237,496.77710260349244,entwine
步,bù,1706,9852,1776,7521,3831,590.1286625768145,524.9477250213839,497.67457631108243,455.6237271341528,428.6380810977431,"step, pace"
岸,àn,1690,6845,1131,6066,3563,584.5940444049335,364.72464248592905,316.9312757926995,367.47952782818385,398.65243616582063,"bank, shore"
含,hán,1687,4181,1054,7442,3202,583.5563034977057,222.77775459951343,295.35416859903205,450.8378908831758,358.2613248955817,hold in mouth
伤,shāng,1687,6613,1424,7031,5932,583.5563034977057,352.36290149882376,399.03637199717423,425.93942633695366,663.7121109558371,"wound, injury"
倚,yǐ,1682,11421,2389,11700,7757,581.8267353189929,608.5493267833157,669.4507673463829,708.7884067902656,867.9054020034439,"rely on, depend on"
徒,tú,1679,6691,1415,7397,3283,580.7889944117652,356.5190040720747,396.5143724550573,448.11178162629017,367.3241504160508,"disciple, follower"
亭,tíng,1675,12945,2440,12553,7502,579.405339868795,689.7531770606796,683.7420980850458,760.4633222596756,839.3742846241893,pavilion
卧,wò,1673,9794,1789,8675,3606,578.7135125973099,521.8572897746077,501.3174645385847,525.5332845218423,403.46356576310666,lie down
愿,yuàn,1670,9515,1881,8063,4276,577.6757716900821,506.9912305702871,527.0979043024472,488.4581986281975,478.427678092913,"sincere, honest, virtuous"
眼,yǎn,1662,23598,2716,11974,8261,574.9084626041416,1257.380878507371,761.0834173766328,725.3873831544138,924.2963163530295,eye
化,huà,1659,10023,2563,8982,4589,573.870721696914,534.0591806627417,718.2094251606444,544.1314076743732,513.4482260917629,"change, convert, reform"
杯,bēi,1653,11591,1895,10253,3831,571.7952398824585,617.6074990583497,531.0210147012957,621.1288491299653,428.6380810977431,"cup, glass"
谢,xiè,1648,8094,1303,7374,3501,570.0656717037457,431.27556702426733,365.1294892642683,446.7184368949931,391.715458606943,thank
丝,sī,1642,8673,2057,9153,8783,567.9901898892904,462.1266361257068,576.4170064594013,554.4906228505386,982.7011919293861,silk
便,biàn,1641,15554,2232,6633,5491,567.6442762535478,828.76947979929,625.4558864450091,401.8285044649429,614.3700608999497,"convenience, ease"
浪,làng,1640,10158,1916,8821,4529,567.2983626178052,541.2524351164452,536.9056802995686,534.3779945552934,506.7350220025264,wave
立,lì,1640,11445,2233,8122,5484,567.2983626178052,609.8281275750852,625.7361086163554,492.0324307650032,613.5868537562055,stand
殿,diàn,1635,6069,1308,5720,2051,565.5687944390925,323.3767502187149,366.5306001209999,346.51877665301873,229.47969311706373,hall
师,shī,1633,10208,1655,6639,3753,564.8769671676073,543.9166034326316,463.76769357817653,402.19198569919433,419.9109157817358,"teacher, master, specialist"
令,lìng,1630,12184,2087,10139,3325,563.8392262603796,649.2045352883214,584.8236715997912,614.2227056791884,372.02339327851627,"command, order"
欢,huān,1629,8655,1442,8813,4882,563.493312624637,461.16753553187965,404.0803710814082,533.8933529096248,546.2310393942005,"happy, pleased, glad"
求,qiú,1627,9622,1527,6291,2995,562.8014853531519,512.6925507669262,427.89925564584627,381.1100741126121,335.10077078771616,seek
食,shí,1619,10319,2021,7707,3843,560.0341762672114,549.8310570945657,566.3290082909333,466.8916453959468,429.9807219155904,eat
颜,yán,1611,9967,1803,10173,4257,557.2668671812709,531.0753121486129,505.2405749374334,616.2824326732797,476.3018301313215,"face, facial appearance"
胡,hú,1611,7350,1162,6802,2529,557.2668671812709,391.6327424794125,325.6181631044357,412.0665592296912,282.96155236131364,"recklessly, foolishly"
疑,yí,1610,9327,1513,9447,4547,556.9209535455283,496.97395770142595,423.97614524699765,572.301203328858,508.7489832292973,"doubt, question, suspect"
锦,jǐn,1599,9073,2210,10512,4810,553.1159035523601,483.4399826551986,619.2909986753898,636.8191224084848,538.1751944871169,"brocade, tapestry"
忧,yōu,1599,11278,1749,8245,3391,553.1159035523601,600.9298053990224,490.1085776847316,499.4837960671573,379.40791777667636,"sad, grieved"
结,jié,1598,8301,2247,10057,4735,552.7699899166174,442.3052238532793,629.659219015204,609.2551288110856,529.7836893755713,"knot, tie"
说,shuō,1598,14646,2096,8317,6931,552.7699899166174,780.3881831773436,587.3456711419082,503.8455708781743,775.486959041623,"speak, say, talk"
尔,ěr,1597,10194,2081,12916,4369,552.4240762808749,543.1706363040995,583.1423385717133,782.4539369318863,488.8331444312294,you
琴,qín,1591,5863,1819,7981,4243,550.3485944664195,312.4003767560266,509.72412967897475,483.4906217600948,474.7354158438329,Chinese lute or guitar
横,héng,1588,13555,2087,9639,7501,549.3108535591919,722.2560305181546,584.8236715997912,583.9326028249035,839.2623978893686,across
拂,fú,1581,5418,1266,6587,2528,546.889458108994,288.6892787419669,354.7612689244541,399.0418150023487,282.849665626493,"shake off, brush away"
药,yào,1579,6409,1467,5444,2549,546.1976308375088,341.49309476878295,411.08592536506643,329.7986398774535,285.1992870577257,leaf of Dahurian angelica plant
贵,guì,1574,8545,1503,5988,2337,544.468062658796,455.3063652362694,421.1739235335343,362.7542717829154,261.47929927575717,"expensive, costly, valuable"
羽,yǔ,1574,5717,1593,8250,3012,544.468062658796,304.6210052727621,446.3939189547041,499.78669709570016,337.00284527966653,"feather, plume"
教,jiào,1573,9637,1827,7704,4950,544.1221490230535,513.4918012617821,511.9659070497453,466.7099047788211,553.8393373620017,"teach, class"
本,běn,1572,11573,1670,7090,4084,543.7762353873109,616.6483984645225,467.9710261483715,429.5136584737593,456.94542500735656,"root, origin, source"
军,jūn,1571,5020,1727,6948,4325,543.4303217515684,267.4824989451226,483.9436899151123,420.9112692631424,483.91012809912274,"army, military"
郎,láng,1560,8759,2119,9870,5446,539.6252717584,466.7090056295475,593.7907810828737,597.926630343583,609.3351578330225,"gentleman, young man"
荒,huāng,1553,9049,2386,9848,8420,537.2038763082021,482.1611818634291,668.610100832344,596.5938658179946,942.0863071895059,"wasteland, desert"
镜,jìng,1551,5393,1160,6275,5166,536.512049036717,287.3571945838737,325.05771876174305,380.14079082127495,578.0068720832527,mirror
薄,báo,1550,8895,1591,8616,5287,536.1661354009744,473.9555434495747,445.8334746120114,521.9590523850367,591.5451669965461,"thin, slight, weak"
朱,zhū,1542,8080,1423,8185,3670,533.398826315034,430.5295998957351,398.7561498258279,495.8489837246431,410.62431679162546,"cinnabar, vermilion"
力,lì,1536,12443,1759,7260,4763,531.3233445005785,663.0049271661674,492.9107993981948,439.8122934442161,532.9165179505483,"power, capability, influence"
寺,sì,1530,5363,868,5174,2817,529.2478626861231,285.7586935941618,243.23284472861462,313.4419843361397,315.18493198964825,"court, office"
乘,chéng,1523,8745,1697,9232,2846,526.8264672359252,465.96303850101526,475.53702477472234,559.2764591015157,318.42964729944583,"ride, ascend"
异,yì,1515,9013,1497,7570,3654,524.0591581499847,480.24298067577485,419.49259050545635,458.5921572138727,408.83412903449585,"different, unusual, strange"
迹,jì,1515,8738,1785,9187,5226,524.0591581499847,465.5900549367492,500.1965758531995,556.55034984463,584.720076172489,"traces, impressions, footprints"
六,liù,1515,11943,2394,10125,5604,524.0591581499847,636.3632440043025,670.8518782031146,613.3745827992683,627.0132619346783,number six
飘,piāo,1513,7812,1731,8646,5983,523.3673308784996,416.2496577209756,485.0645786004976,523.7764585562937,669.4183344316881,"whirlwind, cyclone"
交,jiāo,1507,9835,1957,9534,3961,521.2918490640442,524.0419077938806,548.3947893247682,577.5716812255037,443.183356624422,mix
桂,guì,1504,5500,1209,6469,2071,520.2541081568164,293.0585147805128,338.7886051577132,391.89335072873746,231.71742781347587,cassia or cinnamon
命,mìng,1503,6988,1344,6299,3564,519.9081945210739,372.3441638702224,376.61859828946785,381.59471575828064,398.7643229006413,life
他,tā,1494,9313,1351,6340,5297,516.7949717993909,496.2279905728937,378.5801534888921,384.078504192332,592.664034344752,"other, another"
即,jí,1491,7198,938,6644,2556,515.7572308921632,383.5336707982056,262.84839672285773,402.4948867277372,285.98249420146993,"promptly, quickly, immediately"
翻,fān,1489,9199,1561,8171,4602,515.065403620678,490.15368681198845,437.4268094716215,495.0008608447231,514.9027536444306,"flip over, upset, capsize"
啼,tí,1486,6228,1969,8924,5931,514.0276627134504,331.8488054641879,551.7574553809242,540.6177557432761,663.6002242210167,"weep, whimper"
喜,xǐ,1484,17616,2330,11572,5465,513.3358354419653,938.6397811588205,652.9176592369495,701.0341404595687,611.461005794614,"like, love, enjoy"
劳,láo,1477,7830,1395,9484,4063,510.9144399917672,417.20875831480276,390.9099290281307,574.5426709400751,454.5958035761238,"labor, toil, do manual work"
岩,yán,1475,10707,1926,8490,3245,510.22261272028214,570.5050032281728,539.707902013032,514.3259464657568,363.0724544928678,cliff
念,niàn,1473,10502,1679,7878,3875,509.5307854487971,559.5819131318082,470.4930256904885,477.2508605721122,433.56109742984984,"think of, recall, study"
灯,dēng,1471,10836,1979,10402,6830,508.83895817731184,577.3785574839338,554.5596770943876,630.1552997805421,764.1863988247417,"lantern, lamp"
臣,chén,1471,6629,1630,8387,3555,508.83895817731184,353.2154353600035,456.7621392945183,508.0861852777742,397.75734228725577,"minister, statesman, official"
忘,wàng,1469,13173,2599,10802,4977,508.14713090582677,701.9017845824899,728.2974233291122,654.3873820639701,556.860279202158,forget
易,yì,1467,12068,1747,10008,5680,507.4553036343416,643.0236647947688,489.5481333420389,606.2866987313656,635.5166537810444,change
骑,qí,1465,6416,1613,6772,2395,506.7634763628565,341.8660783330491,451.99836238163067,410.2491530584341,267.96872989535234,ride horseback
定,dìng,1465,13045,1949,8695,5886,506.7634763628565,695.0815136930526,546.1530119539976,526.7448886360136,658.5653211540892,"decide, settle, fix"
著,zhù,1462,15799,1620,5755,4505,505.72573545562875,841.8239045486039,453.959917581055,348.6390838528187,504.0497403668319,manifest
玄,xuán,1450,5452,2664,8827,961,501.57477182671806,290.5009131969737,746.5118644666238,534.7414757895449,107.52315216260276,"deep, profound, abstruse"
塞,sāi,1446,4368,934,6115,3031,500.1911172837478,232.74174410205086,261.72750803747243,370.4479579079038,339.128693241258,"stop up, block, seal, cork"
吴,wú,1444,7983,2353,9777,5100,499.49929001226263,425.3611133623333,659.362769177915,592.2926712126861,570.6223475850927,name of warring state
钟,zhōng,1441,8220,1458,8913,4551,498.4615491050349,437.9892711810573,408.56392582294944,539.9513734804818,509.1965301685798,clock
遗,yí,1441,11852,2328,9914,5528,498.4615491050349,631.5144576688432,652.3572148942568,600.5921593947602,618.5098700883123,lose
饮,yǐn,1429,10149,1953,6764,2948,494.3105854761242,540.7728848195317,547.273900639383,409.76451141276556,329.84209425114767,drink
惜,xī,1428,7951,1338,7012,5186,493.9646718403816,423.656045639974,374.9372652613898,424.7884024284908,580.2446067796648,"pity, regret, rue, begrudge"
苔,tái,1422,5032,1572,5978,3737,491.8891900259262,268.12189934100735,440.5092533564311,362.1484697258297,418.12072802460614,"moss, lichen"
音,yīn,1419,8792,1699,8173,3882,490.85144911869855,468.4673567182306,476.097469117415,495.1220212561403,434.34430457359406,"sound, tone, pitch, pronunciation"
栖,qī,1414,5859,1608,8222,3690,489.1218809399857,312.1872432907317,450.59725152489904,498.09045133586017,412.86205148803765,perch
船,chuán,1409,9571,2444,9041,4503,487.3923127612729,509.9750990844159,684.862986770431,547.7056398111788,503.82596689719065,"ship, boat, vessel"
映,yìng,1408,5002,1279,7505,3309,487.04639912553034,266.52339835129544,358.4041571519564,454.6544438428157,370.2332055213866,project
及,jí,1399,8413,1353,6989,3269,483.93317640384726,448.272960881537,379.1405978315848,423.39505769719375,365.7577361285623,extend
取,qǔ,1392,10304,1378,5361,4388,481.5117809536493,549.0318065997097,386.14615211524307,324.7704828036422,490.9589923928209,"take, receive, obtain"
谷,gǔ,1388,8677,1961,8808,3516,480.12812641067904,462.3397695910017,549.5156780101536,533.590451881082,393.3937596292521,"valley, gorge, ravine"
兵,bīng,1388,5598,1541,5874,3789,480.12812641067904,298.28028468023825,431.8223660446949,355.8481283321385,423.9388382352777,"soldier, troops"
冷,lěng,1385,10993,2078,7559,8505,479.0903855034514,585.7440459967594,582.3016720576742,457.92577495107844,951.5966796492575,"cold, cool"
荣,róng,1377,6726,1110,5254,1552,476.32307641751083,358.3839218934052,311.04661019442653,318.28840079282526,173.64821244158114,"glory, honor"
细,xì,1374,11165,1786,8250,6400,475.2853355102832,594.9087850044409,500.47679802454576,499.78669709570016,716.0751028518811,"fine, tiny"
德,dé,1373,10350,1582,7876,2472,474.9394218745406,551.4828414506013,443.3114750698944,477.12970016069505,276.58400847653905,"ethics, morality, virtue"
口,kǒu,1373,9028,1511,7425,3889,474.9394218745406,481.04223117063077,423.41570090430497,449.8080273861301,435.12751171733834,mouth
魂,hún,1370,6612,1360,7232,8704,473.9016809673129,352.3096181325001,381.1021530310091,438.11604768437616,973.8621398785581,"soul, spirit"
贫,pín,1368,6944,1059,5039,2155,473.2098536958278,369.9996957519783,296.7552794557637,305.2636565654828,241.1159135384068,"poor, impoverished, needy"
斗,dòu,1366,11058,1999,10233,4947,472.5180264243426,589.2074648078019,560.1641205213141,619.9172450157939,553.5036771575399,a dipper
面,miàn,1361,13762,1898,7684,5319,470.7884582456298,733.2856873471667,531.8616812153348,465.49830066464966,595.1255425108054,face
住,zhù,1360,7545,1625,6153,4658,470.44254460988725,402.0229989125398,455.3610284377866,372.75000572482946,521.1684107943846,"reside, live at, dwell, lodge"
由,yóu,1360,7163,1237,5209,2411,470.44254460988725,381.66875297687506,346.63482595541046,315.5622915359396,269.758917652482,"cause, reason"
缘,yuán,1358,8632,1484,6486,3694,469.7507173384021,459.94201810643386,415.849702277954,392.92321422578317,413.30959842732005,"hem, margin"
弦,xián,1357,5509,1249,5524,3197,469.4048037026596,293.5380650774263,349.99749201156646,334.6450563341391,357.70189122147866,string
低,dī,1350,6467,1332,5993,5149,466.9834082524616,344.58353001555923,373.2559322333119,363.0571728114583,576.1047975913024,low
洛,luò,1350,4085,496,3214,1365,466.9834082524616,217.66255143243538,138.9901969877798,194.70478114734306,152.72539303012775,river in Shanxi province
都,dōu,1347,11131,2227,9611,7109,465.9456673452339,593.0971505494341,624.0547755882774,582.2363570650634,795.402797839691,"metropolis, capital"
径,jìng,1342,9862,1649,9925,5133,464.21609916652113,525.4805586846213,462.0863605500985,601.2585416575545,574.3146098341726,narrow path
杨,yáng,1336,6599,1790,8116,4917,462.1406173520657,351.61693437029163,501.5976867099311,491.6689495307518,550.1470751129217,"willow, poplar, aspen"
元,yuán,1334,13856,2807,10151,3816,461.4487900805806,738.2943237815972,786.583634969149,614.9496681476912,426.959780075434,first
但,dàn,1332,13854,1724,7751,4990,460.75696280909546,738.1877570489497,483.1030234010733,469.5571744471238,558.314806754826,only
折,zhé,1330,7734,1485,6680,4084,460.06513553761033,412.09355514772466,416.12992444930035,404.6757741332457,456.94542500735656,"break off, snap"
猿,yuán,1329,3712,1039,4257,1597,459.71922190186774,197.78785579368426,291.1508360288371,257.88993570138126,178.68311550850842,ape
感,gǎn,1329,6319,1498,7705,5366,459.71922190186774,336.6975917996473,419.7728126768027,466.7704849845296,600.3842190473739,"feel, perceive, emotion"
偏,piān,1326,5248,998,8894,5185,458.6814809946401,279.6311064669329,279.66172700363757,538.800349572019,580.1327200448442,inclined one side
衰,shuāi,1323,8537,1177,4760,2701,457.6437400874124,454.8800983056795,329.8214956746307,288.36177917279184,302.2060707504579,"decline, falter, decrease"
帘,lián,1320,7407,1605,6853,9130,456.60599918018465,394.66989435986505,449.75658501086,415.15614972082824,1021.5258889121366,flag-sign of a tavern
稀,xī,1319,4467,970,5687,2512,456.2600855444421,238.0167973681001,271.8155062059403,344.519629864636,281.05947786936326,"rare, unusual, scarce"
迎,yíng,1317,6254,1105,5852,2734,455.568258272957,333.2341729886048,309.6454993376949,354.51536380654994,305.8983329995379,"receive, welcome, greet"
侯,hóu,1315,7851,1421,6728,2628,454.8764310014719,418.327709007601,398.1957054831352,407.5836240072571,294.0383391085536,"marquis, lord"
条,tiáo,1300,4243,947,4824,2670,449.6877264653334,226.08132331158467,265.3703962649747,292.2389123381403,298.7375819710191,"clause, condition"
论,lùn,1297,12253,1738,9330,4314,448.6499855581057,652.8810875646586,487.0261337999219,565.2133192609554,482.679374016096,debate
素,sù,1295,7400,1859,8656,4415,447.9581582866206,394.296910795599,520.9330165328279,524.3822606133793,493.9799342329773,white (silk)
眠,mián,1293,7733,1305,6221,3880,447.2663310151355,412.040271781401,365.68993360696095,376.8694597130122,434.1205311039528,"close eyes, sleep"
报,bào,1286,7668,1356,8458,3290,444.8449355649375,408.5768529703585,379.9812643456238,512.3873798830826,368.1073575597951,"report, tell, announce"
极,jí,1280,7954,1580,8106,3649,442.7694537504821,423.8158957389452,442.7510307272018,491.0631474736661,408.2746953603928,"extreme, utmost, furthest, final"
渐,jiàn,1280,5838,1040,6291,4325,442.7694537504821,311.06829259793335,291.43105820018343,381.1100741126121,483.91012809912274,gradually
卷,juǎn,1276,8992,1357,5451,5556,441.38579920751187,479.1240299829765,380.26148651697014,330.2227013174135,621.6426986632891,scroll
阙,quē,1275,4619,1090,6279,1723,441.0398855717693,246.115869049307,305.44216676749994,380.38311164410925,192.78084409590483,watch tower
骨,gǔ,1274,8774,1676,7134,4599,440.69397193602674,467.50825612440343,469.65235917644947,432.1791875249363,514.5670934399689,bone
征,zhēng,1272,4622,1142,6522,3403,440.0021446645416,246.27571914827814,320.01371967750913,395.10410163129166,380.75055859452357,"invade, attack, conquer"
蓬,péng,1270,7578,2059,8726,3885,439.3103173930565,403.78135000122285,576.9774508020939,528.6228750129793,434.6799647780559,type of raspberry
鬓,bìn,1266,8415,1564,7213,4762,437.92666285008625,448.37952761418455,438.2674759856605,436.9650237759134,532.8046312157277,hair on temples
摇,yáo,1265,6328,1358,6463,3898,437.58074921434365,337.17714209656083,380.5417086883164,391.5298694944861,436.13449233072373,"wag, swing, wave"
引,yǐn,1265,5116,1006,5071,2359,437.58074921434365,272.5977021122006,281.9035043744082,307.20222314815703,263.94080744181053,"to pull, draw out, attract"
桥,qiáo,1260,7782,1829,9327,6250,435.8511810356308,414.6511567312637,512.526351392438,565.0315786438297,699.2920926287901,bridge
息,xī,1254,8349,1851,7616,4993,433.77569922117544,444.86282543681835,518.6912391620573,461.37884667646694,558.6504669592878,"rest, put stop to, end, cease"
惟,wéi,1248,12188,1829,9591,4424,431.70021740672007,649.4176687536163,512.526351392438,581.0247529508921,494.9869148463627,"but, however, nevertheless"
良,liáng,1246,7889,1790,8737,3626,431.0083901352349,420.3524769279027,501.5976867099311,529.2892572757736,405.70130045951885,"good, virtuous, respectable"
破,pò,1241,11609,1790,6365,5135,429.2788219565221,618.5665996521768,501.5976867099311,385.59300933504625,574.5383833038139,"break, ruin, destroy"
顾,gù,1240,7426,1174,5828,3023,428.9329083207796,395.682278320016,328.98082916059167,353.06143886954425,338.23359936269316,look back
湘,xiāng,1240,4514,1028,6319,3833,428.9329083207796,240.52111558531539,288.0683921440275,382.806319872452,428.86185456738434,alternate name for Hunan
八,bā,1239,9058,1744,7779,3490,428.586994685037,482.6407321603427,488.7074668279999,471.25342020696377,390.4847045239163,eight
掩,yǎn,1238,4613,1007,4966,3343,428.24108104929445,245.7961688513646,282.18372654575455,300.8413015487572,374.03735450528717,to cover (with the hand)
目,mù,1236,10541,1760,7877,4736,427.5492537778093,561.6599644184337,493.1910215695412,477.1902803664036,529.8955761103919,eye
迷,mí,1234,5997,1557,6530,4148,426.8574265063242,319.5403478434064,436.3059207862362,395.5887432769602,464.10617603587536,"bewitch, charm, infatuate"
怅,chàng,1233,3028,796,4393,3594,426.5115128705816,161.3420332282532,223.05684839167887,266.1288436777467,402.12092494525945,"disappointed, dissatisfied"
章,zhāng,1232,10190,1805,8773,3934,426.165599234839,542.9575028388045,505.80101928012607,531.470144681282,440.1624147842656,composition
想,xiǎng,1228,10232,1507,5959,4550,424.7819446918688,545.1954042244012,422.2948122189197,360.9974458173669,509.0846434337591,"think, speculate, plan, consider"
轩,xuān,1222,7178,1328,5385,1778,422.7064628774134,382.468003471731,372.13504354792656,326.2244077406479,198.9346145110382,carriage
变,biàn,1222,6699,1531,5213,3331,422.7064628774134,356.9452710026645,429.0201443312316,315.8046123587739,372.69471368743996,"change, transform, alter"
片,piàn,1221,5974,1102,8702,5227,422.36054924167087,318.3148304179606,308.8048328236559,527.1689500759737,584.8319629073097,"slice, splinter, strip"
莲,lián,1219,4955,1230,6071,2998,421.66872197018574,264.0190801340801,344.6732707559862,367.7824288567267,335.436430992178,"lotus, water lily"
宜,yí,1217,9758,1478,6590,3383,420.97689469870056,519.9390885869534,414.1683692498761,399.2235556194744,378.5128238981115,"suitable, right, fitting, proper"
持,chí,1216,8087,1592,6599,3135,420.63098106295797,430.9025834600012,446.11369678335774,399.76877747085155,350.7649136626011,"sustain, support"
邻,lín,1216,6919,1409,5758,2752,420.63098106295797,368.66761159388506,394.83303942697927,348.8208244699444,307.9122942263088,neighbor
暂,zàn,1214,4311,658,4716,1891,419.93915379147285,229.70459222159826,184.3861887458853,285.69625012161475,211.5778155457667,temporary
鼓,gǔ,1210,9073,1896,8102,4924,418.55549924850266,483.4399826551986,531.3012368726421,490.82082665083175,550.9302822566659,drum
宝,bǎo,1208,7591,1769,6706,3083,417.86367197701753,404.47403376343135,495.7130211116582,406.2508594816685,344.94680345192955,"treasure, jewel"
枕,zhěn,1205,7417,1054,6260,4146,416.8259310697898,395.2027280231024,295.35416859903205,379.2320877356464,463.88240256623413,pillow
傍,bàng,1203,6107,1066,8021,2853,416.1341037983047,325.4015181390166,298.71683465518805,485.91382998843767,319.21285444319005,"by side of, beside, near, close"
莺,yīng,1203,4537,977,5575,4318,416.1341037983047,241.74663301076117,273.77706140536463,337.7346468252761,483.1269209553784,"oriole, green finch"
梁,liáng,1201,5703,1248,7585,3765,415.4422765268195,303.87503814422985,349.7172698402201,459.5008602995013,421.25355659958313,bridge
频,pín,1200,6600,1373,9825,4327,415.096362891077,351.6702177366153,384.7450412585114,595.2005210866973,484.1339015687639,"frequently, again and again"
守,shǒu,1196,7130,1296,4920,2947,413.71270834810673,379.910401888192,363.16793406484396,298.054612086163,329.7302075163271,"defend, protect, guard, conserve"
越,yuè,1196,4306,1098,6022,2407,413.71270834810673,229.43817538997965,307.6839441382706,364.8139987770068,269.3113707131996,"exceed, go beyond"
理,lǐ,1195,7482,1493,5825,3259,413.36679471236414,398.66614683414485,418.37170182007105,352.87969825241856,364.6388687803563,"reason, logic"
战,zhàn,1195,3955,1125,4554,3459,413.36679471236414,210.73571381035055,315.2499427646215,275.8822567968264,387.01621574447756,"war, fighting, battle"
宁,níng,1195,10442,1713,8975,2825,413.36679471236414,556.3849111523843,480.0205795162637,543.7073462344132,316.0800258682131,"calm, peaceful, serene"
纷,fēn,1194,11166,2053,9614,4798,413.0208810766216,594.9620683707647,575.2961177740159,582.4180976821892,536.8325536692695,"in disorder, scattered, tangled"
内,nèi,1192,4344,1350,4834,2012,412.3290538051365,231.46294331028136,378.29993131754577,292.844714395226,225.11611045906008,inside
任,rèn,1189,6062,1217,6415,3934,411.2913128979088,323.0037666544488,341.03038252848387,388.6220196204747,440.1624147842656,"trust to, rely on, appoint"
倾,qīng,1189,8025,1316,5858,3093,411.2913128979088,427.59901474793,368.7723774917706,354.87884504080137,346.0656708001356,"upset, pour out, overflow"
禅,chán,1179,7016,950,4991,2355,407.83217654048315,373.83609812728685,266.21106277901373,302.3558066914714,263.4932605025281,"meditation, contemplation"
齐,qí,1178,6507,1460,6754,3602,407.48626290474056,346.7148646685085,409.1243701656421,409.15870935567983,403.01601882382425,"even, uniform, of equal length"
美,měi,1176,7819,1835,7737,3236,406.7944356332555,416.6226412852417,514.207684420516,468.70905156720386,362.06547387948234,"beautiful, pretty"
眉,méi,1176,7770,1167,5557,5735,406.7944356332555,414.01175633537895,327.0192739611674,336.6442031225219,641.6704241961778,eyebrows
精,jīng,1170,8013,1434,5533,2970,404.71895381880006,426.9596143520452,401.8385937106375,335.1902781855162,332.30360241720103,essence
泥,ní,1169,6753,1247,4743,3365,404.37304018305747,359.82257278414596,349.4370476688738,287.33191567574613,376.4988626713406,"mud, mire"
诸,zhū,1164,10483,1630,8103,3462,402.6434720043447,558.5695291716573,456.7621392945183,490.8814068565404,387.3518759489394,"various, all, these"
鸡,jī,1159,7328,1557,7362,4004,400.9139038256319,390.4605084202904,436.3059207862362,445.99147442649024,447.99448622170803,chicken
虎,hǔ,1159,7544,2588,8014,4100,400.9139038256319,401.96971554621604,725.2149794443027,485.4897685484776,458.7356127644863,tiger
钓,diào,1158,5621,1321,5845,1918,400.56799018988926,299.50580210568404,370.1734883485022,354.09130236658996,214.59875738592308,fish
土,tǔ,1157,8229,2115,6756,3975,400.2220765541467,438.46882147797083,592.6698923974884,409.27986976709695,444.74977091191045,"soil, earth"
接,jiē,1156,5678,1248,6768,2795,399.87616291840413,302.5429539861366,349.7172698402201,410.0068322355998,312.72342382359494,receive
载,zài,1155,11073,2721,13427,6210,399.5302492826616,590.0067153026579,762.4845282333645,813.4104220489655,694.8166232359657,load
许,xǔ,1155,13026,1869,8719,5908,399.5302492826616,694.0691297329017,523.7352382462911,528.1988135730193,661.0268293201426,"allow, permit"
悬,xuán,1154,4131,1314,9081,2934,399.184335646919,220.11358628332695,368.21193314907794,550.1288480395215,328.27567996365923,"hang, suspend, hoist"
根,gēn,1153,8447,1679,5298,3470,398.8384220111765,450.0845953365438,470.4930256904885,320.95392984400235,388.24696982750424,"root, base(d on)"
武,wǔ,1151,5490,1279,6152,2615,398.14659473969135,292.52568111727544,358.4041571519564,372.68942551912085,292.58381155588575,military
暖,nuǎn,1151,6593,1119,4313,2845,398.14659473969135,351.2972341723492,313.5686097365435,261.28242722106114,318.3177605646252,"warm, genial"
户,hù,1149,7769,1494,5848,3376,397.4547674682062,413.9584729690552,418.6519239914174,354.27304298371564,377.7296167543672,door
必,bì,1147,8357,1064,5150,2535,396.7629401967211,445.28909236740816,298.1563903124954,311.98805939913404,283.6328727702372,"surely, most certainly"
叹,tàn,1146,8715,1390,6847,4363,396.4170265609785,464.3645375113034,389.508818171399,414.7926684865768,488.1618240223057,"sigh, admire"
凝,níng,1144,4806,1190,3718,3140,395.7251992894934,256.0798585518444,333.46438390213297,225.2372048244622,351.32434733670414,coagulate
冰,bīng,1141,10681,2064,8098,4904,394.6874583822657,569.1196357037558,578.3785616588257,490.5785058279975,548.6925475602538,ice
伴,bàn,1140,6837,794,4686,3358,394.34154474652314,364.2983755553392,222.4964040489862,283.8788439503577,375.71565552759625,"companion, comrade, partner"
失,shī,1131,7840,1267,5688,3451,391.22832202484005,417.74159197804,355.0414910958004,344.5802100703445,386.1211218659127,lose
狂,kuáng,1128,6527,1230,6328,3960,390.19058111761234,347.78053199498305,344.6732707559862,383.35154172382914,443.07146988960136,"insane, mad"
盘,pán,1127,7633,1805,7527,4084,389.8446674818698,406.71193514902797,505.80101928012607,455.9872083684042,456.94542500735656,"tray, plate, dish"
俗,sú,1124,10538,1556,5988,2849,388.8069265746421,561.5001143194625,436.02569861488985,362.7542717829154,318.76530750390765,social customs
京,jīng,1121,4617,1244,7045,2690,387.76918566741443,246.00930231665956,348.59638115483483,426.78754921687363,300.97531666743123,capital city
罢,bà,1120,4898,1138,5934,3398,387.42327203167184,260.98192825362753,318.8928309921238,359.4829406746527,380.1911249204206,"cease, finish, stop"
采,cǎi,1120,6112,2060,8816,3251,387.42327203167184,325.66793497063526,577.2576729734403,534.0750935267505,363.7437749017914,"collect, gather"
观,guān,1116,12303,1918,8019,3233,386.0396174887016,655.5452558808452,537.4661246422613,485.79266957702055,361.7298136750205,"see, observe, view"
佳,jiā,1113,11368,1806,7704,4525,385.0018765814739,605.725308368158,506.08124145147235,466.7099047788211,506.28747506324396,"good, auspicious"
村,cūn,1108,9390,1802,8056,5416,383.2723084027611,500.33080977982087,504.9603527660871,488.0341371882376,605.9785557884043,"village, hamlet"
敢,gǎn,1106,8921,1361,6794,3455,382.580481131276,475.3409109739917,381.38237520235543,411.5819175840226,386.56866880519516,"to dare, venture"
昏,hūn,1101,8069,1525,4513,4519,380.85091295256314,429.94348286617407,427.3388113031536,273.3984683627751,505.6161546543203,"dusk, nightfall, twilight, dark"
永,yǒng,1099,6165,1229,5231,2415,380.159085681078,328.49195338579295,344.39304858463987,316.8950560615282,270.2064645917645,"long, perpetual, eternal, forever"
众,zhòng,1099,6836,1042,4121,2657,380.159085681078,364.2450921890155,291.9915025428761,249.65102772501578,297.2830544183512,"multitude, crowd"
帆,fān,1090,4065,873,6069,4301,377.0458629593949,216.5968841059608,244.63395558534629,367.6612684453096,481.22484646342815,sail
字,zì,1084,10060,1262,6550,5931,374.97038114493955,536.0306652167196,353.64038023906875,396.8003473911316,663.6002242210167,"letter, character, word"
肠,cháng,1084,6369,1055,5033,4585,374.97038114493955,339.36176011583376,295.6343907703784,304.90017533123137,513.0006791524803,intestines
性,xìng,1080,4976,1251,4197,2556,373.58672660196925,265.1380308268785,350.5579363542591,254.25512335886705,285.98249420146993,"nature, character, sex"
礼,lǐ,1080,4522,958,4800,1483,373.58672660196925,240.94738251590522,268.4528401497843,290.78498740113463,165.9280277389593,social custom
既,jì,1080,5336,1148,4310,1804,373.58672660196925,284.3200427034211,321.6950527055871,261.10068660393546,201.84366961637394,already
室,shì,1079,6473,1191,5786,2387,373.2408129662267,344.9032302135017,333.7446060734793,350.51707022978434,267.0736360167875,"room, home, house, chamber"
冥,míng,1078,5391,1565,6319,2563,372.8948993304841,287.2506278512262,438.5476981570068,382.806319872452,286.7657013452142,"dark, gloomy, night"
尊,zūn,1077,8303,1609,8884,3718,372.5489856947416,442.41179058592684,450.8774736962453,538.1945475149333,415.9948800630146,"respect, revere, venerate"
洲,zhōu,1073,4513,1277,6309,2262,371.16533115177134,240.46783221899165,357.8437128092637,382.2005178153663,253.0877941642117,continent
收,shōu,1072,10228,1547,6396,3795,370.8194175160288,544.9822707591063,433.50369907277286,387.47099571201187,424.6101586442013,"gather together, collect"
井,jǐng,1071,5090,1193,4297,2389,370.4735038802862,271.21233458778363,334.305050416172,260.31314392972405,267.2974094864287,"well, mine shaft, pit"
李,lǐ,1065,7755,1416,6205,2855,368.3980220658308,413.21250584052297,396.7945946264036,375.90017642167504,319.4366279128313,plum
床,chuáng,1065,6350,1135,5556,2843,368.3980220658308,338.34937615568293,318.05216447808476,336.58362291681334,318.093987094984,"bed, couch"
形,xíng,1064,6114,1192,4644,2392,368.05210843008825,325.77450170328274,334.02482824482564,281.3344753105977,267.6330696908905,"form, shape, appearance"
御,yù,1064,4048,968,4746,1344,368.05210843008825,215.6910668784574,271.2550618632477,287.5136562928719,150.375771598895,"drive, ride"
沧,cāng,1063,4449,1379,7581,3771,367.70619479434566,237.05769677427296,386.4263742865894,459.258539476667,421.9248770085067,"blue, dark green"
携,xié,1062,6541,1208,6747,3810,367.36028115860313,348.52649912351524,338.5083829863669,408.73464791571985,426.2884596665104,"lead by hand, take with"
银,yín,1059,6253,2046,7752,5770,366.3225402513755,333.18088962228114,573.3345625745916,469.6177546528324,645.586459914899,silver
每,měi,1055,5452,1417,6052,2161,364.9388857084052,290.5009131969737,397.0748167977499,366.63140494826393,241.78723394733044,"every, each"
指,zhǐ,1051,8426,1170,6337,5063,363.5552311654349,448.9656446437456,327.8599404752064,383.89676357520625,566.4825383967302,"finger, toe"
茫,máng,1048,5645,1747,8271,6134,362.5174902582072,300.78460289745357,489.5481333420389,501.0588814155801,686.3132313895997,"vast, boundless, widespread"
最,zuì,1042,7893,1340,6660,5505,360.4420084437519,420.56561039319763,375.4977096040825,403.46417001907423,615.9364751874382,"most, extremely, exceedingly"
梅,méi,1041,20606,2505,12179,7132,360.0960948080093,1097.957046466772,701.9565392225572,737.8063253246705,797.9761927405649,plums
冠,guān,1040,8833,1673,8945,2965,359.75018117226676,470.6519747375035,468.81169266241045,541.889940063156,331.744168743098,"cap, crown, headgear"
岭,lǐng,1039,5624,945,6950,2848,359.4042675365242,299.6656522046552,264.80995192228204,421.0324296745595,318.653420769087,"mountain ridge, mountain peak"
郡,jùn,1037,3565,569,3345,873,358.712440265039,189.955200944096,159.4464154960619,202.64078809516568,97.67711949838939,administrative division
藏,cáng,1037,9910,1584,7254,3355,358.712440265039,528.0381602681603,443.87191941258703,439.44881220996473,375.3799953231345,"hide, conceal"
称,chēng,1036,5651,966,6253,3042,358.36652662929646,301.1043030953959,270.694617520555,378.8080262956864,340.3594473242847,call
浦,pǔ,1036,3505,788,4535,1965,358.36652662929646,186.7581989646722,220.81507102090822,274.73123288836365,219.8574339224916,"bank of river, shore"
急,jí,1030,7368,1309,5610,3162,356.2910448148411,392.59184307323966,366.81082229234624,339.85495402507604,353.78585550275744,"quick, quickly"
原,yuán,1029,6714,1415,9477,5707,355.9451311790985,357.74452149752045,396.5143724550573,574.1186095001152,638.5375956212007,"source, origin, beginning"
壁,bì,1029,7791,1337,6899,4324,355.9451311790985,415.13070702817726,374.6570430900435,417.94283918342245,483.7982413643021,partition wall
恐,kǒng,1028,8015,1153,4722,2677,355.59921754335596,427.0661810846927,323.09616356231874,286.0597313558662,299.5207891147633,fear
七,qī,1025,6468,1183,6430,3270,354.5614766361283,344.63681338188303,331.50282870270865,389.53072270610323,365.869622863383,seven
种,zhǒng,1021,9283,1790,7187,3950,353.177822093158,494.62948958318185,501.5976867099311,435.3899384274905,441.9526025413953,seed
阶,jiē,1015,3595,983,4945,2901,351.1023402787026,191.55370193380787,275.4583944334426,299.56911722887725,324.5834177145792,"stairs, steps"
侵,qīn,1014,5052,696,3801,1908,350.75642664296004,269.1875666674819,195.03463125704585,230.26536189827348,213.479890037717,"invade, encroach upon, raid"
幸,xìng,1013,6462,1009,5127,2651,350.4105130072175,344.31711318394065,282.7441708884472,310.5947146678369,296.61173400942755,"luck(ily), favor, fortunately"
被,bèi,1013,5854,1045,4005,3438,350.4105130072175,311.920826459113,292.83216905691506,242.6237238628217,384.6665943132448,passive indicator 'by'
雄,xióng,1012,5992,1775,8416,4864,350.0645993714749,319.2739310117877,497.39435413973615,509.84301124332274,544.2170781674295,male of species
举,jǔ,1012,7822,1236,4795,2433,350.0645993714749,416.78249138421285,346.3546037840641,290.48208637259177,272.2204258185354,"raise, lift up"
机,jī,1012,8699,1757,5757,2497,350.0645993714749,463.51200365012375,492.3503550555022,348.76024426423584,279.3811768470542,desk
管,guǎn,1009,5674,931,4377,3392,349.02685846424725,302.3298205208417,260.8868415234335,265.1595603864096,379.5198045114969,"pipe, tube, duct"
遇,yù,1008,4486,972,3865,2085,348.68094482850466,239.02918132825096,272.37595054863294,234.14249506362194,233.28384210096436,"meet, come across, encounter"
全,quán,1007,8299,1315,5310,3316,348.3350311927621,442.1986571206319,368.4921553204243,321.68089231250514,371.0164126651309,"maintain, keep whole or intact"
仍,réng,1003,6225,934,6184,2522,346.9513766497918,331.6889553652167,261.72750803747243,374.6279921017951,282.1783452175693,"yet, still, as ever"
鸿,hóng,1000,6919,1633,8779,4254,345.91363574256417,368.66761159388506,457.60280580855726,531.8336259155335,475.9661699268596,species of wild swan
张,zhāng,999,5469,1297,5286,2954,345.5677221068216,291.4067304244772,363.4481562361903,320.2269673754995,330.5134146600713,"stretch, extend, expand"
夏,xià,994,4696,780,4139,1998,343.8381539281088,250.21868825623415,218.57329365013757,250.74147142777005,223.54969617157158,summer
渔,yú,994,5941,1433,7266,3435,343.8381539281088,316.5564793292775,401.5583715392912,440.1757746784675,384.330934108783,to fish
那,nà,994,9700,1201,7743,5284,343.8381539281088,516.8486533401771,336.5468277869426,469.0725328014553,591.2095067920842,"that, that one, those"
周,zhōu,991,7247,1391,6988,2779,342.8004130208811,386.1445557480684,389.78904034274535,423.33447749148513,310.9332360664652,Zhou dynasty
蝉,chán,989,3049,423,2179,1855,342.10858574939596,162.46098392105154,118.53397847949769,132.0042682389734,207.5498930922249,cicada
尺,chǐ,987,8767,2003,9512,4513,341.41675847791083,467.13527256013737,561.2850092066994,576.2389166999151,504.94483424539675,Chinese measure approx. 'foot'
比,bǐ,987,6558,1114,5255,4053,341.41675847791083,349.4323163510187,312.1674988798119,318.3489809985339,453.47693622791775,"to compare, liken"
把,bǎ,984,10001,1667,6149,4726,340.3790175706831,532.8869466036197,467.1303596343325,372.50768490199516,528.7767087621859,"hold, take"
晨,chén,980,5013,1124,4871,2315,338.99536302771287,267.10951538085646,314.96972059327516,295.0861820064431,259.01779110970386,"early morning, daybreak"
竟,jìng,980,5608,1261,5615,4348,338.99536302771287,298.8131183434756,353.3601580677224,340.15785505361896,486.48352299999664,"finally, after all, at last"
兼,jiān,978,3448,559,4212,2318,338.30353575622775,183.72104708421963,156.6441937825986,255.1638264444956,259.3534513141657,"unite, combine"
哀,āi,977,4526,1033,5296,4540,337.95762212048515,241.16051598120012,289.4695030007591,320.8327694325852,507.9657760855531,"sad, mournful, pitiful"
岳,yuè,972,3017,674,5526,1628,336.2280539417724,160.7559161986922,188.86974348742658,334.7662167455562,182.15160428794724,mountain peak
吏,lì,972,5435,697,4304,1729,336.2280539417724,289.5950959694703,195.31485342839218,260.73720536968403,193.4521645048285,"government official, magistrate"
绣,xiù,966,4458,1191,4840,4055,334.152572127317,237.53724707118653,333.7446060734793,293.2081956294774,453.700709697559,embroider
闭,bì,962,4430,722,3469,2056,332.7689175843467,236.0453128141221,202.32040771205044,210.15273360302834,230.03912679116675,"shut, close"
雾,wù,958,5719,1399,5806,3007,331.38526304137645,304.7275720054095,392.03081771351594,351.7286743439558,336.4434116055634,"fog, mist, vapor, fine spray"
封,fēng,957,6153,1186,6975,2846,331.0393494056339,327.8525529899082,332.3434952167476,422.5469348172738,318.42964729944583,"letter, envelope"
干,gàn,957,7048,1539,6279,4335,331.0393494056339,375.5411658496462,431.2619217020022,380.38311164410925,485.0289954473288,"oppose, offend"
烛,zhú,956,4146,921,4726,3325,330.6934357698913,220.91283677818288,258.0846198099701,286.3020521787005,372.02339327851627,"candle, taper"
赏,shǎng,956,5254,823,4658,1988,330.6934357698913,279.9508066648753,230.62284701802977,282.1825981905177,222.43082882336554,"reward, grant, bestow"
府,fǔ,955,5075,1213,4254,1509,330.3475221341488,270.41308409292765,339.9094938430986,257.7081950842555,168.83708284429505,prefecture
兹,zī,954,5298,1081,5958,1950,330.0016084984062,282.2952747831194,302.920167225383,360.93686561165833,218.17913290018248,"now, here"
嗟,jiē,953,8396,1423,7058,3543,329.65569486266367,447.36714365403367,398.7561498258279,427.57509189108504,396.4147014694085,"sigh, alas"
旗,qí,952,3571,859,3685,2545,329.3097812269211,190.27490114203837,240.71084518649766,223.2380580360794,284.7517401184433,"banner, flag, streamer"
繁,fán,949,3866,853,4136,2138,328.27204031969336,205.9934942075386,239.0295121584197,250.55973081064434,239.2138390464565,"complicated, complex, difficult"
殊,shū,947,5946,948,4789,2809,327.58021304820824,316.82289616089616,265.65061843632105,290.11860513834034,314.2898381110834,"different, special, unusual"
房,fáng,947,4367,898,3958,2041,327.58021304820824,232.68846073572712,251.63950986900454,239.77645419451892,228.36082576885767,"house, building"
英,yīng,947,9232,1678,7461,4151,327.58021304820824,491.9120379006716,470.21280351914214,451.9889147916386,464.4418362403372,"petal, flower, leaf"
乃,nǎi,946,9922,1628,7466,3915,327.23429941246565,528.677560664045,456.20169495182563,452.2918158201815,438.0365668226741,then
消,xiāo,945,8472,1976,7841,7303,326.8883857767231,451.4166794946371,553.7190105803485,475.0093929608951,817.1088243948886,"vanish, die out"
点,diǎn,939,10509,1846,6931,7012,324.81290396226774,559.9548966960742,517.2901283053255,419.88140576609663,784.5497845620921,"dot, speck, spot"
积,jī,939,4436,1113,4917,2408,324.81290396226774,236.36501301206448,311.88727670846555,297.87287146903725,269.42325744802025,"accumulate, store up, amass"
业,yè,938,6243,1221,6066,2158,324.4669903265252,332.6480559590438,342.15127121386917,367.47952782818385,241.45157374286862,"profession, business"
旌,jīng,937,3445,793,4451,1417,324.1210766907826,183.56119698524844,222.21618187763985,269.6424956088438,158.54350324079928,banner or flag adorned with feathers
况,kuàng,936,7287,1192,6380,3864,323.7751630550401,388.27589040101753,334.02482824482564,386.5017124206748,432.33034334682316,"condition, situation"
端,duān,935,11373,1423,6762,4124,323.4292494192975,605.9917251997767,398.7561498258279,409.6433510013484,461.4208944001808,"end, extreme"
惭,cán,935,5253,826,5181,1798,323.4292494192975,279.89752329855156,231.46351353206876,313.8660457760997,201.1723492074503,"ashamed, humiliated"
图,tú,932,8252,2176,8705,4881,322.3915085120698,439.69433890341656,609.7634448496145,527.3506906930994,546.1191526593799,diagram
攀,pān,931,3765,699,3887,1609,322.0455948763272,200.6118742088419,195.87529777108483,235.47525958921048,180.02575632635572,climb
舍,shě,931,7047,1144,4521,2396,322.0455948763272,375.48788248332244,320.5741640202018,273.8831100084436,268.0806166301729,"house, dwelling"
孙,sūn,929,7854,1516,6529,2951,321.35376760484206,418.48755910657223,424.8168117610366,395.5281630712517,330.1777544556095,"grandchild, descendent"
计,jì,928,7870,1165,5447,3733,321.00785396909953,419.3400929677519,326.45882961847474,329.9803804945792,417.6731810853237,"plan, plot"
轮,lún,925,5026,874,3951,2538,319.97011306187187,267.8021991430649,244.9141777566926,239.35239275455893,283.96853297469903,wheel
角,jiǎo,923,6912,1227,4999,4586,319.27828579038675,368.29462802961893,343.8326042419472,302.84044833714,513.1125658873009,horn
销,xiāo,921,3026,552,3121,4079,318.5864585189016,161.23546649560575,154.68263858317428,189.07082201644607,456.3859913332535,"melt, fuse"
涯,yá,919,6373,1174,6943,5464,317.89463124741644,339.57489358112866,328.98082916059167,420.6083682345995,611.3491190597933,"shore, bank, water's edge"
纵,zòng,916,5951,1076,4980,3681,316.8568903401887,317.0893129925148,301.5190563686513,301.68942442867717,411.85507087465214,"indulge in, give free reign to"
负,fù,914,7284,1282,6992,4505,316.1650630687036,388.1160403020464,359.2448236659954,423.57679831431943,504.0497403668319,"load, burden"
翁,wēng,913,14451,2050,7488,2768,315.81914943296107,769.9979267442163,574.4554512599769,453.62458034576997,309.70248198343853,old man
象,xiàng,913,5466,1041,4410,1809,315.81914943296107,291.24688032550597,291.71128037152977,267.1587071747924,202.403103290477,elephant
危,wēi,911,6344,1099,4361,2793,315.12732216147594,338.0296759577405,307.9641663096169,264.19027709507253,312.49965035395365,"dangerous, precarious"
鸾,luán,910,4445,1363,5446,2776,314.7814085257334,236.84456330897805,381.9428195450481,329.9198002888707,310.5975758620034,fabulous bird
没,méi,909,4752,1007,3411,2031,314.4354948899908,253.202556770363,282.18372654575455,206.63908167193128,227.24195842065163,"not, have not, none"
笔,bǐ,909,11535,1889,7624,5434,314.4354948899908,614.6236305442208,529.3396816732178,461.8634883221355,607.9925170151752,writing brush
湿,shī,909,4845,1312,4700,2754,314.4354948899908,258.1579098384699,367.65148880638526,284.72696683027766,308.1360676959501,"wet, moist, humid, damp"
寥,liáo,904,3866,907,4199,1948,312.705926711278,205.9934942075386,254.1615094111215,254.37628377028423,217.95535943054128,"few, scarce"
抱,bào,901,6238,1478,7466,4156,311.66818580405027,332.3816391274252,414.1683692498761,452.2918158201815,465.00126991444023,"embrace, hold in arms, enfold"
牛,niú,899,9123,1649,6546,3417,310.97635853256514,486.1041509713851,462.0863605500985,396.55802656829735,382.3169728820121,"cow, ox, bull"
童,tóng,894,5220,1212,4685,1977,309.24679035385236,278.1391722098685,339.62927167175224,283.8182637446491,221.20007474033886,"child, boy, servant boy"
昨,zuó,894,4897,1087,5120,3145,309.24679035385236,260.92864488730385,304.6015002534609,310.1706532278769,351.8837810108071,yesterday
乾,qián,894,7439,1506,6765,2574,309.24679035385236,396.37496208222444,422.01459004757334,409.8250916184741,287.9964554282409,dry
赋,fù,893,8502,1768,10656,4325,308.9008767181098,453.015180484349,495.4327989403119,645.5426720305188,483.91012809912274,tax
凭,píng,890,6811,1203,6890,5616,307.8631358108821,362.91300803092224,337.10727212963525,417.3976173320453,628.3559027525256,"lean on, depend on, rely on"
粉,fěn,890,4005,731,3171,3848,307.8631358108821,213.39988212653702,204.8424072541674,192.09983230187456,430.5401555896934,"powder, face powder"
承,chéng,889,3568,1080,5532,1757,307.5172221751395,190.11505104306718,302.6399450540367,335.12969797980764,196.58499307980546,"inherit, receive"
法,fǎ,888,8514,1246,4753,2374,307.17130853939693,453.6545808802337,349.15682549752745,287.9377177328318,265.6191084641196,"law, rule, regulation, statute"
荷,hé,884,5909,1071,5394,2933,305.7876539964267,314.85141160691813,300.11794551191963,326.769629592025,328.1637932288386,"lotus, water lily"
渡,dù,884,4504,1054,5146,3729,305.7876539964267,239.98828192207807,295.35416859903205,311.74573857629974,417.22563414604133,"cross, ferry over"
遍,biàn,881,5429,973,4957,4914,304.749913089199,289.27539577152794,272.6561727199793,300.2960796973801,549.8114149084599,"everywhere, all over, throughout"
势,shì,881,4595,891,3618,2701,304.749913089199,244.83706825753745,249.67795466958023,219.17918425360523,302.2060707504579,"power, force"
盛,shèng,879,5441,863,4294,1927,304.0580858177139,289.9147961674127,241.831733871883,260.13140331259837,215.60573799930853,"abundant, flourishing"
放,fàng,878,8934,1384,5612,3903,303.71217218197137,476.0335947362002,387.827485143321,339.9761144364932,436.6939260048268,"put, release, free, liberate"
惆,chóu,878,1212,372,1849,1481,303.71217218197137,64.57943998436028,104.24264774083484,112.0128003551454,165.70425426931808,"distressed, regretful, sad"
艳,yàn,876,3409,484,2834,2744,303.02034491048624,181.64299579759418,135.62753093162385,171.68430297808658,307.01720034774394,"beautiful, sexy, voluptuous"
枯,kū,876,6370,1143,3897,2742,303.02034491048624,339.4150434821575,320.29394184885547,236.08106164629615,306.79342687810276,"dried out, withered, decayed"
走,zǒu,875,6746,1428,4661,3170,302.67443127474365,359.44958921987984,400.1572606825596,282.36433880764343,354.6809493813223,"walk, go on foot"
遂,suì,875,4166,906,4125,1959,302.67443127474365,221.9785041046575,253.88128723977516,249.89334854785008,219.18611351356793,"comply with, follow along"
乌,wū,874,6199,1844,6643,3905,302.32851763900106,330.30358784079976,516.7296839626329,402.4343065220286,436.917699474468,"crow, rook, raven"
句,jù,874,12542,1203,4625,4173,302.32851763900106,668.2799804322166,337.10727212963525,280.1834514021349,466.90334440639054,sentence
肯,kěn,872,9595,1271,5424,2470,301.63669036751594,511.2538998761854,356.1623797811857,328.58703576328213,276.3602350068978,willing
代,dài,871,3820,895,6021,2901,301.29077673177335,203.54245935664704,250.79884335496556,364.7534185712982,324.5834177145792,"replace, replacement (of person or generation)"
斋,zhāi,870,4947,775,4369,1698,300.9448630960308,263.59281320349027,217.1721827934059,264.6749187407411,189.98367572538967,vegetarian diet
而,ér,867,12573,1296,6522,4132,299.9071221888031,669.9317647882522,363.16793406484396,395.10410163129166,462.31598827874564,and
调,diào,867,4404,1049,5504,2825,299.9071221888031,234.65994528970512,293.9530577423004,333.4334522199677,316.0800258682131,"transfer, move, change"
修,xiū,866,6098,1653,4022,2930,299.56120855306057,324.9219678421031,463.20724923548386,243.65358735986737,327.82813302437677,study
笼,lóng,864,3291,610,2890,2243,298.86938128157544,175.35555857139408,170.93552452126144,175.07679449776646,250.96194620262017,cage
屋,wū,864,11251,2889,8242,4715,298.86938128157544,599.4911545082816,809.561853019548,499.30205545003156,527.5459546791592,house
宴,yàn,864,3475,784,3058,1216,298.86938128157544,185.15969797496032,219.6941823355229,185.25426905680618,136.05426954185737,"to entertain, feast"
各,gè,861,4923,885,4861,2913,297.8316403743478,262.3140124117208,247.9966216415023,294.48037994935737,325.92605853242645,"each, individually, every, all"
怨,yuàn,861,3840,877,3757,4222,297.8316403743478,204.6081266831216,245.7548442707316,227.5998328470964,472.38579441260026,"hatred, enmity, resentment"
毛,máo,858,5406,1060,4237,1689,296.79389946712,288.0498783460822,297.03550162711,256.67833158720987,188.97669511200422,"hair, fur, feathers"
词,cí,858,3921,823,5684,4261,296.79389946712,208.92407935534374,230.62284701802977,344.33788924751025,476.7493770706039,words
烧,shāo,857,2762,529,2194,1473,296.4479858313775,147.16865778614113,148.23752864220867,132.91297132460195,164.80916039075322,burn
扬,yáng,857,5120,1381,6544,2769,296.4479858313775,272.8108355774955,386.9868186292821,396.43686615688017,309.8143687182592,"scatter, spread"
陈,chén,854,6662,1165,5267,3067,295.41024492414977,354.9737864486865,326.45882961847474,319.07594346703667,343.1566156947998,"exhibit, display"
桑,sāng,853,5773,1478,6810,4168,295.06433128840723,307.60487378689095,414.1683692498761,412.5512008753597,466.34391073228744,mulberry tree
泽,zé,853,5866,1103,6348,2342,295.06433128840723,312.56022685499784,309.0850549950022,384.56314583800054,262.03873294986016,"marsh, swamp"
列,liè,852,4052,1077,4861,2002,294.71841765266464,215.9042003437523,301.79927853999766,294.48037994935737,223.99724311085401,a line
苑,yuàn,850,2437,601,4487,1582,294.0265903811795,129.85156373092903,168.41352497914446,271.8233830143523,177.00481448619934,"pasture, park, garden"
喧,xuān,850,3587,623,3523,1875,294.0265903811795,191.12743500321804,174.57841274876372,213.4240647112911,209.787627788637,"lively, noisy"
志,zhì,848,7273,1554,6647,3386,293.3347631096944,387.52992327248535,435.46525427219717,402.6766273448629,378.8484841025733,"purpose, will, determination"
题,tí,847,6087,1656,7210,3765,292.98884947395186,324.33585081254205,464.0479157495229,436.78328315878764,421.25355659958313,forehead
丛,cóng,846,5167,772,4571,2966,292.64293583820927,275.3151537947108,216.33151627936695,276.9121202938722,331.8560554779186,"bush, shrub"
参,cān,845,7430,1242,5444,2780,292.29702220246674,395.8954117853109,348.03593681214215,329.7986398774535,311.0451228012858,"take part in, intervene"
并,bìng,844,6305,1167,6632,3330,291.95110856672414,335.9516246711151,327.0192739611674,401.76792425923435,372.5828269526193,"combine, annex"
第,dì,844,5955,868,4608,2567,291.95110856672414,317.3024464578097,243.23284472861462,279.15358790508924,287.2132482844966,"sequence, number"
拜,bài,844,4442,930,4993,2330,291.95110856672414,236.68471321000683,260.60661935208714,302.4769671028886,260.69609213201295,"do obeisance, bow, kowtow"
赤,chì,840,5383,1409,6296,2294,290.5674540237539,286.8243609206364,394.83303942697927,381.4129751411549,256.6681696784711,red
瑶,yáo,840,4393,1488,6892,3049,290.5674540237539,234.0738282601441,416.97059096333936,417.51877774346246,341.1426544680289,precious jade
甘,gān,839,7574,1198,5938,2832,290.2215403880113,403.56821653592795,335.7061612729036,359.72526149748694,316.86323301195733,sweetness
宵,xiāo,837,4175,866,5622,5185,289.5297131165262,222.45805440157105,242.67240038592197,340.5819164935789,580.1327200448442,"night, evening, dark"
妆,zhuāng,836,4566,788,3990,4207,289.18379948078365,243.2918506341493,220.81507102090822,241.71502077719316,470.7074933902911,"to adorn oneself, dress up, use make-up"
短,duǎn,835,8164,1562,7150,4255,288.83788584504106,435.00540266692843,437.7070316429678,433.14847081627346,476.07805666168025,short
凌,líng,834,4467,1030,4668,2134,288.4919722092985,238.0167973681001,288.62883648672016,282.7884002476034,238.76629210717408,pure
盈,yíng,833,4737,1086,5681,4161,288.14605857355593,252.40330627550708,304.3212780821146,344.15614863038456,465.5607035885432,fill
席,xí,831,4794,889,5007,1748,287.4542313020708,255.44045815595967,249.11751032688755,303.32508998280855,195.57801246642,seat
炉,lú,829,5330,870,2794,2350,286.7624040305856,284.0003425054787,243.7932890713073,169.2610947497438,262.933826828425,"fireplace, stove, oven, furnace"
蜀,shǔ,829,3910,513,2399,1417,286.7624040305856,208.3379623257827,143.7539739006674,145.33191349485872,158.54350324079928,"one of the Three Kingdoms, established by Liu Bei"
灭,miè,829,3205,735,2374,1779,286.7624040305856,170.77318906755335,205.96329593955272,143.8174083521445,199.0465012458588,extinguish
催,cuī,827,7165,1025,6351,4227,286.07057675910056,381.77531970952253,287.22772562998847,384.7448864551262,472.9452280867033,"press, urge"
雷,léi,826,5894,1187,4519,2609,285.72466312335797,314.0521611120622,332.62371738809395,273.7619495970265,291.9124911469621,thunder
访,fǎng,826,4557,842,3779,1744,285.72466312335797,242.81230033723577,235.94706827361003,228.93259737268494,195.13046552713757,visit
奇,qí,825,10704,1796,8710,5669,285.37874948761544,570.3451531292015,503.2790197380091,527.6535917216422,634.2858996980177,"strange, unusual, uncanny, occult"
浅,qiǎn,824,5692,798,4018,3251,285.03283585187285,303.2889211146688,223.61729273437152,243.4112665370331,363.7437749017914,"shallow, not deep"
偶,ǒu,824,5718,1018,5396,2936,285.03283585187285,304.67428863908583,285.2661704305642,326.89079000344213,328.4994534333004,"accidentally, coincidently"
丘,qiū,820,6055,1348,6397,1404,283.6491813089026,322.63078309018266,377.73948697485315,387.53157591772043,157.0889756881314,hill
漏,lòu,820,3802,646,3643,2335,283.6491813089026,202.5833587628199,181.02352268972933,220.69368939631946,261.25552580611594,"leak, drip"
禁,jìn,818,4974,789,4393,2365,282.9573540374175,265.03146409423096,221.09529319225456,266.1288436777467,264.6121278507341,"restrict, prohibit, forbid"
勤,qín,817,6494,850,4392,2319,282.61144040167494,346.0221809063,238.18884564438068,266.0682634720382,259.46533804898627,"industrious, diligent, attentive"
挂,guà,816,5112,1034,4738,2757,282.26552676593235,272.3845686469057,289.74972517210546,287.02901464720327,308.47172790041185,"hang, suspend"
底,dǐ,815,11105,1928,6689,5112,281.9196131301898,591.7117830250171,540.2683463557247,405.22099598462285,571.9649884029399,"bottom, underneath, underside"
津,jīn,814,3766,659,4012,1511,281.57369949444717,200.66515757516564,184.66641091723162,243.04778530278168,169.06085631393628,ferry
荆,jīng,812,4036,793,4005,1975,280.8818722229621,215.05166648257264,222.21618187763985,242.6237238628217,220.97630127069766,thorns
再,zài,811,5468,939,4762,3193,280.5359585872195,291.3534470581534,263.12861889420407,288.48293958420896,357.2543442821962,"again, twice, re-"
驱,qū,811,4516,999,5434,2186,280.5359585872195,240.62768231796284,279.9419491749839,329.19283782036786,244.5844023178456,spur a horse on
弄,nòng,810,5967,970,4412,2571,280.190044951477,317.94184685369447,271.8155062059403,267.27986758620955,287.660795223779,"do, play or fiddle with"
佩,pèi,809,4227,1255,5485,2044,279.8441313157344,225.22878945040497,351.67882503964444,332.2824283115049,228.69648597331948,"belt ornament, pendant"
绮,qǐ,806,2593,643,3810,2405,278.80639040850673,138.16376887743084,180.18285617569032,230.81058374965062,269.08759724355843,fine thin silk
琼,qióng,804,4795,1352,4632,2947,278.1145631370216,255.4937415222834,378.86037566023845,280.6075128420949,329.7302075163271,jade
净,jìng,803,4728,1191,4095,1948,277.768649501279,251.9237559785935,333.7446060734793,248.075942376593,217.95535943054128,"clean, pure"
营,yíng,803,3892,808,3871,1939,277.768649501279,207.37886173195557,226.4195144478348,234.50597629787336,216.94837881715583,"encampment, barracks"
禽,qín,801,3787,702,2966,1808,277.0768222297939,201.78410826796397,196.71596428512382,179.68089013161776,202.29121655565638,"birds, fowl"
沾,zhān,800,2893,693,4557,1679,276.73090859405136,154.1487787745497,194.19396474300683,276.06399741395217,187.85782776379813,"moisten, wet, soak"
屏,píng,800,4867,901,3879,3737,276.73090859405136,259.33014389759194,252.48017638304356,234.9906179435419,418.12072802460614,"folding screen, shield"
漫,màn,799,8140,1487,8094,5716,276.3849949583087,433.72660187515885,416.690368791993,490.33618500516326,639.5445762345862,overflow of water
钱,qián,798,6064,1194,5043,2954,276.0390813225662,323.11033338709626,334.5852725875183,305.50597738831704,330.5134146600713,"money, currency, coins"
霄,xiāo,797,4016,1032,5835,1640,275.6931676868236,213.98599915609805,289.18928082941284,353.4855003095043,183.4942451057945,sky
筵,yán,797,1988,559,4634,1656,275.6931676868236,105.92733225157443,156.6441937825986,280.728673253512,185.2844328629242,feast
降,jiàng,793,2932,734,2508,1284,274.3095131438534,156.22683006117515,205.68307376820638,151.93515591709283,143.66256750965863,"descend, fall, drop"
利,lì,789,4646,931,2465,1458,272.92585860088315,247.5545199400477,260.8868415234335,149.33020707162433,163.13085936844413,"gains, advantage, profit, merit"
衔,xián,789,2668,553,3371,2059,272.92585860088315,142.16002135171055,154.96286075452062,204.2158734435885,230.3747869956286,bit
养,yǎng,785,5262,1165,3676,1880,271.5422040579129,280.3770735954651,326.45882961847474,222.69283618470226,210.34706146274004,"raise, rear, bring up"
披,pī,781,4333,723,4595,2443,270.1585495149426,230.87682628072034,202.60062988339675,278.36604523087783,273.3392931667414,wear
达,dá,781,3956,690,3674,1488,270.1585495149426,210.78899717667426,193.35329822896787,222.5716757732851,166.4874614130623,"arrive at, reach"
旅,lǚ,780,2914,619,3981,2220,269.8126358792,155.26772946734803,173.4575240633784,241.16979892581602,248.38855130174622,"trip, journey"
昼,zhòu,780,5787,1368,5451,2199,269.8126358792,308.3508409154232,383.34393040177974,330.2227013174135,246.0389298705135,"daytime, daylight"
盖,gài,779,5502,900,4298,1455,269.46672224345747,293.1650815131602,252.19995421169722,260.3737241354326,162.79519916398232,"cover, hide, protect"
投,tóu,776,6344,910,5365,2229,268.4289813362298,338.0296759577405,255.00217592516051,325.0128036264765,249.3955319151317,"throw, cast, fling, pitch"
巢,cháo,776,3159,806,3158,1955,268.4289813362298,168.32215421666177,225.85907010514217,191.31228962766315,218.7385665742855,"nest, living quarter in tree"
戎,róng,776,2316,467,2387,1225,268.4289813362298,123.40427640575774,130.86375401873622,144.6049510263559,137.06125015524285,"arms, armaments"
滴,dī,774,3531,574,2312,2024,267.7371540647447,188.14356648908918,160.84752635279355,140.06143559821317,226.45875127690735,drip
馆,guǎn,769,3005,959,3929,1868,266.0075858860318,160.1165158028074,268.73306232113066,238.0196282289704,209.00442064489278,public building
咏,yǒng,769,3949,772,4095,1821,266.0075858860318,210.41601361240816,216.33151627936695,248.075942376593,203.74574410832426,"sing song or poem, hum, chant"
背,bèi,768,3816,735,2683,2575,265.66167225028926,203.32932589135214,205.96329593955272,162.53669191609254,288.1083421630615,back
潮,cháo,768,4215,1208,6138,4116,265.66167225028926,224.58938905452024,338.5083829863669,371.8413026392009,460.52580052161596,tide
俱,jù,768,7700,1294,5403,1576,265.66167225028926,410.2819206927179,362.60748972215134,327.3148514434022,176.33349407727567,"all, together"
要,yào,768,13726,1573,3161,2472,265.66167225028926,731.3674861595124,440.7894755277774,191.49403024478886,276.58400847653905,"necessary, essential"
塘,táng,766,4147,887,4265,2738,264.96984497880413,220.96612014450665,248.55706598419488,258.3745773470498,306.34587993882036,pond
宅,zhái,764,3145,710,2992,1538,264.278017707319,167.57618708812956,198.95774165589447,181.25597548004058,172.08179815409267,"residence, dwelling, home"
史,shǐ,763,5077,1030,4959,2530,263.9321040715764,270.5196508255751,288.62883648672016,300.4172401087972,283.07343909613417,"history, chronicle, annals"
历,lì,763,5539,1091,5289,3517,263.9321040715764,295.1365660671382,305.7223889388463,320.4087079926252,393.50564636407273,history
彩,cǎi,762,3049,896,5144,1987,263.5861904358339,162.46098392105154,251.0790655263119,311.6245781648826,222.31894208854493,"hue, color"
陌,mò,759,2466,528,2567,1613,262.5484495286062,131.39678135431717,147.95730647086236,155.50938805389845,180.47330326563815,foot path between rice fields
泛,fàn,753,3760,655,3691,1630,260.4729677141508,200.34545737722328,183.5455222318463,223.60153927033082,182.37537775758844,"to drift, float"
涧,jiàn,752,4239,1140,4503,1709,260.1270540784082,225.86818984628974,319.45327533481645,272.7926663056894,191.21442980841633,"brook, mountain stream"
穿,chuān,752,4959,854,3825,2301,260.1270540784082,264.23221359937503,239.30973432976603,231.71928683527915,257.4513768222153,"penetrate, pierce, drill"
荡,dàng,751,4437,1399,5144,3057,259.7811404426657,236.41829637838822,392.03081771351594,311.6245781648826,342.0377483465938,"pond, pool"
程,chéng,751,3459,745,3433,1850,259.7811404426657,184.30716411378066,208.76551765301602,207.97184619751982,206.99045941812184,"journey, trip"
存,cún,749,6482,1277,6100,3062,259.08931317118055,345.3827805104152,357.8437128092637,369.53925482227527,342.5971820206968,"exist, live, be"
潜,qián,748,3284,648,2755,1500,258.74339953543796,174.98257500712796,181.58396703242198,166.89846672710956,167.8301022309096,hide
杀,shā,746,3662,886,3499,1906,258.0515722639529,195.12368747749775,248.27684381284854,211.97013977428543,213.25611656807578,"kill, slaughter, murder"
圆,yuán,743,5310,1122,2945,2891,257.0138313567252,282.93467517900416,314.4092762505825,178.4087058117378,323.4645503663731,circle
壮,zhuàng,739,5903,1160,5607,2756,255.6301768137549,314.5317114089758,325.05771876174305,339.67321340795036,308.35984116559126,"big, large"
辉,huī,739,3075,864,4515,1219,255.6301768137549,163.8463514454685,242.11195604322933,273.5196287741922,136.3899297463192,"brightness, luster, brilliance"
实,shí,739,5778,940,3642,1886,255.6301768137549,307.8712906185096,263.4088410655504,220.6331091906109,211.01838187166368,"real, true"
旋,xuán,738,4676,753,3262,2000,255.28426317801237,249.15302092975955,211.00729502378667,197.6126310213544,223.7734696412128,"revolve, move in orbit"
拟,nǐ,738,5374,965,5927,2021,255.28426317801237,286.3448106237228,270.4143953492087,359.0588792346927,226.12309107244553,draft
菊,jú,737,6761,1033,5378,2395,254.93834954226978,360.24883971473577,289.4695030007591,325.80034630068786,267.96872989535234,chrysanthemum
强,qiáng,733,6647,985,3430,2535,253.5546949992995,354.17453595383057,276.0188387761352,207.7901055803941,283.6328727702372,"strong, powerful, energetic"
迢,tiáo,730,1981,675,4209,2375,252.51695409207184,105.55434868730833,189.14996565877289,254.9820858273699,265.7309951989402,far
境,jìng,729,5405,812,2881,2075,252.1710404563293,287.9965949797584,227.54040313322014,174.53157264638932,232.16497475275827,"boundary, frontier"
源,yuán,729,5166,1013,4336,1933,252.1710404563293,275.2618704283871,283.8650595738325,262.6757719523583,216.2770584082322,spring
途,tú,729,4017,839,4897,2251,252.1710404563293,214.0392825224218,235.10640175957107,296.66126735486586,251.85704008118503,"way, road, path, journey"
院,yuàn,728,3489,699,3103,3609,251.8251268205867,185.90566510349257,195.87529777108483,187.9803783136918,403.79922596756853,"courtyard, yard, court"
宾,bīn,726,4875,765,3703,1341,251.13329954910157,259.7564108281818,214.36996107994264,224.32850173883364,150.04011139443318,"guest, visitor"
借,jiè,725,6228,878,5557,2312,250.78738591335903,331.8488054641879,246.03506644207795,336.6442031225219,258.682130905242,borrow
厌,yàn,725,6236,860,3932,1349,250.78738591335903,332.2750723947778,240.991067357844,238.2013688460961,150.93520527299802,"dislike, detest, reject"
墙,qiáng,725,4873,872,3782,3242,250.78738591335903,259.64984409553426,244.35373341399995,229.11433798981065,362.7367942884059,wall
鸳,yuān,724,1729,501,2175,2440,250.44147227761644,92.12694037372846,140.39130784451143,131.76194741613912,273.0036329622796,male mandarin duck (Aix galericulata)
襟,jīn,724,4334,827,4005,2513,250.44147227761644,230.93010964704405,231.7437357034151,242.6237238628217,281.1713646041839,"lapel, collar"
牵,qiān,723,2486,596,2947,2219,250.0955586418739,132.46244868079177,167.01241412241282,178.52986622315495,248.2766645669256,"drag, pull, lead by hand"
潭,tán,722,2511,460,3008,1539,249.74964500613132,133.794532838885,128.9021988193119,182.2252587713777,172.19368488891325,"deep pool, lake"
棹,zhào,721,3143,779,4512,1948,249.40373137038875,167.4696203554821,218.29307147879126,273.3378881570665,217.95535943054128,oar
袖,xiù,717,5114,1105,4069,3359,248.0200768274185,272.49113537955316,309.6454993376949,246.50085702817015,375.8275422624169,sleeve
呼,hū,714,8289,1654,7639,4628,246.9823359201908,441.6658234573946,463.4874714068302,462.772191407764,517.8118087497664,"breathe sigh, exhale"
奈,nài,713,5265,977,3857,3387,246.63642228444823,280.5369236944363,273.77706140536463,233.65785341795336,378.9603708373939,"but, how"
帐,zhàng,713,2855,688,2782,1740,246.63642228444823,152.12401085424798,192.7928538862752,168.53413228124094,194.68291858785514,tent
诚,chéng,711,3786,595,2429,1249,245.9445950129631,201.73082490164026,166.73219195106648,147.14931966611582,139.7465317909374,"sincere, honest"
羡,xiàn,710,4084,694,5081,2424,245.59868137722057,217.60926806611167,194.47418691435317,307.8080252052427,271.2134452051499,"envy, admire"
差,chà,708,4243,740,3398,2313,244.90685410573545,226.08132331158467,207.36440679628438,205.8515389977199,258.7940176400626,to differ
覆,fù,706,3539,659,3090,1824,244.2150268342503,188.56983341967904,184.66641091723162,187.19283563948042,204.08140431278608,cover
耕,gēng,699,5647,1067,3768,1815,241.79363138405236,300.891169630101,298.9970568265344,228.26621510989068,203.07442369940063,"plow, cultivate"
响,xiǎng,698,3815,912,4091,2978,241.44771774830977,203.2760425250284,255.56262026785316,247.8336215537587,333.1986962957659,"make sound, make noise"
壶,hú,697,5619,1231,5269,1929,241.1018041125672,299.3992353730366,344.95349292733255,319.1971038784538,215.82951146894976,"jar, pot, jug, vase"
唱,chàng,696,3640,733,2886,3111,240.75589047682465,193.95145341837573,205.40285159686005,174.83447367493218,348.0796320269065,"sing, chant, call"
添,tiān,695,4911,868,4269,3630,240.40997684108208,261.67461201583603,243.23284472861462,258.6168981698841,406.14884739880125,"append, add to"
避,bì,693,4510,901,4406,2315,239.71814956959696,240.30798212002048,252.48017638304356,266.9163863519581,259.01779110970386,avoid
也,yě,692,9823,1548,5959,6611,239.3722359338544,523.4025073979958,433.78392124411914,360.9974458173669,739.683203899029,also
斯,sī,691,6767,1015,4895,2394,239.0263222981118,360.56853991267815,284.4255039165252,296.54010694344873,267.85684316053175,"this, thus, such"
哭,kū,687,1937,524,2426,2015,237.6426677551416,103.20988056906423,146.83641778547704,146.9675790489901,225.4517706635219,"weep, cry, wail"
洒,sǎ,687,4359,1174,4497,2411,237.6426677551416,232.2621938051373,328.98082916059167,272.42918507143804,269.758917652482,sprinkle
受,shòu,685,5010,974,3429,2566,236.95084048365646,266.94966528188525,272.9363948913256,207.72952537468555,287.101361549676,"receive, accept, get"
驾,jià,683,4905,1010,4737,1178,236.2590132121713,261.35491181789365,283.0243930597935,286.9684344414947,131.80257361867436,"to drive, sail, fly"
恋,liàn,682,2361,534,3567,1922,235.91309957642875,125.80202789032558,149.63863949894034,216.08959376246816,215.0463043252055,love
弟,dì,681,3742,782,3946,1973,235.5671859406862,199.38635678339614,219.13373799283025,239.04949172601607,220.75252780105643,young brother
澄,chéng,681,2913,717,3079,1492,235.5671859406862,155.2144461010243,200.91929685531875,186.52645337668613,166.93500835234474,purify water by allowing sediment to settle
义,yì,680,5539,967,4165,2632,235.22127230494362,295.1365660671382,270.97483969190137,252.31655677619284,294.48588604783606,"right conduct, righteousness"
茅,máo,680,6272,1623,5655,2326,235.22127230494362,334.19327358243197,454.80058409509394,342.5810632819617,260.2485451927305,"reeds, rushes, grass"
遣,qiǎn,679,5122,720,3944,2271,234.87535866920106,272.91740231014296,201.75996336935776,238.92833131459895,254.09477477759714,"send, dispatch"
刀,dāo,677,3240,745,2937,2088,234.18353139771594,172.6381068888839,208.76551765301602,177.92406416606926,233.61950230542615,knife
市,shì,677,6831,1235,6292,3689,234.18353139771594,363.97867535739687,346.0743816127178,381.1706543183206,412.750164753217,"market, fair"
愧,kuì,676,7463,1268,6590,2636,233.83761776197335,397.6537628739939,355.3217132671467,399.2235556194744,294.93343298711847,"ashamed, conscience-stricken"
赠,zèng,674,2295,465,3819,1321,233.14579049048822,122.28532571295942,130.30330967604357,231.35580560102773,147.80237669802105,give present
策,cè,673,5424,1066,4969,2447,232.79987685474566,289.00897893990935,298.71683465518805,301.0230421658829,273.7868401060239,"scheme, plan"
渚,zhǔ,672,2262,672,3371,1210,232.4539632190031,120.52697462427633,188.30929914473393,204.2158734435885,135.38294913293376,"small sand bank, islet"
就,jiù,672,5742,1023,4547,2772,232.4539632190031,305.95308943085536,286.6672812872958,275.4581953568665,310.150028922721,"just, simply"
泣,qì,671,2411,670,2853,1929,232.10804958326057,128.46619620651205,187.74885480204125,172.83532688654938,215.82951146894976,"cry, sob, weep"
哉,zāi,670,6935,1024,5182,2295,231.762135947518,369.5201454550647,286.94750345864213,313.92662598180823,256.7800564132917,final exclamatory particle
献,xiàn,670,3649,738,4068,1068,231.762135947518,194.43100371528928,206.8039624535917,246.4402768224616,119.49503278840764,"offer, present"
密,mì,669,5234,758,2825,2102,231.41622231177544,278.8851393384007,212.4084058805183,171.13908112670944,235.18591659291465,"dense, thick, close"
阑,lán,668,5868,1496,4871,5142,231.07030867603285,312.66679358764526,419.21236833411,295.0861820064431,575.321590447558,door screen
杳,yǎo,668,2855,736,3271,1796,231.07030867603285,152.12401085424798,206.24351811089903,198.15785287273152,200.9485757378091,"obscure, dark, mysterious, deep"
升,shēng,668,4389,826,3056,1464,231.07030867603285,233.8606947948492,231.46351353206876,185.13310864538906,163.80217977736777,"arise, go up"
腰,yāo,667,4172,653,2699,2572,230.7243950402903,222.29820430259986,182.98507788915364,163.50597520742966,287.77268195859966,waist
服,fú,666,3324,851,3999,1263,230.37848140454773,177.11390966007718,238.46906781572702,242.2602426285703,141.31294607842588,clothes
巴,bā,665,1510,209,1268,708,230.03256776880517,80.45788314883168,58.566433811383014,76.8157008384664,79.21580825298933,"greatly desire, anxiously hope"
拥,yōng,665,5020,954,4982,2305,230.03256776880517,267.4824989451226,267.331951464399,301.8105848400943,257.89892376149777,"embrace, hug, squeeze"
奏,zòu,663,3446,666,3862,1212,229.34074049732004,183.61448035157218,186.62796611665595,233.96075444649622,135.60672260257496,memorialize emperor
招,zhāo,660,5229,1097,5455,3034,228.30299959009233,278.61872250678203,307.40372196692425,330.4650221402478,339.46435344571984,"beckon, summon"
漠,mò,659,3133,810,3446,1985,227.95708595434976,166.93678669224482,226.9799587905275,208.75938887173123,222.0951686189037,desert
县,xiàn,658,3106,749,2763,1003,227.6111723186072,165.4981358015041,209.88640633840134,167.3831083727781,112.22239502506822,"county, district, subdivision"
佛,fú,658,8436,757,3760,3270,227.6111723186072,449.4984783069828,212.128183709172,227.7815734642221,365.869622863383,Buddha
或,huò,656,6001,1096,3660,2303,226.91934504712208,319.7534813087013,307.1234997955779,221.72355289336517,257.67515029185654,"or, either, else"
彼,bǐ,655,4963,1011,4729,1751,226.57343141137952,264.44534706466993,283.30461523113985,286.4837927958262,195.91367267088182,"that, there, those"
郊,jiāo,655,3755,658,3593,1372,226.57343141137952,200.0790405456046,184.3861887458853,217.66467911089097,153.50860017387197,suburbs
浩,hào,655,5265,1170,4731,2232,226.57343141137952,280.5369236944363,327.8599404752064,286.60495320724334,249.73119211959352,"great, numerous, vast, abundant"
弃,qì,654,3230,720,2653,1538,226.22751777563698,172.10527322564658,201.75996336935776,160.71928574483545,172.08179815409267,"reject, abandon, discard"
广,guǎng,653,4364,824,4233,1889,225.8816041398944,232.52861063675596,230.90306918937608,256.43601076437557,211.3540420761255,"wide, extensive, broad"
嫌,xián,653,4008,415,2329,1460,225.8816041398944,213.5597322255082,116.29220110872704,141.09129909525885,163.35463283808534,"hate, detest"
萝,luó,653,1972,714,5226,1570,225.8816041398944,105.07479839039476,200.0786303412798,316.5921550329853,175.66217366835207,type of creeping plant
幕,mù,652,3782,699,2571,1814,225.53569050415183,201.5176914363453,195.87529777108483,155.75170887673275,202.96253696458,"curtain, screen, tent"
奉,fèng,650,3779,733,3328,1204,224.8438632326667,201.35784133737414,205.40285159686005,201.61092459812,134.71162872401013,offer
耳,ěr,649,7025,959,3838,2847,224.49794959692414,374.3156484242004,268.73306232113066,232.50682950949056,318.5415340342664,ear
属,shǔ,648,4604,732,3811,1750,224.15203596118158,245.31661855445103,205.12262942551374,230.87116395535918,195.8017859360612,"class, category, type"
锁,suǒ,647,3521,684,2958,2186,223.80612232543902,187.6107328258519,191.67196520088987,179.1962484859492,244.5844023178456,"lock, padlock"
殷,yīn,647,2438,603,2695,1720,223.80612232543902,129.90484709725274,168.97396932183713,163.26365438459536,192.44518389144304,"many, great"
檐,yán,647,5983,900,3830,2549,223.80612232543902,318.79438071487414,252.19995421169722,232.02218786382198,285.1992870577257,eaves of house
怪,guài,646,5367,843,3668,2762,223.46020868969643,285.9718270594567,236.22729044495637,222.20819453903368,309.03116157451484,"strange, unusual, peculiar"
弹,dàn,646,3522,850,3901,2790,223.46020868969643,187.6640161921756,238.18884564438068,236.32338246913045,312.1639901494919,"pellet, bullet, shot, shell"
卿,qīng,646,3269,577,3585,2144,223.46020868969643,174.18332451227204,161.68819286683254,217.18003746522243,239.88515945538012,"noble, high officer"
侍,shì,645,3243,570,3330,1244,223.11429505395387,172.79795698785506,159.72663766740823,201.73208500953712,139.18709811683436,"serve, attend upon"
郭,guō,644,3401,906,4658,2229,222.7683814182113,181.21672886700435,253.88128723977516,282.1825981905177,249.3955319151317,outer part (of a city)
饥,jī,643,5624,1001,3212,2204,222.42246778246874,299.6656522046552,280.5023935176766,194.58362073592593,246.5983635446165,"hunger, starving"
寞,mò,643,3367,579,2802,1662,222.42246778246874,179.40509441199754,162.24863720952519,169.7457363954123,185.95575327184787,"silent, still, lonely, solitary"
丈,zhàng,641,5353,1076,4810,2055,221.73064051098362,285.2258599309245,301.5190563686513,291.3907894582203,229.92724005634616,unit of length equal 3.3 meters
诏,zhào,638,3451,578,2786,867,220.69289960375593,183.88089718319083,161.96841503817888,168.77645310407522,97.00579908946575,"decree, proclaim"
仰,yǎng,637,5123,1051,5449,2162,220.34698596801337,272.9706856764667,294.5135020849931,330.1015409059964,241.89912068215105,raise the head to look
嘉,jiā,637,5047,757,3916,1365,220.34698596801337,268.9211498358633,212.128183709172,237.232085554759,152.72539303012775,excellent
凄,qī,635,4791,1123,4967,5421,219.65515869652825,255.28060805698848,314.6894984219288,300.90188175446576,606.5379894625073,"bitter cold, miserable, dreary"
尝,cháng,635,5865,623,2307,1214,219.65515869652825,312.50694348867404,174.57841274876372,139.75853456967033,135.83049607221616,taste
夷,yí,634,4735,998,4838,1941,219.30924506078568,252.29673954285963,279.66172700363757,293.0870352180603,217.17215228679703,ancient barbarian tribes
畔,pàn,630,2907,497,3782,3274,217.9255905178154,154.89474590308194,139.27041915912613,229.11433798981065,366.3171698026654,boundary path dividing fields
黑,hēi,628,3299,987,2872,2167,217.23376324633028,175.78182550198392,276.5792831188279,173.9863507950122,242.45855435625407,black
母,mǔ,628,3917,1262,5850,2885,217.23376324633028,208.71094589004883,353.64038023906875,354.3942033951328,322.7932299574495,mother
限,xiàn,628,2863,599,3081,1914,217.23376324633028,152.55027778483782,167.8530806364518,186.64761378810329,214.15121044664065,"boundary, limit, line"
睡,shuì,627,6253,835,2764,2829,216.88784961058772,333.18088962228114,233.98551307418575,167.44368857848667,316.5275728074955,"sleep, doze"
巾,jīn,627,4382,673,2995,1484,216.88784961058772,233.48771123058307,188.58952131608024,181.4377160971663,166.0399144737799,kerchief
了,le,626,10168,1547,3410,4976,216.54193597484516,541.7852687796825,433.50369907277286,206.57850146622272,556.7483924673375,to finish
除,chú,626,5437,905,3918,2202,216.54193597484516,289.7016627021178,253.60106506842882,237.35324596617613,246.37459007497532,"eliminate, remove, except"
陶,táo,626,4499,837,3644,1514,216.54193597484516,239.72186509045946,234.5459574168784,220.75426960202802,169.39651651839807,"pottery, ceramics"
威,wēi,625,3538,717,3118,1476,216.1960223391026,188.5165500533553,200.91929685531875,188.88908139932036,165.14482059521507,"pomp, power"
试,shì,624,8567,1057,5744,3870,215.85010870336004,456.4785992953914,296.19483511307106,347.9727015900244,433.0016637557468,"test, try, experiment"
鳞,lín,623,3067,584,2571,1530,215.50419506761745,163.42008451487865,163.64974806625685,155.75170887673275,171.1867042755278,fish scales
疾,jí,622,3366,537,1918,1203,215.15828143187488,179.3518110456738,150.47930601297932,116.1928345490367,134.59974198918948,"illness, disease, sickness"
寿,shòu,622,7552,972,5044,1960,215.15828143187488,402.3959824768059,272.37595054863294,305.56655759402565,219.29800024838858,"old age, long life"
娇,jiāo,622,2649,606,2332,2822,215.15828143187488,141.1476373915597,169.81463583587612,141.27303971238456,315.74436566375124,seductive and loveable
妾,qiè,621,1251,596,2964,969,214.81236779613235,66.65749127098572,167.01241412241282,179.55972972020064,108.4182460411676,concubine
省,shěng,621,3891,775,3043,1627,214.81236779613235,207.32557836563186,217.1721827934059,184.34556597117762,182.03971755312662,province
桐,tóng,620,3228,746,3418,2227,214.4664541603898,171.9987064929991,209.04573982436236,207.06314311189126,249.17175844549047,name applied various trees
倒,dào,619,7289,1398,4815,2942,214.12054052464723,388.382457133665,391.75059554216966,291.69369048676316,329.17077384222404,fall over
峡,xiá,618,1921,307,2352,906,213.77462688890466,102.35734670788455,86.02820660332338,142.48464382655595,101.3693817474694,"gorge, strait, ravine"
富,fù,617,6432,995,3204,1670,213.4287132531621,342.71861219422874,278.82106048959855,194.09897909025736,186.85084715041268,"abundant, ample"
翼,yì,616,3078,602,3519,1227,213.0827996174195,164.00620154443968,168.6937471504908,213.1817438884568,137.28502362488408,wings
际,jì,615,4441,953,5235,3194,212.73688598167695,236.63142984368312,267.0517292930527,317.1373768843624,357.36623101701684,"border, boundary, juncture"
伊,yī,614,3290,401,2485,2124,212.3909723459344,175.30227520507034,112.36909070987842,150.54181118579575,237.647424758968,third person pronoun
洗,xǐ,613,7352,1210,4458,2597,212.04505871019182,391.73930921206,339.06882732905956,270.0665570488038,290.5698503291148,"wash, rinse"
宗,zōng,613,4538,699,3334,1479,212.04505871019182,241.7999163770849,195.87529777108483,201.97440583237142,165.48048079967685,"lineage, ancestry"
儒,rú,612,5729,920,3929,2012,211.69914507444926,305.26040566864685,257.8043976386238,238.0196282289704,225.11611045906008,Confucian scholar
追,zhuī,611,6887,780,4135,2356,211.3532314387067,366.9625438715257,218.57329365013757,250.49915060493575,263.6051472373487,"pursue, chase after"
醒,xǐng,610,5717,997,4394,4229,211.00731780296414,304.6210052727621,279.3815048322912,266.18942388345533,473.1690015563445,wake up
血,xuè,610,2799,832,3241,2967,211.00731780296414,149.14014234011913,233.14484656014673,196.34044670147443,331.9679422127392,blood
劝,quàn,610,3750,639,1915,1432,211.00731780296414,199.81262371398597,179.06196749030502,116.01109393191099,160.22180426310837,"recommend, advise, urge"
扫,sǎo,609,5963,965,4388,2653,210.66140416722158,317.72871338839957,270.4143953492087,265.8259426492039,296.8355074790688,"sweep, clear away"
叠,dié,608,3542,616,2878,2421,210.31549053147899,188.7296835186502,172.61685754933944,174.3498320292636,270.8777850006881,pile
浓,nóng,607,4381,746,3066,2848,209.96957689573642,233.43442786425936,209.04573982436236,185.73891070247473,318.653420769087,"thick, strong, concentrated"
歇,xiē,607,1849,539,2315,1714,209.96957689573642,98.52094433257602,151.039750355672,140.24317621533888,191.77386348251937,"rest, stop, lodge"
庙,miào,605,3794,700,3592,1442,209.27774962425133,202.15709183223007,196.15551994243114,217.60409890518238,161.34067161131443,"temple, shrine"
埃,āi,605,4696,636,2319,769,209.27774962425133,250.21868825623415,178.221300976266,140.48549703817315,86.04089907704633,"fine dust, dirt"
羞,xiū,605,4806,629,2798,1904,209.27774962425133,256.0798585518444,176.2597457768417,169.50341557257806,213.03234309843458,"disgrace, shame"
鬼,guǐ,602,3907,1061,3247,2800,208.24000871702364,208.17811222681152,297.31572379845636,196.70392793572586,313.28285749769793,ghost
系,xì,601,3608,760,3741,2282,207.89409508128105,192.24638569601635,212.96885022321098,226.6305495557593,255.3255288606238,system
蝶,dié,600,3843,757,3135,3195,207.5481814455385,204.76797678209283,212.128183709172,189.91894489636607,357.4781177518375,butterfly
庐,lú,600,6477,1208,5464,2441,207.5481814455385,345.1163636787966,338.5083829863669,331.01024399162486,273.11551969710024,"hut, cottage"
友,yǒu,599,6520,1056,4069,2156,207.20226780979593,347.40754843071693,295.9146129417247,246.50085702817015,241.22780027322742,"friend, companion"
抛,pāo,598,1563,268,1415,1866,206.85635417405337,83.28190156398935,75.09954192081649,85.72099107762615,208.78064717525154,throw (away)
驰,chí,598,4057,1031,4932,1721,206.85635417405337,216.17061717537095,288.9090586580665,298.7815745546658,192.55707062626362,go quickly or swiftly
忍,rěn,597,5483,781,3429,3089,206.5104405383108,292.1526975530093,218.8535158214839,207.72952537468555,345.6181238608532,"endure, bear, suffer"
篇,piān,596,5021,539,4019,1633,206.16452690256824,267.53578231144627,151.039750355672,243.47184674274166,182.71103796205026,"chapter, section, essay, article"
妇,fù,596,3134,765,3719,2186,206.16452690256824,166.99007005856853,214.36996107994264,225.29778503017076,244.5844023178456,married women
谓,wèi,595,5891,655,3364,1500,205.81861326682568,313.892311013091,183.5455222318463,203.79181200362854,167.8301022309096,"say, tell"
袅,niǎo,594,2158,517,2996,1880,205.47269963108312,114.98550452660847,144.87486258605273,181.49829630287485,210.34706146274004,curling upwards
杜,dù,592,4799,930,3836,2884,204.78087235959796,255.7068749875783,260.60661935208714,232.3856690980734,322.68134322262887,"stop, prevent"
果,guǒ,591,3855,614,2514,1952,204.4349587238554,205.40737717797757,172.05641320664677,152.29863715134425,218.4029063698237,fruit
聊,liáo,591,10735,1147,6701,3299,204.4349587238554,571.9969374852371,321.41483053424076,405.94795845312564,369.1143381731805,"somewhat, slightly, at least"
鹿,lù,589,2638,830,4381,1818,203.74313145237028,140.56152036199867,232.58440221745408,265.40188120924387,203.41008390386244,deer
淮,huái,589,5442,1023,4517,1898,203.74313145237028,289.96807953373644,286.6672812872958,273.6407891856094,212.36102268951097,river in Anhui province
坛,tán,588,2267,513,3257,1246,203.39721781662774,120.79339145589498,143.7539739006674,197.30972999281155,139.41087158647557,altar
妙,miào,588,9590,1443,3621,2445,203.39721781662774,510.9874830445668,404.36059325275454,219.36092487073094,273.56306663638264,"mysterious, subtle"
停,tíng,586,2884,753,4949,2496,202.7053905451426,153.66922847763612,211.00729502378667,299.81143805171155,279.2692901122336,"stop, suspend, delay"
鼎,dǐng,586,5758,1080,3848,1536,202.7053905451426,306.805623292035,302.6399450540367,233.11263156657625,171.85802468445144,"large, three-legged bronze caldron"
笙,shēng,586,2442,730,2791,1544,202.7053905451426,130.11798056254767,204.56218508282106,169.07935413261808,172.75311856301627,small gourd-shaped musical instrument
苏,sū,586,4055,896,3595,2474,202.7053905451426,216.0640504427235,251.0790655263119,217.7858395223081,276.8077819461802,"revive, resurrect"
瑞,ruì,585,3676,604,2353,513,202.35947690940003,195.86965460603,169.25419149318344,142.5452240322645,57.39789496297109,felicitous omen
杖,zhàng,583,6838,1097,5385,1893,201.6676496379149,364.35165892166293,307.40372196692425,326.2244077406479,211.80158901540793,"cane, walking stick"
窥,kuī,583,3926,509,3422,2202,201.6676496379149,209.19049618696238,142.6330852152821,207.30546393472557,246.37459007497532,"peep, watch, spy on, pry"
虫,chóng,583,2893,548,2220,2438,201.6676496379149,154.1487787745497,153.56174989778896,134.48805667302477,272.7798594926384,"insects, worms"
曙,shǔ,582,468,283,2071,748,201.32173600217234,24.93661543950545,79.30287449101147,125.46160602244788,83.69127764581359,"bright, light of rising sun"
商,shāng,582,3895,787,3544,2244,201.32173600217234,207.53871183092676,220.53484884956188,214.69624903117108,251.07383293744078,"commerce, business, trade"
读,dú,581,6800,1173,4830,3672,200.97582236642978,362.3268910013612,328.70060698924533,292.60239357239175,410.84809026126675,"read, study"
冬,dōng,581,3891,599,3451,1760,200.97582236642978,207.32557836563186,167.8530806364518,209.06228990027407,196.92065328426727,"winter, 11th lunar month"
适,shì,581,4518,800,3340,1236,200.97582236642978,240.73424905061032,224.17773707706417,202.33788706662284,138.29200423826953,"go, reach"
汝,rǔ,580,5840,843,5337,3080,200.62990873068722,311.17485933058083,236.22729044495637,323.3165578666366,344.61114324746774,you
辛,xīn,578,2624,533,2054,1750,199.93808145920207,139.81555323346646,149.35841732759403,124.43174252540219,195.8017859360612,bitter
恶,è,577,5329,786,2256,1406,199.5921678234595,283.947059139155,220.25462667821554,136.66894407853326,157.3127491577726,"evil, wicked, bad, foul"
鞭,biān,576,3754,684,2837,1896,199.24625418771694,200.02575717928087,191.67196520088987,171.8660435952123,212.13724921986974,whip
秀,xiù,574,6397,892,3883,1903,198.55442691623182,340.85369437289825,249.95817684092654,235.2329387663762,212.920456363614,ear of grain
裳,shang,573,2834,866,4097,1871,198.20851328048926,151.00506016144968,242.67240038592197,248.1971027880101,209.3400808493546,clothes
雕,diāo,572,2387,543,3107,2043,197.8625996447467,127.18739541474255,152.1606390410573,188.22269913652607,228.58459923849887,"engrave, inlay, carve"
侣,lǚ,572,1696,386,3211,1856,197.8625996447467,90.36858928504539,108.16575813968348,194.52304053021734,207.66177982704548,companion
岛,dǎo,572,1466,582,2678,1668,197.8625996447467,78.11341503058757,163.0893037235642,162.2337908875497,186.62707368077147,island
济,jì,571,3289,780,3381,1214,197.51668600900413,175.24899183874663,218.57329365013757,204.8216755006742,135.83049607221616,"help, aid, relieve"
止,zhǐ,570,5532,683,3415,1676,197.17077237326157,294.7635825028721,191.39174302954353,206.88140249476555,187.52216755933634,"stop, halt, desist"
纤,xiān,567,3493,580,2599,2722,196.13303146603388,186.11879856878747,162.52885938087152,157.4479546365727,304.55569218169063,"fine, delicate"
甲,jiǎ,567,3418,800,3540,2153,196.13303146603388,182.12254609450775,224.17773707706417,214.45392820833678,240.8921400687656,"armor, shell"
阔,kuò,567,4059,677,2765,1443,196.13303146603388,216.2771839080184,189.71041000146556,167.50426878419523,161.45255834613502,"broad, ample, wide"
布,bù,566,3755,849,3933,1847,195.78711783029132,200.0790405456046,237.90862347303434,238.26194905180466,206.65479921366003,"cotton cloth, textiles, linen"
熟,shú,566,5693,948,3339,1867,195.78711783029132,303.34220448099256,265.65061843632105,202.27730686091425,208.89253391007216,well-cooked
延,yán,565,2795,673,3125,1739,195.44120419454876,148.92700887482422,188.58952131608024,189.31314283928035,194.57103185303453,"delay, postpone, defer"
迥,jiǒng,564,1904,437,3212,1080,195.09529055880617,101.45152948038114,122.4570888783463,194.58362073592593,120.83767360625492,"distant, far"
严,yán,564,4853,794,3856,2052,195.09529055880617,258.5841767690597,222.4964040489862,233.5972732122448,229.59157985188435,"strict, rigorous, rigid"
趋,qū,564,2969,632,3589,1419,195.09529055880617,158.19831461515315,177.1004122908807,217.4223582880567,158.76727671044048,"hasten, hurry"
簪,zān,564,3023,574,3500,1384,195.09529055880617,161.07561639663456,160.84752635279355,212.030719979994,154.85124099171927,"hairpin, clasp"
逸,yì,563,2879,579,2834,1115,194.7493769230636,153.4028116460175,162.24863720952519,171.68430297808658,124.75370932497613,"flee, escape, break loose"
羁,jī,561,3028,597,2585,1749,194.05754965157848,161.3420332282532,167.29263629375916,156.5998317566527,195.6898992012406,halter
推,tuī,561,5151,771,3789,1918,194.05754965157848,274.46261993353113,216.0512941080206,229.53839942977064,214.59875738592308,"push, expel"
零,líng,561,4339,960,3855,3854,194.05754965157848,231.1965264786627,269.013284492477,233.53669300653624,431.21147599861706,zero
柏,bǎi,560,3250,634,3799,1312,193.71163601583592,173.17094055212118,177.66085663357336,230.14420148685633,146.7953960846356,"cypress, cedar"
懒,lǎn,560,4985,636,3676,2095,193.71163601583592,265.617581123792,178.221300976266,222.69283618470226,234.40270944917043,"lazy, languid, listless"
个,gè,559,5986,1386,2373,2695,193.36572238009336,318.95423081384536,388.38792948601366,143.75682814643594,301.5347503415342,"numerary adjunct, piece"
印,yìn,559,3124,410,1557,1481,193.36572238009336,166.45723639533125,114.8910902519954,94.32338028824304,165.70425426931808,"print, seal, stamp, chop, mark"
驻,zhù,559,2038,473,3126,1289,193.36572238009336,108.59150056776092,132.5450870468142,189.37372304498894,144.22200118376165,"to be stationed at, reside at"
致,zhì,558,4527,959,3121,1438,193.0198087443508,241.2137993475239,268.73306232113066,189.07082201644607,160.893124672032,"send, deliver, present"
买,mǎi,557,4394,952,3423,1795,192.67389510860824,234.12711162646784,266.77150712170635,207.36604414043413,200.8366890029885,"buy, purchase"
迁,qiān,557,2603,466,2390,1128,192.67389510860824,138.69660254066812,130.5835318473899,144.7866916434816,126.20823687764401,"move, shift, change"
韵,yùn,556,3226,364,1961,1804,192.32798147286564,171.89213976035165,102.0008703700642,118.79778339450522,201.84366961637394,rhyme
宇,yǔ,555,5294,1041,4421,2197,191.9820678371231,282.0821413178245,291.71128037152977,267.8250894375867,245.81515640087227,house
累,lèi,553,4172,713,3402,2031,191.290240565638,222.29820430259986,199.79840816993345,206.09385982055417,227.24195842065163,tired
烦,fán,552,5292,792,3406,1375,190.94432692989542,281.975574585177,221.93595970629352,206.33618064338842,153.84426037833381,"bother, vex, trouble"
雀,què,551,2345,486,2964,1594,190.59841329415286,124.9494940291459,136.18797527431647,179.55972972020064,178.3474553040466,sparrow
昭,zhāo,551,2815,537,2557,987,190.59841329415286,149.99267620129882,150.47930601297932,154.90358599681275,110.43220726793852,"bright, luminous"
丽,lì,551,2646,565,3610,1512,190.59841329415286,140.9877872925885,158.3255268106766,218.69454260793665,169.1727430487569,"beautiful, magnificent, elegant"
蒙,méng,550,3346,649,2537,1382,190.2524996584103,178.2861437191992,181.86418920376832,153.6919818826414,154.62746752207806,cover
槛,kǎn,549,2238,246,2078,1440,189.9065860226677,119.24817383250682,68.93465415119724,125.88566746240785,161.11689814167323,"threshold, door-sill"
澹,dàn,549,2485,766,2809,1642,189.9065860226677,132.40916531446803,214.65018325128895,170.16979783537232,183.7180185754357,"calm, quiet, tranquil"
层,céng,549,3814,895,4486,2716,189.9065860226677,203.2227591587047,250.79884335496556,271.7628028086437,303.884371772767,"story, layer, floor, stratum"
扶,fú,549,6735,1343,5443,3165,189.9065860226677,358.8634721903188,376.3383761181215,329.73805967174496,354.12151570721926,"support, help"
免,miǎn,548,3736,432,1621,1171,189.56067238692515,199.06665658545376,121.05597802161466,98.20051345359151,131.01936647493008,spare
冲,chōng,548,2978,763,3023,1326,189.56067238692515,158.67786491206672,213.80951673724996,183.13396185700626,148.3618103721241,soar
话,huà,547,4261,574,3261,3154,189.2147587511826,227.04042390541179,160.84752635279355,197.55205081564583,352.8907616241926,"speech, talk, language"
固,gù,546,6065,1026,2993,1321,188.86884511544002,323.16361675342,287.5079478013348,181.31655568574914,147.80237669802105,"to become solid, solidify"
樵,qiáo,545,3134,811,3569,1540,188.52293147969746,166.99007005856853,227.2601809618738,216.2107541738853,172.30557162373387,woodcutter
余,yú,544,2332,855,4753,5021,188.1770178439549,124.25681026693742,239.58995650111234,287.9377177328318,561.7832955342648,"I, my, me"
总,zǒng,544,4426,1310,6998,3638,188.1770178439549,235.8321793488272,367.0910444636926,423.94027954857086,407.0439412773661,collect
咽,yàn,541,1562,329,1700,1818,187.13927693672719,83.22861819766563,92.19309437294265,102.98634970456851,203.41008390386244,throat
陇,lǒng,541,1856,401,2121,886,187.13927693672719,98.89392789684213,112.36909070987842,128.49061630787637,99.13164705105727,mountain located between Shanxi
涛,tāo,541,3356,901,4725,2887,187.13927693672719,178.81897738243651,252.48017638304356,286.2414719729919,323.0170034270907,large waves
贱,jiàn,540,2330,414,1971,1062,186.79336330098462,124.15024353428994,116.01197893738072,119.4035854515909,118.823712379484,"mean, low"
改,gǎi,539,2726,468,2741,1459,186.44744966524206,145.25045659848686,131.14397619008253,166.05034384718957,163.24274610326475,"change, alter"
扉,fēi,538,2864,631,3461,1278,186.10153602949953,152.60356115116156,176.82019011953437,209.66809195735976,142.99124710073497,door panel
险,xiǎn,538,3135,658,2703,1980,186.10153602949953,167.04335342489227,184.3861887458853,163.74829603026393,221.53573494480068,"narrow pass, strategic point"
壑,hè,538,5120,1056,5806,2232,186.10153602949953,272.8108355774955,295.9146129417247,351.7286743439558,249.73119211959352,"bed of torrent, narrow ravine"
乍,zhà,537,2374,320,3576,3427,185.75562239375697,126.49471165253405,89.67109483082568,216.6348156138453,383.43584023021816,"first time, for the first time"
造,zào,537,5027,793,2713,1556,185.75562239375697,267.85548250938865,222.21618187763985,164.35409808734963,174.09575938086357,"construct, build, make, begin"
射,shè,537,3158,804,3674,1843,185.75562239375697,168.26887085033806,225.29862576244952,222.5716757732851,206.2072522743776,"shoot, eject, issue forth, emit"
郁,yù,537,3697,915,4685,2424,185.75562239375697,196.9886052988283,256.4032867818922,283.8182637446491,271.2134452051499,"sweet smelling, rich in aroma"
候,hòu,537,2542,715,3885,1673,185.75562239375697,135.44631719492062,200.35885251262613,235.35409917779333,187.18650735487452,wait
进,jìn,536,3639,727,3072,1338,185.4097087580144,193.898170052052,203.72151856878207,186.10239193672615,149.70445118997137,"advance, make progress, enter"
兄,xiōng,532,3682,577,3190,1432,184.02605421504413,196.18935480397235,161.68819286683254,193.2508562103374,160.22180426310837,elder brother
杏,xìng,532,2692,687,2194,1464,184.02605421504413,143.43882214348008,192.51263171492886,132.91297132460195,163.80217977736777,apricot
退,tuì,531,4526,532,1865,1124,183.68014057930156,241.16051598120012,149.0781951562477,112.98208364648252,125.76068993836158,"step back, retreat, withdraw"
场,chǎng,530,3886,585,3080,2539,183.334226943559,207.05916153401319,163.9299702376032,186.58703358239472,284.0804197095197,"open space, field, market"
索,suǒ,529,4413,796,3186,2419,182.98831330781644,235.1394955866187,223.05684839167887,193.0085353875031,270.6540115310469,"large rope, cable"
政,zhèng,529,6193,929,2915,1067,182.98831330781644,329.9838876428574,260.3263971807408,176.59129964048068,119.38314605358704,"government, political affairs"
仪,yí,528,3098,598,2845,791,182.64239967207388,165.07186887091427,167.57285846510547,172.35068524088084,88.50240724309967,"ceremony, rites gifts"
奔,bēn,527,4117,814,3024,1941,182.29648603633132,219.36761915479474,228.10084747591281,183.19454206271482,217.17215228679703,"run fast, flee"
号,hào,526,3943,672,2580,1569,181.95057240058873,210.09631341446578,188.30929914473393,156.29693072810986,175.55028693353145,"mark, sign"
委,wěi,526,2563,496,2258,1044,181.95057240058873,136.56526788771896,138.9901969877798,136.7901044899504,116.80975115271308,"appoint, send, commission"
切,qiè,526,3275,477,2857,1474,181.95057240058873,174.5030247102144,133.6659757321995,173.07764770938365,164.92104712557384,"cut, mince, slice, carve"
扇,shàn,525,2773,621,2299,2264,181.60465876484616,147.75477481570215,174.01796840607108,139.27389292400179,253.3115676338529,fan
堤,dī,525,2843,556,3086,2065,181.60465876484616,151.48461045836325,155.8035272685596,186.95051481664615,231.04610740455223,dike
杂,zá,525,2975,671,2801,1569,181.60465876484616,158.51801481309553,188.0290769733876,169.68515618970378,175.55028693353145,"mixed, blended"
尧,yáo,524,3194,262,1733,509,181.2587451291036,170.18707203799232,73.41820889273852,104.98549649295131,56.95034802368866,a legendary ancient emperor-sage
父,fù,523,5612,1158,5654,2211,180.91283149336104,299.0262518087705,324.49727441905037,342.5204830762532,247.38157068836074,father
顶,dǐng,523,3008,619,2408,1379,180.91283149336104,160.27636590177863,173.4575240633784,145.87713534623586,154.29180731761622,"top, summit, peak"
腾,téng,522,3403,832,3049,1800,180.5669178576185,181.3232955996518,233.14484656014673,184.70904720542904,201.39612267709154,fly
表,biǎo,521,3497,816,3246,1565,180.22100422187594,186.33193203408237,228.66129181860546,196.6433477300173,175.10273999424902,"show, express, manifest, display"
钩,gōu,520,2984,629,2507,2320,179.87509058613338,158.9975651100091,176.2597457768417,151.87457571138427,259.57722478380686,"hook, barb"
驿,yì,519,2059,547,2535,1376,179.5291769503908,109.71045126055922,153.28152772644265,153.57082147122424,153.9561471131544,relay station
环,huán,518,4606,954,4106,2997,179.18326331464823,245.42318528709853,267.331951464399,248.74232463938725,335.3245442573574,jade ring or bracelet
展,zhǎn,517,2965,542,2454,1956,178.83734967890567,157.98518114985825,151.88041686971098,148.66382480883007,218.85045330910614,"open, unfold"
勿,wù,517,5621,767,2687,1358,178.83734967890567,299.50580210568404,214.93040542263526,162.77901273892684,151.9421858863835,"must not, do not"
祗,zhī,516,1683,298,1625,702,178.4914360431631,89.6759055228369,83.50620706120641,98.44283427642578,78.5444878440657,"respect, look up to, revere"
伏,fú,515,3134,624,3388,1716,178.14552240742054,166.99007005856853,174.85863492011006,205.2457369406342,191.9976369521606,"crouch, crawl, lie hidden, conceal"
邑,yì,515,2248,448,1891,582,178.14552240742054,119.78100749574412,125.53953276315595,114.55716899490533,65.11807966559293,area
寸,cùn,514,4673,809,3491,2238,177.79960877167798,248.99317083078842,226.69973661918115,211.48549812861685,250.40251252851712,inch
鲜,xiān,513,3196,548,2782,1244,177.45369513593542,170.29363877063977,153.56174989778896,168.53413228124094,139.18709811683436,fresh
戍,shù,512,1081,221,1656,986,177.10778150019286,57.59931899595169,61.92909986753899,100.32082065339145,110.32032053311791,"defend borders, guard frontiers"
辰,chén,512,3609,589,3340,1384,177.10778150019286,192.2996690623401,165.0508589229885,202.33788706662284,154.85124099171927,early morning
祖,zǔ,512,5257,667,2916,1306,177.10778150019286,280.11065676384646,186.90818828800224,176.65187984618927,146.12407567571196,"ancestor, forefather"
剪,jiǎn,511,3582,774,2805,2826,176.76186786445027,190.86101817159943,216.89196062205957,169.92747701253802,316.1919126030337,scissors
摧,cuī,510,2283,377,2012,1223,176.4159542287077,121.64592531707466,105.6437585975665,121.88737388564226,136.83747668560164,"destroy, break, injure"
次,cì,510,3526,471,2351,1224,176.4159542287077,187.87714965747057,131.98464270412154,142.4240636208474,136.94936342042223,"order, sequence"
甚,shèn,510,5645,884,1893,2922,176.4159542287077,300.78460289745357,247.71639947015595,114.67832940632246,326.9330391458119,great extent
芙,fú,507,2156,1014,5226,1753,175.37821332148002,114.878937793961,284.14528174517886,316.5921550329853,196.13744614052302,hibiscus
暑,shǔ,506,4858,638,3333,1436,175.03229968573746,258.85059360067834,178.78174531895868,201.91382562666283,160.6693512023908,hot
姓,xìng,506,2585,493,2648,1163,175.03229968573746,137.737501946841,138.14953047374078,160.4163847162926,130.12427259636524,one's family name
瑟,sè,505,2087,615,3187,2536,174.68638604999492,111.20238551762365,172.3366353779931,193.06911559321168,283.74475950505786,large stringed musical instrument
痕,hén,505,3484,668,2824,5445,174.68638604999492,185.6392482718739,187.18841045934857,171.07850092100088,609.2232710982018,scar
酌,zhuó,501,3473,601,3143,1138,173.30273150702465,185.05313124231287,168.41352497914446,190.4035865420346,127.32710422585009,serve wine
脱,tuō,501,5585,888,2567,1907,173.30273150702465,297.5876009180298,248.83728815554122,155.50938805389845,213.36800330289643,take off
珍,zhēn,501,3990,565,3041,2148,173.30273150702465,212.6006316316811,158.3255268106766,184.2244055597605,240.33270639466255,"precious, valuable, rare"
笛,dí,499,3197,792,3537,3171,172.61090423553952,170.3469221369635,221.93595970629352,214.27218759121106,354.7928361161429,bamboo flute
支,zhī,497,3186,502,3157,2461,171.9190769640544,169.7608051074025,140.67153001585777,191.2517094219546,275.3532543935124,"disperse, pay"
仁,rén,496,4433,569,3022,1183,171.5731633283118,236.20516291309326,159.4464154960619,183.0733816512977,132.36200729277738,"humaneness, benevolence, kindness"
蒲,pú,495,4109,786,3456,1724,171.22724969256925,218.94135222420488,220.25462667821554,209.36519092881693,192.89273083072544,type of rush
促,cù,495,1814,366,2134,1002,171.22724969256925,96.65602651124549,102.56131471275687,129.27815898208775,112.11050829024761,"urge, press, hurry"
焚,fén,495,1970,401,2218,1064,171.22724969256925,104.9682316577473,112.36909070987842,134.36689626160762,119.04748584912521,burn
戈,gē,495,2294,845,2769,1726,171.22724969256925,122.2320423466357,236.78773478764904,167.74658960702953,193.11650430036664,"halberd, spear, lance"
裁,cái,494,2079,579,3111,1299,170.88133605682668,110.77611858703382,162.24863720952519,188.46501995936038,145.34086853196771,cut out
味,wèi,494,8450,947,3350,3284,170.88133605682668,450.24444543551505,265.3703962649747,202.94368912370854,367.4360371508714,"taste, smell, odor"
屈,qū,491,3608,424,2391,1593,169.843595149599,192.24638569601635,118.81420065084401,144.84727184919018,178.235568569226,"bend, flex"
写,xiě,490,5173,1575,4844,4340,169.49768151385643,275.6348539926532,441.3499198704701,293.4505164523117,485.58842912143183,write
箫,xiāo,488,2514,895,3337,2570,168.8058542423713,133.9543829378562,250.79884335496556,202.15614644949713,287.5489084889585,bamboo flute
霁,jì,487,2408,347,2236,962,168.45994060662875,128.30634610754086,97.23709345717658,135.4573399643619,107.63503889742336,to clear up after rain
梧,wú,487,2524,665,3397,1686,168.45994060662875,134.48721660109348,186.34774394530962,205.7909587920113,188.6410349075424,"Chinese parasol tree, Sterculia platanifolia"
集,jí,485,3942,887,3640,1954,167.76811333514362,210.04303004814204,248.55706598419488,220.51194877919374,218.6266798394649,"assemble, collect together"
善,shàn,484,4271,735,2455,1554,167.42219969940106,227.5732575686491,205.96329593955272,148.72440501453866,173.87198591122234,"good, virtuous, charitable, kind"
陪,péi,484,2975,390,1646,567,167.42219969940106,158.51801481309553,109.28664682506879,99.71501859630574,63.43977864328383,"accompany, be with, keep company"
畏,wèi,483,3635,484,2402,1065,167.0762860636585,193.68503658675706,135.62753093162385,145.51365411198444,119.15937258394582,"fear, dread, awe, reverence"
柱,zhù,483,2925,567,3160,1370,167.0762860636585,155.85384649690906,158.8859711533692,191.4334500390803,153.28482670423077,"pillar, post"
虏,lǔ,483,1153,103,992,342,167.0762860636585,61.43572137126022,28.86288364867201,60.095564062901154,38.26526330864739,"to capture, imprison, seize"
司,sī,483,2282,610,3438,1358,167.0762860636585,121.59264195075093,170.93552452126144,208.2747472260627,151.9421858863835,"take charge of, control, manage"
旷,kuàng,483,2005,435,2054,1100,167.0762860636585,106.83314947907783,121.89664453565365,124.43174252540219,123.07540830266704,"extensive, wide, broad"
崖,yá,482,4233,856,3796,1887,166.73037242791594,225.54848964834736,239.87017867245868,229.96246086973062,211.1302686064843,"cliff, precipice"
铜,tóng,481,2874,733,3085,2466,166.38445879217335,153.13639481439884,205.40285159686005,186.88993461093756,275.91268806761536,"copper, brass, bronze"
网,wǎng,481,2442,521,2223,1548,166.38445879217335,130.11798056254767,145.99575127143805,134.66979729015048,173.2006655022987,net
酬,chóu,481,3872,497,3385,1494,166.38445879217335,206.313194405481,139.27041915912613,205.0639963235085,167.15878182198597,toast
蓉,róng,480,1743,928,4882,1761,166.03854515643079,92.87290750226067,260.04617500939446,295.7525642692373,197.0325400190879,hibiscus
篱,lí,480,5164,682,3756,2275,166.03854515643079,275.15530369573963,191.11152085819722,227.53925264138783,254.54232171687954,bamboo or wooden fence
宣,xuān,480,3313,654,2934,1156,166.03854515643079,176.52779263051616,183.26530006049995,177.74232354894355,129.341065452621,"declare, announce, proclaim"
亡,wáng,479,4082,746,2629,2325,165.69263152068822,217.50270133346422,209.04573982436236,159.26536080782978,260.1366584579099,"death, destroyed"
踪,zōng,479,2963,594,4250,2337,165.69263152068822,157.8786144172108,166.45196977972014,257.4658742614213,261.47929927575717,"footprints, traces, tracks"
徵,zhēng,478,919,395,2123,1067,165.34671788494566,48.9674136515075,110.68775768180045,128.61177671929352,119.38314605358704,"summon, recruit"
记,jì,477,8429,1224,4888,7055,165.0008042492031,449.12549474271674,342.9919377279082,296.11604550348875,789.3609141593782,record
体,tǐ,476,3633,637,1847,1228,164.65489061346054,193.5784698541096,178.50152314761235,111.89163994372826,137.39691035970466,body
炎,yán,476,3723,641,3746,1475,164.65489061346054,198.37397282324528,179.6224118329977,226.93345058430214,165.03293386039445,"flame, blaze"
益,yì,476,3533,529,2631,1513,164.65489061346054,188.25013322173663,148.23752864220867,159.3865212192469,169.2846297835775,"profit, benefit"
履,lǚ,475,3347,484,3323,1173,164.30897697771798,178.33942708552294,135.62753093162385,201.30802356957716,131.2431399445713,"footwear, shoes"
压,yā,475,4165,695,2229,2190,164.30897697771798,221.92522073833373,194.7544090856995,135.0332785244019,245.03194925712802,press
界,jiè,475,3835,667,2320,1906,164.30897697771798,204.341709851503,186.90818828800224,140.5460772438817,213.25611656807578,"boundary, limit"
巫,wū,475,1198,278,1366,714,164.30897697771798,63.833472855828056,77.9017636342798,82.75256099790622,79.88712866191297,"wizard, sorcerer, witch, shaman"
竿,gān,474,2634,525,2759,1179,163.96306334197538,140.34838689670374,147.11663995682338,167.14078754994384,131.91446035349495,bamboo pole
左,zuǒ,474,3142,584,3046,1697,163.96306334197538,167.41633698915837,163.64974806625685,184.52730658830333,189.87178899056906,left
荐,jiàn,473,4108,631,2810,981,163.61714970623282,218.88806885788117,176.82019011953437,170.23037804108088,109.76088685901489,"repeat, reoccur"
芜,wú,473,1897,466,2148,1681,163.61714970623282,101.07854591611503,130.5835318473899,130.12628186200774,188.08160123343936,luxurious growth of weeds
托,tuō,471,2584,741,4158,2465,162.92532243474773,137.68421858051727,207.6446289676307,251.89249533623283,275.80080133279483,to hold up with palm
芝,zhī,471,2950,903,3357,947,162.92532243474773,157.1859306550023,253.04062072573618,203.36775056366852,105.95673787511427,sesame
刘,liú,471,3337,669,2439,1631,162.92532243474773,177.80659342228566,187.4686326306949,147.7551217232015,182.48726449240905,surname
堕,duò,468,4903,825,3016,2122,161.88758152752004,261.24834508524617,231.18329136072242,182.70990041704627,237.42365128932678,"fall, sink, let fall"
违,wéi,467,2604,599,3767,1143,161.54166789177745,138.74988590699186,167.8530806364518,228.20563490418212,127.88653789995311,"disobey, violate, defy"
犬,quǎn,467,2481,488,2434,1207,161.54166789177745,132.19603184917312,136.74841961700915,147.45222069465868,135.04728892847191,dog
阻,zǔ,466,1882,442,2009,1309,161.1957542560349,100.27929542125909,123.85819973507797,121.70563326851655,146.45973588017378,"impede, hinder, obstruct"
返,fǎn,466,2551,777,3377,1594,161.1957542560349,135.92586749183417,217.73262713609859,204.57935467783992,178.3474553040466,"return, revert to, restore"
綵,cǎi,466,1908,464,2396,316,161.1957542560349,101.66466294567607,130.02308750469723,145.150172877733,35.356208203311624,varicolored silk
衡,héng,466,2715,543,3307,1103,161.1957542560349,144.66433956892584,152.1606390410573,200.33874027824004,123.41106850712887,"measure, weigh, judge, consider"
振,zhèn,465,2501,671,3534,1059,160.84984062029233,133.26169917564772,188.0290769733876,214.09044697408535,118.48805217502218,"raise, excite, arouse action"
己,jǐ,465,2706,474,2439,1135,160.84984062029233,144.18478927201227,132.82530921816053,147.7551217232015,126.99144402138828,"self, oneself"
羊,yáng,465,4099,976,4613,2170,160.84984062029233,218.4085185609676,273.4968392340183,279.4564889336321,242.79421456071591,"sheep, goat"
换,huàn,465,3252,599,2209,2877,160.84984062029233,173.27750728476863,167.8530806364518,133.8216744102305,321.89813607888465,change
染,rǎn,465,3186,800,2586,2028,160.84984062029233,169.7608051074025,224.17773707706417,156.66041196236128,226.90629821618978,dye
肃,sù,465,2214,468,2874,1026,160.84984062029233,117.96937304073732,131.14397619008253,174.10751120642936,114.79578992594217,pay respects
座,zuò,464,2439,480,3305,1406,160.50392698454976,129.95813046357648,134.5066422462385,200.2175798668229,157.3127491577726,seat
姿,zī,464,3685,637,3200,1789,160.50392698454976,196.34920490294357,178.50152314761235,193.8566582674231,200.16536859406486,"one's manner, carriage, bearing"
请,qǐng,464,3157,391,2216,1166,160.50392698454976,168.21558748401432,109.56686899641512,134.24573585019047,130.45993280082706,"ask, request"
曹,cáo,464,4175,626,3223,1285,160.50392698454976,222.45805440157105,175.4190792628027,195.25000299872016,143.77445424447924,ministry officials
雅,yǎ,463,4160,708,3771,2130,160.1580133488072,221.6588039067151,198.3972973132018,228.4479557270164,238.31874516789165,"elegant, graceful, refined"
贞,zhēn,461,862,458,2253,950,159.46618607732208,45.93026177105491,128.34175447661926,136.48720346140755,106.29239807957609,"virtuous, chaste, pure"
晖,huī,460,2401,555,2715,1261,159.12027244157952,127.93336254327475,155.52330509721327,164.47525849876678,141.08917260878465,sunshine
吐,tǔ,460,3892,718,3387,1758,159.12027244157952,207.37886173195557,201.1995190266651,205.1851567349256,196.69687981462604,"vomit, spew out, cough up"
赐,cì,460,3055,740,3451,872,159.12027244157952,162.78068411899392,207.36440679628438,209.06228990027407,97.56523276356879,"give, bestow favors"
茶,chá,458,4960,961,3377,2748,158.42844517009436,264.2854969656988,269.29350666382334,204.57935467783992,307.4647472870264,tea
籍,jí,457,2510,438,2091,921,158.0825315343518,133.7412494725613,122.73731104969264,126.67321013661926,103.0476827697785,"record, register, list"
宠,chǒng,456,1478,288,2242,413,157.73661789860924,78.75281542647234,80.7039853477431,135.8208211986133,46.20922148091044,"favorite, concubine"
鹭,lù,455,3244,450,2401,1218,157.3907042628667,172.8512403541788,126.09997710584861,145.45307390627588,136.2780430114986,"heron, egret"
泊,pō,454,2447,470,2340,1742,157.04479062712414,130.3843973941663,131.7044205327752,141.75768135805313,194.90669205749637,anchor vessel
砌,qì,453,1368,181,1217,817,156.69887699138158,72.89164513086207,50.72021301368577,73.72611034732934,91.41146234843542,"to build, pile up"
灰,huī,453,2685,525,1914,2008,156.69887699138158,143.06583857921396,147.11663995682338,115.95051372620243,224.66856351977765,ashes
觅,mì,452,4130,762,2930,2262,156.352963355639,220.0603029170032,213.52929456590363,177.50000272610924,253.0877941642117,seek
蛾,é,451,1116,390,1676,1354,156.00704971989643,59.46423681728223,109.28664682506879,101.53242476756284,151.49463894710107,moth
绵,mián,451,2582,658,2142,2093,156.00704971989643,137.57765184786982,184.3861887458853,129.76280062775632,234.1789359795292,cotton wad
掌,zhǎng,450,2266,465,2498,1074,155.66113608415387,120.74010808957125,130.30330967604357,151.32935386000716,120.16635319733128,"palm of hand, sole of foot, paw"
栽,zāi,450,3010,511,2360,940,155.66113608415387,160.38293263442608,143.19352955797473,142.96928547222453,105.17353073137002,"to cultivate, plant"
侧,cè,449,2618,532,2601,2124,155.3152224484113,139.49585303552408,149.0781951562477,157.56911504798984,237.647424758968,side
饶,ráo,448,2690,271,2199,968,154.96930881266874,143.3322554108326,75.94020843485549,133.21587235314482,108.30635930634699,"bountiful, abundant, plentiful"
占,zhàn,448,4469,495,2659,1565,154.96930881266874,238.12336410074755,138.70997481643346,161.08276697908687,175.10273999424902,divine
位,wèi,448,2027,260,1133,618,154.96930881266874,108.0053835381999,72.85776455004586,68.63737306780949,69.14600211913476,throne
妨,fáng,448,6302,447,3280,1294,154.96930881266874,335.7917745721439,125.25931059180961,198.70307472410866,144.7814348578647,"interfere with, impede, obstruct"
挥,huī,447,4000,814,4423,2015,154.62339517692618,213.13346529491838,228.10084747591281,267.94624984900383,225.4517706635219,direct
鸥,ōu,447,4845,1028,4561,2707,154.62339517692618,258.1579098384699,288.0683921440275,276.30631823678647,302.87739115938155,"seagull, tern"
箭,jiàn,447,1645,360,1183,893,154.62339517692618,87.65113760253517,100.87998168467888,71.66638335323798,99.9148541948015,arrow
岐,qí,447,1110,230,2288,324,154.62339517692618,59.144536619339846,64.45109940965595,138.6075106612075,36.251302081876474,high
凡,fán,446,3209,546,1591,878,154.27748154118362,170.98632253284825,153.0013055550963,96.38310728233441,98.23655317249242,"all, any, every"
聚,jù,446,3899,785,3126,2403,154.27748154118362,207.7518452962217,219.97440450686923,189.37372304498894,268.8638237739172,"assemble, meet together, collect"
弓,gōng,446,1994,587,2399,1405,154.27748154118362,106.24703244951681,164.49041458029583,145.33191349485872,157.200862422952,bow
符,fú,445,3040,470,2473,953,153.93156790544106,161.98143362413796,131.7044205327752,149.8148487172929,106.62805828403789,"i.d. tag, tally, symbol, charm"
旦,dàn,444,2489,487,2127,906,153.58565426969847,132.62229877976296,136.4681974456628,128.85409754212776,101.3693817474694,dawn
啸,xiào,444,2862,759,3676,1767,153.58565426969847,152.4969944185141,212.68862805186464,222.69283618470226,197.70386042801152,"roar, howl, scream"
施,shī,444,3400,502,2137,1189,153.58565426969847,181.1634455006806,140.67153001585777,129.45989959921346,133.033327701701,"grant, bestow"
妻,qī,443,1741,541,1842,1065,153.2397406339559,92.76634076961322,151.60019469836467,111.58873891518542,119.15937258394582,wife
朔,shuò,442,1827,511,3268,1126,152.89382699821334,97.34871027345396,143.19352955797473,197.9761122556058,125.9844634080028,first day of lunar month
运,yùn,442,2817,859,2817,1221,152.89382699821334,150.09924293394627,240.71084518649766,170.65443948104087,136.6137032159604,"luck, fortune"
束,shù,442,3015,515,2074,1339,152.89382699821334,160.64934946604473,144.31441824336008,125.6433466395736,149.81633792479198,"bind, control, restrain"
戏,xì,442,4462,631,2582,1846,152.89382699821334,237.75038053648146,176.82019011953437,156.41809113952698,206.5429124788394,"theatrical play, show"
鸯,yāng,441,954,376,1650,1446,152.54791336247078,50.832331472838035,105.36353642622016,99.95733941914003,161.78821855059687,female mandarin duck (Aix galericulata)
翰,hàn,441,2808,636,2905,894,152.54791336247078,149.6196926370327,178.221300976266,175.98549758339502,100.02674092962212,"writing brush, pen, pencil"
翩,piān,440,3470,806,5837,1456,152.20199972672822,184.89328114334168,225.85907010514217,353.6066607209214,162.9070858988029,"fly, flutter"
愚,yú,440,2707,447,1602,801,152.20199972672822,144.238072638336,125.25931059180961,97.04948954512868,89.62127459130573,"stupid, doltish, foolish"
渭,wèi,440,1555,299,1336,453,152.20199972672822,82.85563463339952,83.78642923255273,80.93515482664914,50.6846908737347,name of a river in Shanxi
视,shì,439,4421,847,3294,2067,151.85608609098568,235.56576251720853,237.34817913034172,199.55119760402863,231.26988087419346,"look at, inspect, observe, see"
巷,xiàng,438,2799,511,2105,1483,151.51017245524312,149.14014234011913,143.19352955797473,127.52133301653924,165.9280277389593,"alley, lane"
娥,é,437,2040,567,1976,1525,151.16425881950053,108.69806730040837,158.8859711533692,119.70648648013375,170.62727060142478,be beautiful
右,yòu,437,2434,468,1959,1062,151.16425881950053,129.69171363195784,131.14397619008253,118.67662298308807,118.823712379484,right
忠,zhōng,437,4402,815,3777,2052,151.16425881950053,234.55337855705767,228.38106964725915,228.81143696126782,229.59157985188435,"loyalty, devotion, fidelity"
貌,mào,436,1593,377,1405,843,150.81834518375797,84.88040255370124,105.6437585975665,85.11518902054044,94.3205174537712,"countenance, appearance"
霭,ǎi,436,2252,422,2332,967,150.81834518375797,119.99414096103904,118.25375630815135,141.27303971238456,108.19447257152639,"cloudy sky, haze"
肉,ròu,436,3157,706,2465,1499,150.81834518375797,168.21558748401432,197.83685297050914,149.33020707162433,167.718215496089,flesh
激,jī,435,1960,469,2111,1051,150.4724315480154,104.43539799451,131.42419836142886,127.88481425079067,117.59295829645733,"arouse, excite, incite"
民,mín,435,10832,1862,6465,4077,150.4724315480154,577.1654240186389,521.773683046867,391.6510299059032,456.16221786361234,"people, subjects, citizens"
织,zhī,435,1940,562,1948,1529,150.4724315480154,103.36973066803542,157.48486029663758,118.0102407202938,171.0748175407072,"weave, knit"
态,tài,434,2701,452,2488,1400,150.12651791227285,143.91837244039365,126.66042144854126,150.72355180292146,156.64142874884897,"manner, bearing, attitude"
竞,jìng,434,3243,494,2665,1447,150.12651791227285,172.79795698785506,138.42975264508712,161.4462482133383,161.90010528541745,"contend, vie, compete"
踏,tà,434,4319,810,3324,2094,150.12651791227285,230.1308591521881,226.9799587905275,201.36860377528575,234.29082271434982,"step on, trample, tread on, walk"
丰,fēng,434,5661,776,3431,1848,150.12651791227285,301.63713675863323,217.45240496475225,207.8506857861027,206.7666859484806,"abundant, lush, bountiful, plenty"
悟,wù,433,3199,1030,1966,1040,149.78060427653028,170.45348886961096,288.62883648672016,119.10068442304805,116.36220421343067,"to apprehend, realize, become aware"
焉,yān,432,2776,724,3030,1297,149.43469064078772,147.91462491467337,202.8808520547431,183.5580232969662,145.1170950623265,"thereupon, then"
伯,bó,431,3981,641,3269,1368,149.08877700504516,212.12108133476752,179.6224118329977,198.03669246131437,153.06105323458956,older brother
社,shè,431,4866,695,4468,1965,149.08877700504516,259.2768605312682,194.7544090856995,270.6723591058895,219.8574339224916,god of the soil and altars to him
潇,xiāo,429,2601,781,3079,2096,148.39694973356,138.59003580802067,218.8535158214839,186.52645337668613,234.51459618399102,sound of beating wind and rain
农,nóng,429,4166,671,2794,1563,148.39694973356,221.9785041046575,188.0290769733876,169.2610947497438,174.8789665246078,"agriculture, farming"
置,zhì,429,3534,543,2177,1535,148.39694973356,188.30341658806037,152.1606390410573,131.88310782755627,171.74613794963082,"place, lay out"
齿,chǐ,429,3530,463,2047,1531,148.39694973356,188.09028312276547,129.7428653333509,124.0076810854422,171.2985910103484,teeth
鲁,lǔ,428,2776,555,2501,1055,148.05103609781744,147.91462491467337,155.52330509721327,151.51109447713284,118.04050523573976,"foolish, stupid, rash"
宛,wǎn,428,1659,406,2912,1564,148.05103609781744,88.39710473106739,113.77020156661007,176.409559023355,174.99085325942843,"seem, as if, crooked"
律,lǜ,428,2331,284,1206,656,148.05103609781744,124.2035269006137,79.58309666235778,73.05972808453508,73.3976980423178,"statute, principle, regulation"
磬,qìng,427,1041,199,1456,676,147.70512246207488,55.467984343002506,55.76421209791972,88.2047795116775,75.63543273872993,musical instrument
团,tuán,426,4462,921,3162,2561,147.35920882633232,237.75038053648146,258.0846198099701,191.55461045049742,286.541927875573,"sphere, ball, circle"
藤,téng,424,2721,480,2460,1241,146.6673815548472,144.98403976686822,134.5066422462385,149.0273060430815,138.85143791237255,"rattan, cane"
蛇,shé,423,2973,661,2045,1249,146.32146791910463,158.41144808044808,185.22685525992426,123.88652067402505,139.7465317909374,snake
裴,péi,423,607,69,376,188,146.32146791910463,32.343003358503864,19.335329822896785,22.778157346422212,21.034706146274004,surname
慵,yōng,422,1889,226,1084,1364,145.97555428336207,100.6522789855252,63.33021072427063,65.66894298808957,152.61350629530713,"indolent, easy-going, lazy"
魄,pò,422,1566,370,1706,1179,145.97555428336207,83.44175166296054,103.68220339814219,103.34983093881992,131.91446035349495,vigor
贪,tān,422,3105,532,1587,898,145.97555428336207,165.4448524351804,149.0781951562477,96.14078645950013,100.47428786890455,"be greedy, covet"
铁,tiě,421,4608,1284,4207,3006,145.6296406476195,245.52975201974598,359.80526800868796,254.86092541595278,336.33152487074284,iron
触,chù,421,2887,369,1549,1528,145.6296406476195,153.82907857660734,103.40198122679585,93.83873864257448,170.96293080588657,"butt, ram, gore"
坠,zhuì,420,1866,370,1742,1901,145.28372701187695,99.42676156007943,103.68220339814219,105.53071834432843,212.69668289397276,"fall down, drop, sink, go to ruin"
偷,tōu,420,2086,261,1095,1715,145.28372701187695,111.14910215129993,73.1379867213922,66.33532525088384,191.88575021734,"to steal, burglar, thief"
豪,háo,420,4453,923,3969,2221,145.28372701187695,237.27083023956789,258.64506415266277,240.44283645731318,248.50043803656683,"brave, heroic, chivalrous"
尾,wěi,420,3599,666,2089,2045,145.28372701187695,191.7668353991028,186.62796611665595,126.55204972520214,228.8083727081401,"tail, extremity"
觞,shāng,420,4905,782,4624,1734,145.28372701187695,261.35491181789365,219.13373799283025,280.12287119642633,194.0115981789315,wine vessel
建,jiàn,419,2296,452,2380,1050,144.9378133761344,122.33860907928315,126.66042144854126,144.18088958639592,117.48107156163672,"build, establish, erect, found"
假,jiǎ,419,2312,406,1461,847,144.9378133761344,123.19114294046283,113.77020156661007,88.50768054022035,94.76806439305362,"falsehood, deception"
废,fèi,418,3391,580,2160,1534,144.59189974039182,180.68389520376704,162.52885938087152,130.8532443305106,171.63425121481023,"abrogate, terminate, discard"
谋,móu,418,4741,663,2756,1817,144.59189974039182,252.61643974080198,185.78729960261694,166.95904693281813,203.29819716904183,"plan, scheme"
敛,liǎn,418,2256,356,1429,1012,144.59189974039182,120.20727442633397,99.75909299929356,86.56911395754612,113.22937563845367,"draw back, fold back"
宦,huàn,417,2852,384,3283,1159,144.24598610464926,151.9641607552768,107.6053137969908,198.88481534123437,129.67672565708284,"officialdom, government official"
猎,liè,417,1543,373,1879,837,144.24598610464926,82.21623423751475,104.52286991218118,113.83020652640249,93.64919704484755,hunt
谈,tán,416,7902,1278,5758,2642,143.9000724689067,421.04516069011123,358.12393498061004,348.8208244699444,295.6047533960421,talk
滞,zhì,416,1823,259,1905,782,143.9000724689067,97.13557680815904,72.57754237869952,115.40529187482531,87.49542662971422,"block up, obstruct"
等,děng,416,4894,598,2121,2153,143.9000724689067,260.7687947883326,167.57285846510547,128.49061630787637,240.8921400687656,"rank, grade"
资,zī,416,2369,347,1490,912,143.9000724689067,126.22829482091541,97.23709345717658,90.26450650576888,102.04070215639304,property
蕊,ruǐ,415,3158,491,1825,1091,143.55415883316414,168.26887085033806,137.58908613104816,110.55887541813972,122.06842768928158,"unopened flowers, flower buds"
咸,xián,415,1596,343,1714,799,143.55415883316414,85.04025265267242,96.11620477179126,103.8344725844885,89.39750112166452,together
毫,háo,415,4090,596,2962,1364,143.55415883316414,217.92896826405402,167.01241412241282,179.43856930878349,152.61350629530713,fine hair
濛,méng,414,1984,399,1869,2045,143.20824519742155,105.71419878627951,111.80864636718576,113.2244044693168,228.8083727081401,"drizzling, misty, raining"
禄,lù,414,2674,451,1985,528,143.20824519742155,142.47972154965294,126.38019927719495,120.25170833151087,59.07619598528019,"blessing, happiness, prosperity"
樽,zūn,414,6093,575,3775,1607,143.20824519742155,324.6555510104844,161.1277485241399,228.69027654985067,179.8019828567145,goblet
龟,guī,413,3609,436,1214,576,142.86233156167899,192.2996690623401,122.17686670699997,73.54436973020363,64.4467592566693,turtle or tortoise
欺,qī,413,2630,304,1341,826,142.86233156167899,140.13525343140884,85.1875400892844,81.23805585519199,92.41844296182089,"cheat, double-cross, deceive"
嘶,sī,413,940,284,1243,728,142.86233156167899,50.08636434430582,79.58309666235778,75.30119569575216,81.45354294940145,neighing of a horse
启,qǐ,413,1729,405,2325,1106,142.86233156167899,92.12694037372846,113.48997939526375,140.84897827242457,123.74672871159068,open
惠,huì,412,2584,315,2099,771,142.51641792593642,137.68421858051727,88.26998397409402,127.15785178228782,86.26467254668755,"favor, benefit, confer kindness"
唐,táng,412,4001,824,3131,2301,142.51641792593642,213.1867486612421,230.90306918937608,189.67662407353177,257.4513768222153,Tang dynasty
莱,lái,412,3223,1116,4386,1609,142.51641792593642,171.7322896613805,312.72794322250456,265.7047822377868,180.02575632635572,"goosefoot, weed"
量,liàng,411,3782,426,1640,2372,142.17050429019386,201.5176914363453,119.37464499353668,99.35153736205433,265.3953349944784,"measure, quantity, capacity"
峨,é,408,2572,629,2787,1316,141.13276338296617,137.04481818463253,176.2597457768417,168.8370333097838,147.24294302391803,lofty
提,tí,408,3186,434,2295,1295,141.13276338296617,169.7608051074025,121.61642236430731,139.03157210116748,144.89332159268528,hold in hand
氏,shì,407,2561,520,2879,1180,140.78684974722358,136.45870115507148,145.71552910009171,174.4104122349722,132.02634708831556,"clan, family"
彻,chè,407,3490,656,2249,1344,140.78684974722358,185.95894846981628,183.82574440319263,136.24488263857327,150.375771598895,"penetrate, pervade"
浑,hún,407,5427,1056,4233,2776,140.78684974722358,289.16882903888046,295.9146129417247,256.43601076437557,310.5975758620034,"muddy, turbid"
萦,yíng,404,2306,491,1856,1356,139.74910883999593,122.87144274252044,137.58908613104816,112.43686179510539,151.7184124167423,"entangle, entwine, coil"
虑,lǜ,404,2490,595,1768,878,139.74910883999593,132.6755821460867,166.73219195106648,107.10580369275125,98.23655317249242,"be concerned, worry about"
坤,kūn,403,4321,1034,4925,1494,139.40319520425336,230.23742588483557,289.74972517210546,298.35751311470585,167.15878182198597,earth
讵,jù,402,1602,351,2221,1090,139.0572815685108,85.3599528506148,98.35798214256191,134.54863687873333,121.95654095446098,an interjection used express surprise
誇,kuā,401,3122,485,3056,729,138.71136793276824,166.3506696626838,135.90775310297016,185.13310864538906,81.56542968422207,exaggerate
潺,chán,401,1485,250,1408,643,138.71136793276824,79.12579899073845,70.05554283658256,85.29692963766615,71.94317048964992,sound of flowing water
舒,shū,401,2986,532,2655,1106,138.71136793276824,159.10413184265656,149.0781951562477,160.84044615625257,123.74672871159068,"open up, unfold, stretch out"
约,yuē,400,6002,924,4205,4028,138.36545429702568,319.806764675025,258.9252863240091,254.73976500453566,450.6797678574026,"treaty, agreement, covenant"
稍,shāo,400,2747,474,1609,786,138.36545429702568,146.36940729128517,132.82530921816053,97.47355098508866,87.94297356899663,"little, slightly"
闺,guī,397,1046,261,1841,1543,137.32771338979796,55.734401174621155,73.1379867213922,111.52815870947684,172.64123182819569,small entrance
冻,dòng,396,2945,558,2027,1469,136.9817997540554,156.91951382338365,156.36397161125228,122.7960769712708,164.3616134514708,freeze
霏,fēi,394,2389,558,2314,1072,136.28997248257028,127.29396214739,156.36397161125228,140.1825960096303,119.94257972769006,falling of snow and rain
弱,ruò,394,1868,505,2244,1543,136.28997248257028,99.53332829272688,141.51219652989676,135.94198161003044,172.64123182819569,weak
润,rùn,393,3367,544,1994,1093,135.94405884682772,179.40509441199754,152.44086121240363,120.796930182888,122.2922011589228,"soft, moist"
蛮,mán,393,2121,477,2247,2142,135.94405884682772,113.01401997263046,133.6659757321995,136.12372222715615,239.66138598573892,barbarians
陆,lù,392,2594,495,3088,1243,135.59814521108513,138.21705224375455,138.70997481643346,187.07167522806327,139.07521138201375,"land, continental"
役,yì,391,2363,479,1936,830,135.25223157534256,125.90859462297303,134.22642007489216,117.28327825179096,92.86598990110332,service
渺,miǎo,390,4554,991,4789,2923,134.9063179396,242.65245023826455,277.70017180421326,290.11860513834034,327.0449258806325,"endlessly long, boundless, vast"
纱,shā,390,1876,417,2022,2239,134.9063179396,99.95959522331671,116.8526454514197,122.49317594272796,250.51439926333774,"gauze, thin silk"
融,róng,389,3001,485,2039,1098,134.56040430385747,159.9033823375125,135.90775310297016,123.52303943977364,122.85163483302583,"melt, fuse"
刺,cì,389,1899,312,1577,988,134.56040430385747,101.1851126487625,87.42931746005503,95.53498440241444,110.54409400275912,stab
兔,tù,388,2467,624,2041,684,134.2144906681149,131.4500647206409,174.85863492011006,123.64419985119078,76.53052661729478,"rabbit, hare"
氛,fēn,388,1261,355,1729,686,134.2144906681149,67.19032493422301,99.47887082794723,104.74317567011703,76.75430008693598,"gas, vapor, air"
趣,qù,388,4058,824,2439,1170,134.2144906681149,216.2239005416947,230.90306918937608,147.7551217232015,130.9074797401095,what attracts one's attention
保,bǎo,387,2135,496,2169,1017,133.86857703237234,113.75998710116268,138.9901969877798,131.3984661818877,113.78880931255671,"protect, safeguard, defend, care"
穴,xué,387,2479,534,1897,1028,133.86857703237234,132.08946511652567,149.63863949894034,114.92065022915675,115.01956339558338,"cave, den, hole"
予,yǔ,386,4559,744,4682,1270,133.52266339662978,242.91886706988322,208.48529548166968,283.6365231275234,142.09615322217013,"I, me"
飒,sà,386,1131,314,1953,1172,133.52266339662978,60.26348731213817,87.9897618027477,118.31314174883664,131.1312532097507,the sound of the wind
裘,qiú,385,3183,641,3322,1341,133.17674976088722,169.6009550084313,179.6224118329977,201.2474433638686,150.04011139443318,fur garments
巡,xún,385,1274,303,1561,830,133.17674976088722,67.8830086964315,84.90731791793806,94.56570111107732,92.86598990110332,"patrol, go on circuit, cruise"
嵩,sōng,385,1174,159,1022,254,133.17674976088722,62.554672064058536,44.5553252440665,61.912970234158244,28.419230644434027,"high, lofty"
皎,jiǎo,384,1945,378,2100,849,132.83083612514463,103.63614749965406,105.92398076891283,127.21843198799638,94.99183786269484,white
排,pái,384,3000,407,1794,1784,132.83083612514463,159.85009897118877,114.05042373795641,108.68088904117407,199.6059349199618,"row, rank, line"
误,wù,384,3706,510,2204,2836,132.83083612514463,197.46815559574188,142.91330738662842,133.51877338168762,317.3107799512398,"err, make mistake"
饭,fàn,383,5267,724,2596,1392,132.48492248940207,280.6434904270838,202.8808520547431,157.26621401944698,155.74633487028413,cooked rice
梨,lí,383,1949,479,1592,1507,132.48492248940207,103.84928096494897,134.22642007489216,96.44368748804298,168.61330937465385,pear
埋,mái,382,2539,403,1598,1430,132.1390088536595,135.28646709594943,112.92953505257108,96.8071687222944,159.99803079346714,"bury, secrete, conceal"
瞻,zhān,382,2718,625,4036,995,132.1390088536595,144.82418966789703,175.13885709145637,244.50171023978734,111.32730114650337,look
丁,dīng,382,2883,501,1862,1764,132.1390088536595,153.6159451113124,140.39130784451143,112.80034302935681,197.3682002235497,male adult
森,sēn,382,3286,650,3037,1510,132.1390088536595,175.08914173977544,182.14441137511463,183.9820847369262,168.94896957911567,forest
簟,diàn,381,1170,157,898,752,131.79309521791694,62.34153859876363,43.99488090137385,54.401024726295596,84.13882458509602,bamboo mat
徐,xú,380,2960,431,2589,1427,131.44718158217438,157.71876431823958,120.77575585026833,156.842152579487,159.66237058900535,"slowly, quietly, calmly"
值,zhí,379,1684,300,1778,1154,131.10126794643182,89.72918888916062,84.06665140389907,107.71160574983695,129.11729198297976,price
防,fáng,377,1700,279,1362,1251,130.40944067494667,90.5817227503403,78.18198580562614,82.51024017507196,139.9703052605786,defend
敌,dí,377,2684,346,1580,981,130.40944067494667,143.01255521289025,96.95687128583025,95.71672501954015,109.76088685901489,"enemy, foe, rival"
屡,lǚ,377,3798,563,2553,1114,130.40944067494667,202.370225297525,157.76508246798392,154.66126517397848,124.64182259015554,"frequently, often, again and again"
谒,yè,376,1253,268,1410,334,130.0635270392041,66.76405800363317,75.09954192081649,85.41809004908329,37.370169430082534,"visit, pay respects"
鹊,què,376,2417,412,2230,1174,130.0635270392041,128.78589640445443,115.45153459468804,135.09385873011047,131.35502667939193,magpie
工,gōng,376,6117,793,3672,2530,130.0635270392041,325.93435180225396,222.21618187763985,222.45051536186799,283.07343909613417,"labor, work"
默,mò,376,2863,482,1552,744,130.0635270392041,152.55027778483782,135.06708658893118,94.02047925970018,83.24373070653115,silent
凋,diāo,375,1718,359,1683,910,129.71761340346154,91.54082334416744,100.59975951333254,101.95648620752281,101.81692868675182,"be withered, fallen"
遮,zhē,375,2790,415,1642,1698,129.71761340346154,148.66059204320555,116.29220110872704,99.47269777347147,189.98367572538967,"cover, shield, protect"
餐,cān,375,2601,558,3027,1341,129.71761340346154,138.59003580802067,156.36397161125228,183.3762826798405,150.04011139443318,"eat, dine"
惨,cǎn,375,2350,641,1872,1280,129.71761340346154,125.21591086076455,179.6224118329977,113.40614508644249,143.2150205703762,"sad, pitiful, wretched"
福,fú,374,3752,483,1855,1774,129.37169976771898,199.91919044663342,135.3473087602775,112.37628158939681,198.48706757175577,"happiness, good fortune, blessing"
蹄,tí,373,1844,460,2075,1005,129.02578613197645,98.25452750095737,128.9021988193119,125.70392684528215,112.44616849470944,hoof
缨,yīng,373,1723,348,2374,595,129.02578613197645,91.80724017578609,97.51731562852292,143.8174083521445,66.57260721826081,a chin strap
私,sī,373,2392,425,2038,1274,129.02578613197645,127.45381224636118,119.09442282219034,123.46245923406508,142.54370016145253,"private, personal"
巧,qiǎo,373,4710,531,2219,1338,129.02578613197645,250.96465538476636,148.79797298490135,134.42747646731618,149.70445118997137,"skillful, ingenious, clever"
棋,qí,373,2426,357,1940,1046,129.02578613197645,129.265446701368,100.0393151706399,117.52559907462525,117.03352462235429,chess
则,zé,372,3776,500,1878,1054,128.67987249623388,201.19799123840295,140.11108567316512,113.76962632069392,117.92861850091916,"rule, law, regulation"
钗,chāi,372,1324,270,1050,2004,128.67987249623388,70.54717701261798,75.65998626350917,63.60921599399819,224.22101658049522,ornamental hairpin
洁,jié,371,2137,367,1338,824,128.33395886049132,113.86655383381013,102.84153688410319,81.05631523806628,92.19466949217967,"clean, purify, pure"
昆,kūn,371,1794,569,2236,1030,128.33395886049132,95.59035918477089,159.4464154960619,135.4573399643619,115.24333686522459,elder brother
蘋,píng,369,1442,256,1513,794,127.64213158900618,76.83461423881806,71.73687586466053,91.65785123706598,88.83806744756149,apple
仗,zhàng,369,1661,422,2177,1075,127.64213158900618,88.50367146371487,118.25375630815135,131.88310782755627,120.27823993215188,rely upon
斑,bān,369,2823,541,2379,1677,127.64213158900618,150.41894313188865,151.60019469836467,144.12030938068736,187.63405429415695,"mottled, striped, freckle"
汀,tīng,368,1642,376,1631,814,127.29621795326361,87.49128750356398,105.36353642622016,98.8063155106772,91.07580214397362,"sandbar, beach, bank, shore"
寝,qǐn,368,1581,198,1233,540,127.29621795326361,84.24100215781648,55.48398992657338,74.69539363866645,60.41883680312746,"sleep, rest"
智,zhì,368,2427,262,1062,579,127.29621795326361,129.31873006769172,73.41820889273852,64.33617846250104,64.7824194611311,"wisdom, knowledge, intelligence"
溟,míng,367,1639,483,2572,893,126.95030431752105,87.3314374045928,135.3473087602775,155.8122890824413,99.9148541948015,drizzling rain
矣,yǐ,367,5300,620,3166,2122,126.95030431752105,282.4018415157668,173.73774623472474,191.79693127333172,237.42365128932678,particle of completed action
芦,lú,366,2360,524,2164,1876,126.60439068177848,125.74874452400185,146.83641778547704,131.09556515334484,209.8995145234576,"rushes, reeds"
质,zhì,365,2096,396,1878,883,126.25847704603592,111.68193581453723,110.96797985314676,113.76962632069392,98.79598684659545,"matter, material, substance"
弥,mí,364,2767,332,1847,1002,125.91256341029334,147.4350746177598,93.03376088698164,111.89163994372826,112.11050829024761,"extensive, full"
庆,qìng,363,3196,345,2063,730,125.56664977455078,170.29363877063977,96.67664911448394,124.9769643767793,81.67731641904267,"congratulate, celebrate"
舆,yú,363,3853,506,2914,1298,125.56664977455078,205.30081044533011,141.7924187012431,176.53071943477212,145.22898179714713,"cart, palanquin, sedan chair"
翔,xiáng,362,2211,532,3102,931,125.22073613880822,117.80952294176613,149.0781951562477,187.91979810798324,104.16655011798457,"soar, glide, hover"
辟,pì,361,2369,498,2597,1390,124.87482250306566,126.22829482091541,139.55064133047244,157.32679422515554,155.5225614006429,"law, rule"
辨,biàn,361,2178,299,1738,1285,124.87482250306566,116.05117185308305,83.78642923255273,105.28839752149416,143.77445424447924,"distinguish, discriminate"
阿,ā,361,4001,908,3873,2402,124.87482250306566,213.1867486612421,254.44173158246784,234.62713670929048,268.75193703909656,prefix for people's names
墨,mò,361,5977,1130,4137,3410,124.87482250306566,318.47468051693176,316.6510536213532,250.62031101635293,381.53376573826785,ink
晋,jìn,361,2210,473,1961,960,124.87482250306566,117.7562395754424,132.5450870468142,118.79778339450522,107.41126542778215,"advance, increase"
崇,chóng,361,2053,590,2564,1009,124.87482250306566,109.39075106261686,165.33108109433485,155.32764743677274,112.89371543399187,"esteem, honor, revere, venerate"
制,zhì,360,2403,658,2513,1371,124.52890886732308,128.0399292759222,184.3861887458853,152.2380569456357,153.39671343905138,system
旆,pèi,359,1085,168,1085,246,124.18299523158052,57.81245246124661,47.07732478618348,65.72952319379813,27.524136765869173,flag ornament
术,shù,359,2163,472,1948,1009,124.18299523158052,115.25192135822711,132.26486487546788,118.0102407202938,112.89371543399187,"art, skill, special feat"
减,jiǎn,357,2505,409,1633,1449,123.4911679600954,133.47483264094262,114.61086808064906,98.92747592209435,162.12387875505868,"decrease, subtract, diminish"
宽,kuān,357,5103,577,2699,1455,123.4911679600954,271.90501834999213,161.68819286683254,163.50597520742966,162.79519916398232,"broad, wide"
酣,hān,356,2373,621,2804,1402,123.14525432435285,126.44142828621032,174.01796840607108,169.86689680682946,156.86520221849017,enjoy intoxicants
泠,líng,356,1756,564,2442,1235,123.14525432435285,93.56559126446916,158.04530463933025,147.93686234032722,138.1801175034489,"nice and cool, mild and comfortable"
男,nán,356,1812,490,1820,1100,123.14525432435285,96.54945977859802,137.30886395970182,110.25597438959687,123.07540830266704,"male, man"
助,zhù,355,2747,263,1206,826,122.79934068861029,146.36940729128517,73.69843106408484,73.05972808453508,92.41844296182089,"help, aid, assist"
鸦,yā,355,3111,667,2331,2789,122.79934068861029,165.76455263312278,186.90818828800224,141.212459506676,312.05210341467125,crow
末,mò,354,2713,323,1779,1158,122.45342705286772,144.5577728362784,90.51176134486467,107.77218595554551,129.5648389222622,"final, last, end"
镇,zhèn,353,1786,388,1867,1609,122.10751341712515,95.16409225418106,108.72620248237612,113.10324405789966,180.02575632635572,"town, market place"
锡,xī,353,1794,410,2000,539,122.10751341712515,95.59035918477089,114.8910902519954,121.16041141713943,60.306950068306854,"tin, stannum"
堆,duī,352,2960,505,1803,1561,121.76159978138259,157.71876431823958,141.51219652989676,109.22611089255119,174.6551930549666,"heap, pile, crowd"
铺,pù,352,1520,225,1013,836,121.76159978138259,80.99071681206898,63.049988552924304,61.367748382781116,93.53731031002695,"shop, store"
牙,yá,352,3021,632,2098,1546,121.76159978138259,160.9690496639871,177.1004122908807,127.09727157657926,172.9768920326575,"tooth, molars, teeth"
欹,yī,349,206,158,1090,1057,120.72385887415489,10.976373462688297,44.27510307272018,66.03242422234099,118.26427870538096,fierce dog
瘦,shòu,349,5157,706,2280,4465,120.72385887415489,274.7823201314735,197.83685297050914,138.12286901553892,499.57427097400756,"thin, emaciated, lean"
藓,xiǎn,349,1305,244,1089,668,120.72385887415489,69.53479305246712,68.37420980850457,65.97184401663242,74.74033886016507,"moss, lichen"
班,bān,348,3715,568,3044,1015,120.37794523841232,197.94770589265545,159.16619332471555,184.4061461768862,113.56503584291549,"class, group, grade"
康,kāng,348,2544,404,2147,913,120.37794523841232,135.5528839275681,113.2097572239174,130.06570165629918,102.15258889121364,"peaceful, quiet"
继,jì,347,3127,464,1860,1000,120.03203160266976,166.6170864943024,130.02308750469723,112.67918261793966,111.8867348206064,"continue, maintain, carry on"
囊,náng,347,4359,631,3308,1799,120.03203160266976,232.2621938051373,176.82019011953437,200.3993204839486,201.2842359422709,"bag, purse, sack"
领,lǐng,346,3098,396,2269,1437,119.6861179669272,165.07186887091427,110.96797985314676,137.4564867527447,160.78123793721142,neck
辇,niǎn,346,1062,254,1502,530,119.6861179669272,56.58693503580083,71.17643152196788,90.99146897427171,59.299969454921396,hand-cart
单,dān,346,1740,270,1729,1271,119.6861179669272,92.7130574032895,75.65998626350917,104.74317567011703,142.20803995699075,"single, individual, only"
滩,tān,345,2209,297,2094,1061,119.34020433118462,117.70295620911867,83.22598488986007,126.85495075374497,118.71182564466339,"bank, a sandbar, shoal"
碎,suì,345,2608,497,1498,2311,119.34020433118462,138.96301937228677,139.27041915912613,90.74914815143742,258.5702441704214,"break, smash"
滨,bīn,343,2117,325,2073,859,118.64837705969951,112.80088650733555,91.07220568755731,125.582766433865,96.1107052109009,"beach, sea coast"
羸,léi,343,1065,161,559,207,118.64837705969951,56.74678513477202,45.115769586759164,33.86433499109047,23.160554107865526,"weak, lean, emaciated, exhausted"
兽,shòu,343,1115,259,879,555,118.64837705969951,59.410953450958495,72.57754237869952,53.25000081783278,62.097137825436555,"beast, animal"
鞍,ān,343,2101,514,1536,701,118.64837705969951,111.94835264615587,144.03419607201374,93.05119596836307,78.43260110924508,saddle
乞,qǐ,342,3737,439,2566,1489,118.30246342395695,199.11993995177747,123.01753322103897,155.4488078481899,166.59934814788295,beg
护,hù,341,3337,743,3336,2415,117.95654978821437,177.80659342228566,208.20507331032334,202.09556624378854,270.2064645917645,"protect, guard, defend, shelter"
赖,lài,341,3855,538,2279,1520,117.95654978821437,205.40737717797757,150.75952818432566,138.06228880983036,170.06783692732174,"rely, depend on"
袍,páo,340,2074,669,3119,824,117.61063615247181,110.50970175541518,187.4686326306949,188.94966160502892,92.19466949217967,"long gown, robe, cloak"
磨,mó,340,4183,618,1917,2175,117.61063615247181,222.88432133216088,173.17730189203206,116.13225434332814,243.35364823481893,grind
柴,chái,340,3017,591,3218,1348,117.61063615247181,160.7559161986922,165.6113032656812,194.94710197017733,150.82331853817743,"firewood, faggots, fuel"
绶,shòu,340,1001,136,861,205,117.61063615247181,53.33664969005332,38.11021530310091,52.15955711507852,22.936780638224313,silk ribbon attached as a seal
坚,jiān,339,2753,595,1786,1231,117.26472251672925,146.68910748922755,166.73219195106648,108.19624739550551,137.73257056416648,"hard, strong, firm"
续,xù,339,2760,302,2244,1695,117.26472251672925,147.06209105349367,84.62709574659172,135.94198161003044,189.64801552092786,"continue, carry on"
击,jī,339,2974,617,3052,1496,117.26472251672925,158.46473144677182,172.89707972068572,184.89078782255476,167.38255529162717,"strike, hit, beat"
麻,má,339,2553,627,2434,1148,117.26472251672925,136.03243422448168,175.69930143414905,147.45222069465868,128.44597157405616,"hemp, jute, flax"
简,jiǎn,338,3210,594,3128,784,116.91880888098667,171.039605899172,166.45196977972014,189.49488345640606,87.71920009935542,"simple, terse, succinct, a letter"
洪,hóng,338,1867,436,2130,951,116.91880888098667,99.48004492640315,122.17686670699997,129.03583815925347,106.4042848143967,"vast, immense"
栏,lán,338,4030,245,2136,2745,116.91880888098667,214.73196628463026,68.65443197985091,129.3993193935049,307.1290870825646,"railing, balustrade"
淹,yān,338,1685,312,2418,732,116.91880888098667,89.78247225548436,87.42931746005503,146.48293740332159,81.90108988868388,drown
麟,lín,337,2488,672,2984,760,116.57289524524411,132.56901541343925,188.30929914473393,180.77133383437203,85.03391846366087,female of Chinese unicorn
衢,qú,337,1482,343,1558,447,116.57289524524411,78.96594889176725,96.11620477179126,94.3839604939516,50.01337046481106,highway
魏,wèi,335,1771,278,1464,691,115.881067973759,94.3648417593251,77.9017636342798,88.68942115734606,77.31373376103903,kingdom of Wei
反,fǎn,335,2763,370,1637,1118,115.881067973759,147.22194115246486,103.68220339814219,99.16979674492862,125.08936952943797,"reverse, opposite, contrary, anti"
吞,tūn,335,2733,454,1789,1012,115.881067973759,145.62344016275298,127.22086579123392,108.37798801263122,113.22937563845367,swallow
蕙,huì,335,1073,222,1110,564,115.881067973759,57.17305206536185,62.209322038885304,67.24402833651239,63.104118438822006,species of fragrant orchid
瓶,píng,335,2439,436,1389,953,115.881067973759,129.95813046357648,122.17686670699997,84.14590572920333,106.62805828403789,"jug, pitcher, vase, jar, bottle"
温,wēn,334,3799,591,2208,2289,115.53515433801643,202.42350866384874,165.6113032656812,133.76109420452192,256.1087360043681,lukewarm
槐,huái,334,2183,303,1574,890,115.53515433801643,116.3175886847017,84.90731791793806,95.35324378528873,99.5791939903397,locust tree
辈,bèi,334,3972,414,2060,1808,115.53515433801643,211.64153103785395,116.01197893738072,124.7952237596536,202.29121655565638,"generation, lifetime"
阵,zhèn,333,2067,376,1872,1590,115.18924070227386,110.13671819114907,105.36353642622016,113.40614508644249,177.89990836476417,"column, row or file of troops"
倦,juàn,333,4847,751,3214,3366,115.18924070227386,258.2644765711173,210.446850681094,194.70478114734306,376.6107494061611,"be tired of, weary"
邀,yāo,333,1872,318,2257,1308,115.18924070227386,99.7464617580218,89.110650488133,136.72952428424185,146.34784914535317,"invite, welcome"
健,jiàn,332,3631,496,1888,1497,114.8433270665313,193.47190312146216,138.9901969877798,114.37542837777963,167.49444202644779,"strong, robust, healthy"
烂,làn,332,3497,782,2677,1336,114.8433270665313,186.33193203408237,219.13373799283025,162.1732106818411,149.48067772033014,"rotten, spoiled, decayed"
超,chāo,332,2802,599,2048,753,114.8433270665313,149.29999243909032,167.8530806364518,124.06826129115076,84.25071131991663,"jump over, leap over"
掷,zhì,332,1297,228,1328,1141,114.8433270665313,69.10852612187728,63.89065506696329,80.45051318098058,127.6627644303119,"throw, hurl, cast, fling"
耀,yào,331,1329,485,1823,664,114.49741343078874,70.81359384423664,135.90775310297016,110.43771500672258,74.29279192088265,"shine, sparkle, dazzle"
执,zhí,331,2091,496,2023,954,114.49741343078874,111.41551898291857,138.9901969877798,122.55375614843652,106.7399450188585,hold in hand
隅,yú,330,1630,297,1601,678,114.15149979504616,86.85188710767923,83.22598488986007,96.98890933942012,75.85920620837115,"corner, nook, remote place"
类,lèi,330,2898,442,1693,976,114.15149979504616,154.41519560616837,123.85819973507797,102.56228826460853,109.20145318491186,"class, group, kind, category"
叟,sǒu,329,2389,371,1618,959,113.8055861593036,127.29396214739,103.9624255694885,98.0187728364658,107.29937869296154,old man
暇,xiá,329,2899,380,1961,719,113.8055861593036,154.46847897249208,106.48442511160549,118.79778339450522,80.446562336016,"leisure, relaxation, spare time"
围,wéi,328,3857,744,2678,2543,113.45967252356104,205.51394391062504,208.48529548166968,162.2337908875497,284.5279666488021,"surround, encircle, corral"
联,lián,327,2688,543,2582,1358,113.11375888781849,143.22568867818515,152.1606390410573,156.41809113952698,151.9421858863835,"connect, join"
祥,xiáng,327,2523,468,1928,535,113.11375888781849,134.43393323476977,131.14397619008253,116.7986366061224,59.85940312902443,"good luck, good omen"
孔,kǒng,327,3404,437,2238,868,113.11375888781849,181.3765789659755,122.4570888783463,135.57850037577902,97.11768582428635,"opening, hole, orifice"
淡,dàn,326,7001,1263,4439,4290,112.76784525207592,373.03684763243086,353.9206024104151,268.9155331403409,479.99409238040147,"weak, watery"
凿,záo,326,2045,439,1699,1004,112.76784525207592,108.96448413202701,123.01753322103897,102.92576949885995,112.33428175988882,chisel
萍,píng,325,1629,382,2262,1485,112.42193161633335,86.7986037413555,107.04486945429815,137.03242531278468,166.15180120860052,duckweed
祠,cí,323,2629,644,2725,1800,111.73010434484821,140.0819700650851,180.46307834703666,165.08106055585247,201.39612267709154,ancestral temple
坟,fén,323,1213,340,1499,804,111.73010434484821,64.632723350684,95.27553825775227,90.809728357146,89.95693479576754,"grave, mound"
岑,cén,323,1742,401,1849,781,111.73010434484821,92.81962413593695,112.36909070987842,112.0128003551454,87.3835398948936,"steep, precipitous"
枫,fēng,323,1598,384,2760,1451,111.73010434484821,85.14681938531989,107.6053137969908,167.20136775565243,162.34765222469989,maple tree
枉,wǎng,322,1936,256,1473,1275,111.38419070910565,103.1565972027405,71.73687586466053,89.2346430087232,142.65558689627318,"useless, in vain"
戴,dài,322,1559,325,1373,713,111.38419070910565,83.06876809869445,91.07220568755731,83.17662243786621,79.77524192709237,wear on top
玩,wán,322,2054,496,1695,681,111.38419070910565,109.44403442894058,138.9901969877798,102.68344867602566,76.19486641283297,"play with, joke, enjoy"
颠,diān,321,3400,728,2170,1568,111.03827707336309,181.1634455006806,204.0017407401284,131.45904638759626,175.43840019871084,"top, peak, summit"
腊,là,321,2808,256,1716,735,111.03827707336309,149.6196926370327,71.73687586466053,103.95563299590563,82.2367500931457,year-end sacrifice
贾,jiǎ,321,1752,420,1800,780,111.03827707336309,93.35245779917425,117.6933119654587,109.04437027542548,87.271653160073,surname
肥,féi,321,3202,643,2588,1366,111.03827707336309,170.61333896858216,180.18285617569032,156.7815723737784,152.83727976494833,"fat, plump, obese"
雏,chú,320,1484,276,1647,898,110.69236343762053,79.0725156244147,77.34131929158714,99.77559880201431,100.47428786890455,"chick, fledging"
苗,miáo,320,1759,397,1328,803,110.69236343762053,93.72544136344035,111.2482020244931,80.45051318098058,89.84504806094694,sprouts
怕,pà,320,3551,464,1507,4196,110.69236343762053,189.20923381556378,130.02308750469723,91.29437000281456,469.4767393072645,"to fear, be afraid of"
加,jiā,320,2762,427,1877,1167,110.69236343762053,147.16865778614113,119.65486716488302,113.70904611498534,130.57181953564768,"add to, increase, augment"
牧,mù,320,2227,526,2128,1216,110.69236343762053,118.66205680294581,147.3968621281697,128.91467774783635,136.05426954185737,"tend cattle, shepherd"
戚,qī,320,974,270,1132,460,110.69236343762053,51.89799879931262,75.65998626350917,68.57679286210092,51.46789801747895,relative
维,wéi,319,3317,596,3473,1392,110.34644980187797,176.74092609581106,167.01241412241282,210.3950544258626,155.74633487028413,"maintain, preserve, safeguard"
饱,bǎo,319,5876,521,2307,1627,110.34644980187797,313.09306051823506,145.99575127143805,139.75853456967033,182.03971755312662,eat heartily
瘴,zhàng,319,1391,292,1420,672,110.34644980187797,74.11716255630786,81.82487403312842,86.02389210616899,75.1878857994475,malaria pestilential vapors
街,jiē,319,1424,343,1121,1112,110.34644980187797,75.87551364499093,96.11620477179126,67.91041059930664,124.41804912051433,"street, road, thoroughfare"
探,tàn,318,2400,347,2668,1424,110.0005361661354,127.88007917695103,97.23709345717658,161.627988830464,159.3267103845435,"find, locate"
脉,mài,317,2038,360,1878,1497,109.65462253039284,108.59150056776092,100.87998168467888,113.76962632069392,167.49444202644779,"blood vessels, veins, arteries"
热,rè,317,2680,390,1528,1405,109.65462253039284,142.7994217475953,109.28664682506879,92.56655432269453,157.200862422952,hot
器,qì,316,1848,397,1163,718,109.30870889465028,98.46766096625228,111.2482020244931,70.45477923906657,80.3346756011954,"receptacle, vessel"
昌,chāng,316,2348,454,2134,1101,109.30870889465028,125.10934412811707,127.22086579123392,129.27815898208775,123.18729503748766,light of sun
妖,yāo,316,1457,376,1251,702,109.30870889465028,77.63386473367402,105.36353642622016,75.7858373414207,78.5444878440657,"strange, weird, supernatural"
沟,gōu,316,1605,380,1471,873,109.30870889465028,85.519802949586,106.48442511160549,89.11348259730605,97.67711949838939,"ditch, drain, narrow waterway"
谏,jiàn,315,1042,146,1006,405,108.9627952589077,55.52126770932624,40.91243701656421,60.94368694282113,45.31412760234559,"remonstrate, admonish"
藻,zǎo,315,1565,287,2220,748,108.9627952589077,83.38846829663682,80.42376317639678,134.48805667302477,83.69127764581359,"splendid, magnificent"
般,bān,315,2112,507,729,938,108.9627952589077,112.5344696757169,142.07264087258943,44.16296996154732,104.9497572617288,"sort, manner, kind, category"
贺,hè,315,1874,250,916,430,108.9627952589077,99.85302849066925,70.05554283658256,55.49146842904986,48.11129597286076,congratulate
捧,pěng,314,1364,286,1598,739,108.61688162316514,72.67851166556716,80.14354100505045,96.8071687222944,82.68429703242813,hold up in two hands
仲,zhòng,314,2360,438,2689,892,108.61688162316514,125.74874452400185,122.73731104969264,162.90017315034393,99.8029674599809,middle brother
晏,yàn,314,1423,397,1665,402,108.61688162316514,75.8222302786672,111.2482020244931,100.86604250476856,44.97846739788377,"peaceful, quiet"
蛟,jiāo,314,2014,699,2290,1407,108.61688162316514,107.3126997759914,195.87529777108483,138.72867107262465,157.42463589259322,scaly dragon with four legs
衫,shān,313,2466,370,1612,2332,108.27096798742258,131.39678135431717,103.68220339814219,97.65529160221438,260.9198656016541,shirt
汗,hàn,313,2537,479,1968,895,108.27096798742258,135.17990036330198,134.22642007489216,119.22184483446519,100.13862766444272,"perspiration, sweat"
绛,jiàng,312,1919,440,2326,1202,107.92505435168002,102.25077997523708,123.2977553923853,140.90955847813314,134.4878552543689,deep red
柔,róu,312,2523,457,1886,2251,107.92505435168002,134.43393323476977,128.06153230527292,114.25426796636248,251.85704008118503,soft
茂,mào,312,1908,240,1662,650,107.92505435168002,101.66466294567607,67.25332112311925,100.68430188764287,72.72637763339416,"thick, lush, dense"
缕,lǚ,311,2404,478,1530,2493,107.57914071593744,128.09321264224593,133.94619790354585,92.68771473411167,278.9336299077718,thread
悴,cuì,311,1843,335,1248,1623,107.57914071593744,98.20124413463364,93.87442740102063,75.604096724295,181.5921706138442,"suffer, become emaciated, haggard"
廊,láng,311,2097,317,1623,1480,107.57914071593744,111.73521918086097,88.83042831678668,98.32167386500865,165.5923675344975,"corridor, porch, veranda"
叫,jiào,310,1423,340,1090,819,107.2332270801949,75.8222302786672,95.27553825775227,66.03242422234099,91.63523581807664,"cry, shout"
纶,lún,309,2477,390,2715,665,106.88731344445233,131.9828983838782,109.28664682506879,164.47525849876678,74.40467865570326,green silk thread or tassel
卫,wèi,309,1595,357,1692,837,106.88731344445233,84.9869692863487,100.0393151706399,102.50170805889995,93.64919704484755,"guard, protect, defend"
毕,bì,309,2027,297,1265,1064,106.88731344445233,108.0053835381999,83.22598488986007,76.63396022134069,119.04748584912521,"end, finish, conclude"
材,cái,308,2624,510,1891,976,106.54139980870976,139.81555323346646,142.91330738662842,114.55716899490533,109.20145318491186,"material, stuff"
佐,zuǒ,308,1201,213,1394,513,106.54139980870976,63.99332295479924,59.68732249676834,84.44880675774618,57.39789496297109,"assist, aid, second"
渠,qú,308,6880,563,2199,881,106.54139980870976,366.5895603072596,157.76508246798392,133.21587235314482,98.57221337695424,"ditch, canal, channel, gutter"
供,gōng,308,5475,893,3881,1984,106.54139980870976,291.7264306224195,250.23839901227288,235.11177835495906,221.9832818840831,"supply, provide for"
萤,yíng,308,1172,238,1107,849,106.54139980870976,62.448105331411085,66.69287678042659,67.06228771938667,94.99183786269484,"glow-worm, luminous insect"
认,rèn,305,2503,544,1509,2514,105.50365890148207,133.36826590829517,152.44086121240363,91.4155304142317,281.28325133900455,"recognize, know, understand"
岚,lán,305,1571,480,1796,1005,105.50365890148207,83.70816849457918,134.5066422462385,108.80204945259119,112.44616849470944,"mountain mist, mountain haze"
虹,hóng,305,2365,636,3067,1334,105.50365890148207,126.01516135562048,178.221300976266,185.7994909081833,149.25690425068893,rainbow
笋,sǔn,304,2763,405,1576,1048,105.15774526573949,147.22194115246486,113.48997939526375,95.47440419670586,117.25729809199551,bamboo shoots
妃,fēi,304,1259,269,1126,792,105.15774526573949,67.08375820157556,75.37976409216283,68.21331162784949,88.61429397792027,"wife, spouse"
娟,juān,303,2032,625,2056,1472,104.81183162999693,108.27180036981854,175.13885709145637,124.55290293681934,164.69727365593263,"beautiful, graceful"
浊,zhuó,303,2279,460,2176,940,104.81183162999693,121.43279185177974,128.9021988193119,131.82252762184768,105.17353073137002,"muddy, turbid, dirty, filthy"
略,lüè,303,3576,370,1753,1837,104.81183162999693,190.54131797365702,103.68220339814219,106.1971006071227,205.53593186545396,"approximately, roughly"
黛,dài,302,1099,249,1537,1531,104.46591799425438,58.55841958977882,69.77532066523622,93.11177617407165,171.2985910103484,blacken eyebrows
夹,jiā,302,1627,303,2129,874,104.46591799425438,86.69203700870804,84.90731791793806,128.9752579535449,97.78900623321,be wedged or inserted between
暝,míng,302,1564,371,2187,1432,104.46591799425438,83.33518493031309,103.9624255694885,132.48890988464197,160.22180426310837,"dark, obscure"
忙,máng,301,3824,500,2345,1284,104.12000435851182,203.75559282194197,140.11108567316512,142.060582386596,143.66256750965863,"busy, pressed for time"
遭,zāo,301,2475,419,1657,1256,104.12000435851182,131.87633165123074,117.41308979411237,100.38140085910001,140.52973893468163,"come across, meet with, encounter"
午,wǔ,301,4119,718,3752,1942,104.12000435851182,219.47418588744222,201.1995190266651,227.29693181855356,217.28403902161764,seventh earthly branch
帷,wéi,301,1477,297,1869,929,104.12000435851182,78.69953206014861,83.22598488986007,113.2244044693168,103.94277664834335,tent
裙,qún,300,1292,284,1354,1983,103.77409072276924,68.84210929025863,79.58309666235778,82.0255985294034,221.8713951492625,"skirt, apron, petticoat"
姑,gū,300,2772,694,2921,1704,103.77409072276924,147.70149144937844,194.47418691435317,176.9547808747321,190.6549961343133,father's sister
慰,wèi,300,3514,672,3847,1758,103.77409072276924,187.23774926158578,188.30929914473393,233.0520513608677,196.69687981462604,"comfort, console, calm"
狼,láng,300,1507,462,1591,1140,103.77409072276924,80.29803304986049,129.46264316200455,96.38310728233441,127.5508776954913,wolf
涕,tì,300,1914,304,2046,1464,103.77409072276924,101.98436314361844,85.1875400892844,123.94710087973364,163.80217977736777,tear
赊,shē,299,1233,262,1617,593,103.42817708702668,65.69839067715859,73.41820889273852,97.95819263075722,66.3488337486196,"buy and sell on credit, distant"
纸,zhǐ,299,3976,603,2017,2403,103.42817708702668,211.85466450314885,168.97396932183713,122.19027491418511,268.8638237739172,paper
厚,hòu,299,3166,485,1669,893,103.42817708702668,168.6951377809279,135.90775310297016,101.10836332760285,99.9148541948015,thick
翅,chì,299,1092,182,696,454,103.42817708702668,58.185436025512715,51.0004351850321,42.16382317316452,50.7965776085553,wings
谪,zhé,298,2025,261,1316,689,103.08226345128412,107.89881680555243,73.1379867213922,79.72355071247775,77.08996029139782,"charge, blame"
宋,sòng,298,1668,312,2161,1361,103.08226345128412,88.87665502798096,87.42931746005503,130.91382453621915,152.27784609084532,Song dynasty
橘,jú,297,1710,278,1267,490,102.73634981554156,91.1145564135776,77.9017636342798,76.75512063275784,54.824500062097144,"orange, tangerine"
拙,zhuō,295,2835,406,2129,821,102.04452254405642,151.0583435277734,113.77020156661007,128.9752579535449,91.85900928771785,"stupid, clumsy, crude"
沦,lún,295,1069,338,1419,959,102.04452254405642,56.959918600066935,94.71509391505961,85.96331190046043,107.29937869296154,be lost
搜,sōu,295,1661,386,758,918,102.04452254405642,88.50367146371487,108.16575813968348,45.91979592709584,102.71202256531669,"search, seek"
韶,sháo,294,1937,359,1879,1315,101.69860890831387,103.20988056906423,100.59975951333254,113.83020652640249,147.13105628909744,music of the emperor Shun
莎,shā,293,631,144,675,353,101.3526952725713,33.62180415027337,40.35199267387155,40.891638853284555,39.49601739167406,"kind of sedge grass, used anciently for raincoats"
扰,rǎo,292,2243,369,1376,800,101.00678163682873,119.51459066412548,103.40198122679585,83.35836305499193,89.50938785648513,"disturb, annoy, agitate"
滋,zī,292,1789,379,1678,1099,101.00678163682873,95.32394235315223,106.20420294025915,101.65358517897998,122.96352156784644,"grow, multiply, increase"
砧,zhēn,292,752,149,1110,762,101.00678163682873,40.06909147544466,41.753103530603205,67.24402833651239,85.25769193330208,anvil
区,qū,292,4960,756,2635,1285,101.00678163682873,264.2854969656988,211.84796153782565,159.6288420420812,143.77445424447924,"area, district, region, ward"
稻,dào,292,2372,414,1399,844,101.00678163682873,126.3881449198866,116.01197893738072,84.75170778628903,94.4324041885918,"rice growing in field, rice plant"
笳,jiā,291,973,226,1585,898,100.66086800108617,51.84471543298889,63.33021072427063,96.019626048083,100.47428786890455,a reed leaf whistle
株,zhū,291,1577,318,1497,755,100.66086800108617,84.02786869252157,89.110650488133,90.68856794572885,84.47448478955783,numerary adjunct for trees
电,diàn,291,1996,428,1432,911,100.66086800108617,106.35359918216427,119.93508933622934,86.75085457467183,101.92881542157244,electricity
希,xī,291,1767,322,1831,664,100.66086800108617,94.15170829403019,90.23153917351833,110.92235665239114,74.29279192088265,rare
梳,shū,291,1145,180,707,883,100.66086800108617,61.00945444067038,50.43999084233944,42.83020543595879,98.79598684659545,comb
恣,zì,291,1111,337,1435,836,100.66086800108617,59.19781998566358,94.43487174371329,86.93259519179755,93.53731031002695,"indulge oneself, unrestrained"
抽,chōu,290,1283,283,1220,623,100.31495436534361,68.36255899334506,79.30287449101147,73.90785096445505,69.70543579323778,"draw out, pull out"
刻,kè,290,2859,528,1834,1450,100.31495436534361,152.33714431954292,147.95730647086236,111.10409726951684,162.2357654898793,"carve, engrave"
泰,tài,289,1474,388,1843,591,99.96904072960103,78.53968196117742,108.72620248237612,111.64931912089398,66.1250602789784,"great, exalted, superior"
摘,zhāi,289,1715,238,1255,782,99.96904072960103,91.38097324519624,66.69287678042659,76.02815816425499,87.49542662971422,"pluck, pick"
嫁,jià,289,841,249,1106,861,99.96904072960103,44.81131107825659,69.77532066523622,67.0017075136781,96.33447868054212,"to marry, give a daughter in marriage"
皓,hào,289,1290,309,1375,610,99.96904072960103,68.73554255761117,86.58865094601603,83.29778284928335,68.2509082405699,"bright, luminous"
戟,jǐ,289,1189,290,1271,563,99.96904072960103,63.35392255891449,81.26442969043576,76.9974414555921,62.9922317040014,halberd with crescent blade
骚,sāo,288,3599,374,1979,1547,99.62312709385847,191.7668353991028,104.8030920835275,119.88822709725946,173.08877876747812,"harass, bother, annoy, disturb"
拾,shí,288,2586,456,1679,1197,99.62312709385847,137.79078531316472,127.78131013392658,101.71416538468856,133.92842158026588,"pick up, collect, tidy up"
匣,xiá,288,589,162,1194,465,99.62312709385847,31.38390276467673,45.395991758105495,72.33276561603223,52.02733169158198,"small box, case, coffer"
鹰,yīng,287,1208,333,1285,682,99.27721345811591,64.36630651906535,93.31398305832798,77.84556433551208,76.30675314765357,falcon
宰,zǎi,287,1547,332,1701,675,99.27721345811591,82.42936770280969,93.03376088698164,103.04692991027709,75.52354600390932,to slaughter
耿,gěng,286,2353,474,1811,986,98.93129982237335,125.37576095973573,132.82530921816053,109.71075253821975,110.32032053311791,"bright, shining"
卜,bo,286,3396,564,2996,1348,98.93129982237335,180.9503120353857,158.04530463933025,181.49829630287485,150.82331853817743,fortune telling
颇,pǒ,286,4454,576,2410,1532,98.93129982237335,237.32411360589163,161.4079706954862,145.998295757653,171.410477745169,lean one side
赵,zhào,285,1849,396,1697,936,98.58538618663079,98.52094433257602,110.96797985314676,102.8046090874428,104.7259837920876,surname
虞,yú,285,2242,579,3057,1080,98.58538618663079,119.46130729780175,162.24863720952519,185.19368885109762,120.83767360625492,"concerned about, anxious, worried"
梯,tī,284,1308,293,1374,700,98.23947255088822,69.6946431514383,82.10509620447475,83.23720264357479,78.32071437442448,"ladder, steps, stairs"
吊,diào,283,1486,276,1648,1517,97.89355891514566,79.17908235706217,77.34131929158714,99.83617900772288,169.73217672285992,"condole, mourn, pity"
脸,liǎn,283,917,122,341,388,97.89355891514566,48.86084691886004,34.18710490425229,20.65785014662227,43.412053110395284,face
碑,bēi,283,2839,451,2363,1757,97.89355891514566,151.2714769930683,126.38019927719495,143.15102608935024,196.58499307980546,stone tablet
贼,zéi,282,1714,500,1104,1623,97.54764527940308,91.32768987887252,140.11108567316512,66.88054710226096,181.5921706138442,"thief, traitor"
岫,xiù,282,1441,214,1339,743,97.54764527940308,76.78133087249434,59.96754466811467,81.11689544377485,83.13184397171055,mountain peak
困,kùn,280,3715,495,1522,1124,96.85581800791796,197.94770589265545,138.70997481643346,92.2030730884431,125.76068993836158,"to surround, besiege"
霓,ní,280,1351,410,1477,838,96.85581800791796,71.98582790335868,114.8910902519954,89.47696383155746,93.76108377966817,rainbow
匹,pǐ,279,1075,241,1597,812,96.5099043721754,57.27961879800931,67.53354329446559,96.74658851658583,90.8520286743324,bolt of cloth
唤,huàn,279,5372,770,2370,2944,96.5099043721754,286.2382438910754,215.77107193667428,143.57508752931022,329.39454731186527,call
卑,bēi,279,1776,225,1248,421,96.5099043721754,94.63125859094376,63.049988552924304,75.604096724295,47.1043153594753,"humble, low, inferior"
价,jià,279,2165,415,1452,813,96.5099043721754,115.35848809087456,116.29220110872704,87.96245868884323,90.963915409153,"price, value"
庄,zhuāng,279,2110,466,2257,1378,96.5099043721754,112.42790294306944,130.5835318473899,136.72952428424185,154.17992058279563,"village, hamlet"
逍,xiāo,279,1275,600,1551,417,96.5099043721754,67.93629206275523,168.13330280779815,93.95989905399162,46.65676842019287,"ramble, stroll, jaunt, loiter"
腹,fù,279,3791,424,1724,1347,96.5099043721754,201.99724173325887,118.81420065084401,104.44027464157418,150.71143180335685,"stomach, belly, abdomen"
权,quán,278,1816,252,1138,805,96.16399073643282,96.76259324389294,70.61598717927521,68.94027409635233,90.06882153058815,"power, right, authority"
规,guī,278,2826,306,1163,769,96.16399073643282,150.57879323085982,85.74798443197705,70.45477923906657,86.04089907704633,"rules, regulations, customs, law"
慕,mù,278,2298,437,2209,827,96.16399073643282,122.44517581193061,122.4570888783463,133.8216744102305,92.5303296966415,"long for, desire"
濯,zhuó,278,2556,509,2562,646,96.16399073643282,136.19228432345284,142.6330852152821,155.2064870253556,72.27883069411173,"wash out, rinse"
璧,bì,278,2861,482,2390,765,96.16399073643282,152.44371105219037,135.06708658893118,144.7866916434816,85.5933521377639,piece of jade with hole in it
薰,xūn,277,3331,464,2337,1088,95.81807710069027,177.48689322434325,130.02308750469723,141.57594074092742,121.73276748481976,a medicinal herb
冤,yuān,277,1069,174,542,559,95.81807710069027,56.959918600066935,48.75865781426146,32.834471494044784,62.54468476471899,"grievance, injustice, wrong"
絮,xù,276,2944,455,1743,3146,95.47216346494771,156.86623045705994,127.50108796258026,105.59129855003701,351.99566774562777,"waste cotton, raw silk or cotton"
墀,chí,276,843,180,1046,272,95.47216346494771,44.917877810904045,50.43999084233944,63.366895171163925,30.43319187120494,porch
脚,jiǎo,276,5029,440,1607,1147,95.47216346494771,267.96204924203613,123.2977553923853,97.35239057367153,128.33408483923554,"leg, foot"
偃,yǎn,275,1686,375,1778,630,95.12624982920515,89.83575562180809,105.08331425487383,107.71160574983695,70.48864293698203,"cease, lay off, lay down"
俯,fǔ,274,3270,766,3224,1753,94.78033619346257,174.23660787859578,214.65018325128895,195.31058320442875,196.13744614052302,"bow down, face down, look down"
骄,jiāo,274,1360,276,1758,909,94.78033619346257,72.46537820027226,77.34131929158714,106.50000163566555,101.70504195193122,spirited horse
抚,fǔ,274,2111,524,2453,1240,94.78033619346257,112.48118630939318,146.83641778547704,148.6032446031215,138.73955117755196,"pat, console, comfort"
辽,liáo,274,925,254,1420,893,94.78033619346257,49.287113849449874,71.17643152196788,86.02389210616899,99.9148541948015,"distant, far"
鉴,jiàn,274,2697,355,1808,771,94.78033619346257,143.70523897509872,99.47887082794723,109.52901192109404,86.26467254668755,"mirror, looking glass"
皋,gāo,273,1909,439,2333,1199,94.43442255772001,101.7179463119998,123.01753322103897,141.33361991809315,134.15219504990708,the high land along a river
蒿,hāo,273,1585,323,1763,789,94.43442255772001,84.4541356231114,90.51176134486467,106.8029026642084,88.27863377345845,"mugwort, artemisia"
钿,diàn,272,637,111,516,1096,94.08850892197745,33.94150434821575,31.104661019442652,31.259386145621974,122.62786136338461,hairpin
瀑,pù,272,1085,295,1582,693,94.08850892197745,57.81245246124661,82.66554054716742,95.83788543095729,77.53750723068025,"waterfall, cascade"
职,zhí,272,1632,259,1180,486,94.08850892197745,86.9584538403267,72.57754237869952,71.48464273611226,54.37695312281471,"duty, profession"
标,biāo,272,2452,389,1972,901,94.08850892197745,130.65081422578498,109.00642465372246,119.46416565729947,100.80994807336637,"mark, symbol, label, sign"
契,qì,272,2159,422,1777,758,94.08850892197745,115.03878789293219,118.25375630815135,107.65102554412837,84.81014499401965,"deed, contract, bond"
菱,líng,271,876,171,939,803,93.74259528623489,46.67622889958712,47.91799130022247,56.88481316034696,89.84504806094694,"water-chestnut, water caltrop"
乔,qiáo,271,1804,422,1853,756,93.74259528623489,96.12319284800817,118.25375630815135,112.25512117797967,84.58637152437845,"tall, lofty"
嶂,zhàng,271,1251,282,1555,574,93.74259528623489,66.65749127098572,79.02265231966513,94.2022198768259,64.22298578702808,cliff
谩,mán,270,3302,654,1934,319,93.39668165049231,175.9416756009551,183.26530006049995,117.16211784037382,35.69186840777344,"deceive, insult"
嫩,nèn,270,1653,192,833,1149,93.39668165049231,88.07740453312502,53.8026568984954,50.46331135523857,128.55785830887675,"soft, tender, delicate"
扁,biǎn,269,3534,689,3182,1328,93.05076801474976,188.30341658806037,193.07307605762153,192.76621456466881,148.5855838417653,flat
舜,shùn,269,1668,206,1142,247,93.05076801474976,88.87665502798096,57.72576729734402,69.18259491918661,27.63602350068978,"legendary ruler, last of the Five Emperors"
萋,qī,269,551,236,1389,713,93.05076801474976,29.359134844375006,66.13243243773394,84.14590572920333,79.77524192709237,luxuriant foliage
寐,mèi,269,2127,406,2404,1012,93.05076801474976,113.33372017057285,113.77020156661007,145.6348145234016,113.22937563845367,sleep
宸,chén,268,1769,250,1957,296,92.7048543790072,94.25827502667765,70.05554283658256,118.55546257167093,33.11847350689949,imperial
否,fǒu,268,2946,311,1610,2320,92.7048543790072,156.9727971897074,87.14909528870871,97.53413119079723,259.57722478380686,"not, no, negative"
拔,bá,268,1501,371,1231,831,92.7048543790072,79.97833285191813,103.9624255694885,74.57423322724932,92.97787663592393,"uproot, pull out"
茎,jīng,267,1030,247,1511,353,92.35894074326463,54.88186731344148,69.21487632254356,91.53669082564885,39.49601739167406,"stem, stalk"
打,dǎ,266,3547,439,1388,1685,92.01302710752206,188.99610035026888,123.01753322103897,84.08532552349476,188.5291481727218,"strike, hit, beat"
让,ràng,266,817,245,1580,1267,92.01302710752206,43.53251028648708,68.65443197985091,95.71672501954015,141.7604930177083,"allow, permit, yield, concede"
缀,zhuì,266,1812,273,1342,1001,92.01302710752206,96.54945977859802,76.50065277754815,81.29863606090056,111.99862155542701,"patch together, link, connect"
庶,shù,266,1662,451,1634,661,92.01302710752206,88.55695483003859,126.38019927719495,98.9880561278029,73.95713171642083,"numerous, various"
啄,zhuó,266,1437,267,1049,539,92.01302710752206,76.56819740719942,74.81931974947017,63.54863578828963,60.306950068306854,to peck
赴,fù,265,1330,449,1466,814,91.6671134717795,70.86687721056036,125.81975493450227,88.8105815687632,91.07580214397362,go to
痴,chī,265,3990,566,1799,1881,91.6671134717795,212.6006316316811,158.60574898202293,108.9837900697169,210.45894819756066,"foolish, stupid, dumb, silly"
毒,dú,265,1184,220,728,563,91.6671134717795,63.08750572729584,61.64887769619265,44.10238975583875,62.9922317040014,"poison, venom"
欣,xīn,264,4093,479,2608,1361,91.32119983603694,218.08881836302524,134.22642007489216,157.99317648794982,152.27784609084532,"happy, joyous, delighted"
菲,fēi,264,1288,222,1246,524,91.32119983603694,68.62897582496372,62.209322038885304,75.48293631287787,58.628649045997754,"fragrant, luxuriant"
勋,xūn,264,2408,506,2650,742,91.32119983603694,128.30634610754086,141.7924187012431,160.53754512770973,83.01995723688995,meritorious deed
仆,pū,264,1953,266,1679,988,91.32119983603694,104.0624144302439,74.53909757812384,101.71416538468856,110.54409400275912,fall forward
耻,chǐ,263,1384,208,1190,656,90.97528620029436,73.74417899204175,58.28621164003668,72.09044479319796,73.3976980423178,"shame, humiliation"
选,xuǎn,263,1451,252,1297,780,90.97528620029436,77.31416453573163,70.61598717927521,78.57252680401491,87.271653160073,"choose, select"
睹,dǔ,263,1134,298,1792,636,90.97528620029436,60.42333741110936,83.50620706120641,108.55972862975693,71.15996334590568,"look at, gaze at"
夺,duó,263,1896,293,1358,828,90.97528620029436,101.02526254979131,82.10509620447475,82.26791935223767,92.6422164314621,"take by force, rob, snatch"
习,xí,263,2137,321,2003,1152,90.97528620029436,113.86655383381013,89.95131700217199,121.34215203426513,128.8935185133386,practice
垣,yuán,263,1459,399,1989,739,90.97528620029436,77.74043146632148,111.80864636718576,120.49402915434516,82.68429703242813,low wall
垒,lěi,262,1156,290,1742,1319,90.6293725645518,61.59557147023141,81.26442969043576,105.53071834432843,147.57860322837985,"rampart, military wall"
透,tòu,262,2849,567,1293,1521,90.6293725645518,151.8043106563056,158.8859711533692,78.33020598118064,170.17972366214235,"penetrate, pass through"
朋,péng,262,2791,476,2307,1131,90.6293725645518,148.7138754095293,133.38575356085317,139.75853456967033,126.54389708210584,"friend, pal, acquaintance"
卖,mài,261,2018,474,1574,1180,90.28345892880925,107.52583324128632,132.82530921816053,95.35324378528873,132.02634708831556,sell
备,bèi,261,1646,297,914,649,90.28345892880925,87.70442096885891,83.22598488986007,55.370308017632716,72.61449089857356,"prepare, ready, perfect"
绪,xù,261,1784,236,1391,2253,90.28345892880925,95.05752552153359,66.13243243773394,84.26706614062047,252.0808135508262,end of thread
署,shǔ,260,434,194,2038,535,89.93754529306669,23.124980984498645,54.36310124118806,123.46245923406508,59.85940312902443,public office
黍,shǔ,260,1803,368,1909,802,89.93754529306669,96.06990948168445,103.12175905544952,115.64761269765957,89.73316132612634,glutinous millet
僻,pì,260,1178,237,1391,561,89.93754529306669,62.76780552935346,66.41265460908026,84.26706614062047,62.768458234360196,"out-of-the-way, remote"
媚,mèi,260,2003,353,2038,1319,89.93754529306669,106.72658274643037,98.91842648525457,123.46245923406508,147.57860322837985,"charming, attractive"
筑,zhù,260,2757,539,2667,1495,89.93754529306669,146.9022409545225,151.039750355672,161.56740862475542,167.27066855680658,ancient lute
憔,qiáo,260,1458,257,984,1419,89.93754529306669,77.68714809999776,72.01709803600687,59.610922417232594,158.76727671044048,"be worn-out, emaciated, haggard"
瓦,wǎ,260,2547,420,1380,1283,89.93754529306669,135.71273402653927,117.6933119654587,83.60068387782621,143.550680774838,tile
娱,yú,259,2097,386,1893,922,89.59163165732411,111.73521918086097,108.16575813968348,114.67832940632246,103.1595695045991,"pleasure, enjoyment, amusement"
料,liào,259,2592,298,1153,2533,89.59163165732411,138.1104855111071,83.50620706120641,69.84897718198089,283.409099300596,"consider, conjecture"
闱,wéi,259,1163,222,1472,353,89.59163165732411,61.96855503449751,62.209322038885304,89.17406280301462,39.49601739167406,"gate, door"
麦,mài,259,3791,519,1701,1125,89.59163165732411,201.99724173325887,145.43530692874538,103.04692991027709,125.87257667318221,"wheat, barley, oats"
簇,cù,259,1415,339,1266,826,89.59163165732411,75.39596334807737,94.99531608640595,76.69454042704926,92.41844296182089,"swarm, crowd together, cluster"
杉,shān,258,666,124,525,282,89.24571802158155,35.48672197160391,34.74754924694495,31.804607996999096,31.552059219411003,various species of pine and fir
孟,mèng,257,2157,274,1638,661,88.89980438583899,114.93222116028474,76.78087494889448,99.2303769506372,73.95713171642083,first in series
顷,qǐng,257,3553,611,2118,1368,88.89980438583899,189.31580054821123,171.21574669260775,128.30887569075065,153.06105323458956,a moment
爽,shuǎng,257,2277,437,2144,861,88.89980438583899,121.32622511913227,122.4570888783463,129.88396103917347,96.33447868054212,"happy, cheerful"
鹦,yīng,257,527,257,1012,1057,88.89980438583899,28.080334052605494,72.01709803600687,61.30716817707254,118.26427870538096,parrot
汤,tāng,257,2272,315,1624,855,88.89980438583899,121.05980828751363,88.26998397409402,98.38225407071722,95.66315827161847,hot water
状,zhuàng,257,1202,188,585,724,88.89980438583899,64.04660632112297,52.68176821311008,35.43942033951328,81.00599601011903,form
葬,zàng,256,811,166,665,561,88.55389075009643,43.2128100885447,46.51688044349082,40.28583679619886,62.768458234360196,"bury, inter"
朽,xiǔ,256,1489,313,976,629,88.55389075009643,79.33893245603336,87.70953963140136,59.12628077156404,70.37675620216143,"decayed, rotten"
稳,wěn,256,2693,382,1480,1258,88.55389075009643,143.4921055098038,107.04486945429815,89.65870444868317,140.75351240432286,"stable, firm, solid, steady"
榆,yú,256,1242,261,1654,790,88.55389075009643,66.17794097407216,73.1379867213922,100.1996602419743,88.39052050827905,elm tree
错,cuò,255,2539,480,2077,1572,88.20797711435385,135.28646709594943,134.5066422462385,125.82508725669929,175.88594713799327,"error, blunder, mistake"
膏,gāo,255,2627,454,2012,1075,88.20797711435385,139.97540333243765,127.22086579123392,121.88737388564226,120.27823993215188,"grease, fat"
舌,shé,255,2700,330,1377,914,88.20797711435385,143.86508907406989,92.47331654428898,83.4189432607005,102.26447562603425,tongue
授,shòu,255,1417,308,1854,698,88.20797711435385,75.50253008072484,86.30842877466972,112.31570138368824,78.09694090478327,"give to, transmit"
整,zhěng,254,1910,315,958,1028,87.86206347861129,101.77122967832352,88.26998397409402,58.03583706880978,115.01956339558338,"orderly, neat, tidy"
乳,rǔ,254,1903,340,1558,895,87.86206347861129,101.39824611405741,95.27553825775227,94.3839604939516,100.13862766444272,"breast, nipples"
蚕,cán,254,1903,311,1114,1040,87.86206347861129,101.39824611405741,87.14909528870871,67.48634915934666,116.36220421343067,silkworms
悄,qiāo,254,1218,232,766,1907,87.86206347861129,64.89914018230265,65.01154375234862,46.4044375727644,213.36800330289643,"silent, quiet, still"
孝,xiào,253,2653,547,3076,1251,87.51614984286873,141.3607708568546,153.28152772644265,186.34471275956042,139.9703052605786,"filial piety, obedience"
袂,mèi,253,1795,326,1826,1018,87.51614984286873,95.64364255109462,91.35242785890365,110.6194556238483,113.90069604737732,sleeves
鬟,huán,252,1071,248,994,1757,87.17023620712617,57.06648533271439,69.4950984938899,60.21672447431829,196.58499307980546,dress hair in coiled knot
输,shū,252,2370,389,1849,1644,87.17023620712617,126.28157818723913,109.00642465372246,112.0128003551454,183.94179204507694,"transport, carry, haul"
跃,yuè,252,1498,357,1784,659,87.17023620712617,79.81848275294692,100.0393151706399,108.07508698408837,73.73335824677962,"skip, jump, frolic"
砂,shā,252,1002,338,1327,356,87.17023620712617,53.38993305637705,94.71509391505961,80.389932975272,39.831677596135876,sand
铅,qiān,252,1229,396,771,685,87.17023620712617,65.48525721186367,110.96797985314676,46.70733860130725,76.64241335211538,"lead (element 82, Pb)"
艰,jiān,252,2294,523,1993,1550,87.17023620712617,122.2320423466357,146.5561956141307,120.73634997717944,173.4244389719399,"difficult, hard"
悽,qī,251,695,203,730,616,86.8243225713836,37.03193959499207,56.885100783305035,44.22355016725589,68.92222864949355,"sorrowful, grieved, melancholy"
蔓,màn,251,1186,318,1108,656,86.8243225713836,63.1940724599433,89.110650488133,67.12286792509524,73.3976980423178,"creeping plants, tendrils, vines"
练,liàn,251,1527,348,1916,812,86.8243225713836,81.36370037633509,97.51731562852292,116.07167413761957,90.8520286743324,"to practice, drill, exercise, train"
卒,zú,250,1423,283,1287,714,86.47840893564104,75.8222302786672,79.30287449101147,77.96672474692923,79.88712866191297,soldier
植,zhí,250,1823,316,1477,655,86.47840893564104,97.13557680815904,88.55020614544036,89.47696383155746,73.28581130749718,"plant, trees, plants"
怒,nù,250,2976,645,2014,1828,86.47840893564104,158.57129817941927,180.743300518383,122.0085342970594,204.5289512520685,"anger, rage, passion"
活,huó,250,3142,418,1074,997,86.47840893564104,167.41633698915837,117.13286762276603,65.06314093100387,111.55107461614458,"live, exist, survive"
颓,tuí,250,2172,260,1698,1002,86.47840893564104,115.73147165514068,72.85776455004586,102.86518929315137,112.11050829024761,"ruined, decayed"
漾,yàng,249,1213,328,1485,1220,86.13249529989848,64.632723350684,91.91287220159631,89.96160547722602,136.5018164811398,overflow
楫,jí,249,1129,238,1701,611,86.13249529989848,60.15692057949071,66.69287678042659,103.04692991027709,68.36279497539051,"oar, paddle"
稽,jī,249,2004,405,1392,686,86.13249529989848,106.7798661127541,113.48997939526375,84.32764634632905,76.75430008693598,"examine, investigate"
纪,jì,248,2271,434,2068,1229,85.7865816641559,121.00652492118991,121.61642236430731,125.27986540532217,137.50879709452525,"record, annal, historical account"
伫,zhù,248,1387,276,1471,1023,85.7865816641559,73.90402909101294,77.34131929158714,89.11348259730605,114.46012972148036,look towards
秘,mì,248,1590,306,1413,688,85.7865816641559,84.72055245473005,85.74798443197705,85.599830666209,76.9780735565772,"secret, mysterious, abstruse"
注,zhù,248,1924,389,1761,1234,85.7865816641559,102.51719680685574,109.00642465372246,106.68174225279125,138.0682307686283,"concentrate, focus, direct"
丧,sàng,247,1874,314,1219,691,85.44066802841334,99.85302849066925,87.9897618027477,73.84727075874648,77.31373376103903,mourning
绳,shéng,247,1335,286,1053,696,85.44066802841334,71.133294042179,80.14354100505045,63.7909566111239,77.87316743514207,"rope, string, cord"
秉,bǐng,247,1233,216,1703,515,85.44066802841334,65.69839067715859,60.52798901080733,103.16809032169421,57.621668432612296,"grasp, hold"
劫,jié,246,1875,551,1354,2727,85.09475439267078,99.90631185699299,154.40241641182794,82.0255985294034,305.1151258557937,"take by force, coerce"
览,lǎn,246,1758,397,2137,650,85.09475439267078,93.67215799711661,111.2482020244931,129.45989959921346,72.72637763339416,"look at, inspect"
襄,xiāng,246,872,167,1178,459,85.09475439267078,46.4630954342922,46.797102614837144,71.36348232469511,51.35601128265834,"aid, help, assist"
圭,guī,246,1452,310,1081,378,85.09475439267078,77.36744790205536,86.86887311736237,65.48720237096386,42.293185762189225,jade pointed at top
赫,hè,245,1359,266,1191,409,84.74884075692822,72.41209483394852,74.53909757812384,72.15102499890654,45.76167454162802,"bright, radiant, glowing"
决,jué,245,2028,322,951,662,84.74884075692822,108.05866690452362,90.23153917351833,57.6117756288498,74.06901845124145,"decide, determine, judge"
疲,pí,245,1297,250,1162,525,84.74884075692822,69.10852612187728,70.05554283658256,70.394199033358,58.74053578081836,"feel tired, be exhausted"
禹,yǔ,244,1805,319,1535,563,84.40292712118566,96.17647621433191,89.39087265947934,92.9906157626545,62.9922317040014,legendary hsia dynasty founder
葛,gé,244,1856,397,2119,857,84.40292712118566,98.89392789684213,111.2482020244931,128.36945589645924,95.88693174125969,edible bean
祸,huò,244,1794,384,888,822,84.40292712118566,95.59035918477089,107.6053137969908,53.795222669209906,91.97089602253847,"misfortune, calamity, disaster"
蔽,bì,244,1617,252,1292,620,84.40292712118566,86.15920334547076,70.61598717927521,78.26962577547206,69.36977558877598,"cover, hide, conceal"
旬,xún,244,1808,213,1810,771,84.40292712118566,96.3363263133031,59.68732249676834,109.65017233251119,86.26467254668755,ten-day period
装,zhuāng,243,1725,220,1472,1182,84.0570134854431,91.91380690843354,61.64887769619265,89.17406280301462,132.2501205579568,"dress, clothes, attire"
塔,tǎ,243,1669,334,1371,1174,84.0570134854431,88.92993839430468,93.59420522967429,83.05546202644908,131.35502667939193,"tower, spire, tall building"
猛,měng,242,1392,377,932,791,83.71109984970053,74.17044592263159,105.6437585975665,56.46075172038697,88.50240724309967,"violent, savage, cruel"
呈,chéng,242,1414,205,1035,319,83.71109984970053,75.34267998175365,57.4455451259977,62.700512908369646,35.69186840777344,"submit, show"
逼,bī,242,1625,256,1528,1064,83.71109984970053,86.58547027606059,71.73687586466053,92.56655432269453,119.04748584912521,"compel, pressure, force"
罪,zuì,241,1333,149,713,683,83.36518621395797,71.02672730953155,41.753103530603205,43.193686670210205,76.41863988247417,"crime, sin, vice"
奴,nú,241,2541,380,1620,1289,83.36518621395797,135.39303382859688,106.48442511160549,98.13993324788294,144.22200118376165,"slave, servant"
韩,hán,241,2458,402,1729,1112,83.36518621395797,130.97051442372734,112.64931288122476,104.74317567011703,124.41804912051433,fence
矜,jīn,241,1225,188,1111,772,83.36518621395797,65.27212374656875,52.68176821311008,67.30460854222095,86.37655928150814,"pity, feel sorry for, show sympathy"
兀,wù,240,2388,413,1481,1013,83.01927257821539,127.24067878106628,115.73175676603438,89.71928465439174,113.34126237327428,to cut off the feet
遐,xiá,240,1546,411,2297,638,83.01927257821539,82.37608433648596,115.17131242334173,139.15273251258463,71.38373681554688,"afar, distant"
忝,tiǎn,240,604,162,901,216,83.01927257821539,32.18315325953267,45.395991758105495,54.58276534342131,24.16753472125098,disgraced
耸,sǒng,240,1640,245,873,591,83.01927257821539,87.38472077091653,68.65443197985091,52.88651958358136,66.1250602789784,urge on
浸,jìn,240,1773,380,1280,819,83.01927257821539,94.47140849197257,106.48442511160549,77.54266330696923,91.63523581807664,"soak, immerse, dip, percolate"
稚,zhì,239,1792,345,1537,518,82.67335894247283,95.48379245212344,96.67664911448394,93.11177617407165,57.95732863707412,"young, immature"
灞,bà,238,441,94,474,292,82.32744530673027,23.497964548764752,26.34088410655504,28.715017505862043,32.67092656761707,river in Shanxi province
飙,biāo,238,1215,415,2035,836,82.32744530673027,64.73929008333145,116.29220110872704,123.28071861693937,93.53731031002695,"whirlwind, stormy gale"
凫,fú,238,1725,362,2200,640,82.32744530673027,91.91380690843354,101.44042602737154,133.27645255885335,71.6075102851881,"wild duck, teal"
腥,xīng,238,1105,322,951,649,82.32744530673027,58.8781197877212,90.23153917351833,57.6117756288498,72.61449089857356,raw meat
衾,qīn,238,1497,201,1172,1387,82.32744530673027,79.7651993866232,56.32465644061238,71.0000010904437,155.18690119618108,"coverlet, quilt"
冢,zhǒng,238,1303,299,1274,753,82.32744530673027,69.42822631981966,83.78642923255273,77.17918207271781,84.25071131991663,"burial mound, mausoleum"
卢,lú,238,1662,273,1494,783,82.32744530673027,88.55695483003859,76.50065277754815,90.50682732860315,87.60731336453482,"cottage, hut"
胸,xiōng,238,4870,655,2044,1583,82.32744530673027,259.4899939965631,183.5455222318463,123.82594046831649,177.11670122101995,"breast, bosom, chest"
圃,pǔ,237,2182,471,1932,854,81.98153167098769,116.26430531837798,131.98464270412154,117.04095742895669,95.55127153679787,"garden, cultivated field"
阮,ruǎn,237,1022,176,1105,639,81.98153167098769,54.45560038285164,49.319102156954116,66.94112730796952,71.49562355036748,ancient musical instrument: surname
的,de,237,1708,363,723,596,81.98153167098769,91.00798968093015,101.72064819871787,43.7994887272959,66.68449395308141,"possessive, adjectival suffix"
惹,rě,236,639,130,641,1224,81.63561803524514,34.04807108086321,36.42888227502293,38.831911859193184,136.94936342042223,"irritate, vex, offend, incite"
妓,jì,236,407,94,305,113,81.63561803524514,21.68633009375794,26.34088410655504,18.476962741113763,12.643201034728524,prostitute
妍,yán,236,2518,446,1758,1195,81.63561803524514,134.16751640315113,124.97908842046327,106.50000163566555,133.70464811062467,"beautiful, handsome"
慈,cí,236,2614,518,2626,1248,81.63561803524514,139.28271957022915,145.15508475739904,159.08362019070407,139.6346450561168,"kind, charitable, benevolent"
珊,shān,236,1094,575,1914,1527,81.63561803524514,58.29200275816017,161.1277485241399,115.95051372620243,170.85104407106599,coral
辱,rǔ,236,2008,342,1114,486,81.63561803524514,106.99299957804902,95.83598260044494,67.48634915934666,54.37695312281471,"humiliate, insult, abuse"
败,bài,235,2084,233,918,934,81.28970439950258,111.04253541865248,65.29176592369495,55.612628840466996,104.50221032244639,"be defeated, decline, fail"
攒,zǎn,235,860,246,867,469,81.28970439950258,45.82369503840745,68.93465415119724,52.523038349329944,52.4748786308644,"save, hoard"
典,diǎn,235,2730,414,2182,1111,81.28970439950258,145.4635900637818,116.01197893738072,132.1860088560991,124.30616238569371,"law, canon"
局,jú,235,1893,261,1693,1541,81.28970439950258,100.86541245082013,73.1379867213922,102.56228826460853,172.41745835855446,"bureau, office"
孰,shú,235,3489,687,2241,1198,81.28970439950258,185.90566510349257,192.51263171492886,135.76024099290473,134.04030831508646,who? which? what? which one?
牢,láo,234,1672,308,819,820,80.94379076376002,89.08978849327588,86.30842877466972,49.6151884753186,91.74712255289725,prison
损,sǔn,234,1299,200,842,1002,80.94379076376002,69.21509285452474,56.04443426926604,51.008533206615695,112.11050829024761,diminish
粟,sù,233,2910,504,1688,988,80.59787712801744,155.0545960020531,141.23197435855042,102.25938723606568,110.54409400275912,unhusked millet
校,xiào,232,1109,199,839,490,80.25196349227488,59.09125325301612,55.76421209791972,50.82679258948999,54.824500062097144,school
伐,fá,232,1146,305,1511,631,80.25196349227488,61.06273780699411,85.46776226063072,91.53669082564885,70.60052967180265,"cut down, subjugate, attack"
馨,xīn,232,1313,254,1284,669,80.25196349227488,69.96105998305696,71.17643152196788,77.78498412980352,74.85222559498568,"fragrant, aromatic"
架,jià,232,1444,203,1150,839,80.25196349227488,76.94118097146554,56.885100783305035,69.66723656485517,93.87297051448877,"rack, stand, prop"
蟾,chán,232,1941,487,1135,1075,80.25196349227488,103.42301403435914,136.4681974456628,68.75853347922663,120.27823993215188,toad
沼,zhǎo,232,1115,197,1013,409,80.25196349227488,59.410953450958495,55.203767755227055,61.367748382781116,45.76167454162802,"lake, fishpond, swamps"
告,gào,232,1812,252,1152,948,80.25196349227488,96.54945977859802,70.61598717927521,69.78839697627231,106.06862460993487,"tell, announce, inform"
窟,kū,231,1720,332,1297,785,79.90604985653232,91.6473900768149,93.03376088698164,78.57252680401491,87.83108683417603,"hole, cave"
曳,yè,231,1557,292,1646,824,79.90604985653232,82.96220136604697,81.82487403312842,99.71501859630574,92.19466949217967,"trail, tow, drag, pull"
蜂,fēng,231,2393,427,1132,1083,79.90604985653232,127.5070956126849,119.65486716488302,68.57679286210092,121.17333381071674,"bee, wasp, hornet"
媒,méi,230,809,152,727,282,79.56013622078976,43.10624335589724,42.5937700446422,44.04180955013018,31.552059219411003,"go-between, matchmaker"
部,bù,230,1469,246,1585,911,79.56013622078976,78.27326512955877,68.93465415119724,96.019626048083,101.92881542157244,"part, division, section"
顿,dùn,230,2472,435,1513,1282,79.56013622078976,131.71648155225955,121.89664453565365,91.65785123706598,143.4387940400174,"pause, stop"
季,jì,230,1852,305,1591,816,79.56013622078976,98.68079443154721,85.46776226063072,96.38310728233441,91.29957561361483,quarter of year
巨,jù,230,2018,380,1856,1023,79.56013622078976,107.52583324128632,106.48442511160549,112.43686179510539,114.46012972148036,"large, great, enormous"
髻,jì,230,1020,212,904,1028,79.56013622078976,54.349033650204184,59.40710032542201,54.76450596054702,115.01956339558338,"hair rolled up in a bun, topknot"
碛,qì,230,285,98,500,293,79.56013622078976,15.185759402262933,27.461772791940362,30.290102854284857,32.782813302437674,sand and gravel
鼠,shǔ,229,1686,329,1158,1002,79.21422258504718,89.83575562180809,92.19309437294265,70.15187821052372,112.11050829024761,"rat, mouse"
戒,jiè,229,2066,316,1889,834,79.21422258504718,110.08343482482535,88.55020614544036,114.43600858348819,93.31353684038574,"warn, caution, admonish"
棘,jí,228,1911,399,1682,684,78.86830894930462,101.82451304464725,111.80864636718576,101.89590600181427,76.53052661729478,jujube tree
涨,zhǎng,228,2339,313,1418,1173,78.86830894930462,124.6297938312035,87.70953963140136,85.90273169475186,131.2431399445713,rise in price
丞,chéng,228,1171,262,1140,434,78.86830894930462,62.39482196508736,73.41820889273852,69.06143450776946,48.55884291214318,"assist, aid, rescue"
狐,hú,228,1635,426,1529,793,78.86830894930462,87.11830393929789,119.37464499353668,92.62713452840309,88.72618071274088,fox
握,wò,228,1435,290,2001,785,78.86830894930462,76.46163067455197,81.26442969043576,121.220991622848,87.83108683417603,"grasp, hold fast, take by hand"
陂,bēi,227,1637,258,914,495,78.52239531356207,87.22487067194534,72.29732020735321,55.370308017632716,55.38393373620017,"dam, embankment"
专,zhuān,227,1829,357,1141,494,78.52239531356207,97.45527700610143,100.0393151706399,69.12201471347804,55.27204700137956,"monopolize, take sole possession"
敲,qiāo,227,1954,315,1260,1319,78.52239531356207,104.11569779656763,88.26998397409402,76.33105919279784,147.57860322837985,"strike, beat, pound, hammer"
鹉,wǔ,227,484,245,869,682,78.52239531356207,25.789149300685125,68.65443197985091,52.64419876074708,76.30675314765357,species of parrot
郑,zhèng,226,1352,273,1177,842,78.1764816778195,72.03911126968241,76.50065277754815,71.30290211898655,94.2086307189506,state in today's Henan
碍,ài,226,1685,248,914,601,78.1764816778195,89.78247225548436,69.4950984938899,55.370308017632716,67.24392762718445,"obstruct, hinder, block, deter"
涉,shè,226,2064,449,1800,795,78.1764816778195,109.97686809217788,125.81975493450227,109.04437027542548,88.94995418238209,"ford stream, wade across"
呜,wū,226,1021,425,1429,1166,78.1764816778195,54.40231701652792,119.09442282219034,86.56911395754612,130.45993280082706,"sound of crying, sobbing"
晦,huì,226,1288,189,837,512,78.1764816778195,68.62897582496372,52.96199038445641,50.70563217807285,57.28600822815048,"dark, unclear, obscure"
烽,fēng,226,625,219,1794,1427,78.1764816778195,33.302103952330995,61.36865552484632,108.68088904117407,159.66237058900535,signal fire
煖,nuǎn,225,729,226,914,165,77.83056804207693,38.84357404999888,63.33021072427063,55.370308017632716,18.461311245400058,"warm, genial"
科,kē,225,2173,293,1383,794,77.83056804207693,115.7847550214644,82.10509620447475,83.78242449495191,88.83806744756149,"section, department, science"
烈,liè,224,1862,504,2071,1132,77.48465440633437,99.2136280947845,141.23197435855042,125.46160602244788,126.65578381692644,"fiery, violent, vehement, ardent"
递,dì,224,957,292,1844,976,77.48465440633437,50.99218157180922,81.82487403312842,111.70989932660255,109.20145318491186,"hand over, deliver"
顺,shùn,224,1408,256,923,450,77.48465440633437,75.02297978381127,71.73687586466053,55.915529869009845,50.349030669272885,"obey, submit to, go along with"
邦,bāng,223,2679,352,1464,599,77.13874077059181,142.74613838127158,98.63820431390823,88.68942115734606,67.02015415754323,"nation, country, state"
操,cāo,223,1790,463,2168,800,77.13874077059181,95.37722571947596,129.7428653333509,131.33788597617914,89.50938785648513,"conduct, run, control, manage"
蹉,cuō,223,857,204,1216,763,77.13874077059181,45.66384493943626,57.165322954651366,73.66553014162076,85.36957866812268,"error, mistake, slip"
伦,lún,223,1280,232,1335,644,77.13874077059181,68.20270889437387,65.01154375234862,80.87457462094056,72.05505722447053,normal human relationships
闾,lǘ,223,2008,432,2167,833,77.13874077059181,106.99299957804902,121.05597802161466,131.27730577047055,93.20165010556514,village of twenty-five families
障,zhàng,223,1866,385,1669,1070,77.13874077059181,99.42676156007943,107.88553596833714,101.10836332760285,119.71880625804886,separate
涂,tú,222,2931,435,1475,996,76.79282713484923,156.17354669485144,121.89664453565365,89.35580342014033,111.43918788132399,surname
芽,yá,222,1830,382,961,583,76.79282713484923,97.50856037242515,107.04486945429815,58.217577685935495,65.22996640041353,"bud, sprout, shoot"
案,àn,221,1959,285,1494,907,76.44691349910667,104.38211462818627,79.86331883370411,90.50682732860315,101.48126848229,"table, bench"
妒,dù,221,976,227,1423,1006,76.44691349910667,52.00456553196008,63.61043289561696,86.2056327232947,112.55805522953004,"jealous, envious"
族,zú,221,998,138,839,697,76.44691349910667,53.17679959108214,38.67065964579357,50.82679258948999,77.98505416996265,"a family clan, ethnic group, tribe"
慢,màn,221,519,112,370,359,76.44691349910667,27.654067122015658,31.384883190788987,22.414676112170792,40.1673378005977,"slow(ly), leisurely, sluggish"
插,chā,221,3064,411,1800,1171,76.44691349910667,163.2602344159075,115.17131242334173,109.04437027542548,131.01936647493008,"insert, stick into"
氲,yūn,220,338,136,1023,275,76.10099986336411,18.009777817420602,38.11021530310091,61.97355043986682,30.76885207566676,life giving influences of nature
徊,huái,220,2449,475,2781,1601,76.10099986336411,130.49096412681376,133.10553138950687,168.47355207553238,179.13066244779085,"linger, walk to and fro, hesitate"
增,zēng,220,2789,569,2663,1420,76.10099986336411,148.60730867688184,159.4464154960619,161.32508780192114,158.8791634452611,"increase, add to, augment"
姬,jī,220,923,343,1540,583,76.10099986336411,49.18054711680241,96.11620477179126,93.29351679119736,65.22996640041353,beauty
隋,suí,220,562,79,547,359,76.10099986336411,29.94525187393603,22.13755153636009,33.13737252258763,40.1673378005977,Sui dynasty
扑,pū,220,1270,252,995,1037,76.10099986336411,67.66987523113659,70.61598717927521,60.277304680026866,116.02654400896884,"pound, beat, strike"
具,jù,219,3241,540,1940,1090,75.75508622762156,172.6913902552076,151.31997252701834,117.52559907462525,121.95654095446098,"tool, implement"
函,hán,219,1100,255,1792,766,75.75508622762156,58.611702956102555,71.45665369331421,108.55972862975693,85.7052388725845,correspondence
檀,tán,219,1279,192,943,1115,75.75508622762156,68.14942552805014,53.8026568984954,57.12713398318124,124.75370932497613,"sandalwood, hardwood"
怯,qiè,219,2026,278,1421,1500,75.75508622762156,107.95210017187615,77.9017636342798,86.08447231187756,167.8301022309096,"lacking in courage, afraid"
渴,kě,219,1921,378,1571,669,75.75508622762156,102.35734670788455,105.92398076891283,95.17150316816301,74.85222559498568,"thirsty, parched"
议,yì,219,2306,240,869,774,75.75508622762156,122.87144274252044,67.25332112311925,52.64419876074708,86.60033275114935,"consult, talk over, discuss"
液,yè,219,874,338,1263,426,75.75508622762156,46.569662166939665,94.71509391505961,76.51279980992355,47.66374903357833,"sap, juice, liquid, fluid"
跎,tuó,218,633,191,1197,736,75.40917259187898,33.72837088292083,53.522434727149076,72.51450623315795,82.34863682796632,"slip, stumble, falter"
邪,xié,218,1380,253,714,381,75.40917259187898,73.53104552674684,70.89620935062155,43.25426687591877,42.62884596665104,"wrong, evil, depraved, vicious, perverse, heterodox"
软,ruǎn,218,1761,301,910,1312,75.40917259187898,93.8320080960878,84.3468735752454,55.127987194798436,146.7953960846356,"soft, flexible, pliable"
皮,pí,218,1747,343,1096,844,75.40917259187898,93.0860409675556,96.11620477179126,66.3959054565924,94.4324041885918,"skin, hide, fur, feather"
鲸,jīng,217,2039,511,1602,967,75.06325895613642,108.64478393408464,143.19352955797473,97.04948954512868,108.19447257152639,whale
秪,zhī,217,238,153,953,53,75.06325895613642,12.681441185047643,42.87399221598852,57.732936040266935,5.929996945492139,"only, merely"
朗,lǎng,217,481,197,1020,549,75.06325895613642,25.629299201713934,55.203767755227055,61.79180982274111,61.42581741651291,"clear, bright"
崔,cuī,217,1432,303,1184,587,75.06325895613642,76.30178057558078,84.90731791793806,71.72696355894654,65.67751333969596,"high, lofty, towering"
驭,yù,216,1277,197,1240,441,74.71734532039386,68.0428587954027,55.203767755227055,75.11945507862644,49.34205005588743,"drive, ride"
悔,huǐ,216,1489,203,1012,1532,74.71734532039386,79.33893245603336,56.885100783305035,61.30716817707254,171.410477745169,"repent, show remorse, regret"
耶,yé,216,877,130,677,587,74.71734532039386,46.729512265910856,36.42888227502293,41.0127992647017,65.67751333969596,used in transliteration
傲,ào,216,1894,374,1816,869,74.71734532039386,100.91869581714386,104.8030920835275,110.01365356676259,97.22957255910697,"proud, haughty, overbearing"
均,jūn,216,2032,203,978,527,74.71734532039386,108.27180036981854,56.885100783305035,59.24744118298118,58.96430925045958,"equal, even, fair"
倍,bèi,216,1565,245,2182,1292,74.71734532039386,83.38846829663682,68.65443197985091,132.1860088560991,144.55766138822347,"times, fold, multiple times"
逝,shì,216,1264,415,2228,1301,74.71734532039386,67.3501750331942,116.29220110872704,134.97269831869332,145.56464200160892,pass away
逾,yú,215,1289,294,1804,1025,74.3714316846513,68.68225919128744,82.38531837582109,109.28669109825977,114.68390319112157,"go over, pass over, exceed"
滑,huá,215,1657,312,1116,946,74.3714316846513,88.29053799841994,87.42931746005503,67.60750957076381,105.84485114029366,"slip, slide"
喷,pēn,215,886,194,710,439,74.3714316846513,47.209062562824414,54.36310124118806,43.01194605308449,49.11827658624621,"spurt, blow out, puff out"
郢,yǐng,215,564,54,924,176,74.3714316846513,30.051818606583492,15.131997252701833,55.97611007471841,19.692065328426725,ancient city in Hubei
祝,zhù,215,2715,309,2235,1274,74.3714316846513,144.66433956892584,86.58865094601603,135.39675975865333,142.54370016145253,pray for happiness or blessings
浴,yù,215,1537,338,1558,856,74.3714316846513,81.89653403957239,94.71509391505961,94.3839604939516,95.77504500643909,"bathe, wash"
尤,yóu,214,3974,465,1786,1540,74.02551804890872,211.7480977705014,130.30330967604357,108.19624739550551,172.30557162373387,"especially, particularly"
尉,wèi,214,986,99,938,541,74.02551804890872,52.53739919519738,27.74199496328669,56.82423295463839,60.53072353794806,"officer, military rank"
烹,pēng,214,2103,365,1388,666,74.02551804890872,112.05491937880333,102.28109254141053,84.08532552349476,74.51656539052387,"boil, cook"
薜,bì,214,506,239,1966,505,74.02551804890872,26.961383359807176,66.97309895177293,119.10068442304805,56.50280108440624,"evergreen shrubs, genus Ligusticum"
榻,tà,214,2314,513,3773,1273,74.02551804890872,123.29770967311029,143.7539739006674,228.56911613843354,142.43181342663195,"cot, couch, bed"
速,sù,213,1841,276,883,715,73.67960441316616,98.09467740198617,77.34131929158714,53.49232164066706,79.99901539673357,"quick, prompt, speedy"
敬,jìng,213,1442,265,1024,576,73.67960441316616,76.83461423881806,74.2588754067775,62.03413064557538,64.4467592566693,"respect, honor"
旁,páng,213,2649,356,1821,1705,73.67960441316616,141.1476373915597,99.75909299929356,110.31655459530545,190.76688286913392,side
格,gé,212,2035,203,1412,1097,73.3336907774236,108.43165046878971,56.885100783305035,85.53925046050044,122.73974809820523,"pattern, standard, form"
汲,jí,212,2024,370,1207,628,73.3336907774236,107.8455334392287,103.68220339814219,73.12030829024364,70.26486946734082,draw water from well
翡,fěi,212,420,223,820,266,73.3336907774236,22.37901385596643,62.489544210231635,49.675768681027165,29.761871462281302,kingfisher
设,shè,211,1621,277,989,850,72.98777714168104,86.37233681076567,77.62154146293346,59.91382344577545,95.10372459751544,build
梵,fàn,211,1100,250,1649,787,72.98777714168104,58.611702956102555,70.05554283658256,99.89675921343145,88.05486030381724,"Buddhist, Sanskrit"
辕,yuán,211,940,234,1178,375,72.98777714168104,50.08636434430582,65.57198809504126,71.36348232469511,41.9575255577274,axle
雉,zhì,211,987,273,1363,570,72.98777714168104,52.590682561521106,76.50065277754815,82.57082038078052,63.77543884774565,pheasant
央,yāng,211,1234,275,1459,536,72.98777714168104,65.75167404348231,77.06109712024082,88.3865201288032,59.97128986384503,"center, conclude, run out"
坏,huài,210,1548,258,431,622,72.64186350593847,82.48265106913341,72.29732020735321,26.110068660393544,69.59354905841718,"rotten, spoilt, bad, broken down"
算,suàn,210,1853,354,1012,2488,72.64186350593847,98.73407779787094,99.1986486566009,61.30716817707254,278.3741962336687,"count, calculate, figure"
裂,liè,210,1601,452,1043,926,72.64186350593847,85.30666948429108,126.66042144854126,63.18515455403821,103.60711644388152,"split, crack, break open"
冉,rǎn,210,2182,515,2321,877,72.64186350593847,116.26430531837798,144.31441824336008,140.6066574495903,98.1246664376718,tender
桡,ráo,210,573,128,1142,671,72.64186350593847,30.531368903497054,35.86843793233027,69.18259491918661,75.0759990646269,bent or twisted piece of wood
榜,bǎng,210,1285,184,1011,493,72.64186350593847,68.46912572599253,51.56087952772476,61.24658797136398,55.160160266558954,placard
棠,táng,210,2853,416,2437,1449,72.64186350593847,152.01744412160053,116.57242328007337,147.6339613117844,162.12387875505868,crab apple tree
苟,gǒu,210,1247,285,1200,567,72.64186350593847,66.4443578056908,79.86331883370411,72.69624685028366,63.43977864328383,"careless, frivolous"
傅,fù,209,1439,152,1068,494,72.29594987019591,76.67476413984689,42.5937700446422,64.69965969675245,55.27204700137956,"tutor, teacher"
瀛,yíng,209,1288,460,1809,1141,72.29594987019591,68.62897582496372,128.9021988193119,109.58959212680261,127.6627644303119,"sea, ocean"
缺,quē,208,1549,288,1209,1111,71.95003623445335,82.53593443545714,80.7039853477431,73.24146870166079,124.30616238569371,"be short of, lack"
沉,chén,208,5057,1007,7102,3467,71.95003623445335,269.4539834991005,282.18372654575455,430.2406209422621,387.91130962304237,"sink, submerge"
恒,héng,208,278,313,1809,570,71.95003623445335,14.812775837996826,87.70953963140136,109.58959212680261,63.77543884774565,"constant, regular, persistent"
讲,jiǎng,208,1451,251,1466,606,71.95003623445335,77.31416453573163,70.33576500792888,88.8105815687632,67.80336130128748,explain
线,xiàn,208,1521,277,1177,1451,71.95003623445335,81.04400017839271,77.62154146293346,71.30290211898655,162.34765222469989,"line, thread, wire"
穆,mù,207,856,163,1013,261,71.60412259871077,45.610561573112534,45.676213929451826,61.367748382781116,29.20243778817827,"majestic, solemn, reverent"
彭,péng,207,1535,378,1730,682,71.60412259871077,81.78996730692492,105.92398076891283,104.8037558758256,76.30675314765357,name of ancient country
裾,jū,207,1197,233,1438,421,71.60412259871077,63.780189489504316,65.29176592369495,87.11433580892324,47.1043153594753,"lapel, border of garment"
鍊,liàn,207,926,183,453,237,71.60412259871077,49.340397215773606,51.280657356378434,27.44283318598208,26.517156152483718,"smelt metals, forge"
瓜,guā,207,2209,496,2034,1400,71.60412259871077,117.70295620911867,138.9901969877798,123.2201384112308,156.64142874884897,"melon, gourd, cucumber"
藉,jí,207,2075,478,2226,1494,71.60412259871077,110.5629851217389,133.94619790354585,134.8515379072762,167.15878182198597,"mat, pad"
锋,fēng,207,1802,313,982,597,71.60412259871077,96.01662611536072,87.70953963140136,59.489762005815464,66.79638068790202,"point of spear, sharp point"
混,hùn,207,1678,562,1648,555,71.60412259871077,89.40948869121826,157.48486029663758,99.83617900772288,62.097137825436555,"to mix, blend, mingle"
誓,shì,206,814,261,1102,798,71.25820896296821,43.37266018751588,73.1379867213922,66.75938669084381,89.28561438684392,"swear, pledge"
煎,jiān,206,1410,242,574,549,71.25820896296821,75.12954651645872,67.81376546581193,34.77303807671902,61.42581741651291,fry in fat or oil
蒸,zhēng,206,1634,296,1463,667,71.25820896296821,87.06502057297416,82.94576271851373,88.62884095163749,74.62845212534447,steam
豁,huō,206,1358,222,1006,663,71.25820896296821,72.35881146762479,62.209322038885304,60.94368694282113,74.18090518606205,"open up, clear"
救,jiù,206,1276,213,595,599,71.25820896296821,67.98957542907895,59.68732249676834,36.04522239659898,67.02015415754323,"save, rescue, relieve"
蹋,tà,205,328,169,245,179,70.91229532722565,17.476944154183307,47.357546957529806,14.84215039859958,20.027725532888546,"step on, tread on"
夭,yāo,205,990,131,768,502,70.91229532722565,52.7505326604923,36.70910444636926,46.52559798418154,56.16714087994441,"young, fresh-looking"
旨,zhǐ,205,1277,244,925,493,70.91229532722565,68.0428587954027,68.37420980850457,56.03669028042699,55.160160266558954,"purpose, aim"
亩,mǔ,205,2673,473,2330,1000,70.91229532722565,142.4264381833292,132.5450870468142,141.15187930096744,111.8867348206064,Chinese land measure
锄,chú,205,2488,349,1264,800,70.91229532722565,132.56901541343925,97.79753779986925,76.57338001563213,89.50938785648513,hoe
漂,piāo,205,1124,246,908,673,70.91229532722565,59.89050374787206,68.93465415119724,55.00682678338129,75.29977253426812,"float, drift"
寰,huán,204,1364,279,1203,557,70.56638169148309,72.67851166556716,78.18198580562614,72.87798746740937,62.32091129507777,"great domain, country, world"
缓,huǎn,204,2080,350,1661,1178,70.56638169148309,110.82940195335755,98.07775997121557,100.6237216819343,131.80257361867436,"slow, leisurely"
骊,lí,204,1004,283,1390,659,70.56638169148309,53.49649978902451,79.30287449101147,84.2064859349119,73.73335824677962,a pure black horse
效,xiào,203,1948,342,1317,775,70.22046805574053,103.79599759862523,95.83598260044494,79.7841309181863,86.71221948596995,"result, effect"
补,bǔ,203,3075,624,2293,1955,70.22046805574053,163.8463514454685,174.85863492011006,138.91041168975036,218.7385665742855,"mend, patch, fix, repair, restore"
厨,chú,203,1147,215,1017,621,70.22046805574053,61.11602117331785,60.247766839461,61.6100692056154,69.48166232359658,kitchen
肌,jī,203,1768,269,812,635,70.22046805574053,94.20499166035393,75.37976409216283,49.19112703535861,71.04807661108507,muscle tissue
召,zhào,203,1614,270,1434,559,70.22046805574053,85.99935324649955,75.65998626350917,86.87201498608897,62.54468476471899,imperial decree
潘,pān,202,893,108,789,378,69.87455441999796,47.58204612709053,30.263994505403666,47.7977823040615,42.293185762189225,surname
翳,yì,202,1606,415,1542,548,69.87455441999796,85.57308631590973,116.29220110872704,93.4146772026145,61.313930681692305,"shade, screen"
趁,chèn,202,3361,364,1528,1764,69.87455441999796,179.08539421405516,102.0008703700642,92.56655432269453,197.3682002235497,"take advantage of, avail oneself"
槎,chá,202,1546,575,2728,1016,69.87455441999796,82.37608433648596,161.1277485241399,165.26280117297816,113.67692257773611,raft
优,yōu,202,2106,333,1519,608,69.87455441999796,112.21476947777452,93.31398305832798,92.0213324713174,68.02713477092868,"superior, excellent"
迸,bèng,202,571,177,488,418,69.87455441999796,30.4248021708496,49.59932432830045,29.56314038578202,46.76865515501348,gush out
品,pǐn,202,2469,359,1654,955,69.87455441999796,131.55663145328836,100.59975951333254,100.1996602419743,106.85183175367911,"article, product, commodity"
蹇,jiǎn,202,1583,347,1634,575,69.87455441999796,84.34756889046395,97.23709345717658,98.9880561278029,64.33487252184868,"lame, crippled"
迤,yí,202,701,177,1032,481,69.87455441999796,37.35163979293445,49.59932432830045,62.51877229124395,53.81751944871168,wind
乎,hū,201,2485,417,1589,1131,69.5286407842554,132.40916531446803,116.8526454514197,96.26194687091727,126.54389708210584,interrogative or exclamatory final particle
充,chōng,201,1682,382,1451,673,69.5286407842554,89.62262215651317,107.04486945429815,87.90187848313465,75.29977253426812,"fill, be full, supply"
付,fù,201,5951,663,2908,3039,69.5286407842554,317.0893129925148,185.78729960261694,176.16723820052073,340.0237871198229,"give, deliver, pay, hand over"
臂,bì,201,1616,251,1454,1192,69.5286407842554,86.10591997914702,70.33576500792888,88.08361910026036,133.36898790616283,arm
扃,jiōng,200,1239,277,1054,444,69.18272714851284,66.01809087510095,77.62154146293346,63.85153681683248,49.677710260349244,a door bar placed outside a door
逃,táo,200,2015,332,1596,947,69.18272714851284,107.36598314231513,93.03376088698164,96.68600831087726,105.95673787511427,"escape, flee"
乖,guāi,199,1112,162,938,355,68.83681351277026,59.251103351987304,45.395991758105495,56.82423295463839,39.719790861315275,rebel
笺,jiān,199,1517,244,1153,2206,68.83681351277026,80.83086671309779,68.37420980850457,69.84897718198089,246.82213701425775,"note, memo"
躬,gōng,199,1275,243,1167,511,68.83681351277026,67.93629206275523,68.09398763715824,70.69710006190085,57.17412149332987,body
博,bó,198,2086,332,1828,1228,68.4908998770277,111.14910215129993,93.03376088698164,110.74061603526543,137.39691035970466,"gamble, play games"
庾,yǔ,198,1202,153,1120,549,68.4908998770277,64.04660632112297,42.87399221598852,67.84983039359807,61.42581741651291,granary
寇,kòu,198,801,182,933,497,68.4908998770277,42.6799764253074,51.0004351850321,56.52133192609554,55.607707205841386,"bandits, thieves"
柯,kē,198,1639,367,1398,875,68.4908998770277,87.3314374045928,102.84153688410319,84.69112758058046,97.9008929680306,axe-handle
翮,hé,198,721,196,1215,406,68.4908998770277,38.41730711940903,54.923545583880724,73.60494993591219,45.4260143371662,stem of feather
编,biān,197,3573,515,2445,1592,68.14498624128514,190.38146787468585,144.31441824336008,148.11860295745294,178.1236818344054,"knit, weave"
屯,tún,197,1085,262,1438,805,68.14498624128514,57.81245246124661,73.41820889273852,87.11433580892324,90.06882153058815,"village, hamlet"
勒,lēi,196,1422,225,1477,838,67.79907260554256,75.76894691234348,63.049988552924304,89.47696383155746,93.76108377966817,"strangle, tighten"
务,wù,196,958,248,762,384,67.79907260554256,51.04546493813295,69.4950984938899,46.16211674993012,42.96450617111286,"affairs, business"
组,zǔ,196,735,144,952,287,67.79907260554256,39.163274247941246,40.35199267387155,57.67235583455837,32.11149289351404,class
犀,xī,196,1548,247,895,804,67.79907260554256,82.48265106913341,69.21487632254356,54.21928410916989,89.95693479576754,rhinoceros
湲,yuán,196,600,114,741,234,67.79907260554256,31.970019794237757,31.945327533481645,44.88993243005016,26.1814959480219,flow
蔬,shū,195,2077,248,1119,507,67.4531589698,110.66955185438636,69.4950984938899,67.78925018788951,56.726574554047446,"vegetables, greens"
篁,huáng,194,1205,238,956,514,67.10724533405745,64.20645642009416,66.69287678042659,57.91467665739264,57.50978169779169,bamboo grove
澜,lán,194,1779,250,1349,952,67.10724533405745,94.79110868991495,70.05554283658256,81.72269750086053,106.51617154921729,overflowing
特,tè,193,2855,357,1544,1004,66.76133169831489,152.12401085424798,100.0393151706399,93.53583761403164,112.33428175988882,"special, unique, distinguished"
浆,jiāng,193,1236,359,1338,595,66.76133169831489,65.85824077612978,100.59975951333254,81.05631523806628,66.57260721826081,any thick fluid
蕃,fān,193,787,136,657,275,66.76133169831489,41.934009296775194,38.11021530310091,39.8011951505303,30.76885207566676,foreign things
梢,shāo,193,3015,472,1181,1053,66.76133169831489,160.64934946604473,132.26486487546788,71.54522294182082,117.81673176609854,pointed tip of something long like a branch
祀,sì,192,1470,260,1223,598,66.41541806257231,78.32654849588249,72.85776455004586,74.08959158158076,66.90826742272263,"to sacrifice, worship"
冕,miǎn,192,1191,148,945,194,66.41541806257231,63.46048929156194,41.47288135925687,57.248294394598375,21.706026555197642,crown
蟠,pán,192,2269,562,1715,775,66.41541806257231,120.89995818854246,157.48486029663758,103.89505279019706,86.71221948596995,coil
棱,léng,192,1403,238,844,740,66.41541806257231,74.75656295219262,66.69287678042659,51.12969361803284,82.79618376724875,squared timber
恼,nǎo,192,2180,338,1079,1120,66.41541806257231,116.15773858573051,94.71509391505961,65.36604195954672,125.31314299907918,"angered, filled with hate"
倏,shū,192,1084,252,1749,760,66.41541806257231,57.75916909492288,70.61598717927521,105.95477978428843,85.03391846366087,"hastily, suddenly, abruptly"
骢,cōng,192,507,329,1726,572,66.41541806257231,27.014666726130905,92.19309437294265,104.56143505299131,63.99921231738686,horse with a bluish white color
峻,jùn,192,1045,158,801,404,66.41541806257231,55.68111780829742,44.27510307272018,48.52474477256434,45.202240867524985,"high, steep, towering"
掖,yē,191,586,106,629,150,66.06950442682975,31.224052665705543,29.703550162711004,38.10494939069035,16.78301022309096,support with the arms
匡,kuāng,190,477,264,1955,575,65.72359079108719,25.416165736419018,73.97865323543118,118.4343021602538,64.33487252184868,"correct, restore, revise"
蓝,lán,190,1440,267,1063,745,65.72359079108719,76.72804750617061,74.81931974947017,64.3967586682096,83.35561744135177,blue
霸,bà,190,739,173,978,751,65.72359079108719,39.37640771323617,48.47843564291512,59.24744118298118,84.02693785027542,rule by might rather than right
薇,wēi,190,1482,430,2112,759,65.72359079108719,78.96594889176725,120.495533678922,127.94539445649923,84.92203172884025,"Osmunda regalis, a species of fern"
崩,bēng,190,566,167,726,417,65.72359079108719,30.15838533923095,46.797102614837144,43.981229344421614,46.65676842019287,"rupture, split apart, collapse"
污,wū,190,1839,345,910,565,65.72359079108719,97.98811066933872,96.67664911448394,55.127987194798436,63.216005173642614,"filthy, dirty, impure, polluted"
熏,xūn,190,1285,163,600,740,65.72359079108719,68.46912572599253,45.676213929451826,36.34812342514183,82.79618376724875,"smoke, fog, vapor"
眷,juàn,190,1364,269,1517,635,65.72359079108719,72.67851166556716,75.37976409216283,91.90017205990024,71.04807661108507,"take interest in, care for"
眇,miǎo,189,877,128,490,123,65.37767715534463,46.729512265910856,35.86843793233027,29.68430079719916,13.762068382934586,blind in one eye
缠,chán,189,1339,330,1178,1105,65.37767715534463,71.34642750747392,92.47331654428898,71.36348232469511,123.63484197677009,"wrap, wind around"
廷,tíng,189,1858,386,1857,649,65.37767715534463,99.00049462948958,108.16575813968348,112.49744200081395,72.61449089857356,court
蚁,yǐ,189,2094,388,1172,794,65.37767715534463,111.57536908188976,108.72620248237612,71.0000010904437,88.83806744756149,ants
痛,tòng,188,2049,309,1429,1622,65.03176351960205,109.17761759732193,86.58865094601603,86.56911395754612,181.4802838790236,"pain, ache"
纳,nà,188,1610,285,1214,592,65.03176351960205,85.78621978120465,79.86331883370411,73.54436973020363,66.23694701379898,"admit, take, receive, accept"
截,jié,188,996,178,585,359,65.03176351960205,53.07023285843467,49.87954649964678,35.43942033951328,40.1673378005977,"cut off, stop, obstruct, intersect"
亚,yà,188,649,121,559,688,65.03176351960205,34.58090474410051,33.90688273290596,33.86433499109047,76.9780735565772,Asia
域,yù,188,1004,272,1296,623,65.03176351960205,53.49649978902451,76.22043060620182,78.51194659830635,69.70543579323778,"district, region, boundary"
摩,mó,188,3861,548,2344,2051,65.03176351960205,205.72707737591998,153.56174989778896,142.0000021808874,229.47969311706373,"rub, scour, grind"
鹏,péng,188,1326,247,1232,406,65.03176351960205,70.65374374526543,69.21487632254356,74.63481343295788,45.4260143371662,fabulous bird of enormous size
肩,jiān,187,2353,320,1566,1419,64.68584988385949,125.37576095973573,89.67109483082568,94.86860213962018,158.76727671044048,shoulders
禾,hé,187,1679,323,1573,693,64.68584988385949,89.46277205754198,90.51176134486467,95.29266357958015,77.53750723068025,grain still on stalk
靡,mí,187,1236,355,1930,590,64.68584988385949,65.85824077612978,99.47887082794723,116.91979701753954,66.01317354415778,"divide, disperse, scatter"
牡,mǔ,186,988,183,714,375,64.33993624811694,52.64396592784484,51.280657356378434,43.25426687591877,41.9575255577274,male of animals
婵,chán,186,690,175,572,545,64.33993624811694,36.76552276337342,49.038879985607785,34.651877665301875,60.97827047723049,"beautiful, lovely, pretty, graceful"
朵,duǒ,186,1104,296,1415,871,64.33993624811694,58.82483642139747,82.94576271851373,85.72099107762615,97.45334602874819,cluster of flowers
仞,rèn,186,1189,237,1628,455,64.33993624811694,63.35392255891449,66.41265460908026,98.62457489355148,50.90846434337591,ancient unit of measure (8 feet)
像,xiàng,186,2072,295,1034,648,64.33993624811694,110.40313502276771,82.66554054716742,62.639932702661085,72.50260416375295,"a picture, image, figure"
噪,zào,186,894,103,501,399,64.33993624811694,47.635329493414254,28.86288364867201,30.350683059993425,44.64280719342196,be noisy
拨,bō,185,1555,231,754,776,63.99402261237437,82.85563463339952,64.73132158100228,45.67747510426157,86.82410622079057,move
刃,rèn,185,778,141,449,285,63.99402261237437,41.45445899986162,39.511326159832564,27.200512363147798,31.887719423872824,"edged tool, cutlery, knife edge"
徘,pái,185,2161,439,2578,1278,63.99402261237437,115.14535462557964,123.01753322103897,156.1757703166927,142.99124710073497,"walk back and forth, hesitate"
栋,dòng,185,1475,281,1110,372,63.99402261237437,78.59296532750115,78.74243014831879,67.24402833651239,41.62186535326558,main beams supporting house
胆,dǎn,184,1744,297,1263,983,63.648108976631804,92.9261908685844,83.22598488986007,76.51279980992355,109.98466032865609,gall bladder
敷,fū,184,1061,230,1155,372,63.648108976631804,56.533651669477095,64.45109940965595,69.97013759339802,41.62186535326558,"spread, diffuse"
煌,huáng,184,1369,320,1305,457,63.648108976631804,72.9449284971858,89.67109483082568,79.05716844968347,51.13223781301713,"bright, shining, luminous"
俄,é,184,2050,289,1402,526,63.648108976631804,109.23090096364565,80.98420751908944,84.93344840341473,58.85242251563897,"sudden(ly), soon"
贡,gòng,183,1117,293,1237,504,63.30219534088924,59.51752018360595,82.10509620447475,74.93771446150073,56.39091434958563,offer tribute
费,fèi,183,3224,316,1411,1802,63.30219534088924,171.7855730277042,88.55020614544036,85.47867025479187,201.61989614673274,"expenses, expenditures, fee"
缄,jiān,183,823,180,1199,631,63.30219534088924,43.852210484429456,50.43999084233944,72.63566664457508,70.60052967180265,"seal, close"
捲,juǎn,182,1687,439,2297,1105,62.95628170514667,89.88903898813182,123.01753322103897,139.15273251258463,123.63484197677009,"curl, roll up"
筝,zhēng,182,497,206,742,1065,62.95628170514667,26.481833062893607,57.72576729734402,44.95051263575873,119.15937258394582,stringed musical instrument
惯,guàn,182,1671,232,1352,1793,62.95628170514667,89.03650512695215,65.01154375234862,81.90443811798625,200.6129155333473,"habit, custom"
蔼,ǎi,182,1105,243,1346,193,62.95628170514667,58.8781197877212,68.09398763715824,81.54095688373482,21.594139820377034,lush
薪,xīn,182,1612,246,1165,741,62.95628170514667,85.8927865138521,68.93465415119724,70.57593965048372,82.90807050206935,"fuel, firewood"
貂,diāo,182,1533,336,1333,532,62.95628170514667,81.68340057427747,94.15464957236696,80.75341420952343,59.523742924562605,"marten, sable, mink"
惬,qiè,182,797,129,1017,336,62.95628170514667,42.466842960012485,36.148660103676605,61.6100692056154,37.59394289972375,"be satisfied, be comfortable"
骏,jùn,181,878,274,1523,418,62.61036806940411,46.78279563223458,76.78087494889448,92.26365329415167,46.76865515501348,"excellent horse, noble steed"
莓,méi,181,577,126,592,278,62.61036806940411,30.744502368791974,35.307993589637604,35.86348177947327,31.10451228012858,moss
冈,gāng,181,1768,589,2149,980,62.61036806940411,94.20499166035393,165.0508589229885,130.1868620677163,109.64900012419429,ridge or crest of hill
叔,shū,181,1569,203,1354,664,62.61036806940411,83.60160176193173,56.885100783305035,82.0255985294034,74.29279192088265,father's younger brother
帽,mào,181,2461,574,1600,1256,62.61036806940411,131.13036452269853,160.84752635279355,96.92832913371154,140.52973893468163,"hat, cap"
辙,zhé,181,1284,202,1151,539,62.61036806940411,68.4158423596688,56.6048786119587,69.72781677056375,60.306950068306854,"wagon ruts, wheel tracks"
盏,zhǎn,180,1546,134,762,627,62.26445443366154,82.37608433648596,37.549770960408246,46.16211674993012,70.15298273252021,small cup or container
羌,qiāng,180,941,115,731,413,62.26445443366154,50.139647710629546,32.225549704827976,44.284130372964455,46.20922148091044,Qiang nationality
筹,chóu,180,1403,275,1718,1127,62.26445443366154,74.75656295219262,77.06109712024082,104.07679340732277,126.09635014282343,"chip, tally, token"
埽,sào,179,315,81,178,152,61.91854079791898,16.784260391974822,22.697995879052748,10.78327661612541,17.00678369273217,broom
焰,yàn,179,891,191,626,427,61.91854079791898,47.47547939444307,53.522434727149076,37.92320877356464,47.775635768398935,"flame, blaze"
藜,lí,179,2775,486,2348,451,61.91854079791898,147.8613415483496,136.18797527431647,142.2423230037217,50.460917404093486,"Chenopodium album, pigweed"
灶,zào,179,1313,306,1182,563,61.91854079791898,69.96105998305696,85.74798443197705,71.6058031475294,62.9922317040014,"kitchen stove, cooking stove"
凰,huáng,178,1146,581,2487,526,61.572627162176424,61.06273780699411,162.80908155221786,150.66297159721287,58.85242251563897,female phoenix
札,zhá,178,637,101,856,343,61.572627162176424,33.94150434821575,28.30243930597935,51.85665608653567,38.37715004346799,"letter, note"
示,shì,178,1317,195,746,550,61.572627162176424,70.17419344835187,54.64332341253439,45.19283345859301,61.53770415133352,"show, manifest"
颂,sòng,177,1794,283,2070,696,61.22671352643386,95.59035918477089,79.30287449101147,125.40102581673929,77.87316743514207,"laud, acclaim"
煮,zhǔ,176,1983,482,1261,750,60.88079989069129,105.66091541995578,135.06708658893118,76.39163939850641,83.9150511154548,cook
贯,guàn,176,1603,323,993,601,60.88079989069129,85.41323621693854,90.51176134486467,60.15614426860972,67.24392762718445,a string of 1000 coins
盗,dào,176,1242,286,818,740,60.88079989069129,66.17794097407216,80.14354100505045,49.55460826961002,82.79618376724875,"rob, steal"
墓,mù,176,1090,334,1578,1221,60.88079989069129,58.07886929286526,93.59420522967429,95.595564608123,136.6137032159604,"grave, tomb"
狎,xiá,176,528,108,1011,383,60.88079989069129,28.133617418929227,30.263994505403666,61.24658797136398,42.85261943629225,be familiar with
逆,nì,175,1744,308,1287,658,60.53488625494873,92.9261908685844,86.30842877466972,77.96672474692923,73.62147151195902,"disobey, rebel"
箧,qiè,175,915,167,980,692,60.53488625494873,48.754280186212576,46.797102614837144,59.36860159439832,77.42562049585963,"rattan box, suitcase, or case"
释,shì,175,1544,199,858,506,60.53488625494873,82.2695176038385,55.76421209791972,51.977816497952816,56.61468781922684,"interpret, elucidate"
臾,yú,175,1302,252,1193,630,60.53488625494873,69.37494295349593,70.61598717927521,72.27218541032367,70.48864293698203,"moment, instant, short while"
申,shēn,175,1177,182,1061,734,60.53488625494873,62.71452216302973,51.0004351850321,64.27559825679248,82.1248633583251,"to state to a superior, report"
妄,wàng,175,1852,196,507,524,60.53488625494873,98.68079443154721,54.923545583880724,30.714164294244846,58.628649045997754,"absurd, foolish, reckless"
顽,wán,175,1559,238,899,707,60.53488625494873,83.06876809869445,66.69287678042659,54.46160493200417,79.10392151816873,"obstinate, stubborn"
诵,sòng,175,2571,358,1906,917,60.53488625494873,136.99153481830876,100.31953734198622,115.46587208053387,102.60013583049607,"recite, chant, repeat"
泻,xiè,175,1491,352,1373,1021,60.53488625494873,79.44549918868083,98.63820431390823,83.17662243786621,114.23635625183914,"drain off, leak"
牖,yǒu,174,1090,236,1111,541,60.18897261920616,58.07886929286526,66.13243243773394,67.30460854222095,60.53072353794806,window
涵,hán,174,1773,413,1679,513,60.18897261920616,94.47140849197257,115.73175676603438,101.71416538468856,57.39789496297109,"soak, wet"
粗,cū,174,1818,177,681,580,60.18897261920616,96.86915997654039,49.59932432830045,41.25512008753598,64.89430619595171,"rough, thick, course"
樱,yīng,174,655,139,458,728,60.18897261920616,34.90060494204288,38.9508818171399,27.74573421452493,81.45354294940145,"cherry, cherry blossom"
践,jiàn,174,911,133,575,354,60.18897261920616,48.54114672091766,37.26954878906192,34.83361828242759,39.60790412649467,"trample, tread upon, walk on"
米,mǐ,174,2570,451,1503,1269,60.18897261920616,136.93825145198505,126.38019927719495,91.05204917998027,141.98426648734952,hulled or husked uncooked rice
循,xún,174,1832,320,1642,941,60.18897261920616,97.6151271050726,89.67109483082568,99.47269777347147,105.28541746619062,"obey, comply with, follow"
婴,yīng,174,864,305,709,326,60.18897261920616,46.03682850370237,85.46776226063072,42.95136584737593,36.47507555151768,"baby, infant"
扣,kòu,174,1180,225,1023,375,60.18897261920616,62.874372262000925,63.049988552924304,61.97355043986682,41.9575255577274,"knock, strike, rap, tap"
銮,luán,173,789,210,1020,255,59.8430589834636,42.04057602942265,58.84665598272935,61.79180982274111,28.531117379254635,bells hung on horse
飖,yáo,173,196,53,352,92,59.8430589834636,10.443539799450999,14.851775081355502,21.32423240941654,10.29357960349579,"floating in air, drifting with wind"
按,àn,173,1296,352,1292,823,59.8430589834636,69.05524275555355,98.63820431390823,78.26962577547206,92.08278275735907,"put hand on, press down with hand"
峭,qiào,173,1210,137,746,1122,59.8430589834636,64.4728732517128,38.39043747444724,45.19283345859301,125.53691646872039,"steep, precipitous, rugged"
萼,è,173,1372,245,1017,750,59.8430589834636,73.104778596157,68.65443197985091,61.6100692056154,83.9150511154548,the stem and calyx of a flower
匪,fěi,172,1505,365,2088,582,59.49714534772104,80.19146631721304,102.28109254141053,126.49146951949355,65.11807966559293,"bandits, robbers, gangsters"
腻,nì,172,482,114,383,683,59.49714534772104,25.682582568037663,31.945327533481645,23.2022187863822,76.41863988247417,"greasy, oily, dirty"
突,tū,172,1715,278,1200,870,59.49714534772104,91.38097324519624,77.9017636342798,72.69624685028366,97.34145929392757,"suddenly, abruptly, unexpectedly"
震,zhèn,172,1351,297,1111,701,59.49714534772104,71.98582790335868,83.22598488986007,67.30460854222095,78.43260110924508,"shake, quake, tremor"
灼,zhuó,172,658,162,867,379,59.49714534772104,35.06045504101407,45.395991758105495,52.523038349329944,42.405072497009826,burn
犯,fàn,172,1273,115,494,308,59.49714534772104,67.82972533010778,32.225549704827976,29.926621620033437,34.461114324746774,"commit crime, violate"
傥,tǎng,171,1925,167,471,655,59.151231711978475,102.57048017317948,46.797102614837144,28.533276888736335,73.28581130749718,"if, supposing, in case"
逶,wēi,171,313,97,688,207,59.151231711978475,16.67769365932736,27.18155062059403,41.67918152749596,23.160554107865526,"winding, curving"
漱,shù,171,924,147,687,297,59.151231711978475,49.23383048312614,41.19265918791054,41.618601321787395,33.2303602417201,"gargle, rinse"
谣,yáo,171,881,132,716,308,59.151231711978475,46.94264573120577,36.98932661771559,43.37542728733592,34.461114324746774,sing
琐,suǒ,171,1116,235,1130,678,59.151231711978475,59.46423681728223,65.8522102663876,68.45563245068378,75.85920620837115,"trifling, petty"
曛,xūn,171,503,151,965,548,59.151231711978475,26.801533260835985,42.31354787329586,58.45989850876977,61.313930681692305,twilight
帛,bó,171,723,215,821,361,59.151231711978475,38.5238738520565,60.247766839461,49.73634888673573,40.391111270238916,"silks, fabrics"
褐,hè,171,1157,187,741,246,59.151231711978475,61.648854836555145,52.40154604176375,44.88993243005016,27.524136765869173,coarse woolen cloth
疆,jiāng,170,1201,184,1260,828,58.805318076235906,63.99332295479924,51.56087952772476,76.33105919279784,92.6422164314621,"boundary, border, frontier"
钧,jūn,170,1832,264,983,432,58.805318076235906,97.6151271050726,73.97865323543118,59.550342211524026,48.33506944250196,unit of measure equivalent to thirty catties
荧,yíng,170,817,164,726,396,58.805318076235906,43.53251028648708,45.95643610079816,43.981229344421614,44.307146988960135,"shine, shimmer"
纡,yū,170,999,254,1203,496,58.805318076235906,53.23008295740586,71.17643152196788,72.87798746740937,55.49582047102078,"bend, turn, twist"
鼙,pí,170,433,115,468,367,58.805318076235906,23.071697618174912,32.225549704827976,28.351536271610623,41.06243167916255,drum carried on horseback
涩,sè,169,824,130,587,447,58.45940444049334,43.90549385075319,36.42888227502293,35.56058075093043,50.01337046481106,astringent
茗,míng,169,1621,245,1336,1038,58.45940444049334,86.37233681076567,68.65443197985091,80.93515482664914,116.13843074378946,tea
范,fàn,169,1646,246,1432,658,58.45940444049334,87.70442096885891,68.93465415119724,86.75085457467183,73.62147151195902,surname
瓮,wèng,169,2008,416,1478,694,58.45940444049334,106.99299957804902,116.57242328007337,89.53754403726603,77.64939396550085,earthen jar
斩,zhǎn,169,801,179,641,370,58.45940444049334,42.6799764253074,50.15976867099311,38.831911859193184,41.398091883624375,"cut, chop, sever"
鳌,áo,168,1573,404,1619,608,58.113490804750775,83.81473522722665,113.2097572239174,98.07935304217436,68.02713477092868,huge sea turtle
狱,yù,168,743,110,562,392,58.113490804750775,39.589541178531086,30.824438848096325,34.04607560821618,43.85960004967771,"prison, jail"
沽,gū,168,1343,391,1411,743,58.113490804750775,71.55956097276885,109.56686899641512,85.47867025479187,83.13184397171055,buy and sell
惧,jù,168,659,130,522,312,58.113490804750775,35.1137384073378,36.42888227502293,31.622867379873387,34.9086612640292,"fear, be afraid of, dread"
蕉,jiāo,168,1075,200,1342,1433,58.113490804750775,57.27961879800931,56.04443426926604,81.29863606090056,160.33369099792898,banana
恭,gōng,168,986,122,746,281,58.113490804750775,52.53739919519738,34.18710490425229,45.19283345859301,31.440172484590395,"respectful, polite, reverent"
患,huàn,167,1815,234,832,825,57.76757716900821,96.70930987756921,65.57198809504126,50.40273114953,92.30655622700029,"suffer, worry about"
谬,miù,167,617,96,484,245,57.76757716900821,32.875837021741155,26.9013284492477,29.32081956294774,27.412250031048572,"error, exaggeration"
霖,lín,167,1680,237,1403,447,57.76757716900821,89.51605542386572,66.41265460908026,84.9940286091233,50.01337046481106,"long spell of rain, copious rain"
俨,yǎn,167,1024,169,1042,453,57.76757716900821,54.5621671154991,47.357546957529806,63.12457434832964,50.6846908737347,"grave, respectful, majestic"
饵,ěr,167,839,100,656,281,57.76757716900821,44.70474434560913,28.02221713463302,39.74061494482173,31.440172484590395,bait
湛,zhàn,167,1685,513,1401,354,57.76757716900821,89.78247225548436,143.7539739006674,84.87286819770615,39.60790412649467,deep
浔,xún,167,283,99,791,274,57.76757716900821,15.079192669615475,27.74199496328669,47.91894271547864,30.656965340846153,steep bank by stream
吉,jí,167,1450,186,871,578,57.76757716900821,77.26088116940791,52.12132387041742,52.76535917216422,64.6705327263105,"lucky, propitious, good"
抵,dǐ,167,1345,187,660,1035,57.76757716900821,71.6661277054163,52.40154604176375,39.98293576765601,115.80277053932762,"resist, oppose"
悦,yuè,166,971,234,964,471,57.42166353326565,51.73814870034143,65.57198809504126,58.3993183030612,52.69865210050561,"pleased, contented, gratified"
绡,xiāo,166,1108,297,1007,1127,57.42166353326565,59.03796988669239,83.22598488986007,61.0042671485297,126.09635014282343,raw silk fabric
莽,mǎng,166,1638,307,1904,1565,57.42166353326565,87.27815403826908,86.02820660332338,115.34471166911673,175.10273999424902,"thicket, underbrush"
熊,xióng,166,1097,198,1185,577,57.42166353326565,58.451852857131364,55.48398992657338,71.78754376465511,64.55864599148988,a bear
序,xù,166,1380,300,1653,727,57.42166353326565,73.53104552674684,84.06665140389907,100.13908003626574,81.34165621458085,"series, serial order, sequence"
获,huò,166,1385,239,1018,601,57.42166353326565,73.7974623583655,66.97309895177293,61.670649411323964,67.24392762718445,"obtain, get, receive"
匀,yún,166,1143,185,652,618,57.42166353326565,60.902887708022924,51.841101699071096,39.498294121987456,69.14600211913476,equal
寡,guǎ,165,1029,254,1361,621,57.07574989752308,54.82858394711775,71.17643152196788,82.44965996936338,69.48166232359658,widowed
徽,huī,165,791,134,694,400,57.07574989752308,42.147142762070104,37.549770960408246,42.04266276174738,44.75469392824257,"a badge, insignia"
溢,yì,165,953,149,768,277,57.07574989752308,50.779048106514296,41.753103530603205,46.52559798418154,30.992625545307973,"overflow, brim over"
翘,qiào,165,731,118,1148,561,57.07574989752308,38.950140782646336,33.06621621886697,69.54607615343804,62.768458234360196,"turn up, lift, elevate, raise"
屿,yǔ,165,497,163,848,529,57.07574989752308,26.481833062893607,45.676213929451826,51.37201444086712,59.18808272010079,island
怆,chuàng,164,695,172,910,549,56.72983626178052,37.03193959499207,48.1982134715688,55.127987194798436,61.42581741651291,"sad, broken-hearted, disconsolate"
附,fù,164,1174,183,1169,724,56.72983626178052,62.554672064058536,51.280657356378434,70.81826047331799,81.00599601011903,"adhere to, append"
畦,qí,164,1736,258,917,588,56.72983626178052,92.49992393799458,72.29732020735321,55.55204863475842,65.78940007451656,sections in vegetable farm
闇,àn,164,274,29,156,116,56.72983626178052,14.599642372701908,8.126442969043577,9.450512090536876,12.978861239190342,"close, shut"
沿,yán,164,652,142,1102,726,56.72983626178052,34.74075484307169,39.79154833117889,66.75938669084381,81.22976947976025,"follow a course, go along"
葱,cōng,164,1382,194,1218,635,56.72983626178052,73.63761225939429,54.36310124118806,73.7866905530379,71.04807661108507,"scallions, leeks, green onions"
鹄,gǔ,164,1570,423,1907,518,56.72983626178052,83.65488512825546,118.53397847949769,115.52645228624245,57.95732863707412,target
仓,cāng,164,1434,281,1094,1035,56.72983626178052,76.40834730822824,78.74243014831879,66.27474504517527,115.80277053932762,granary
铭,míng,163,1337,179,1124,662,56.38392262603796,71.23986077482647,50.15976867099311,68.09215121643236,74.06901845124145,"inscribe, engrave"
凶,xiōng,163,972,180,697,394,56.38392262603796,51.791432066665166,50.43999084233944,42.22440337887309,44.08337351931892,culprit
油,yóu,163,1270,149,834,522,56.38392262603796,67.66987523113659,41.753103530603205,50.523891560947135,58.40487557635654,"oil, fat, grease, lard"
琅,láng,163,1690,471,2340,972,56.38392262603796,90.04888908710302,131.98464270412154,141.75768135805313,108.75390624562942,a variety of white carnelian
筋,jīn,163,867,146,509,314,56.38392262603796,46.19667860267356,40.91243701656421,30.835324705661982,35.13243473367041,muscles
黎,lí,163,1093,217,1255,690,56.38392262603796,58.23871939183645,60.808211182153656,76.02815816425499,77.20184702621842,surname
帏,wéi,163,675,157,915,723,56.38392262603796,35.96627226851747,43.99488090137385,55.43088822334129,80.89410927529843,curtain that forms wall
揖,yī,163,1057,165,1110,455,56.38392262603796,56.32051820418218,46.23665827214449,67.24402833651239,50.90846434337591,"salute, bow"
秩,zhì,162,694,165,784,206,56.038008990295396,36.97865622866834,46.23665827214449,47.49488127551866,23.048667373044918,order
藩,fān,162,1139,232,1286,528,56.038008990295396,60.68975424272801,65.01154375234862,77.90614454122066,59.07619598528019,fence
讶,yà,162,850,211,1757,741,56.038008990295396,45.29086137517015,59.126878154075676,106.439421429957,82.90807050206935,"express surprise, be surprised"
拍,pāi,162,2190,370,1171,1060,56.038008990295396,116.69057224896781,103.68220339814219,70.93942088473514,118.59993890984279,"clap, tap, beat"
衲,nà,161,2071,228,983,265,55.692095354552826,110.34985165644399,63.89065506696329,59.550342211524026,29.649984727460698,"mend, sew, patch"
骥,jì,161,1396,188,1067,394,55.692095354552826,74.3835793879265,52.68176821311008,64.63907949104387,44.08337351931892,thoroughbred horse
沐,mù,161,1133,215,1477,634,55.692095354552826,60.370054044785626,60.247766839461,89.47696383155746,70.93618987626446,"bathe, cleanse, wash, shampoo"
啭,zhuàn,161,529,82,534,337,55.692095354552826,28.186900785252956,22.97821805039908,32.349829848376224,37.70582963454436,"sing, chirp, warble, twitter"
溅,jiàn,161,978,144,631,547,55.692095354552826,52.11113226460754,40.35199267387155,38.22610980210749,61.2020439468717,"sprinkle, spray"
娘,niáng,161,714,217,797,1339,55.692095354552826,38.04432355514293,60.808211182153656,48.28242394973006,149.81633792479198,mother
麝,shè,161,703,119,351,614,55.692095354552826,37.4582065255819,33.346438390213294,21.263652203707966,68.69845517985233,musk deer
屐,jī,161,2040,344,1876,1554,55.692095354552826,108.69806730040837,96.3964269431376,113.64846590927678,173.87198591122234,"wooden shoes, clogs"
猜,cāi,160,962,204,947,833,55.346181718810264,51.25859840342787,57.165322954651366,57.36945480601552,93.20165010556514,"guess, conjecture, suppose"
捣,dǎo,160,675,191,693,446,55.346181718810264,35.96627226851747,53.522434727149076,41.98208255603881,49.90148372999045,hull
样,yàng,160,2361,255,1041,2363,55.346181718810264,125.80202789032558,71.45665369331421,63.06399414262106,264.38835438109294,"shape, form, pattern, style"
珑,lóng,160,1083,296,743,1040,55.346181718810264,57.70588572859915,82.94576271851373,45.011092841467296,116.36220421343067,a gem cut like dragon
榭,xiè,159,809,121,821,713,55.0002680830677,43.10624335589724,33.90688273290596,49.73634888673573,79.77524192709237,"kiosk, pavilion"
汾,fén,159,582,141,623,288,55.0002680830677,31.010919200410623,39.511326159832564,37.741468156438934,32.22337962833465,river in Shanxi province
轴,zhóu,159,1455,222,998,533,55.0002680830677,77.52729800102655,62.209322038885304,60.45904529715257,59.63562965938321,"axle, axletree"
溜,liū,159,1249,215,726,623,55.0002680830677,66.55092453833826,60.247766839461,43.981229344421614,69.70543579323778,"slide, glide, slip"
剧,jù,159,1711,226,1583,952,55.0002680830677,91.16783977990133,63.33021072427063,95.89846563666586,106.51617154921729,"theatrical plays, opera, drama"
蔡,cài,158,985,166,610,313,54.65435444732514,52.48411582887365,46.51688044349082,36.953925482227525,35.0205479988498,surname
眺,tiào,158,747,185,1785,896,54.65435444732514,39.802674643826,51.841101699071096,108.13566718979693,100.25051439926334,"look at, gaze at, scan, survey"
崙,lún,158,696,200,768,111,54.65435444732514,37.08522296131579,56.04443426926604,46.52559798418154,12.419427565087311,Kunlun mountains in Jiangsu
葭,jiā,158,753,172,1313,515,54.65435444732514,40.122374841768384,48.1982134715688,79.54181009535203,57.621668432612296,"bulrush, reed"
慎,shèn,158,957,365,1449,690,54.65435444732514,50.99218157180922,102.28109254141053,87.78071807171752,77.20184702621842,"act with care, be cautious"
盐,yán,158,1772,311,1153,673,54.65435444732514,94.41812512564883,87.14909528870871,69.84897718198089,75.29977253426812,salt
测,cè,158,821,228,748,447,54.65435444732514,43.74564375178199,63.89065506696329,45.313993870010144,50.01337046481106,"measure, estimate, conjecture"
豆,dòu,158,1661,256,1327,1806,54.65435444732514,88.50367146371487,71.73687586466053,80.389932975272,202.06744308601517,"beans, peas"
蜡,là,157,1484,195,864,977,54.30844081158257,79.0725156244147,54.64332341253439,52.34129773220423,109.31333991973246,wax
贮,zhù,157,1261,243,880,612,54.30844081158257,67.19032493422301,68.09398763715824,53.310581023541346,68.47468171021112,"store, stockpile, hoard"
穹,qióng,157,1273,344,1314,522,54.30844081158257,67.82972533010778,96.3964269431376,79.6023903010606,58.40487557635654,high and vast
醪,láo,157,1566,251,1330,522,54.30844081158257,83.44175166296054,70.33576500792888,80.57167359239772,58.40487557635654,"unclear wine, wine with dregs"
乏,fá,157,1294,204,990,422,54.30844081158257,68.94867602290608,57.165322954651366,59.97440365148402,47.2162020942959,lack
砚,yàn,157,1652,347,999,1116,54.30844081158257,88.0241211668013,97.23709345717658,60.519625502861146,124.86559605979676,inkstone
勇,yǒng,157,1861,256,772,585,54.30844081158257,99.16034472846077,71.73687586466053,46.76791880701582,65.45373987005475,"brave, courageous, fierce"
俊,jùn,157,1628,379,1306,853,54.30844081158257,86.74532037503177,106.20420294025915,79.11774865539205,95.43938480197725,"talented, capable"
湾,wān,156,1235,298,1740,1171,53.96252717584001,65.80495740980605,83.50620706120641,105.4095579329113,131.01936647493008,"bay, cove, inlet, bend of stream"
刚,gāng,156,2082,332,1400,1456,53.96252717584001,110.93596868600501,93.03376088698164,84.81228799199761,162.9070858988029,"hard, tough, rigid, strong"
峦,luán,156,1328,293,1706,986,53.96252717584001,70.76031047791291,82.10509620447475,103.34983093881992,110.32032053311791,mountain range
基,jī,155,1288,262,698,317,53.61661354009745,68.62897582496372,73.41820889273852,42.28498358458166,35.46809493813223,"foundation, base"
削,xuē,155,971,281,1153,720,53.61661354009745,51.73814870034143,78.74243014831879,69.84897718198089,80.55844907083662,"scrape off, pare, trim"
豹,bào,155,1333,423,1534,632,53.61661354009745,71.02672730953155,118.53397847949769,92.93003555694594,70.71241640662325,"leopard, panther"
涌,yǒng,155,1592,427,1421,799,53.61661354009745,84.82711918737752,119.65486716488302,86.08447231187756,89.39750112166452,"surge up, bubble up, gush forth"
榴,liú,155,922,167,834,523,53.61661354009745,49.12726375047868,46.797102614837144,50.523891560947135,58.516762311177146,pomegranate
焦,jiāo,155,1347,258,930,848,53.61661354009745,71.77269443806377,72.29732020735321,56.33959130896983,94.87995112787422,"burned, scorched"
割,gē,155,1106,221,1078,745,53.61661354009745,58.93140315404493,61.92909986753899,65.30546175383816,83.35561744135177,"cut, divide, partition"
樯,qiáng,155,942,172,999,614,53.61661354009745,50.19293107695328,48.1982134715688,60.519625502861146,68.69845517985233,"mast, yard-arm, boom"
互,hù,154,1222,256,1320,935,53.27069990435488,65.11227364759756,71.73687586466053,79.96587153531202,104.61409705726699,"mutually, reciprocally"
吁,xū,154,1240,317,1475,1074,53.27069990435488,66.0713742414247,88.83042831678668,89.35580342014033,120.16635319733128,interjection 'Alas!'
蹑,niè,154,841,161,990,453,53.27069990435488,44.81131107825659,45.115769586759164,59.97440365148402,50.6846908737347,"tread, step on"
丑,chǒu,154,1338,218,641,552,53.27069990435488,71.2931441411502,61.08843335349999,38.831911859193184,61.76147762097473,"clown, comedian"
滟,yàn,154,1063,228,681,362,53.27069990435488,56.64021840212456,63.89065506696329,41.25512008753598,40.50299800505952,"overflowing, billowing"
椒,jiāo,154,1200,218,1137,604,53.27069990435488,63.940039588475514,61.08843335349999,68.87969389064376,67.57958783164628,"pepper, spices"
艺,yì,154,1085,244,935,496,53.27069990435488,57.81245246124661,68.37420980850457,56.642492337512685,55.49582047102078,art
筠,yún,154,1290,214,792,466,53.27069990435488,68.73554255761117,59.96754466811467,47.97952292118721,52.139218426402586,bamboo skin
麋,mí,153,613,196,841,315,52.924786268612316,32.662703556446246,54.923545583880724,50.947953000907134,35.244321468491016,"Père David's deer, milu, elaphure (Elaphurus davidianus)"
淅,xī,153,630,117,579,300,52.924786268612316,33.568520783949644,32.78599404752063,35.07593910526186,33.56602044618192,water used wash rice
雠,chóu,153,742,106,508,197,52.924786268612316,39.53625781220735,29.703550162711004,30.774744499953414,22.04168675965946,"enemy, rival, opponent"
恰,qià,153,2561,346,1334,1873,52.924786268612316,136.45870115507148,96.95687128583025,80.813994415232,209.5638543189958,"just, exactly, precisely"
跳,tiào,153,1314,252,621,537,52.924786268612316,70.0143433493807,70.61598717927521,37.62030774502179,60.08317659866564,"jump, leap, vault, bounce"
壤,rǎng,153,1647,342,1216,528,52.924786268612316,87.75770433518264,95.83598260044494,73.66553014162076,59.07619598528019,"soil, loam, earth"
茸,rōng,153,942,166,776,496,52.924786268612316,50.19293107695328,46.51688044349082,47.01023962985009,55.49582047102078,"soft, downy"
汎,fàn,152,500,148,844,127,52.578872632869746,26.641683161864798,41.47288135925687,51.12969361803284,14.209615322217013,"float, drift"
斧,fǔ,152,1748,382,1572,754,52.578872632869746,93.13932433387933,107.04486945429815,95.23208337387159,84.36259805473723,"axe, hatchet"
洽,qià,152,458,91,757,193,52.578872632869746,24.40378177626815,25.50021759251605,45.85921572138727,21.594139820377034,"to blend with, be in harmony"
羲,xī,151,1424,269,1502,585,52.23295899712719,75.87551364499093,75.37976409216283,90.99146897427171,65.45373987005475,surname
幢,chuáng,151,700,152,597,303,52.23295899712719,37.29835642661072,42.5937700446422,36.16638280801612,33.90168065064374,carriage curtain
霰,xiàn,151,736,125,648,275,52.23295899712719,39.216557614264985,35.02777141829128,39.255973299153176,30.76885207566676,"hail, sleet"
阅,yuè,151,2380,367,1838,1279,52.23295899712719,126.81441185047643,102.84153688410319,111.34641809235113,143.10313383555558,"examine, inspect, review, read"
脂,zhī,151,1379,322,1228,1604,52.23295899712719,73.47776216042311,90.23153917351833,74.39249261012361,179.46632265225267,"fat, grease, lard"
锵,qiāng,151,706,153,468,130,52.23295899712719,37.61805662455309,42.87399221598852,28.351536271610623,14.545275526678834,"tinkle, clang, jingle"
隈,wēi,151,585,105,803,370,52.23295899712719,31.170769299381814,29.423327991364676,48.64590518398148,41.398091883624375,"cove, bay, inlet"
辔,pèi,150,1204,262,1287,449,51.88704536138462,64.15317305377043,73.41820889273852,77.96672474692923,50.23714393445228,"bridle of horse, reins"
旄,máo,150,567,129,884,261,51.88704536138462,30.21166870555468,36.148660103676605,53.552901846375626,29.20243778817827,a kind of ancient flag
拘,jū,150,1216,199,623,397,51.88704536138462,64.79257344965518,55.76421209791972,37.741468156438934,44.41903372378074,"restrain, seize, detain"
旱,hàn,150,1895,236,813,352,51.88704536138462,100.97197918346758,66.13243243773394,49.25170724106717,39.38413065685345,drought
籁,lài,150,1250,231,1393,783,51.88704536138462,66.60420790466199,64.73132158100228,84.38822655203761,87.60731336453482,bamboo flute
啾,jiū,150,542,123,738,390,51.88704536138462,28.87958454746144,34.46732707559862,44.70819181292445,43.6358265800365,wailing of child
龄,líng,149,1673,209,1293,471,51.54113172564206,89.1430718595996,58.566433811383014,78.33020598118064,52.69865210050561,age
闷,mèn,149,738,83,445,593,51.54113172564206,39.323124346912444,23.25844022174541,26.95819154031352,66.3488337486196,"gloomy, depressed, melancholy"
缥,piāo,149,1395,333,1625,998,51.54113172564206,74.33029602160278,93.31398305832798,98.44283427642578,111.66296135096519,light blue silk
墟,xū,149,1038,266,1249,567,51.54113172564206,55.308134244031315,74.53909757812384,75.66467693000358,63.43977864328383,high mound
廓,kuò,149,975,266,902,365,51.54113172564206,51.95128216563636,74.53909757812384,54.64334554912988,40.838658209521334,"broad, wide, open, empty"
淫,yín,149,863,200,780,384,51.54113172564206,45.98354513737864,56.04443426926604,47.25256045268438,42.96450617111286,"obscene, licentious, lewd"
饰,shì,149,688,94,552,338,51.54113172564206,36.65895603072596,26.34088410655504,33.44027355113048,37.817716369364966,"decorate, ornament, adorn"
蠹,dù,149,1188,159,691,473,51.54113172564206,63.30063919259075,44.5553252440665,41.86092214462167,52.92242557014683,moth
艇,tǐng,148,1407,293,1339,936,51.19521808989949,74.96969641748754,82.10509620447475,81.11689544377485,104.7259837920876,"small boat, dugout, punt"
雍,yōng,148,1249,222,1211,363,51.19521808989949,66.55092453833826,62.209322038885304,73.36262911307793,40.614884739880125,"harmony, union"
苇,wěi,148,1173,153,787,450,51.19521808989949,62.50138869773481,42.87399221598852,47.67662189264436,50.349030669272885,reed
怡,yí,148,966,239,1067,462,51.19521808989949,51.471731868722784,66.97309895177293,64.63907949104387,51.69167148712015,harmony
蛩,qióng,147,1021,173,679,970,50.849304454156936,54.40231701652792,48.47843564291512,41.133959676118835,108.5301327759882,"cricket, locust"
卓,zhuó,147,1199,210,1128,628,50.849304454156936,63.88675622215178,58.84665598272935,68.33447203926663,70.26486946734082,"profound, brilliant, lofty"
灾,zāi,147,720,173,463,511,50.849304454156936,38.364023753085306,48.47843564291512,28.048635243067775,57.17412149332987,"calamity, disaster, catastrophe"
匝,zā,147,795,136,649,433,50.849304454156936,42.36027622736503,38.11021530310091,39.316553504861744,48.44695617732257,full circle
畴,chóu,147,2125,338,1633,860,50.849304454156936,113.2271534379254,94.71509391505961,98.92747592209435,96.22259194572152,"farmland, arable land"
峤,jiào,147,740,118,1095,461,50.849304454156936,39.429691079559895,33.06621621886697,66.33532525088384,51.57978475229955,high pointed mountain
閒,xián,146,12119,2505,14618,5358,50.50339081841437,645.7411164772789,701.9565392225572,885.561447047872,599.4891251688092,leisure
骸,hái,146,1077,153,669,343,50.50339081841437,57.386185530656775,42.87399221598852,40.52815761903314,38.37715004346799,"skeleton, body"
奠,diàn,146,934,155,856,359,50.50339081841437,49.76666414636344,43.434436558681185,51.85665608653567,40.1673378005977,pay respect
黯,àn,145,1223,247,1716,2053,50.157477182671805,65.16555701392129,69.21487632254356,103.95563299590563,229.70346658670493,"dark, black"
遽,jù,145,1965,223,841,485,50.157477182671805,104.70181482612865,62.489544210231635,50.947953000907134,54.2650663879941,"suddenly, unexpectedly"
祇,qí,145,4194,475,2344,1441,50.157477182671805,223.47043836172193,133.10553138950687,142.0000021808874,161.22878487649382,the spirit of the earth
鲤,lǐ,145,918,234,1209,580,50.157477182671805,48.91413028518377,65.57198809504126,73.24146870166079,64.89430619595171,carp
沃,wò,144,892,177,574,240,49.811563546929236,47.528762760766796,49.59932432830045,34.77303807671902,26.85281635694554,"water, irrigate"
粲,càn,144,2072,433,1227,455,49.811563546929236,110.40313502276771,121.33620019296099,74.33191240441504,50.90846434337591,polish
剩,shèng,144,2695,266,1739,3174,49.811563546929236,143.59867224245124,74.53909757812384,105.34897772720272,355.12849632060477,"leftovers, residue, remains"
柄,bǐng,144,1216,192,577,362,49.811563546929236,64.79257344965518,53.8026568984954,34.95477869384473,40.50299800505952,"handle, lever, knob"
葵,kuí,144,1057,206,1150,401,49.811563546929236,56.32051820418218,57.72576729734402,69.66723656485517,44.86658066306317,sunflower
粒,lì,144,954,174,568,331,49.811563546929236,50.832331472838035,48.75865781426146,34.4095568424676,37.034509225620724,grain
缝,fèng,144,609,96,472,432,49.811563546929236,32.44957009115132,26.9013284492477,28.593857094444907,48.33506944250196,"sew, mend"
匠,jiàng,143,715,137,432,227,49.465649911186674,38.097606921466664,38.39043747444724,26.170648866102116,25.39828880427765,"craftsman, artisan"
窈,yǎo,143,1028,329,1236,631,49.465649911186674,54.775300580794024,92.19309437294265,74.87713425579216,70.60052967180265,"obscure, secluded"
俦,chóu,143,920,284,1166,570,49.465649911186674,49.020697017831225,79.58309666235778,70.63651985619228,63.77543884774565,"companion, mate, colleague"
咫,zhǐ,143,1495,418,2309,950,49.465649911186674,79.65863265397574,117.13286762276603,139.87969498108748,106.29239807957609,foot measure of Zhou dynasty
弯,wān,143,767,196,610,677,49.465649911186674,40.8683419703006,54.923545583880724,36.953925482227525,75.74731947355053,"bend, curve"
治,zhì,143,3556,584,2395,1214,49.465649911186674,189.47565064718245,163.64974806625685,145.08959267202445,135.83049607221616,"govern, regulate, administer"
渌,lù,143,550,49,245,223,49.465649911186674,29.305851478051277,13.730886395970181,14.84215039859958,24.950741864995226,strain
夙,sù,143,1032,269,2124,845,49.465649911186674,54.98843404608894,75.37976409216283,128.67235692500208,94.54429092341242,"early in morning, dawn"
僮,tóng,143,575,105,454,256,49.465649911186674,30.637935636144515,29.423327991364676,27.503413391690646,28.64300411407524,"page, boy servant"
害,hài,142,1027,221,348,270,49.11973627544411,54.72201721447029,61.92909986753899,21.08191158658226,30.20941840156373,"injure, harm"
膝,xī,142,1420,253,1498,810,49.11973627544411,75.66238017969603,70.89620935062155,90.74914815143742,90.62825520469119,knee
沥,lì,142,574,96,489,265,49.11973627544411,30.584652269820786,26.9013284492477,29.62372059149059,29.649984727460698,"trickle, drip"
隙,xì,142,1164,140,819,699,49.11973627544411,62.021838400821245,39.23110398848623,49.6151884753186,78.20882763960387,"crack, split, fissure"
稼,jià,142,968,176,683,295,49.11973627544411,51.57829860137025,49.319102156954116,41.37628049895311,33.00658677207889,sow grain
憎,zēng,142,1053,105,737,511,49.11973627544411,56.10738473888726,29.423327991364676,44.64761160721588,57.17412149332987,"hate, detest, abhor"
矶,jī,141,1072,329,1844,689,48.77382263970154,57.119768699038126,92.19309437294265,111.70989932660255,77.08996029139782,jetty
彤,tóng,141,662,129,1260,257,48.77382263970154,35.27358850630899,36.148660103676605,76.33105919279784,28.754890848895844,"red, vermilion"
谙,ān,141,714,109,599,339,48.77382263970154,38.04432355514293,30.544216676749993,36.28754321943325,37.929603104185574,"versed in, fully acquainted with"
浣,huàn,141,772,215,1174,890,48.77382263970154,41.13475880191925,60.247766839461,71.12116150186085,99.5791939903397,"to wash, to rinse"
芒,máng,141,1923,351,1432,1020,48.77382263970154,102.46391344053201,98.35798214256191,86.75085457467183,114.12446951701854,Miscanthus sinensis
窄,zhǎi,141,874,153,452,599,48.77382263970154,46.569662166939665,42.87399221598852,27.38225298027351,67.02015415754323,"narrow, tight"
款,kuǎn,140,1671,268,1228,802,48.42790900395898,89.03650512695215,75.09954192081649,74.39249261012361,89.73316132612634,"item, article"
藕,ǒu,140,952,221,847,712,48.42790900395898,50.72576474019057,61.92909986753899,51.31143423515855,79.66335519227175,lotus root
诀,jué,140,839,205,941,319,48.42790900395898,44.70474434560913,57.4455451259977,57.0059735717641,35.69186840777344,"take leave of, bid farewell"
络,luò,140,867,277,795,637,48.42790900395898,46.19667860267356,77.62154146293346,48.161263538312916,71.27185008072627,"enmesh, wrap around"
祭,jì,140,811,163,557,519,48.42790900395898,43.2128100885447,45.676213929451826,33.74317457967333,58.06921537189473,"sacrifice to, worship"
坞,wù,140,1173,199,939,393,48.42790900395898,62.50138869773481,55.76421209791972,56.88481316034696,43.97148678449832,"entrenchment, bank, low wall"
芬,fēn,140,1512,214,1744,816,48.42790900395898,80.56444988147913,59.96754466811467,105.65187875574557,91.29957561361483,"fragrance, aroma"
窦,dòu,140,859,138,717,282,48.42790900395898,45.77041167208372,38.67065964579357,43.436007493044485,31.552059219411003,surname
兆,zhào,140,1026,169,1004,419,48.42790900395898,54.668733848146566,47.357546957529806,60.82252653140399,46.880541889834085,omen
瓢,piáo,140,1520,335,1286,416,48.42790900395898,80.99071681206898,93.87442740102063,77.90614454122066,46.54488168537226,ladle made from dried gourd
昧,mèi,140,1421,279,855,400,48.42790900395898,75.71566354601975,78.18198580562614,51.796075880827104,44.75469392824257,"obscure, dark"
胧,lóng,140,414,73,351,495,48.42790900395898,22.05931365802405,20.456218508282106,21.263652203707966,55.38393373620017,condition or appearance of moon
幡,fān,140,993,126,635,556,48.42790900395898,52.91038275946349,35.307993589637604,38.46843062494177,62.20902456025716,"pennant, banner, streamer, flag"
髯,rán,140,1644,404,1184,834,48.42790900395898,87.59785423621145,113.2097572239174,71.72696355894654,93.31353684038574,beard
膺,yīng,140,793,153,833,298,48.42790900395898,42.25370949471756,42.87399221598852,50.46331135523857,33.34224697654071,"breast, chest"
检,jiǎn,140,973,178,841,869,48.42790900395898,51.84471543298889,49.87954649964678,50.947953000907134,97.22957255910697,check
捐,juān,139,1186,258,1329,638,48.08199536821641,63.1940724599433,72.29732020735321,80.51109338668914,71.38373681554688,contribute
鄙,bǐ,139,1209,219,597,286,48.08199536821641,64.41958988538907,61.36865552484632,36.16638280801612,31.99960615869343,mean
谐,xié,139,969,168,1242,432,48.08199536821641,51.631581967693975,47.07732478618348,75.24061549004358,48.33506944250196,"harmonize, agree"
虬,qiú,139,1092,248,1240,732,48.08199536821641,58.185436025512715,69.4950984938899,75.11945507862644,81.90108988868388,young dragon
劲,jìn,139,1309,211,1043,682,48.08199536821641,69.74792651776204,59.126878154075676,63.18515455403821,76.30675314765357,"strong, unyielding, tough, power"
玲,líng,139,946,271,746,995,48.08199536821641,50.406064542248195,75.94020843485549,45.19283345859301,111.32730114650337,tinkling of jade
卮,zhī,138,1319,199,1423,555,47.736081732473856,70.28076018099934,55.76421209791972,86.2056327232947,62.097137825436555,measuring cup
迫,pò,138,1295,211,737,523,47.736081732473856,69.00195938922982,59.126878154075676,44.64761160721588,58.516762311177146,"coerce, force, compel"
蹙,cù,138,839,154,534,591,47.736081732473856,44.70474434560913,43.15421438733486,32.349829848376224,66.1250602789784,"urgent, suddenly"
饯,jiàn,138,469,84,562,305,47.736081732473856,24.989898805829178,23.53866239309174,34.04607560821618,34.12545412028495,farewell party
躯,qū,138,1099,310,1131,576,47.736081732473856,58.55841958977882,86.86887311736237,68.51621265639234,64.4467592566693,body
幌,huǎng,138,361,67,401,237,47.736081732473856,19.235295242866385,18.774885480204123,24.292662489136458,26.517156152483718,"curtain, cloth screen"
遁,dùn,138,1047,224,1044,429,47.736081732473856,55.78768454094488,62.76976638157797,63.245734759746775,47.99940923804015,"hide, conceal oneself"
楹,yíng,138,899,176,743,340,47.736081732473856,47.9017463250329,49.319102156954116,45.011092841467296,38.04148983900618,"column, pillar"
邈,miǎo,137,881,233,1152,355,47.39016809673129,46.94264573120577,65.29176592369495,69.78839697627231,39.719790861315275,"far, distant, remote"
甫,fǔ,137,1309,236,1250,571,47.39016809673129,69.74792651776204,66.13243243773394,75.72525713571214,63.887325582566255,begin
鸪,gū,137,369,186,813,420,47.39016809673129,19.661562173456222,52.12132387041742,49.25170724106717,46.99242862465469,Arborophila species (various)
诛,zhū,137,1203,235,789,528,47.39016809673129,64.0998896874467,65.8522102663876,47.7977823040615,59.07619598528019,"execute, kill, put to death"
板,bǎn,137,1272,225,1084,1198,47.39016809673129,67.77644196378405,63.049988552924304,65.66894298808957,134.04030831508646,"plank, board"
渊,yuān,137,4506,656,2507,1224,47.39016809673129,240.09484865472552,183.82574440319263,151.87457571138427,136.94936342042223,"surge up, bubble up, gush forth"
鹓,yuān,137,607,126,1073,169,47.39016809673129,32.343003358503864,35.307993589637604,65.0025607252953,18.908858184682483,co-worker
晶,jīng,137,933,300,933,718,47.39016809673129,49.713380780039714,84.06665140389907,56.52133192609554,80.3346756011954,crystal
灌,guàn,136,978,239,1180,615,47.044254460988725,52.11113226460754,66.97309895177293,71.48464273611226,68.81034191467293,pour
耽,dān,136,786,206,1495,795,47.044254460988725,41.880725930451455,57.72576729734402,90.56740753431171,88.94995418238209,indulge in
税,shuì,136,589,132,626,290,47.044254460988725,31.38390276467673,36.98932661771559,37.92320877356464,32.44715309797586,taxes
填,tián,136,806,203,892,959,47.044254460988725,42.94639325692605,56.885100783305035,54.037543492044186,107.29937869296154,"fill in, fill up"
矫,jiǎo,136,1380,336,1907,679,47.044254460988725,73.53104552674684,94.15464957236696,115.52645228624245,75.97109294319175,"correct, rectify, straighten out"
缭,liáo,136,634,76,444,303,47.044254460988725,33.78165424924456,21.2968850223211,26.897611334604953,33.90168065064374,"wind round, rap around, bind"
鹅,é,136,1427,411,1394,786,47.044254460988725,76.03536374396212,115.17131242334173,84.44880675774618,87.94297356899663,goose
铸,zhù,136,887,229,689,833,47.044254460988725,47.26234592914815,64.17087723830963,41.73976173320453,93.20165010556514,"melt, cast"
掉,diào,136,796,138,409,381,47.044254460988725,42.41355959368876,38.67065964579357,24.77730413480501,42.62884596665104,"turn, move"
愤,fèn,136,988,165,649,567,47.044254460988725,52.64396592784484,46.23665827214449,39.316553504861744,63.43977864328383,"resent, hate"
囚,qiú,136,849,142,341,298,47.044254460988725,45.23757800884643,39.79154833117889,20.65785014662227,33.34224697654071,"prisoner, convict"
蹊,qī,136,934,108,686,265,47.044254460988725,49.76666414636344,30.263994505403666,41.55802111607882,29.649984727460698,"footpath, trail"
刹,shā,136,997,135,744,334,47.044254460988725,53.123516224758404,37.829993131754584,45.071673047175864,37.370169430082534,"temple, shrine, monastery"
榛,zhēn,135,922,190,774,556,46.698340825246156,49.12726375047868,53.242212555802745,46.88907921843296,62.20902456025716,hazelnut
睿,ruì,135,328,40,227,58,46.698340825246156,17.476944154183307,11.20888685385321,13.751706695845323,6.489430619595171,"shrewd, astute, clever, keen"
刑,xíng,135,1498,209,866,259,46.698340825246156,79.81848275294692,58.566433811383014,52.46245814362137,28.97866431853706,"punishment, penalty"
阖,hé,135,1023,268,1206,386,46.698340825246156,54.508883749175375,75.09954192081649,73.05972808453508,43.18827964075407,close
黏,nián,135,447,44,174,525,46.698340825246156,23.817664746707127,12.329775539238529,10.54095579329113,58.74053578081836,stick to
宪,xiàn,135,406,173,1107,169,46.698340825246156,21.633046727434216,48.47843564291512,67.06228771938667,18.908858184682483,"constitution, statute, law"
蹰,chú,135,300,81,700,209,46.698340825246156,15.985009897118879,22.697995879052748,42.406143995998804,23.38432757750674,"hesitate, waver, falter"
鹧,zhè,135,313,186,814,419,46.698340825246156,16.67769365932736,52.12132387041742,49.31228744677574,46.880541889834085,partridge
雌,cí,135,816,188,1020,387,46.698340825246156,43.47922692016335,52.68176821311008,61.79180982274111,43.300166375574676,female
丸,wán,135,983,172,1035,757,46.698340825246156,52.37754909622619,48.1982134715688,62.700512908369646,84.69825825919904,small round object
燄,yàn,135,316,106,250,130,46.698340825246156,16.83754375829855,29.703550162711004,15.145051427142429,14.545275526678834,flame
舂,chōng,135,1264,202,721,283,46.698340825246156,67.3501750331942,56.6048786119587,43.67832831587876,31.66394595423161,grind in mortar
医,yī,135,1646,217,886,593,46.698340825246156,87.70442096885891,60.808211182153656,53.67406225779277,66.3488337486196,"cure, heal"
竭,jié,134,898,164,796,476,46.3524271895036,47.84846295870918,45.95643610079816,48.22184374402149,53.258085774608645,put forth great effort
哲,zhé,134,755,182,1267,367,46.3524271895036,40.22894157441584,51.0004351850321,76.75512063275784,41.06243167916255,"wise, sagacious"
韦,wéi,134,967,173,794,327,46.3524271895036,51.52501523504651,48.47843564291512,48.100683332604355,36.58696228633829,tanned leather
槿,jǐn,134,315,64,372,139,46.3524271895036,16.784260391974822,17.934218966165133,22.535836523587932,15.55225614006429,hibiscus
遰,dì,134,4,6,45,12,46.3524271895036,0.21313346529491836,1.6813330280779812,2.726109256885637,1.3426408178472768,grunting sound of pigs
杵,chǔ,134,610,163,724,477,46.3524271895036,32.50285345747505,45.676213929451826,43.86006893300447,53.36997250942925,pestle
溶,róng,133,801,196,658,470,46.00651355376103,42.6799764253074,54.923545583880724,39.86177535623887,52.58676536568501,"to melt, dissolve"
褰,qiān,133,597,118,769,235,46.00651355376103,31.81016969526657,33.06621621886697,46.586178189890106,26.293382682842505,underclothing
茵,yīn,133,683,154,652,570,46.00651355376103,36.39253919910731,43.15421438733486,39.498294121987456,63.77543884774565,"a cushion, mattress"
曰,yuē,133,1589,225,1232,788,46.00651355376103,84.66726908840633,63.049988552924304,74.63481343295788,88.16674703863784,say
窃,qiè,133,1119,196,1105,687,46.00651355376103,59.62408691625341,54.923545583880724,66.94112730796952,76.8661868217566,"secretly, stealthily"
岘,xiàn,133,480,78,314,107,46.00651355376103,25.5760158353902,21.857329365013758,19.022184592490888,11.971880625804886,steep hill
尹,yǐn,133,947,112,618,224,46.00651355376103,50.45934790857193,31.384883190788987,37.43856712789608,25.062628599815834,govern
盆,pén,132,1564,223,895,594,45.66059991801847,83.33518493031309,62.489544210231635,54.21928410916989,66.4607204834402,"basin, tub, pot, bowl"
厥,jué,132,1172,180,979,433,45.66059991801847,62.448105331411085,50.43999084233944,59.30802138868975,48.44695617732257,"personal pronoun he, she, it"
荔,lì,132,1210,324,1908,646,45.66059991801847,64.4728732517128,90.79198351621099,115.587032491951,72.27883069411173,lichee
恻,cè,132,630,185,1008,770,45.66059991801847,33.568520783949644,51.841101699071096,61.064847354238275,86.15278581186693,"feel anguish, feel compassion"
惑,huò,132,469,85,368,159,45.66059991801847,24.989898805829178,23.81888456443807,22.293515700753655,17.78999083647642,"confuse, mislead, baffle"
暴,bào,131,914,141,438,318,45.3146862822759,48.70099681988885,39.511326159832564,26.534130100353536,35.57998167295284,"violent, brutal, tyrannical"
吃,chī,131,1125,120,217,167,45.3146862822759,59.94378711419579,33.626660561559625,13.145904638759628,18.685084715041267,eat
俸,fèng,131,474,49,394,140,45.3146862822759,25.256315637447827,13.730886395970181,23.868601049176466,15.664142874884897,"wages, salary, official emolument"
骖,cān,131,962,237,1221,474,45.3146862822759,51.25859840342787,66.41265460908026,73.96843117016361,53.034312304967436,two outside ones in three horse
援,yuán,131,758,218,851,529,45.3146862822759,40.38879167338703,61.08843335349999,51.553755057992824,59.18808272010079,"aid, assist"
曜,yào,131,327,113,543,186,45.3146862822759,17.423660787859575,31.665105362135314,32.89505169975335,20.81093267663279,"glorious, as sun"
奸,jiān,131,1330,255,663,503,45.3146862822759,70.86687721056036,71.45665369331421,40.164676384781714,56.27902761476502,"crafty, villainous, false"
阊,chāng,131,540,155,1102,418,45.3146862822759,28.77301781481398,43.434436558681185,66.75938669084381,46.76865515501348,gate of heaven
荅,dā,131,16,33,188,13,45.3146862822759,0.8525338611796734,9.247331654428898,11.389078673211106,1.4545275526678831,answer: small bean
剡,shàn,131,965,186,815,147,45.3146862822759,51.41844850239906,52.12132387041742,49.37286765248432,16.44735001862914,"sharp, sharp-pointed"
预,yù,131,1390,145,813,449,45.3146862822759,74.06387918998414,40.63221484521788,49.25170724106717,50.23714393445228,"prepare, arrange"
烬,jìn,131,492,105,514,568,45.3146862822759,26.21541623127496,29.423327991364676,31.138225734204834,63.55166537810444,"cinders, ashes, embers"
快,kuài,131,3649,488,1634,1275,45.3146862822759,194.43100371528928,136.74841961700915,98.9880561278029,142.65558689627318,"rapid, quick, speedy, fast"
稠,chóu,131,736,153,611,345,45.3146862822759,39.216557614264985,42.87399221598852,37.014505687936094,38.60092351310921,"dense, crowded, packed"
嵬,wéi,131,1230,283,1017,331,45.3146862822759,65.5385405781874,79.30287449101147,61.6100692056154,37.034509225620724,high
肤,fū,130,1416,201,692,455,44.968772646533345,75.44924671440111,56.32465644061238,41.921502350330236,50.90846434337591,skin
暄,xuān,130,851,131,715,308,44.968772646533345,45.34414474149388,36.70910444636926,43.31484708162734,34.461114324746774,"warm, comfortable"
嚣,xiāo,130,764,188,786,413,44.968772646533345,40.70849187132941,52.68176821311008,47.616041686935795,46.20922148091044,be noisy
荫,yīn,130,1270,246,1364,705,44.968772646533345,67.66987523113659,68.93465415119724,82.63140058648908,78.88014804852752,"shade, shelter"
髭,zī,130,690,86,273,197,44.968772646533345,36.76552276337342,24.0991067357844,16.538396158439532,22.04168675965946,mustache
铃,líng,130,987,159,644,924,44.968772646533345,52.590682561521106,44.5553252440665,39.01365247631889,103.3833429742403,bell
纹,wén,130,1163,213,813,964,44.968772646533345,61.96855503449751,59.68732249676834,49.25170724106717,107.85881236706457,"line, streak, stripe"
豫,yù,129,809,171,1013,336,44.622859010790776,43.10624335589724,47.91799130022247,61.367748382781116,37.59394289972375,"relaxed, comfortable, at ease"
栈,zhàn,129,492,85,411,304,44.622859010790776,26.21541623127496,23.81888456443807,24.898464546222154,34.01356738546434,warehouse
绽,zhàn,129,497,114,428,344,44.622859010790776,26.481833062893607,31.945327533481645,25.928328043267836,38.4890367782886,"ripped seam, rend, crack"
陟,zhì,128,942,234,1221,471,44.276945375048214,50.19293107695328,65.57198809504126,73.96843117016361,52.69865210050561,"climb, scale, ascend"
肝,gān,128,1662,297,1610,1000,44.276945375048214,88.55695483003859,83.22598488986007,97.53413119079723,111.8867348206064,liver
恃,shì,128,798,121,575,515,44.276945375048214,42.52012632633621,33.90688273290596,34.83361828242759,57.621668432612296,"rely on, presume on, trust to"
酸,suān,128,1915,248,1029,1145,44.276945375048214,102.03764650994216,69.4950984938899,62.337031674118236,128.1103113695943,"tart, sour"
拳,quán,128,1567,159,769,557,44.276945375048214,83.49503502928427,44.5553252440665,46.586178189890106,62.32091129507777,fist
冯,féng,128,779,243,1027,347,44.276945375048214,41.50774236618535,68.09398763715824,62.21587126270109,38.824696982750424,surname
拭,shì,128,764,166,855,525,44.276945375048214,40.70849187132941,46.51688044349082,51.796075880827104,58.74053578081836,wipe away stains with cloth
滔,tāo,128,1408,254,1097,679,44.276945375048214,75.02297978381127,71.17643152196788,66.45648566230098,75.97109294319175,overflow
鼻,bí,128,2971,191,648,484,44.276945375048214,158.30488134780063,53.522434727149076,39.255973299153176,54.153179653173495,nose
颍,yǐng,128,918,87,419,144,44.276945375048214,48.91413028518377,24.37932890713073,25.38310619189071,16.111689814167324,river in Anhui
熙,xī,128,1960,325,1236,476,44.276945375048214,104.43539799451,91.07220568755731,74.87713425579216,53.258085774608645,"bright, splendid, glorious"
漆,qī,128,1067,224,861,501,44.276945375048214,56.85335186741948,62.76976638157797,52.15955711507852,56.055254145123804,"varnish, lacquer, paint"
忌,jì,128,1020,104,658,442,44.276945375048214,54.349033650204184,29.14310582001834,39.86177535623887,49.45393679070803,"jealous, envious"
挑,tiāo,128,1053,191,535,778,44.276945375048214,56.10738473888726,53.522434727149076,32.41041005408479,87.04787969043178,a load carried on the shoulders
冒,mào,127,811,126,683,324,43.931031739305645,43.2128100885447,35.307993589637604,41.37628049895311,36.251302081876474,"risk, brave, dare"
麾,huī,127,1537,180,821,286,43.931031739305645,81.89653403957239,50.43999084233944,49.73634888673573,31.99960615869343,"a pennant, flag, banner"
尸,shī,127,676,189,528,389,43.931031739305645,36.019555634841204,52.96199038445641,31.986348614124807,43.52393984521589,corpse
伸,shēn,127,1341,171,780,495,43.931031739305645,71.45299424012138,47.91799130022247,47.25256045268438,55.38393373620017,"extend, stretch out, open up"
贻,yí,127,639,120,869,477,43.931031739305645,34.04807108086321,33.626660561559625,52.64419876074708,53.36997250942925,"give to, hand down, bequeath"
缅,miǎn,127,581,188,875,389,43.931031739305645,30.957635834086894,52.68176821311008,53.0076799949985,43.52393984521589,"distant, remote"
湍,tuān,127,888,182,958,374,43.931031739305645,47.31562929547188,51.0004351850321,58.03583706880978,41.84563882290679,"rapid water current, rapids"
爵,jué,127,955,231,834,298,43.931031739305645,50.88561483916176,64.73132158100228,50.523891560947135,33.34224697654071,feudal title or rank
垄,lǒng,126,930,129,605,197,43.58511810356308,49.553530681068516,36.148660103676605,36.65102445368468,22.04168675965946,"grave, mound"
飕,sōu,126,922,189,670,312,43.58511810356308,49.12726375047868,52.96199038445641,40.588737824741706,34.9086612640292,sound of wind
配,pèi,126,882,113,439,338,43.58511810356308,46.995929097529505,31.665105362135314,26.594710306062105,37.817716369364966,"match, pair"
窕,tiǎo,126,723,230,917,430,43.58511810356308,38.5238738520565,64.45109940965595,55.55204863475842,48.11129597286076,slender
寓,yù,126,1700,200,936,460,43.58511810356308,90.5817227503403,56.04443426926604,56.703072543221246,51.46789801747895,residence
豺,chái,126,560,225,812,379,43.58511810356308,29.838685141288572,63.049988552924304,49.19112703535861,42.405072497009826,wolf
箸,zhù,125,916,98,650,348,43.23920446782052,48.8075635525363,27.461772791940362,39.37713371057031,38.93658371757103,chopsticks
柘,zhè,125,595,115,398,233,43.23920446782052,31.703602962619108,32.225549704827976,24.110921872010746,26.069609213201293,a thorny tree
撼,hàn,125,908,159,541,440,43.23920446782052,48.38129662194647,44.5553252440665,32.77389128833621,49.23016332106682,"move, shake"
漳,zhāng,125,449,60,562,251,43.23920446782052,23.92423147935459,16.813330280779812,34.04607560821618,28.083570439972206,name of a river in Henan
驯,xùn,125,673,172,880,391,43.23920446782052,35.85970553587002,48.1982134715688,53.310581023541346,43.74771331485711,"tame, docile, obedient"
翛,xiāo,125,1028,182,997,298,43.23920446782052,54.775300580794024,51.0004351850321,60.398465091444,33.34224697654071,look of rumpled feathers
炼,liàn,125,669,581,760,355,43.23920446782052,35.6465720705751,162.80908155221786,46.04095633851298,39.719790861315275,"smelt, refine"
坼,chè,125,404,68,326,310,43.23920446782052,21.526479994786754,19.055107651550454,19.749147060993728,34.68488779438799,"split, tear, open"
擎,qíng,124,831,182,856,519,42.89329083207795,44.278477415019296,51.0004351850321,51.85665608653567,58.06921537189473,"lift up, hold up, support"
财,cái,124,772,197,374,235,42.89329083207795,41.13475880191925,55.203767755227055,22.656996935005072,26.293382682842505,"wealth, valuables, riches"
濑,lài,124,722,103,616,254,42.89329083207795,38.47059048573277,28.86288364867201,37.31740671647894,28.419230644434027,swift current
珂,kē,123,333,134,860,182,42.54737719633539,17.743360985801957,37.549770960408246,52.09897690936995,20.363385737350363,inferior kind of jade
额,é,123,911,160,573,641,42.54737719633539,48.54114672091766,44.83554741541284,34.71245787101044,71.7193970200087,forehead
昂,áng,123,1307,325,1000,559,42.54737719633539,69.64135978511457,91.07220568755731,60.580205708569714,62.54468476471899,"rise, raise"
霍,huò,123,376,106,548,243,42.54737719633539,20.03454573772233,29.703550162711004,33.1979527282962,27.188476561407356,"quickly, suddenly"
驷,sì,123,664,123,800,161,42.54737719633539,35.380155238956455,34.46732707559862,48.46416456685577,18.013764306117633,team of four horses
栗,lì,123,1279,211,721,479,42.54737719633539,68.14942552805014,59.126878154075676,43.67832831587876,53.59374597907047,"chestnut tree, chestnuts"
蓑,suō,123,1877,386,1403,652,42.54737719633539,100.01287858964044,108.16575813968348,84.9940286091233,72.95015110303537,"rain coat made of straw, coir, etc."
魔,mó,123,1225,198,558,458,42.54737719633539,65.27212374656875,55.48398992657338,33.803754785381905,51.244124547837735,"demon, evil spirits"
产,chǎn,123,1002,207,894,391,42.54737719633539,53.38993305637705,58.00598946869036,54.15870390346132,43.74771331485711,"give birth, bring forth, produce"
娃,wá,122,253,147,368,301,42.20146356059283,13.480691679903588,41.19265918791054,22.293515700753655,33.67790718100253,baby
磷,lín,122,239,39,233,256,42.20146356059283,12.734724551371373,10.928664682506879,14.115187930096743,28.64300411407524,"phosphorus (element 15, P)"
店,diàn,122,878,139,652,587,42.20146356059283,46.78279563223458,38.9508818171399,39.498294121987456,65.67751333969596,"shop, store"
显,xiǎn,122,1231,440,1006,439,42.20146356059283,65.59182394451113,123.2977553923853,60.94368694282113,49.11827658624621,"manifest, display"
坊,fāng,122,807,162,477,487,42.20146356059283,42.999676623249776,45.395991758105495,28.89675812298775,54.48883985763532,"neighborhood, urban subdivision"
稷,jì,122,925,188,866,313,42.20146356059283,49.287113849449874,52.68176821311008,52.46245814362137,35.0205479988498,god of cereals
讨,tǎo,122,957,192,659,367,42.20146356059283,50.99218157180922,53.8026568984954,39.92235556194744,41.06243167916255,to discuss
瑚,hú,122,613,359,1275,621,42.20146356059283,32.662703556446246,100.59975951333254,77.23976227842638,69.48166232359658,coral
涟,lián,121,626,107,542,260,41.855549924850266,33.35538731865472,29.983772334057335,32.834471494044784,29.090551053357668,flowing water
考,kǎo,121,1481,244,1211,501,41.855549924850266,78.91266552544353,68.37420980850457,73.36262911307793,56.055254145123804,"examine, test"
储,chǔ,121,1062,154,799,379,41.855549924850266,56.58693503580083,43.15421438733486,48.4035843611472,42.405072497009826,"save money, store, reserve"
甸,diān,121,329,172,839,252,41.855549924850266,17.530227520507037,48.1982134715688,50.82679258948999,28.195457174792814,suburbs of capital
谅,liàng,121,678,255,1040,246,41.855549924850266,36.12612236748867,71.45665369331421,63.0034139369125,27.524136765869173,"excuse, forgive"
喻,yù,121,373,71,305,204,41.855549924850266,19.874695638751138,19.895774165589444,18.476962741113763,22.82489390340371,"metaphor, analogy"
骤,zhòu,121,995,110,729,621,41.855549924850266,53.016949492110946,30.824438848096325,44.16296996154732,69.48166232359658,procedure
偈,jì,121,426,51,446,161,41.855549924850266,22.69871405390881,14.291330738662841,27.018771746022093,18.013764306117633,brave
巅,diān,120,883,170,798,616,41.509636289107696,47.04921246385323,47.63776912887614,48.34300415543863,68.92222864949355,"summit of mountain, mountain top"
恍,huǎng,120,1637,339,1699,836,41.509636289107696,87.22487067194534,94.99531608640595,102.92576949885995,93.53731031002695,seemingly
弘,hóng,120,296,144,681,115,41.509636289107696,15.77187643182396,40.35199267387155,41.25512008753598,12.866974504369738,"enlarge, expand"
派,pài,120,1133,151,878,689,41.509636289107696,60.370054044785626,42.31354787329586,53.18942061212421,77.08996029139782,"school of thought, sect, branch"
拆,chāi,119,779,104,250,133,41.163722653365134,41.50774236618535,29.14310582001834,15.145051427142429,14.880935731140651,"to break up, split apart, rip open"
簿,bù,119,1517,149,690,261,41.163722653365134,80.83086671309779,41.753103530603205,41.80034193891311,29.20243778817827,"register, account book, notebook"
叨,dāo,119,476,55,677,199,41.163722653365134,25.362882370095285,15.412219424048162,41.0127992647017,22.265460229300675,talkative
诉,sù,119,1008,212,780,1643,41.163722653365134,53.70963325431943,59.40710032542201,47.25256045268438,183.82990531025632,accuse
陷,xiàn,119,412,82,257,302,41.163722653365134,21.952746925376594,22.97821805039908,15.569112867102417,33.78979391582314,"submerge, sink, plunge"
庸,yōng,119,1399,329,1194,649,41.163722653365134,74.54342948689771,92.19309437294265,72.33276561603223,72.61449089857356,"usual, common, ordinary, mediocre"
辍,chuò,119,672,73,497,182,41.163722653365134,35.80642216954629,20.456218508282106,30.108362237159145,20.363385737350363,"stop, suspend, halt"
搔,sāo,119,1244,188,820,637,41.163722653365134,66.28450770671962,52.68176821311008,49.675768681027165,71.27185008072627,to scratch
构,gòu,119,675,229,972,470,41.163722653365134,35.96627226851747,64.17087723830963,58.88395994872976,52.58676536568501,"frame, building, structure"
宙,zhòu,119,1312,238,1079,223,41.163722653365134,69.90777661673323,66.69287678042659,65.36604195954672,24.950741864995226,time as concept
萸,yú,119,649,82,561,413,41.163722653365134,34.58090474410051,22.97821805039908,33.98549540250761,46.20922148091044,dogwood
躅,zhú,118,616,163,848,416,40.81780901762257,32.82255365541743,45.676213929451826,51.37201444086712,46.54488168537226,walk carefully
亏,kuī,118,940,176,714,351,40.81780901762257,50.08636434430582,49.319102156954116,43.25426687591877,39.27224392203285,"lose, fail"
蝇,yíng,118,1015,168,647,354,40.81780901762257,54.082616818585535,47.07732478618348,39.1953930934446,39.60790412649467,flies
瑩,yíng,118,881,129,440,158,40.81780901762257,46.94264573120577,36.148660103676605,26.655290511770673,17.678104101655812,lustre of gems
瓯,ōu,118,1392,186,718,703,40.81780901762257,74.17044592263159,52.12132387041742,43.49658769875305,78.6563745788863,"bowl, cup"
巍,wēi,118,1573,318,1350,632,40.81780901762257,83.81473522722665,89.110650488133,81.78327770656911,70.71241640662325,"high, lofty, majestic, eminent"
勉,miǎn,118,1395,130,1011,497,40.81780901762257,74.33029602160278,36.42888227502293,61.24658797136398,55.607707205841386,"endeavor, make effort"
贝,bèi,118,621,221,833,353,40.81780901762257,33.08897048703608,61.92909986753899,50.46331135523857,39.49601739167406,sea shell
螭,chī,118,631,156,718,386,40.81780901762257,33.62180415027337,43.714658730027516,43.49658769875305,43.18827964075407,a dragon whose horns have not grown
磴,dèng,117,642,215,1192,705,40.47189538188001,34.2079211798344,60.247766839461,72.2116052046151,78.88014804852752,"steps on ledge, cliff, or hill"
膻,shān,117,528,60,281,156,40.47189538188001,28.133617418929227,16.813330280779812,17.02303780410809,17.4543306320146,a rank odor
轧,yà,117,586,121,268,247,40.47189538188001,31.224052665705543,33.90688273290596,16.235495129896684,27.63602350068978,crush by weight
踟,chí,117,289,67,666,222,40.47189538188001,15.398892867557853,18.774885480204123,40.346417001907426,24.838855130174622,"hesitate, undecided"
唳,lì,117,549,109,506,406,40.47189538188001,29.252568111727545,30.544216676749993,30.65358408853627,45.4260143371662,cry of bird
隼,sǔn,117,361,82,326,134,40.47189538188001,19.235295242866385,22.97821805039908,19.749147060993728,14.992822465961257,aquiline (nose)
拱,gǒng,117,1185,227,970,392,40.47189538188001,63.14078909361957,63.61043289561696,58.762799537312624,43.85960004967771,fold hands on breast
婆,pó,117,1740,294,1014,782,40.47189538188001,92.7130574032895,82.38531837582109,61.42832858848969,87.49542662971422,old woman
婉,wǎn,117,582,134,701,392,40.47189538188001,31.010919200410623,37.549770960408246,42.466724201707365,43.85960004967771,"amiable, congenial"
辅,fǔ,117,1036,168,992,289,40.47189538188001,55.20156751138386,47.07732478618348,60.095564062901154,32.33526636315525,cheek bone
箔,bó,117,572,88,419,375,40.47189538188001,30.478085537173328,24.659551078477058,25.38310619189071,41.9575255577274,reed screen
斟,zhēn,117,1514,256,978,663,40.47189538188001,80.6710166141266,71.73687586466053,59.24744118298118,74.18090518606205,to pour wine or tea into a cup
陋,lòu,117,1732,188,741,382,40.47189538188001,92.28679047269965,52.68176821311008,44.88993243005016,42.74073270147164,narrow
閤,gé,116,540,64,347,41,40.12598174613744,28.77301781481398,17.934218966165133,21.02133138087369,4.5873561276448624,small side door
朴,pǔ,116,671,171,663,317,40.12598174613744,35.75313880322256,47.91799130022247,40.164676384781714,35.46809493813223,"simple, unadorned"
畅,chàng,116,418,150,474,322,40.12598174613744,22.27244712331897,42.033325701949536,28.715017505862043,36.027528612235265,"smoothly, freely, unrestrained"
着,zhe,116,1455,460,2298,860,40.12598174613744,77.52729800102655,128.9021988193119,139.2133127182932,96.22259194572152,"make move, take action"
狗,gǒu,116,1015,255,748,729,40.12598174613744,54.082616818585535,71.45665369331421,45.313993870010144,81.56542968422207,"dog, Canis familiaris"
赞,zàn,116,1140,228,705,299,40.12598174613744,60.74303760905173,63.89065506696329,42.709045024541645,33.454133711361315,"help, support, assist, aid"
飏,yáng,116,414,87,508,532,40.12598174613744,22.05931365802405,24.37932890713073,30.774744499953414,59.523742924562605,"soar, fly, float"
俭,jiǎn,116,718,57,347,249,40.12598174613744,38.25745702043785,15.972663766740823,21.02133138087369,27.859796970330997,"temperate, frugal, economical"
跻,jī,116,1137,200,1008,377,40.12598174613744,60.58318751008055,56.04443426926604,61.064847354238275,42.18129902736862,"ascend, go up, rise"
舸,gě,115,641,142,721,457,39.78006811039488,34.15463781351067,39.79154833117889,43.67832831587876,51.13223781301713,"large boat, barge"
菜,cài,115,1809,249,1183,1013,39.78006811039488,96.38960967962683,69.77532066523622,71.66638335323798,113.34126237327428,vegetables
挽,wǎn,115,2682,330,1457,1043,39.78006811039488,142.90598848024277,92.47331654428898,88.26535971738606,116.69786441789248,pull
篆,zhuàn,115,1601,332,1202,1109,39.78006811039488,85.30666948429108,93.03376088698164,72.8174072617008,124.0823889160525,seal script
率,lǜ,115,1071,155,821,415,39.78006811039488,57.06648533271439,43.434436558681185,49.73634888673573,46.43299495055166,to lead
嗣,sì,115,1089,102,743,326,39.78006811039488,58.025585926541524,28.582661477325683,45.011092841467296,36.47507555151768,"to connect, inherit"
芊,qiān,115,277,46,477,216,39.78006811039488,14.759492471673097,12.89021988193119,28.89675812298775,24.16753472125098,exuberant and vigorous foliage
旒,liú,114,650,80,451,74,39.43415447465231,34.63418811042424,22.41777370770642,27.32167277456494,8.279618376724873,fringes of pearls on crowns
垆,lú,114,533,138,1302,586,39.43415447465231,28.400034250547872,38.67065964579357,78.87542783255778,65.56562660487535,black clods of earth
琵,pí,114,737,269,865,721,39.43415447465231,39.26984098058871,75.37976409216283,52.4018779379128,80.67033580565722,guitar-like instrument
胎,tāi,114,919,287,712,428,39.43415447465231,48.9674136515075,80.42376317639678,43.13310646450164,47.88752250321954,"unborn child, embryo, fetus"
廉,lián,114,1312,220,1091,692,39.43415447465231,69.90777661673323,61.64887769619265,66.09300442804955,77.42562049585963,"upright, honorable, honest"
陀,tuó,114,918,183,530,429,39.43415447465231,48.91413028518377,51.280657356378434,32.10750902554195,47.99940923804015,"steep bank, rough terrain"
琶,pá,114,749,281,901,860,39.43415447465231,39.90924137647346,78.74243014831879,54.58276534342131,96.22259194572152,guitar-like instrument
蓼,liǎo,114,794,136,738,476,39.43415447465231,42.3069928610413,38.11021530310091,44.70819181292445,53.258085774608645,"smartweed, polygonum"
髣,fǎng,114,336,69,264,120,39.43415447465231,17.903211084773144,19.335329822896785,15.993174307062404,13.42640817847277,"similar to, like"
沸,fèi,114,1047,176,762,600,39.43415447465231,55.78768454094488,49.319102156954116,46.16211674993012,67.13204089236385,"boil, bubble up, gush"
髴,fú,114,331,68,262,121,39.43415447465231,17.636794253154495,19.055107651550454,15.872013895645265,13.538294913293374,disheveled hair
眸,móu,113,1052,153,883,870,39.08824083890975,56.05410137256353,42.87399221598852,53.49232164066706,97.34145929392757,pupil of eye
裹,guǒ,113,1414,248,899,823,39.08824083890975,75.34267998175365,69.4950984938899,54.46160493200417,92.08278275735907,"wrap, bind"
吼,hǒu,113,858,195,593,530,39.08824083890975,45.717128305759985,54.64332341253439,35.92406198518184,59.299969454921396,"roar, shout"
涤,dí,113,926,189,707,533,39.08824083890975,49.340397215773606,52.96199038445641,42.83020543595879,59.63562965938321,"wash, cleanse, purify"
坎,kǎn,113,1064,257,449,250,39.08824083890975,56.693501768448286,72.01709803600687,27.200512363147798,27.9716837051516,"pit, hole"
蓟,jì,112,111,143,1506,292,38.742327203167186,5.914453661933985,40.071770502525226,91.23378979710598,32.67092656761707,"genus Cirsium, thistles"
麒,qí,112,781,237,972,202,38.742327203167186,41.61430909883281,66.41265460908026,58.88395994872976,22.601120433762492,legendary auspicious animal
旭,xù,112,207,191,1047,346,38.742327203167186,11.029656829012024,53.522434727149076,63.427475376872486,38.712810247929816,rising sun
鸱,chī,112,884,168,726,478,38.742327203167186,47.10249583017696,47.07732478618348,43.981229344421614,53.48185924424986,"kite, horned owl"
警,jǐng,112,945,178,734,650,38.742327203167186,50.35278117592446,49.87954649964678,44.46587099009017,72.72637763339416,"guard, watch"
聪,cōng,112,717,156,548,439,38.742327203167186,38.20417365411412,43.714658730027516,33.1979527282962,49.11827658624621,"intelligent, clever, bright"
敦,dūn,112,514,142,742,404,38.742327203167186,27.387650290397012,39.79154833117889,44.95051263575873,45.202240867524985,esteem
蛰,zhé,110,961,186,550,296,38.050499931682054,51.20531503710414,52.12132387041742,33.31911313971334,33.11847350689949,to hibernate
毁,huǐ,110,819,119,580,461,38.050499931682054,43.63907701913454,33.346438390213294,35.13651931097043,51.57978475229955,destroy
欠,qiàn,110,2842,122,406,363,38.050499931682054,151.4313270920395,34.18710490425229,24.595563517679306,40.614884739880125,"owe, lack, be deficient"
跨,kuà,110,2025,388,1489,584,38.050499931682054,107.89881680555243,108.72620248237612,90.2039263000603,65.34185313523415,"straddle, bestride, ride"
仕,shì,110,1711,201,820,327,38.050499931682054,91.16783977990133,56.32465644061238,49.675768681027165,36.58696228633829,official
蕤,ruí,110,430,103,651,317,38.050499931682054,22.911847519203725,28.86288364867201,39.43771391627889,35.46809493813223,drooping leaves
尼,ní,110,804,145,921,289,38.050499931682054,42.83982652427859,40.63221484521788,55.79436945759271,32.33526636315525,Buddhist nun
冀,jì,110,652,128,755,401,38.050499931682054,34.74075484307169,35.86843793233027,45.738055309970136,44.86658066306317,hope for
猷,yóu,109,960,141,1074,176,37.70458629593949,51.1520316707804,39.511326159832564,65.06314093100387,19.692065328426725,"plan, scheme"
肆,sì,109,911,176,776,551,37.70458629593949,48.54114672091766,49.319102156954116,47.01023962985009,61.64959088615412,indulge
爪,zhǎo,109,598,114,434,804,37.70458629593949,31.863453061590295,31.945327533481645,26.291809277519256,89.95693479576754,"claw, nail, talon"
缈,miǎo,109,1151,304,1425,843,37.70458629593949,61.329154638612756,85.1875400892844,86.32679313471183,94.3205174537712,"indistinct, dim"
鸭,yā,109,1129,173,835,919,37.70458629593949,60.15692057949071,48.47843564291512,50.58447176665571,102.82390930013729,duck
嵇,jī,109,487,74,467,243,37.70458629593949,25.94899939965631,20.736440679628434,28.29095606590206,27.188476561407356,mountain in Henan
播,bō,109,732,181,851,322,37.70458629593949,39.00342414897006,50.72021301368577,51.553755057992824,36.027528612235265,"sow, spread"
颐,yí,109,1155,147,700,388,37.70458629593949,61.54228810390767,41.19265918791054,42.406143995998804,43.412053110395284,cheeks
吕,lǚ,109,873,203,910,298,37.70458629593949,46.51637880061593,56.885100783305035,55.127987194798436,33.34224697654071,surname
荻,dí,109,632,101,571,504,37.70458629593949,33.6750875165971,28.30243930597935,34.59129745959331,56.39091434958563,"reed, Miscanthus saccariflorus"
唇,chún,109,842,127,637,577,37.70458629593949,44.86459444458031,35.58821576098394,38.589591036358904,64.55864599148988,lips
鲈,lú,109,1231,233,1004,531,37.70458629593949,65.59182394451113,65.29176592369495,60.82252653140399,59.411856189742,"sea perch, sea bass"
坡,pō,109,2837,549,1632,1190,37.70458629593949,151.16491026042084,153.8419720691353,98.86689571638577,133.14521443652163,"slope, bank, hillside"
骋,chěng,109,465,175,636,334,37.70458629593949,24.776765340534258,49.038879985607785,38.529010830650336,37.370169430082534,gallop horse
璃,lí,109,1162,170,595,612,37.70458629593949,61.91527166817379,47.63776912887614,36.04522239659898,68.47468171021112,glass
杪,miǎo,109,828,180,1019,460,37.70458629593949,44.1186273160481,50.43999084233944,61.73122961703254,51.46789801747895,"tip of twig, top of tree"
针,zhēn,108,1207,170,707,943,37.35867266019693,64.31302315274162,47.63776912887614,42.83020543595879,105.50919093583184,needle
褒,bāo,108,829,117,637,361,37.35867266019693,44.17191068237183,32.78599404752063,38.589591036358904,40.391111270238916,"praise, commend, honor, cite"
湄,méi,108,505,92,755,219,37.35867266019693,26.908099993483443,25.78043976386238,45.738055309970136,24.503194925712805,"water's edge, shore, bank"
闪,shǎn,108,428,117,608,525,37.35867266019693,22.805280786556267,32.78599404752063,36.83276507081038,58.74053578081836,flash
纲,gāng,108,801,230,859,387,37.35867266019693,42.6799764253074,64.45109940965595,52.038396703661384,43.300166375574676,"heavy rope, hawser"
摆,bǎi,108,385,57,125,93,37.35867266019693,20.51409603463589,15.972663766740823,7.572525713571214,10.405466338316394,"put, place"
奋,fèn,108,1157,317,1559,797,37.35867266019693,61.648854836555145,88.83042831678668,94.44454069966018,89.1737276520233,"strive, exert effort"
罍,léi,108,863,93,519,192,37.35867266019693,45.98354513737864,26.06066193520871,31.44112676274768,21.48225308555643,large earthenware wine jar
粱,liáng,108,1182,225,652,471,37.35867266019693,62.980938994648376,63.049988552924304,39.498294121987456,52.69865210050561,better varieties of millet
胥,xū,108,1291,246,1045,736,37.35867266019693,68.78882592393491,68.93465415119724,63.30631496545535,82.34863682796632,"all, together, mutually"
谗,chán,107,478,79,390,145,37.01275902445436,25.469449102742747,22.13755153636009,23.62628022634219,16.22357654898793,"slander, defame, misrepresent"
屑,xiè,107,943,177,618,461,37.01275902445436,50.246214443277005,49.59932432830045,37.43856712789608,51.57978475229955,"bits, scraps, crumbs, fragments"
包,bāo,107,1649,186,537,421,37.01275902445436,87.8642710678301,52.12132387041742,32.531570465501936,47.1043153594753,"wrap, pack, bundle"
峥,zhēng,107,1323,194,663,378,37.01275902445436,70.49389364629425,54.36310124118806,40.164676384781714,42.293185762189225,"high, lofty, noble"
判,pàn,107,886,133,468,574,37.01275902445436,47.209062562824414,37.26954878906192,28.351536271610623,64.22298578702808,judge
攻,gōng,107,1001,150,592,486,37.01275902445436,53.33664969005332,42.033325701949536,35.86348177947327,54.37695312281471,"attack, assault"
择,zé,107,1170,151,572,313,37.01275902445436,62.34153859876363,42.31354787329586,34.651877665301875,35.0205479988498,"select, choose, pick out"
羹,gēng,107,2386,274,1154,663,37.01275902445436,127.13411204841883,76.78087494889448,69.90955738768946,74.18090518606205,"soup, broth"
遑,huáng,107,422,131,667,339,37.01275902445436,22.485580588613885,36.70910444636926,40.406997207616,37.929603104185574,"leisure, leisurely"
介,jiè,107,1087,142,917,476,37.01275902445436,57.919019193894066,39.79154833117889,55.55204863475842,53.258085774608645,"forerunner, herald, harbinger"
衮,gǔn,107,2978,400,1210,392,37.01275902445436,158.67786491206672,112.08886853853208,73.30204890736935,43.85960004967771,ceremonial dress worn by the emperor
憩,qì,107,843,189,861,471,37.01275902445436,44.917877810904045,52.96199038445641,52.15955711507852,52.69865210050561,"rest, take rest"
冶,yě,107,899,193,1047,803,37.01275902445436,47.9017463250329,54.08287906984174,63.427475376872486,89.84504806094694,"smelt, fuse metals"
疮,chuāng,106,420,103,461,238,36.6668453887118,22.37901385596643,28.86288364867201,27.92747483165064,26.629042887304323,"tumor, boil, sore, wound"
祈,qí,106,940,141,632,250,36.6668453887118,50.08636434430582,39.511326159832564,38.28669000781606,27.9716837051516,pray
吠,fèi,106,740,152,679,438,36.6668453887118,39.429691079559895,42.5937700446422,41.133959676118835,49.00638985142561,bark
慨,kǎi,106,2269,712,2962,1428,36.6668453887118,120.89995818854246,199.51818599858711,179.43856930878349,159.77425732382594,"sigh, regret"
菰,gū,106,870,138,754,495,36.6668453887118,46.35652870164475,38.67065964579357,45.67747510426157,55.38393373620017,wild rice
监,jiān,106,871,177,775,356,36.6668453887118,46.409812067968474,49.59932432830045,46.94965942414153,39.831677596135876,"supervise, control, direct"
魅,mèi,106,234,87,323,224,36.6668453887118,12.468307719752724,24.37932890713073,19.567406443868016,25.062628599815834,"kind of forest demon, elf"
觜,zī,106,384,63,78,82,36.6668453887118,20.460812668312165,17.653996794818802,4.725256045268438,9.174712255289725,turtle beak
琉,liú,106,862,111,416,417,36.6668453887118,45.93026177105491,31.104661019442652,25.201365574765,46.65676842019287,sparkling stone
僚,liáo,106,747,92,434,168,36.6668453887118,39.802674643826,25.78043976386238,26.291809277519256,18.796971449861875,"companion, colleague"
涓,juān,105,1138,219,1057,438,36.32093175296924,60.636470876404275,61.36865552484632,64.03327743395819,49.00638985142561,"brook, stream"
芸,yún,105,654,137,734,378,36.32093175296924,34.84732157571915,38.39043747444724,44.46587099009017,42.293185762189225,"rue, herb used to keep insects away"
毬,qiú,105,432,45,195,116,36.32093175296924,23.018414251851183,12.60999771058486,11.813140113171094,12.978861239190342,"ball, anything round, sphere"
毂,gǔ,105,923,107,816,356,36.32093175296924,49.18054711680241,29.983772334057335,49.433447858192885,39.831677596135876,hub of wheel
弊,bì,105,662,130,278,123,36.32093175296924,35.27358850630899,36.42888227502293,16.84129718698238,13.762068382934586,"evil, wrong, bad"
讴,ōu,105,789,172,899,372,36.32093175296924,42.04057602942265,48.1982134715688,54.46160493200417,41.62186535326558,sing
衙,yá,105,820,120,897,503,36.32093175296924,43.692360385458265,33.626660561559625,54.340444520587035,56.27902761476502,public office
檄,xí,105,900,268,1221,553,36.32093175296924,47.955029691356636,75.09954192081649,73.96843117016361,61.87336435579534,call arms
镂,lòu,104,496,77,299,360,35.975018117226675,26.428549696569878,21.57710719366743,18.113481506862342,40.27922453541831,"carve, inlay, engrave, tattoo"
穗,suì,104,711,90,574,334,35.975018117226675,37.88447345617174,25.21999542116972,34.77303807671902,37.370169430082534,ear of grain
粮,liáng,104,815,200,642,521,35.975018117226675,43.425943553839616,56.04443426926604,38.89249206490176,58.29298884153593,"food, grain, provisions"
遵,zūn,104,501,108,815,252,35.975018117226675,26.694966528188527,30.263994505403666,49.37286765248432,28.195457174792814,"obey, comply with, follow"
枢,shū,104,943,159,579,272,35.975018117226675,50.246214443277005,44.5553252440665,35.07593910526186,30.43319187120494,door hinge
梭,suō,104,580,144,500,406,35.975018117226675,30.90435246776316,40.35199267387155,30.290102854284857,45.4260143371662,weaver's shuttle
箕,jī,104,1125,212,1071,474,35.975018117226675,59.94378711419579,59.40710032542201,64.88140031387816,53.034312304967436,sieve
绂,fú,104,530,80,541,46,35.975018117226675,28.240184151576685,22.41777370770642,32.77389128833621,5.146789801747895,ribbon or cord used attach ornaments
嚬,pín,104,168,19,105,54,35.975018117226675,8.951605542386572,5.324221255580275,6.36092159939982,6.041883680312745,frown
控,kòng,104,629,204,1091,468,35.975018117226675,33.51523741762592,57.165322954651366,66.09300442804955,52.3629918960438,"accuse, charge"
箱,xiāng,104,586,44,443,470,35.975018117226675,31.224052665705543,12.329775539238529,26.837031128896385,52.58676536568501,"case, box, chest, trunk"
玳,dài,104,238,37,387,234,35.975018117226675,12.681441185047643,10.368220339814217,23.44453960921648,26.1814959480219,tortoise shell
咨,zī,103,866,156,748,359,35.629104481484106,46.143395236349825,43.714658730027516,45.313993870010144,40.1673378005977,"inquire, consult, discuss"
担,dān,103,1018,143,547,422,35.629104481484106,54.24246691755672,40.071770502525226,33.13737252258763,47.2162020942959,"carry, bear, undertake"
颈,jǐng,103,444,84,328,234,35.629104481484106,23.65781464773594,23.53866239309174,19.870307472410865,26.1814959480219,"neck, throat"
叩,kòu,103,1322,204,1153,880,35.629104481484106,70.44061027997051,57.165322954651366,69.84897718198089,98.46032664213364,"knock, ask"
缩,suō,103,1067,184,614,471,35.629104481484106,56.85335186741948,51.56087952772476,37.196246305061806,52.69865210050561,"contract, draw in, reduce"
悉,xī,102,709,155,406,282,35.283190845741544,37.77790672352428,43.434436558681185,24.595563517679306,31.552059219411003,"know, learn about, comprehend"
嵘,róng,102,1335,188,648,354,35.283190845741544,71.133294042179,52.68176821311008,39.255973299153176,39.60790412649467,"high, steep"
婿,xù,102,275,65,402,374,35.283190845741544,14.652925739025639,18.214441137511464,24.353242694845022,41.84563882290679,son-in-law
骝,liú,102,494,144,918,212,35.283190845741544,26.32198296392242,40.35199267387155,55.612628840466996,23.719987781968555,famous horse
堞,dié,102,375,99,565,362,35.283190845741544,19.981262371398596,27.74199496328669,34.22781622534189,40.50299800505952,plate
撩,liāo,101,885,82,489,445,34.93727720999898,47.15577919650069,22.97821805039908,29.62372059149059,49.78959699516985,"lift up, raise"
亿,yì,101,876,110,383,245,34.93727720999898,46.67622889958712,30.824438848096325,23.2022187863822,27.412250031048572,hundred million
凛,lǐn,101,2775,310,978,511,34.93727720999898,147.8613415483496,86.86887311736237,59.24744118298118,57.17412149332987,to shiver with cold or fear
奢,shē,101,297,79,285,236,34.93727720999898,15.825159798147688,22.13755153636009,17.265358626942366,26.40526941766311,"extravagant, wasteful"
犊,dú,101,1135,195,920,575,34.93727720999898,60.47662077743309,54.64332341253439,55.73378925188413,64.33487252184868,calf
杰,jié,101,1647,335,1137,634,34.93727720999898,87.75770433518264,93.87442740102063,68.87969389064376,70.93618987626446,hero
揭,jiē,101,875,146,574,405,34.93727720999898,46.6229455332634,40.91243701656421,34.77303807671902,45.31412760234559,"raise, lift up"
栊,lóng,101,609,74,643,830,34.93727720999898,32.44957009115132,20.736440679628434,38.95307227061033,92.86598990110332,"cage, pen"
玕,gān,101,663,261,1269,285,34.93727720999898,35.326871872632715,73.1379867213922,76.87628104417496,31.887719423872824,inferior variety of gem
姚,yáo,101,691,117,652,272,34.93727720999898,36.818806129697144,32.78599404752063,39.498294121987456,30.43319187120494,"handsome, elegant"
箓,lù,101,260,42,314,82,34.93727720999898,13.853675244169693,11.76933119654587,19.022184592490888,9.174712255289725,book
段,duàn,101,1737,272,672,516,34.93727720999898,92.5532073043183,76.22043060620182,40.70989823615885,57.733555167432904,"section, piece, division"
侠,xiá,100,359,91,1323,464,34.59136357425642,19.128728510218924,25.50021759251605,80.14761215243773,51.91544495676137,chivalrous person
狖,yòu,100,110,32,155,66,34.59136357425642,5.861170295610255,8.967109483082567,9.389931884828306,7.384524498160023,a gibbon with a long tail and prominent nose
幄,wò,100,1013,138,747,376,34.59136357425642,53.97605008593808,38.67065964579357,45.253413664301576,42.06941229254801,tent
樊,fán,100,949,179,800,523,34.59136357425642,50.565914641219386,50.15976867099311,48.46416456685577,58.516762311177146,a railing
蒹,jiān,100,398,114,861,262,34.59136357425642,21.20677979684438,31.945327533481645,52.15955711507852,29.314324522998877,"reed, Phragmites communis"
蠡,lí,100,445,125,754,281,34.59136357425642,23.71109801405967,35.02777141829128,45.67747510426157,31.440172484590395,wood-boring insect
缚,fù,100,1217,207,678,578,34.59136357425642,64.84585681597892,58.00598946869036,41.073379470410266,64.6705327263105,to tie
徼,jiǎo,100,350,124,579,219,34.59136357425642,18.64917821330536,34.74754924694495,35.07593910526186,24.503194925712805,"frontier, border"
挹,yì,100,1049,147,1034,398,34.59136357425642,55.894251273592346,41.19265918791054,62.639932702661085,44.53092045860135,to bale out
敞,chǎng,100,585,99,843,409,34.59136357425642,31.170769299381814,27.74199496328669,51.06911341232426,45.76167454162802,"roomy, spacious, open, broad"
芰,jì,100,565,117,716,232,34.59136357425642,30.10510197290722,32.78599404752063,43.37542728733592,25.957722478380685,water caltrop
徂,cú,99,632,155,1059,237,34.24544993851385,33.6750875165971,43.434436558681185,64.15443784537533,26.517156152483718,"go, advance"
彫,diāo,99,728,103,273,172,34.24544993851385,38.79029068367514,28.86288364867201,16.538396158439532,19.2445183891443,"carve, decorate"
猩,xīng,99,299,72,257,245,34.24544993851385,15.931726530795148,20.175996336935775,15.569112867102417,27.412250031048572,species of orangutan
笠,lì,99,1188,233,1074,768,34.24544993851385,63.30063919259075,65.29176592369495,65.06314093100387,85.92901234222572,bamboo hat
饿,è,99,755,109,361,389,34.24544993851385,40.22894157441584,30.544216676749993,21.869454260793667,43.52393984521589,hungry
汞,gǒng,98,330,201,140,35,33.89953630277128,17.583510886830766,56.32465644061238,8.481228799199759,3.9160357187212242,"mercury (element 80, Hg)"
辜,gū,98,663,103,438,527,33.89953630277128,35.326871872632715,28.86288364867201,26.534130100353536,58.96430925045958,"crime, criminal offense"
邹,zōu,98,586,90,692,255,33.89953630277128,31.224052665705543,25.21999542116972,41.921502350330236,28.531117379254635,name of an ancient state
鹢,yì,98,529,91,609,193,33.89953630277128,28.186900785252956,25.50021759251605,36.89334527651895,21.594139820377034,fishhawk bow or prow
俎,zǔ,98,1312,185,986,403,33.89953630277128,69.90777661673323,51.841101699071096,59.73208282864974,45.09035413270438,chopping board or block
龛,kān,98,548,126,467,475,33.89953630277128,29.199284745403816,35.307993589637604,28.29095606590206,53.146199039788044,"niche, shrine"
蕴,yùn,98,690,108,425,298,33.89953630277128,36.76552276337342,30.263994505403666,25.746587426142128,33.34224697654071,"to collect, gather, store"
胶,jiāo,98,1010,148,620,352,33.89953630277128,53.816199986966886,41.47288135925687,37.55972753931322,39.38413065685345,"glue, gum, resin, rubber"
骇,hài,98,844,145,475,385,33.89953630277128,44.97116117722777,40.63221484521788,28.775597711570615,43.07639290593347,"terrify, frighten, scare"
拖,tuō,98,636,94,565,520,33.89953630277128,33.888220981892026,26.34088410655504,34.22781622534189,58.181102106715336,"drag, tow, haul"
菩,pú,98,552,55,325,164,33.89953630277128,29.412418210698736,15.412219424048162,19.688566855285156,18.34942451057945,"herb, aromatic plant"
幼,yòu,98,799,164,525,434,33.89953630277128,42.57340969265994,45.95643610079816,31.804607996999096,48.55884291214318,"infant, young child"
沫,mò,97,382,57,302,211,33.553622667028726,20.354245935664704,15.972663766740823,18.295222123988054,23.60810104714795,"froth, foam, bubbles, suds"
钺,yuè,97,368,83,838,177,33.553622667028726,19.608278807132493,23.25844022174541,50.76621238378142,19.803952063247333,"broad-axe, a battle axe, halberd"
捷,jié,97,1052,253,995,530,33.553622667028726,56.05410137256353,70.89620935062155,60.277304680026866,59.299969454921396,"win, victory, triumph"
鹃,juān,97,1080,284,1044,1609,33.553622667028726,57.54603562962796,79.58309666235778,63.245734759746775,180.02575632635572,cuckoo
踰,yú,97,913,190,638,112,33.553622667028726,48.64771345356512,53.242212555802745,38.65017124206747,12.531314299907917,"exceed, transgress"
醺,xūn,97,766,104,445,188,33.553622667028726,40.81505860397687,29.14310582001834,26.95819154031352,21.034706146274004,"get drunk, be intoxicated"
驴,lǘ,97,1866,283,723,660,33.553622667028726,99.42676156007943,79.30287449101147,43.7994887272959,73.84524498160023,"donkey, ass"
琢,zuó,97,985,126,465,264,33.553622667028726,52.48411582887365,35.307993589637604,28.169795654484915,29.538097992640093,polish jade
迈,mài,97,662,222,1163,258,33.553622667028726,35.27358850630899,62.209322038885304,70.45477923906657,28.866777583716452,take a big stride
幻,huàn,96,2073,330,1799,1453,33.20770903128616,110.45641838909144,92.47331654428898,108.9837900697169,162.57142569434112,"illusion, fantasy, mirage"
朦,méng,96,356,75,278,454,33.20770903128616,18.968878411247733,21.016662850974768,16.84129718698238,50.7965776085553,condition or appearance of moon
殁,mò,96,141,43,160,110,33.20770903128616,7.512954651645873,12.0495533678922,9.692832913371154,12.307540830266705,die
裛,yì,96,193,17,86,57,33.20770903128616,10.283689700479812,4.7637769128876135,5.209897690936995,6.377543884774565,to wrap and bind
濡,rú,96,996,164,777,355,33.20770903128616,53.07023285843467,45.95643610079816,47.070819835558666,39.719790861315275,"immerse, moisten"
航,háng,96,864,226,1276,471,33.20770903128616,46.03682850370237,63.33021072427063,77.30034248413494,52.69865210050561,sail
亮,liàng,96,769,156,765,346,33.20770903128616,40.974908702948056,43.714658730027516,46.34385736705583,38.712810247929816,"bright, brilliant, radiant, light"
侬,nóng,96,1526,237,1548,1860,33.20770903128616,81.31041701001135,66.41265460908026,93.77815843686592,208.1093267663279,I
渥,wò,96,566,128,757,151,33.20770903128616,30.15838533923095,35.86843793233027,45.85921572138727,16.89489695791157,"moisten, soak"
坂,bǎn,96,295,95,448,193,33.20770903128616,15.718593065500231,26.621106277901372,27.139932157439233,21.594139820377034,"hillside, inconvenient places"
敕,chì,96,532,132,583,262,33.20770903128616,28.346750884224143,36.98932661771559,35.31825992809614,29.314324522998877,an imperial order or decree
替,tì,96,534,83,292,838,33.20770903128616,28.4533176168716,23.25844022174541,17.689420066902358,93.76108377966817,"change, replace, substitute for"
轸,zhěn,95,422,73,457,230,32.861795395543595,22.485580588613885,20.456218508282106,27.685154008816358,25.733949008739476,cross board at rear of carriage
蜜,mì,95,1181,154,405,271,32.861795395543595,62.92765562832465,43.15421438733486,24.534983311970734,30.321305136384336,honey
馥,fù,95,944,126,571,284,32.861795395543595,50.29949780960074,35.307993589637604,34.59129745959331,31.77583268905222,"fragrance, scent, aroma"
茱,zhū,95,391,46,342,249,32.861795395543595,20.833796232578273,12.89021988193119,20.71843035233084,27.859796970330997,dogwood
髓,suǐ,95,682,236,559,244,32.861795395543595,36.33925583278358,66.13243243773394,33.86433499109047,27.300363296227964,bone marrow
答,dá,95,1624,235,1479,674,32.861795395543595,86.53218690973686,65.8522102663876,89.5981242429746,75.41165926908872,"answer, reply"
伍,wǔ,95,436,149,519,333,32.861795395543595,23.2315477171461,41.753103530603205,31.44112676274768,37.25828269526193,"five, company of five"
些,xiē,95,1708,320,500,770,32.861795395543595,91.00798968093015,89.67109483082568,30.290102854284857,86.15278581186693,"little, few"
垢,gòu,95,854,138,393,227,32.861795395543595,45.503994840465076,38.67065964579357,23.808020843467897,25.39828880427765,"dirt, filth, stains"
恸,tòng,95,493,60,395,353,32.861795395543595,26.26869959759869,16.813330280779812,23.929181254885037,39.49601739167406,"sadness, grief"
秾,nóng,95,534,100,505,422,32.861795395543595,28.4533176168716,28.02221713463302,30.593003882827706,47.2162020942959,"thick, lush, in clusters"
囗,wéi,94,2,8,20,59,32.515881759801026,0.10656673264745918,2.2417773707706417,1.2116041141713942,6.6013173544157775,"erect, proud"
菡,hàn,94,275,69,359,126,32.515881759801026,14.652925739025639,19.335329822896785,21.748293849376527,14.097728587396407,"buds, lotus buds"
徇,xùn,94,369,68,300,116,32.515881759801026,19.661562173456222,19.055107651550454,18.174061712570914,12.978861239190342,"comply with, follow"
斸,zhǔ,94,553,109,255,140,32.515881759801026,29.465701577022465,30.544216676749993,15.447952455685277,15.664142874884897,cut
瑕,xiá,94,684,109,362,172,32.515881759801026,36.44582256543104,30.544216676749993,21.930034466502235,19.2445183891443,flaw in gem
逡,qūn,94,487,65,394,272,32.515881759801026,25.94899939965631,18.214441137511464,23.868601049176466,30.43319187120494,"retreat, withdraw, fall back"
枪,qiāng,94,366,86,295,415,32.515881759801026,19.50171207448503,24.0991067357844,17.871160684028066,46.43299495055166,"spear, lance"
婚,hūn,94,370,69,414,236,32.515881759801026,19.714845539779947,19.335329822896785,25.080205163347863,26.40526941766311,get married
讼,sòng,94,879,59,426,205,32.515881759801026,46.83607899855831,16.533108109433485,25.807167631850696,22.936780638224313,accuse
慧,huì,93,621,227,636,584,32.16996812405847,33.08897048703608,63.61043289561696,38.529010830650336,65.34185313523415,"bright, intelligent"
炊,chuī,93,2024,263,1094,818,32.16996812405847,107.8455334392287,73.69843106408484,66.27474504517527,91.52334908325604,cook
秖,zhī,93,148,37,331,14,32.16996812405847,7.88593821591198,10.368220339814217,20.052048089536576,1.5664142874884897,grain that has started to ripen
萏,dàn,93,269,69,362,126,32.16996812405847,14.33322554108326,19.335329822896785,21.930034466502235,14.097728587396407,lotus
淳,chún,93,1099,257,764,271,32.16996812405847,58.55841958977882,72.01709803600687,46.283277161347264,30.321305136384336,"honest, simple, unsophisticated"
闹,nào,93,1355,153,441,612,32.16996812405847,72.19896136865358,42.87399221598852,26.71587071747924,68.47468171021112,quarrel
刍,chú,92,949,181,856,340,31.824054488315902,50.565914641219386,50.72021301368577,51.85665608653567,38.04148983900618,"mow, cut grass"
享,xiǎng,92,1039,95,482,243,31.824054488315902,55.36141761035505,26.621106277901372,29.1996591515306,27.188476561407356,enjoy
蛙,wā,92,1283,209,640,474,31.824054488315902,68.36255899334506,58.566433811383014,38.771331653484616,53.034312304967436,frog
苞,bāo,92,678,86,550,263,31.824054488315902,36.12612236748867,24.0991067357844,33.31911313971334,29.426211257819485,a variety of rush
钵,bō,92,1507,162,941,418,31.824054488315902,80.29803304986049,45.395991758105495,57.0059735717641,46.76865515501348,earthenware basin
跸,bì,92,432,87,454,154,31.824054488315902,23.018414251851183,24.37932890713073,27.503413391690646,17.230557162373387,"clear way, make room for"
浇,jiāo,92,1242,235,730,614,31.824054488315902,66.17794097407216,65.8522102663876,44.22355016725589,68.69845517985233,"spray, water, sprinkle"
巘,yǎn,91,558,116,608,239,31.478140852573336,29.732118408641114,32.50577187617431,36.83276507081038,26.74092962212493,"summit, peak"
翎,líng,91,349,216,514,253,31.478140852573336,18.595894846981626,60.52798901080733,31.138225734204834,28.30734390961342,feather
缁,zī,91,746,139,777,334,31.478140852573336,39.749391277502276,38.9508818171399,47.070819835558666,37.370169430082534,black silk
肺,fèi,91,1055,165,707,349,31.478140852573336,56.21395147153472,46.23665827214449,42.83020543595879,39.04847045239163,lungs
熳,màn,91,403,102,355,73,31.478140852573336,21.473196628463025,28.582661477325683,21.505973026542247,8.167731641904268,confused
袭,xí,91,1151,268,908,494,31.478140852573336,61.329154638612756,75.09954192081649,55.00682678338129,55.27204700137956,"raid, attack"
苒,rǎn,91,733,107,554,257,31.478140852573336,39.05670751529379,29.983772334057335,33.56143396254762,28.754890848895844,lush
据,jù,91,1641,265,1169,1054,31.478140852573336,87.43800413724026,74.2588754067775,70.81826047331799,117.92861850091916,"to occupy, take possession of"
揽,lǎn,91,1020,288,1731,776,31.478140852573336,54.349033650204184,80.7039853477431,104.86433608153418,86.82410622079057,"grasp, take hold of"
淼,miǎo,91,147,16,289,246,31.478140852573336,7.83265484958825,4.483554741541283,17.507679449776646,27.524136765869173,a wide expanse of water
脩,xiū,91,2015,309,1601,180,31.478140852573336,107.36598314231513,86.58865094601603,96.98890933942012,20.139612267709154,dried meat (used as teachers payment in ancient times)
帖,tiē,91,945,214,599,453,31.478140852573336,50.35278117592446,59.96754466811467,36.28754321943325,50.6846908737347,invitation card
彦,yàn,91,560,185,802,241,31.478140852573336,29.838685141288572,51.841101699071096,48.585324978272915,26.964703091766143,elegant
奕,yì,91,930,230,1198,205,31.478140852573336,49.553530681068516,64.45109940965595,72.5750864388665,22.936780638224313,"in sequence, orderly"
筐,kuāng,90,193,113,512,283,31.13222721683077,10.283689700479812,31.665105362135314,31.01706532278769,31.66394595423161,bamboo basket or chest
谟,mó,90,618,119,611,229,31.13222721683077,32.92912038806489,33.346438390213294,37.014505687936094,25.622062273918868,"scheme, plan"
缆,lǎn,90,512,112,704,364,31.13222721683077,27.28108355774955,31.384883190788987,42.64846481883308,40.726771474700726,"hawser, heavy-duty rope, cable"
耐,nài,90,1539,156,993,1253,31.13222721683077,82.00310077221984,43.714658730027516,60.15614426860972,140.19407873021984,"endure, bear"
屠,tú,90,956,227,1028,694,31.13222721683077,50.93889820548549,63.61043289561696,62.27645146840967,77.64939396550085,"butcher, slaughter, massacre"
陛,bì,90,703,117,675,142,31.13222721683077,37.4582065255819,32.78599404752063,40.891638853284555,15.88791634452611,steps leading throne
韬,tāo,90,589,144,726,390,31.13222721683077,31.38390276467673,40.35199267387155,43.981229344421614,43.6358265800365,"sheath, scabbard, bow case"
甃,zhòu,90,425,100,217,207,31.13222721683077,22.645430687585076,28.02221713463302,13.145904638759628,23.160554107865526,brick wall of a well
窠,kē,89,734,65,204,236,30.786313581088212,39.10999088161752,18.214441137511464,12.358361964548221,26.40526941766311,nest
醴,lǐ,89,553,113,640,136,30.786313581088212,29.465701577022465,31.665105362135314,38.771331653484616,15.21659593560247,sweet wine
畿,jī,89,357,78,689,201,30.786313581088212,19.022161777571466,21.857329365013758,41.73976173320453,22.489233698941884,imperial domain
铿,kēng,89,469,93,296,179,30.786313581088212,24.989898805829178,26.06066193520871,17.931740889736634,20.027725532888546,"strike, beat, stroke"
闽,mǐn,89,1423,287,1728,751,30.786313581088212,75.8222302786672,80.42376317639678,104.68259546440846,84.02693785027542,fujian province
鹂,lí,88,627,122,617,280,30.440399945345646,33.40867068497845,34.18710490425229,37.37798692218751,31.328285749769794,Chinese oriole
舫,fǎng,88,606,143,1129,578,30.440399945345646,32.28971999218014,40.071770502525226,68.3950522449752,64.6705327263105,"fancy boat, yacht"
训,xùn,88,931,197,976,460,30.440399945345646,49.60681404739225,55.203767755227055,59.12628077156404,51.46789801747895,"teach, instruct"
窜,cuàn,88,368,73,432,353,30.440399945345646,19.608278807132493,20.456218508282106,26.170648866102116,39.49601739167406,run away
浙,zhè,88,1227,276,778,287,30.440399945345646,65.37869047921622,77.34131929158714,47.131400041267234,32.11149289351404,Zhejiang province
淑,shū,88,639,150,951,321,30.440399945345646,34.04807108086321,42.033325701949536,57.6117756288498,35.91564187741466,"good, pure, virtuous, charming"
筇,qióng,88,1752,208,998,696,30.440399945345646,93.35245779917425,58.28621164003668,60.45904529715257,77.87316743514207,a kind of bamboo used to make staffs
腕,wàn,88,357,59,382,403,30.440399945345646,19.022161777571466,16.533108109433485,23.141638580673632,45.09035413270438,wrist
庵,ān,88,2545,372,1037,666,30.440399945345646,135.60616729389182,104.24264774083484,62.8216733197868,74.51656539052387,Buddhist monastery or nunnery
黔,qián,88,489,78,484,394,30.440399945345646,26.05556613230377,21.857329365013758,29.32081956294774,44.08337351931892,black
鸢,yuān,88,686,147,639,331,30.440399945345646,36.5523892980785,41.19265918791054,38.71075144777605,37.034509225620724,kite
钦,qīn,88,642,86,697,295,30.440399945345646,34.2079211798344,24.0991067357844,42.22440337887309,33.00658677207889,"respect, admire"
幅,fú,87,1547,247,929,1293,30.09448630960308,82.42936770280969,69.21487632254356,56.27901110326126,144.66954812304408,"piece, strip, breadth of, hem"
给,gěi,87,815,179,582,265,30.09448630960308,43.425943553839616,50.15976867099311,35.25767972238757,29.649984727460698,give
襦,rú,87,573,86,445,260,30.09448630960308,30.531368903497054,24.0991067357844,26.95819154031352,29.090551053357668,"short coat, jacket"
夔,kuí,87,999,154,718,273,30.09448630960308,53.23008295740586,43.15421438733486,43.49658769875305,30.54507860602555,one-legged monster
俟,qí,87,502,92,530,185,30.09448630960308,26.748249894512256,25.78043976386238,32.10750902554195,20.699045941812187,"wait for, wait until, as soon as"
叙,xù,87,431,69,399,176,30.09448630960308,22.965130885527454,19.335329822896785,24.171502077719314,19.692065328426725,"express, state, relate, narrate"
毡,zhān,87,1455,377,1152,521,30.09448630960308,77.52729800102655,105.6437585975665,69.78839697627231,58.29298884153593,felt
炙,zhì,87,925,113,509,442,30.09448630960308,49.287113849449874,31.665105362135314,30.835324705661982,49.45393679070803,"roast, broil"
嗔,chēn,86,1491,220,901,420,29.74857267386052,79.44549918868083,61.64887769619265,54.58276534342131,46.99242862465469,"be angry at, scold, rebuke"
杼,zhù,86,384,89,468,158,29.74857267386052,20.460812668312165,24.93977324982339,28.351536271610623,17.678104101655812,shuttle of loom
枣,zǎo,86,793,153,571,415,29.74857267386052,42.25370949471756,42.87399221598852,34.59129745959331,46.43299495055166,date tree
项,xiàng,86,669,113,458,337,29.74857267386052,35.6465720705751,31.665105362135314,27.74573421452493,37.70582963454436,"neck, nape of neck"
掇,duō,86,522,79,484,116,29.74857267386052,27.81391722098685,22.13755153636009,29.32081956294774,12.978861239190342,"collect, gather up, pick up"
郸,dān,86,410,95,613,277,29.74857267386052,21.846180192729133,26.621106277901372,37.13566609935324,30.992625545307973,county in Hebei province
番,fān,86,2585,427,1640,2543,29.74857267386052,137.737501946841,119.65486716488302,99.35153736205433,284.5279666488021,to take turns
诺,nuò,86,429,56,407,223,29.74857267386052,22.858564152879993,15.692441595394493,24.65614372338787,24.950741864995226,promise
恬,tián,86,585,114,529,212,29.74857267386052,31.170769299381814,31.945327533481645,32.04692881983338,23.719987781968555,"quiet, calm, tranquil, peaceful"
荀,xún,86,346,26,293,162,29.74857267386052,18.43604474801044,7.285776455004585,17.750000272610926,18.125651040938237,surname
邯,hán,86,415,97,623,288,29.74857267386052,22.11259702434778,27.18155062059403,37.741468156438934,32.22337962833465,city in Hebei province
册,cè,86,1152,117,500,316,29.74857267386052,61.382438004936496,32.78599404752063,30.290102854284857,35.356208203311624,"book, volume, register, list"
盼,pàn,85,575,134,862,1176,29.402659038117953,30.637935636144515,37.549770960408246,52.22013732078709,131.57880014903313,"look, gaze"
芭,bā,85,572,105,613,475,29.402659038117953,30.478085537173328,29.423327991364676,37.13566609935324,53.146199039788044,plantain or banana palm
研,yán,85,840,195,580,438,29.402659038117953,44.75802771193286,54.64332341253439,35.13651931097043,49.00638985142561,"grind, rub"
嵯,cuó,85,465,186,820,345,29.402659038117953,24.776765340534258,52.12132387041742,49.675768681027165,38.60092351310921,"high, towering"
阗,tián,85,250,43,318,258,29.402659038117953,13.320841580932399,12.0495533678922,19.264505415325168,28.866777583716452,a place in Xinjiang province
梗,gěng,85,547,86,652,430,29.402659038117953,29.146001379080086,24.0991067357844,39.498294121987456,48.11129597286076,"stem of flower, branch of plant"
擘,bāi,85,800,123,486,548,29.402659038117953,42.62669305898367,34.46732707559862,29.44197997436488,61.313930681692305,thumb
剖,pōu,85,732,123,641,390,29.402659038117953,39.00342414897006,34.46732707559862,38.831911859193184,43.6358265800365,"split in two, slice"
旃,zhān,85,640,88,505,200,29.402659038117953,34.101354447186935,24.659551078477058,30.593003882827706,22.377346964121283,silk banner with bent pole
桓,huán,85,821,378,1349,651,29.402659038117953,43.74564375178199,105.92398076891283,81.72269750086053,72.83826436821478,variety of tree
酝,yùn,85,551,87,349,183,29.402659038117953,29.359134844375006,24.37932890713073,21.14249179229083,20.47527247217097,"liquor, spirits, wine"
滥,làn,85,433,53,417,185,29.402659038117953,23.071697618174912,14.851775081355502,25.261945780473567,20.699045941812187,"flood, overflow"
验,yàn,85,919,94,329,276,29.402659038117953,48.9674136515075,26.34088410655504,19.930887678119436,30.880738810487365,"test, examine, inspect"
驹,jū,84,1300,265,1360,547,29.056745402375387,69.26837622084848,74.2588754067775,82.38907976365482,61.2020439468717,colt
竺,zhú,84,504,86,442,125,29.056745402375387,26.854816627159714,24.0991067357844,26.776450923187813,13.9858418525758,India
舄,xì,84,526,123,1226,177,29.056745402375387,28.027050686281765,34.46732707559862,74.27133219870647,19.803952063247333,a shoe
沓,dá,84,268,64,414,230,29.056745402375387,14.279942174759531,17.934218966165133,25.080205163347863,25.733949008739476,"connected, joined"
驺,zōu,84,377,90,483,164,29.056745402375387,20.087829104046055,25.21999542116972,29.260239357239172,18.34942451057945,mounted escort
铄,shuò,84,442,103,320,235,29.056745402375387,23.55124791508848,28.86288364867201,19.385665826742308,26.293382682842505,"melt, smelt"
迩,ěr,84,1028,170,967,329,29.056745402375387,54.775300580794024,47.63776912887614,58.58105892018691,36.81073575597951,"be near, be close"
阡,qiān,84,948,143,625,306,29.056745402375387,50.512631274895654,40.071770502525226,37.86262856785607,34.23734085510556,footpaths between fields
蒂,dì,84,590,136,535,325,29.056745402375387,31.437186131000463,38.11021530310091,32.41041005408479,36.36318881669708,peduncle or stem of plants
忻,xīn,84,487,64,396,104,29.056745402375387,25.94899939965631,17.934218966165133,23.989761460593606,11.636220421343065,"delightful, joyful, pleasant"
虾,xiā,83,734,117,479,403,28.710831766632825,39.10999088161752,32.78599404752063,29.01791853440489,45.09035413270438,"shrimp, prawn"
茜,qiàn,83,376,76,366,478,28.710831766632825,20.03454573772233,21.2968850223211,22.172355289336515,53.48185924424986,"madder, Rubia cordifolia"
薤,xiè,83,509,49,437,181,28.710831766632825,27.12123345877836,13.730886395970181,26.473549894644965,20.25149900252976,Allium bakeri
衷,zhōng,83,619,128,1020,426,28.710831766632825,32.98240375438861,35.86843793233027,61.79180982274111,47.66374903357833,"heart, from bottom of one's heart"
隳,huī,83,226,58,184,55,28.710831766632825,12.042040789162888,16.252885938087154,11.146757850376828,6.153770415133352,to destroy
蛛,zhū,83,556,97,409,390,28.710831766632825,29.625551675993652,27.18155062059403,24.77730413480501,43.6358265800365,spider
鲍,bào,83,468,82,649,280,28.710831766632825,24.93661543950545,22.97821805039908,39.316553504861744,31.328285749769794,abalone
炷,zhù,83,988,86,191,343,28.710831766632825,52.64396592784484,24.0991067357844,11.570819290336816,38.37715004346799,"candle wick, lamp wick"
你,nǐ,83,807,162,67,76,28.710831766632825,42.999676623249776,45.395991758105495,4.058873782474171,8.503391846366085,"you, second person pronoun"
卉,huì,83,928,146,912,379,28.710831766632825,49.446963948421065,40.91243701656421,55.24914760621558,42.405072497009826,general term for plants
觥,gōng,83,616,73,411,313,28.710831766632825,32.82255365541743,20.456218508282106,24.898464546222154,35.0205479988498,a cup made of horn
膳,shàn,82,275,70,312,126,28.36491813089026,14.652925739025639,19.615551994243116,18.90102418107375,14.097728587396407,"meals, provisions, board"
努,nǔ,82,622,110,846,417,28.36491813089026,33.14225385335981,30.824438848096325,51.250854029449975,46.65676842019287,"to exert, strive, make an effort"
溺,nì,82,515,125,484,222,28.36491813089026,27.44093365672074,35.02777141829128,29.32081956294774,24.838855130174622,drown
擢,zhuó,82,596,92,421,131,28.36491813089026,31.756886328942834,25.78043976386238,25.504266603307848,14.657162261499439,"pull up, draw up"
彰,zhāng,82,435,68,221,155,28.36491813089026,23.178264350822374,19.055107651550454,13.388225461593906,17.342443897193995,"clear, manifest, obvious"
革,gé,82,647,119,504,459,28.36491813089026,34.47433801145304,33.346438390213294,30.532423677119137,51.35601128265834,"leather, animal hides"
录,lù,82,919,143,561,532,28.36491813089026,48.9674136515075,40.071770502525226,33.98549540250761,59.523742924562605,"copy, write down, record"
隆,lóng,82,1680,236,1476,723,28.36491813089026,89.51605542386572,66.13243243773394,89.4163836258489,80.89410927529843,"prosperous, plentiful, abundant"
汴,biàn,82,529,117,399,190,28.36491813089026,28.186900785252956,32.78599404752063,24.171502077719314,21.258479615915217,name of a river in Henan
矛,máo,82,378,105,292,168,28.36491813089026,20.141112470369784,29.423327991364676,17.689420066902358,18.796971449861875,"spear, lance"
现,xiàn,82,1568,332,628,610,28.36491813089026,83.54831839560799,93.03376088698164,38.044369184981775,68.2509082405699,"appear, manifest, become visible"
婢,bì,82,437,53,192,457,28.36491813089026,23.284831083469832,14.851775081355502,11.631399496045384,51.13223781301713,servant girl
袜,wà,82,712,176,716,653,28.36491813089026,37.937756822495466,49.319102156954116,43.37542728733592,73.06203783785598,"socks, stockings"
党,dǎng,82,928,113,616,737,28.36491813089026,49.446963948421065,31.665105362135314,37.31740671647894,82.46052356278692,"political party, gang, faction"
窅,yǎo,82,162,104,346,193,28.36491813089026,8.631905344444194,29.14310582001834,20.960751175165118,21.594139820377034,"far, deep"
炭,tàn,82,599,67,279,277,28.36491813089026,31.916736427914028,18.774885480204123,16.901877392690952,30.992625545307973,charcoal
竖,shù,81,625,121,635,455,28.019004495147698,33.302103952330995,33.90688273290596,38.46843062494177,50.90846434337591,"perpendicular, vertical"
绩,jì,81,614,111,954,393,28.019004495147698,32.71598692276997,31.104661019442652,57.7935162459755,43.97148678449832,spin
脑,nǎo,81,532,57,228,196,28.019004495147698,28.346750884224143,15.972663766740823,13.812286901553895,21.929800024838855,brain
邛,qióng,81,242,31,313,189,28.019004495147698,12.894574650342562,8.686887311736237,18.96160438678232,21.146592881094612,in distress
湓,pén,81,229,20,86,39,28.019004495147698,12.201890888134075,5.604443426926605,5.209897690936995,4.36358265800365,a river in Jiangxi province
瑰,guī,81,622,96,292,252,28.019004495147698,33.14225385335981,26.9013284492477,17.689420066902358,28.195457174792814,"extraordinary, fabulous"
曝,pù,81,350,40,318,190,28.019004495147698,18.64917821330536,11.20888685385321,19.264505415325168,21.258479615915217,"sun, air in sun, expose or dry in the sun"
曈,tóng,81,269,58,351,124,28.019004495147698,14.33322554108326,16.252885938087154,21.263652203707966,13.873955117755195,twilight just before sunrise
脆,cuì,80,465,84,278,298,27.673090859405132,24.776765340534258,23.53866239309174,16.84129718698238,33.34224697654071,crisp
槁,gǎo,80,1436,195,680,332,27.673090859405132,76.5149140408757,54.64332341253439,41.19453988182741,37.146395960441325,wither
邙,máng,80,137,55,230,105,27.673090859405132,7.299821186350954,15.412219424048162,13.933447312971033,11.748107156163673,mountain in Henan province
骎,qīn,80,1162,140,350,145,27.673090859405132,61.91527166817379,39.23110398848623,21.203071997999402,16.22357654898793,galloping
挟,xié,80,1547,334,1658,837,27.673090859405132,82.42936770280969,93.59420522967429,100.44198106480859,93.64919704484755,clasp under arm
喉,hóu,80,486,74,380,338,27.673090859405132,25.895716033332583,20.736440679628434,23.02047816925649,37.817716369364966,"throat, gullet, larynx"
桧,guì,80,823,169,586,196,27.673090859405132,43.852210484429456,47.357546957529806,35.50000054522185,21.929800024838855,"Chinese cypress, Chinese juniper"
纨,wán,80,660,194,855,680,27.673090859405132,35.16702177366153,54.36310124118806,51.796075880827104,76.08297967801236,"white silk, fine silk"
责,zé,80,1015,119,353,381,27.673090859405132,54.082616818585535,33.346438390213294,21.38481261512511,42.62884596665104,"one's responsibility, duty"
鸠,jiū,80,1188,192,1268,674,27.673090859405132,63.30063919259075,53.8026568984954,76.8157008384664,75.41165926908872,pigeon
狭,xiá,80,421,81,389,152,27.673090859405132,22.432297222290156,22.697995879052748,23.565700020633617,17.00678369273217,"narrow, limited"
阜,fù,80,854,149,791,320,27.673090859405132,45.503994840465076,41.753103530603205,47.91894271547864,35.80375514259405,mound
祚,zuò,80,427,80,383,211,27.673090859405132,22.751997420232538,22.41777370770642,23.2022187863822,23.60810104714795,throne
眄,miǎn,79,165,26,136,90,27.32717722366257,8.791755443415383,7.285776455004585,8.23890797636548,10.069806133854577,to look askance
茨,cí,79,778,122,632,165,27.32717722366257,41.45445899986162,34.18710490425229,38.28669000781606,18.461311245400058,thatching
倩,qiàn,79,1189,181,1069,1413,27.32717722366257,63.35392255891449,50.72021301368577,64.76023990246102,158.09595630151685,"beautiful, lovely"
鹘,gǔ,79,447,123,272,188,27.32717722366257,23.817664746707127,34.46732707559862,16.47781595273096,21.034706146274004,a kind of pigeon
拄,zhǔ,79,1697,162,689,305,27.32717722366257,90.42187265136911,45.395991758105495,41.73976173320453,34.12545412028495,lean on
颗,kē,79,966,208,585,397,27.32717722366257,51.471731868722784,58.28621164003668,35.43942033951328,44.41903372378074,"grain, kernel"
邺,yè,79,375,51,594,198,27.32717722366257,19.981262371398596,14.291330738662841,35.98464219089041,22.153573494480067,place in today's Henan province
菌,jūn,79,305,78,231,80,27.32717722366257,16.251426728737524,21.857329365013758,13.994027518679603,8.950938785648512,mushroom
扪,mén,79,872,133,698,491,27.32717722366257,46.4630954342922,37.26954878906192,42.28498358458166,54.93638679691774,"stoke, pat, feel by hand, grope"
嗤,chī,79,609,76,529,401,27.32717722366257,32.44957009115132,21.2968850223211,32.04692881983338,44.86658066306317,"laugh at, ridicule, sneer"
惮,dàn,78,904,143,607,191,26.981263587920004,48.16816315665155,40.071770502525226,36.77218486510181,21.37036635073582,"dread, shrink from, shirk, fear"
泓,hóng,78,712,108,437,280,26.981263587920004,37.937756822495466,30.263994505403666,26.473549894644965,31.328285749769794,"clear, deep pool of water"
掣,chè,78,822,159,462,352,26.981263587920004,43.79892711810572,44.5553252440665,27.988055037359207,39.38413065685345,"drag, pull"
茧,jiǎn,78,1064,230,631,617,26.981263587920004,56.693501768448286,64.45109940965595,38.22610980210749,69.03411538431415,cocoon
袁,yuán,78,489,108,564,344,26.981263587920004,26.05556613230377,30.263994505403666,34.167236019633314,38.4890367782886,robe
赢,yíng,78,1215,176,842,865,26.981263587920004,64.73929008333145,49.319102156954116,51.008533206615695,96.78202561982454,win
閟,bì,78,825,207,635,285,26.981263587920004,43.958777217076914,58.00598946869036,38.46843062494177,31.887719423872824,"hide, keep secret"
擒,qín,78,332,142,277,167,26.981263587920004,17.690077619478227,39.79154833117889,16.78071698127381,18.685084715041267,"catch, capture, seize, arrest"
股,gǔ,78,459,113,416,294,26.981263587920004,24.457065142591883,31.665105362135314,25.201365574765,32.89470003725828,"thighs, haunches, rump"
鲛,jiāo,78,366,159,687,531,26.981263587920004,19.50171207448503,44.5553252440665,41.618601321787395,59.411856189742,shark
岖,qū,78,750,120,391,314,26.981263587920004,39.96252474279719,33.626660561559625,23.686860432050757,35.13243473367041,"steep, sheer"
萱,xuān,78,822,161,948,354,26.981263587920004,43.79892711810572,45.115769586759164,57.43003501172409,39.60790412649467,"day-lily, Hemerocallis flava"
泾,jīng,78,450,62,353,178,26.981263587920004,23.977514845678318,17.373774623472475,21.38481261512511,19.915838798067938,name of a river
氓,máng,78,445,110,289,171,26.981263587920004,23.71109801405967,30.824438848096325,17.507679449776646,19.132631654323696,people
誉,yù,77,1270,203,1177,427,26.63534995217744,67.66987523113659,56.885100783305035,71.30290211898655,47.775635768398935,"fame, reputation"
剥,bō,77,1256,190,750,519,26.63534995217744,66.92390810260437,53.242212555802745,45.43515428142728,58.06921537189473,peel
腐,fǔ,77,1029,182,882,489,26.63534995217744,54.82858394711775,51.0004351850321,53.43174143495848,54.712613327276536,"rot, decay, spoil"
曷,hé,77,620,160,708,203,26.63534995217744,33.03568712071235,44.83554741541284,42.89078564166736,22.7130071685831,why? what? where?
杭,háng,77,361,73,251,257,26.63534995217744,19.235295242866385,20.456218508282106,15.205631632850997,28.754890848895844,cross stream
逞,chěng,77,374,89,291,307,26.63534995217744,19.927979005074867,24.93977324982339,17.628839861193786,34.349227589926166,indulge oneself
巉,chán,77,510,54,428,242,26.63534995217744,27.174516825102092,15.131997252701833,25.928328043267836,27.076589826586748,"steep, rugged, jagged, precipitous"
筱,xiǎo,77,273,52,345,234,26.63534995217744,14.546359006378179,14.57155291000917,20.900170969456553,26.1814959480219,dwarf bamboo
奚,xī,77,1503,365,1513,866,26.63534995217744,80.08489958456558,102.28109254141053,91.65785123706598,96.89391235464514,where? what? how? why?
娑,suō,77,1017,211,821,551,26.63534995217744,54.18918355123299,59.126878154075676,49.73634888673573,61.64959088615412,"dance, frolic"
豸,zhì,77,219,68,666,83,26.63534995217744,11.66905722489678,19.055107651550454,40.346417001907426,9.286598990110331,"legless insect-like animal, worm"
肘,zhǒu,77,683,108,487,242,26.63534995217744,36.39253919910731,30.263994505403666,29.50256018007345,27.076589826586748,the elbow
焕,huàn,77,514,137,453,172,26.63534995217744,27.387650290397012,38.39043747444724,27.44283318598208,19.2445183891443,shining
扈,hù,77,304,107,514,235,26.63534995217744,16.198143362413795,29.983772334057335,31.138225734204834,26.293382682842505,"escort, retinue"
蕨,jué,76,661,174,634,197,26.289436316434873,35.22030513998526,48.75865781426146,38.4078504192332,22.04168675965946,"Pteris aquilina, common bracken"
矢,shǐ,76,835,233,1286,605,26.289436316434873,44.491610880314205,65.29176592369495,77.90614454122066,67.69147456646688,"arrow, dart"
臆,yì,76,476,128,436,298,26.289436316434873,25.362882370095285,35.86843793233027,26.412969688936393,33.34224697654071,"chest, breast, bosom"
愈,yù,76,2259,306,894,654,26.289436316434873,120.36712452530516,85.74798443197705,54.15870390346132,73.17392457267658,"more and more, even more"
邸,dǐ,75,279,65,635,242,25.94352268069231,14.866059204320557,18.214441137511464,38.46843062494177,27.076589826586748,"official residence, residence of"
戛,jiá,75,353,75,316,305,25.94352268069231,18.809028312276546,21.016662850974768,19.14334500390803,34.12545412028495,lance
虔,qián,75,495,89,533,209,25.94352268069231,26.37526633024615,24.93977324982339,32.289249642667656,23.38432757750674,act with reverence
佞,nìng,75,382,50,302,134,25.94352268069231,20.354245935664704,14.01110856731651,18.295222123988054,14.992822465961257,flattery
堑,qiàn,75,300,82,306,216,25.94352268069231,15.985009897118879,22.97821805039908,18.53754294682233,24.16753472125098,"moat, trench, pit, cavity"
禀,bǐng,75,432,47,173,85,25.94352268069231,23.018414251851183,13.17044205327752,10.480375587582559,9.510372459751546,"report to, petition"
庇,bì,75,434,38,228,161,25.94352268069231,23.124980984498645,10.64844251116055,13.812286901553895,18.013764306117633,"cover, shield, shelter, protect"
鬣,liè,75,624,141,534,270,25.94352268069231,33.24882058600726,39.511326159832564,32.349829848376224,30.20941840156373,horse's mane
队,duì,75,691,203,1173,750,25.94352268069231,36.818806129697144,56.885100783305035,71.06058129615228,83.9150511154548,"team, group"
帙,zhì,75,647,140,932,274,25.94352268069231,34.47433801145304,39.23110398848623,56.46075172038697,30.656965340846153,book cover
濆,fén,75,202,54,360,50,25.94352268069231,10.763239997393377,15.131997252701833,21.808874055085095,5.594336741030321,river bank
泗,sì,75,642,153,733,263,25.94352268069231,34.2079211798344,42.87399221598852,44.4052907843816,29.426211257819485,mucous
鼍,tuó,75,388,135,609,429,25.94352268069231,20.673946133607082,37.829993131754584,36.89334527651895,47.99940923804015,"large reptile, water lizard"
挈,qiè,75,699,112,414,323,25.94352268069231,37.245073060286984,31.384883190788987,25.080205163347863,36.139415347055866,"assist, help, lead by hand"
库,kù,75,390,67,157,145,25.94352268069231,20.780512866254544,18.774885480204123,9.511092296245444,16.22357654898793,"armory, treasury, storehouse"
嬉,xī,75,1547,170,733,624,25.94352268069231,82.42936770280969,47.63776912887614,44.4052907843816,69.8173225280584,enjoy
霆,tíng,74,752,161,527,282,25.597609044949746,40.06909147544466,45.115769586759164,31.92576840841624,31.552059219411003,a sudden peal of thunder
帅,shuài,74,784,120,389,379,25.597609044949746,41.774159197803996,33.626660561559625,23.565700020633617,42.405072497009826,"commander, commander-in-chief"
嚼,jué,74,1091,132,416,357,25.597609044949746,58.13215265918899,36.98932661771559,25.201365574765,39.943564330956484,"prattle, be glib"
枚,méi,74,501,71,588,261,25.597609044949746,26.694966528188527,19.895774165589444,35.62116095663899,29.20243778817827,"stalk of shrub, trunk of tree"
吸,xī,74,1029,211,813,463,25.597609044949746,54.82858394711775,59.126878154075676,49.25170724106717,51.80355822194076,"inhale, suck in"
溯,sù,74,781,168,1067,866,25.597609044949746,41.61430909883281,47.07732478618348,64.63907949104387,96.89391235464514,"go upstream, go against current"
滓,zǐ,74,540,67,316,148,25.597609044949746,28.77301781481398,18.774885480204123,19.14334500390803,16.559236753449746,"sediment, lees, dregs"
潦,lǎo,74,1042,209,1252,592,25.597609044949746,55.52126770932624,58.566433811383014,75.84641754712928,66.23694701379898,to flood
式,shì,74,665,145,563,313,25.597609044949746,35.43343860528018,40.63221484521788,34.106655813924746,35.0205479988498,"style, system, formula, rule"
蕖,qú,74,669,130,494,222,25.597609044949746,35.6465720705751,36.42888227502293,29.926621620033437,24.838855130174622,"lotus, water-lily"
淋,lín,74,772,222,700,516,25.597609044949746,41.13475880191925,62.209322038885304,42.406143995998804,57.733555167432904,"drip, soak, drench"
债,zhài,74,854,110,491,414,25.597609044949746,45.503994840465076,30.824438848096325,29.744881002907732,46.32110821573105,"debt, loan, liabilities"
幔,màn,74,332,95,792,432,25.597609044949746,17.690077619478227,26.621106277901372,47.97952292118721,48.33506944250196,"curtain, screen, tent"
榼,kē,74,427,43,203,140,25.597609044949746,22.751997420232538,12.0495533678922,12.297781758839653,15.664142874884897,wine glass
钝,dùn,74,617,56,224,160,25.597609044949746,32.875837021741155,15.692441595394493,13.569966078719617,17.901877571297025,"blunt, obtuse"
诣,yì,73,403,44,245,151,25.251695409207183,21.473196628463025,12.329775539238529,14.84215039859958,16.89489695791157,reach
磊,lěi,73,1056,207,822,452,25.251695409207183,56.26723483785845,58.00598946869036,49.79692909244431,50.572804138914094,pile of rocks or stones
蟋,xī,73,316,79,430,236,25.251695409207183,16.83754375829855,22.13755153636009,26.049488454684976,26.40526941766311,cricket
毗,pí,73,733,80,364,142,25.251695409207183,39.05670751529379,22.41777370770642,22.051194877919375,15.88791634452611,"help, assist"
鸂,xī,73,170,37,209,69,25.251695409207183,9.058172275034032,10.368220339814217,12.66126299309107,7.720184702621841,"Mandarin duck, Aix galericulata"
崎,qí,73,856,135,474,460,25.251695409207183,45.610561573112534,37.829993131754584,28.715017505862043,51.46789801747895,"rough, uneven, jagged, rugged"
凯,kǎi,73,377,101,511,185,25.251695409207183,20.087829104046055,28.30243930597935,30.956485117079122,20.699045941812187,triumphant
捉,zhuō,73,621,125,267,295,25.251695409207183,33.08897048703608,35.02777141829128,16.174914924188112,33.00658677207889,"grasp, clutch"
癖,pǐ,73,715,156,864,413,25.251695409207183,38.097606921466664,43.714658730027516,52.34129773220423,46.20922148091044,"craving, weakness for"
遨,áo,73,626,154,632,186,25.251695409207183,33.35538731865472,43.15421438733486,38.28669000781606,20.81093267663279,"ramble, roam"
鞋,xié,73,1448,198,969,835,25.251695409207183,77.15431443676046,55.48398992657338,58.70221933160405,93.42542357520634,"shoes, footwear in general"
掬,jū,73,719,119,488,393,25.251695409207183,38.31074038676157,33.346438390213294,29.56314038578202,43.97148678449832,to grasp or hold with both hands
咄,duō,73,1391,90,714,512,25.251695409207183,74.11716255630786,25.21999542116972,43.25426687591877,57.28600822815048,"noise of rage, cry out in anger"
鞦,qiū,73,267,32,107,81,25.251695409207183,14.2266588084358,8.967109483082567,6.482082010816959,9.062825520469119,leather stap
辘,lù,73,400,94,311,231,25.251695409207183,21.313346529491835,26.34088410655504,18.840443975365183,25.845835743560077,"windlass, pulley, capstan"
翊,yì,73,164,30,234,46,25.251695409207183,8.738472077091654,8.406665140389906,14.175768135805312,5.146789801747895,flying
鶒,chì,72,173,24,149,51,24.905781773464618,9.21802237400522,6.725332112311925,9.026450650576887,5.706223475850927,a duck-like bird
梓,zǐ,72,524,152,906,339,24.905781773464618,27.920483953634307,42.5937700446422,54.88566637196416,37.929603104185574,"Chinese catalpa, Catalpa ovata"
耆,qí,72,1258,171,714,454,24.905781773464618,67.03047483525184,47.91799130022247,43.25426687591877,50.7965776085553,man of sixty
厦,shà,72,616,67,317,297,24.905781773464618,32.82255365541743,18.774885480204123,19.2039252096166,33.2303602417201,"big building, mansion"
阎,yán,72,592,132,498,205,24.905781773464618,31.54375286364792,36.98932661771559,30.168942442867717,22.936780638224313,village gate
潸,shān,72,456,69,419,240,24.905781773464618,24.297215043620696,19.335329822896785,25.38310619189071,26.85281635694554,weep
爰,yuán,72,451,91,668,184,24.905781773464618,24.030798212002043,25.50021759251605,40.46757741332457,20.58715920699158,lead on to
缑,gōu,72,210,60,515,88,24.905781773464618,11.189506927983215,16.813330280779812,31.1988059399134,9.846032664213363,cord binding on hilt of sword
唧,jī,72,408,42,333,322,24.905781773464618,21.739613460081674,11.76933119654587,20.173208500953713,36.027528612235265,chirping of insects
匈,xiōng,72,162,7,267,72,24.905781773464618,8.631905344444194,1.9615551994243117,16.174914924188112,8.055844907083662,"breast, chest, thorax"
嗜,shì,71,1237,151,481,436,24.559868137722056,65.9115241424535,42.31354787329586,29.139078945822032,48.78261638178439,"be fond of, have weakness for"
乙,yǐ,71,553,121,690,317,24.559868137722056,29.465701577022465,33.90688273290596,41.80034193891311,35.46809493813223,second
踯,zhí,71,191,52,419,226,24.559868137722056,10.177122967832352,14.57155291000917,25.38310619189071,25.286402069457047,"waver, hesitate, be irresolute"
皂,zào,71,572,81,566,221,24.559868137722056,30.478085537173328,22.697995879052748,34.28839643105046,24.726968395354014,soap
洋,yáng,71,996,224,1143,894,24.559868137722056,53.07023285843467,62.76976638157797,69.24317512489517,100.02674092962212,"ocean, sea"
抑,yì,71,610,81,401,418,24.559868137722056,32.50285345747505,22.697995879052748,24.292662489136458,46.76865515501348,"press down, repress"
墅,shù,71,486,125,676,279,24.559868137722056,25.895716033332583,35.02777141829128,40.95221905899312,31.21639901494919,"villa, country house"
版,bǎn,71,657,114,433,416,24.559868137722056,35.00717167469035,31.945327533481645,26.231229071810684,46.54488168537226,printing blocks
辄,zhé,71,1680,150,478,463,24.559868137722056,89.51605542386572,42.033325701949536,28.95733832869632,51.80355822194076,sides of chariot where weapons
蹈,dǎo,71,635,120,506,314,24.559868137722056,33.83493761556829,33.626660561559625,30.65358408853627,35.13243473367041,stamp feet
轳,lú,71,239,61,261,146,24.559868137722056,12.734724551371373,17.093552452126143,15.811433689936694,16.335463283808537,"pulley, windlass, capstan"
抟,tuán,71,638,138,538,289,24.559868137722056,33.99478771453948,38.67065964579357,32.592150671210504,32.33526636315525,roll around with hand
颦,pín,71,940,137,646,664,24.559868137722056,50.08636434430582,38.39043747444724,39.13481288773603,74.29279192088265,"frown, knit brows"
瑁,mào,71,81,18,297,142,24.559868137722056,4.315952672222097,5.043999084233944,17.992321095445206,15.88791634452611,fine piece of jade
萌,méng,71,822,93,305,270,24.559868137722056,43.79892711810572,26.06066193520871,18.476962741113763,30.20941840156373,"bud, sprout"
瞥,piē,70,443,48,302,530,24.21395450197949,23.604531281412207,13.45066422462385,18.295222123988054,59.299969454921396,take fleeting glance at
斫,zhuó,70,649,155,386,387,24.21395450197949,34.58090474410051,43.434436558681185,23.38395940350791,43.300166375574676,"cut, chop, lop off"
鲙,kuài,70,559,95,323,107,24.21395450197949,29.785401774964843,26.621106277901372,19.567406443868016,11.971880625804886,minced fish
掾,yuàn,70,444,104,152,71,24.21395450197949,23.65781464773594,29.14310582001834,9.208191267702595,7.943958172263055,a general designation of officials
阆,láng,70,629,137,419,197,24.21395450197949,33.51523741762592,38.39043747444724,25.38310619189071,22.04168675965946,high door
踌,chóu,70,431,86,510,172,24.21395450197949,22.965130885527454,24.0991067357844,30.895904911370554,19.2445183891443,"hesitate, falter"
伶,líng,70,448,149,379,426,24.21395450197949,23.87094811303086,41.753103530603205,22.95989796354792,47.66374903357833,"lonely, solitary"
嫖,piáo,70,82,32,252,49,24.21395450197949,4.369236038545827,8.967109483082567,15.266211838559569,5.482450006209714,"patronize prostitutes, frequent"
珰,dāng,70,353,112,505,342,24.21395450197949,18.809028312276546,31.384883190788987,30.593003882827706,38.26526330864739,"pendant ornaments, earrings"
肢,zhī,70,224,60,216,209,24.21395450197949,11.93547405651543,16.813330280779812,13.085324433051058,23.38432757750674,human limbs
谤,bàng,70,689,59,221,191,24.21395450197949,36.712239397049686,16.533108109433485,13.388225461593906,21.37036635073582,"slander, libel"
朮,shù,70,222,25,22,27,24.21395450197949,11.82890732386797,7.005554283658255,1.3327645255885336,3.0209418401563726,"skill, art"
绅,shēn,69,987,104,716,125,23.868040866236928,52.590682561521106,29.14310582001834,43.37542728733592,13.9858418525758,girdle
刷,shuā,69,241,65,229,132,23.868040866236928,12.841291284018832,18.214441137511464,13.872867107262465,14.769048996320047,brush
蟀,shuài,69,316,77,430,289,23.868040866236928,16.83754375829855,21.57710719366743,26.049488454684976,32.33526636315525,cricket
颁,bān,69,695,138,670,245,23.868040866236928,37.03193959499207,38.67065964579357,40.588737824741706,27.412250031048572,"confer, bestow"
嫔,pín,69,272,24,79,46,23.868040866236928,14.49307564005445,6.725332112311925,4.785836250977008,5.146789801747895,court lady
蚊,wén,69,680,72,196,158,23.868040866236928,36.23268910013613,20.175996336935775,11.873720318879665,17.678104101655812,mosquito
嘘,xū,69,581,123,625,275,23.868040866236928,30.957635834086894,34.46732707559862,37.86262856785607,30.76885207566676,exhale
擅,shàn,69,1156,195,1425,696,23.868040866236928,61.59557147023141,54.64332341253439,86.32679313471183,77.87316743514207,monopolize
租,zū,69,737,160,557,352,23.868040866236928,39.26984098058871,44.83554741541284,33.74317457967333,39.38413065685345,"rent, lease"
幂,mì,69,79,23,97,149,23.868040866236928,4.209385939574638,6.445109940965595,5.876279953731261,16.671123488270354,"cover-cloth, cover with cloth"
邮,yóu,69,996,147,851,529,23.868040866236928,53.07023285843467,41.19265918791054,51.553755057992824,59.18808272010079,"postal, mail"
块,kuài,68,858,112,521,422,23.522127230494362,45.717128305759985,31.384883190788987,31.56228717416482,47.2162020942959,"piece, lump"
董,dǒng,68,637,157,754,326,23.522127230494362,33.94150434821575,43.99488090137385,45.67747510426157,36.47507555151768,"direct, supervise"
祷,dǎo,68,721,80,317,243,23.522127230494362,38.41730711940903,22.41777370770642,19.2039252096166,27.188476561407356,pray
导,dǎo,68,624,108,541,451,23.522127230494362,33.24882058600726,30.263994505403666,32.77389128833621,50.460917404093486,"direct, guide, lead, conduct"
货,huò,68,460,80,240,218,23.522127230494362,24.510348508915612,22.41777370770642,14.539249370056732,24.391308190892197,"goods, commodities, products"
诱,yòu,68,201,37,68,69,23.522127230494362,10.709956631069648,10.368220339814217,4.11945398818274,7.720184702621841,"persuade, entice, induce"
呵,hē,68,1284,173,444,477,23.522127230494362,68.4158423596688,48.47843564291512,26.897611334604953,53.36997250942925,scold
葳,wēi,68,119,28,454,160,23.522127230494362,6.340720592523821,7.846220797697247,27.503413391690646,17.901877571297025,"luxuriant, flourishing"
屦,jù,68,1580,221,733,151,23.522127230494362,84.18771879149276,61.92909986753899,44.4052907843816,16.89489695791157,straw sandals
哑,yǎ,68,502,94,428,330,23.522127230494362,26.748249894512256,26.34088410655504,25.928328043267836,36.922622490800116,"dumb, mute"
酿,niàng,68,1651,342,1275,1135,23.522127230494362,87.97083780047755,95.83598260044494,77.23976227842638,126.99144402138828,"brew, ferment"
创,chuàng,68,453,82,301,366,23.522127230494362,24.137364944649505,22.97821805039908,18.234641918279483,40.95054494434194,"establish, create"
洄,huí,68,240,62,497,275,23.522127230494362,12.7880079176951,17.373774623472475,30.108362237159145,30.76885207566676,a back-water
琪,qí,67,194,127,518,121,23.1762135947518,10.336973066803541,35.58821576098394,31.38054655703911,13.538294913293374,type of jade
育,yù,67,696,170,741,266,23.1762135947518,37.08522296131579,47.63776912887614,44.88993243005016,29.761871462281302,"produce, give birth to"
嬴,yíng,67,197,66,521,158,23.1762135947518,10.49682316577473,18.494663308857795,31.56228717416482,17.678104101655812,to win
漪,yī,67,943,217,701,387,23.1762135947518,50.246214443277005,60.808211182153656,42.466724201707365,43.300166375574676,ripples on water
缸,gāng,67,479,98,583,328,23.1762135947518,25.522732469066476,27.461772791940362,35.31825992809614,36.6988490211589,"earthenware jug, crock"
轺,yáo,67,389,92,591,165,23.1762135947518,20.72722949993081,25.78043976386238,35.8029015737647,18.461311245400058,small light carriage
述,shù,67,574,134,818,597,23.1762135947518,30.584652269820786,37.549770960408246,49.55460826961002,66.79638068790202,"narrate, state, express"
员,yuán,67,330,85,296,136,23.1762135947518,17.583510886830766,23.81888456443807,17.931740889736634,15.21659593560247,member
逗,dòu,67,438,77,592,709,23.1762135947518,23.33811444979356,21.57710719366743,35.86348177947327,79.32769498780995,"tempt, allure, arouse, stir"
坑,kēng,67,478,89,220,192,23.1762135947518,25.469449102742747,24.93977324982339,13.327645255885336,21.48225308555643,"pit, hole"
纯,chún,67,1084,234,581,302,23.1762135947518,57.75916909492288,65.57198809504126,35.197099516679,33.78979391582314,"pure, clean, simple"
燎,liáo,67,485,68,253,98,23.1762135947518,25.842432667008854,19.055107651550454,15.326792044268135,10.964900012419427,"to burn, set afire"
裔,yì,67,561,124,566,199,23.1762135947518,29.8919685076123,34.74754924694495,34.28839643105046,22.265460229300675,"progeny, descendants, posterity"
晒,shài,67,368,64,266,206,23.1762135947518,19.608278807132493,17.934218966165133,16.114334718479544,23.048667373044918,"dry in sun, expose to sun"
枭,xiāo,67,340,130,307,196,23.1762135947518,18.116344550068064,36.42888227502293,18.598123152530903,21.929800024838855,an owl
慷,kāng,66,859,317,1443,765,22.830299959009235,45.77041167208372,88.83042831678668,87.41723683746609,85.5933521377639,ardent
薛,xuē,66,289,71,342,188,22.830299959009235,15.398892867557853,19.895774165589444,20.71843035233084,21.034706146274004,kind of marsh grass
歘,chuā,66,161,88,246,17,22.830299959009235,8.578621978120465,24.659551078477058,14.902730604308148,1.9020744919503088,sudden
悯,mǐn,66,412,49,262,213,22.830299959009235,21.952746925376594,13.730886395970181,15.872013895645265,23.831874516789163,"pity, sympathize with, grieve for"
旂,qí,66,358,89,500,197,22.830299959009235,19.075445143895195,24.93977324982339,30.290102854284857,22.04168675965946,flag
碣,jié,66,214,102,1004,520,22.830299959009235,11.402640393278134,28.582661477325683,60.82252653140399,58.181102106715336,stone tablet
汨,mì,66,189,104,446,127,22.830299959009235,10.070556235184892,29.14310582001834,27.018771746022093,14.209615322217013,Mi(luo) river in Hunan province where Qu Yuan drowned himself
骐,qí,66,270,85,237,83,22.830299959009235,14.38650890740699,23.81888456443807,14.357508752931022,9.286598990110331,piebald horse
縠,hú,66,468,66,333,238,22.830299959009235,24.93661543950545,18.494663308857795,20.173208500953713,26.629042887304323,crepe
證,zhèng,66,591,33,229,397,22.830299959009235,31.490469497324188,9.247331654428898,13.872867107262465,44.41903372378074,"proof, evidence"
蓄,xù,66,514,116,311,363,22.830299959009235,27.387650290397012,32.50577187617431,18.840443975365183,40.614884739880125,"store, save, hoard, gather"
骧,xiāng,66,392,85,364,150,22.830299959009235,20.887079598901998,23.81888456443807,22.051194877919375,16.78301022309096,gallop about with head uplifted
蜃,shèn,65,332,130,768,436,22.484386323266673,17.690077619478227,36.42888227502293,46.52559798418154,48.78261638178439,marine monster which can change its shape
泄,xiè,65,871,134,386,297,22.484386323266673,46.409812067968474,37.549770960408246,23.38395940350791,33.2303602417201,leak
倘,tǎng,65,750,143,1280,656,22.484386323266673,39.96252474279719,40.071770502525226,77.54266330696923,73.3976980423178,"if, supposing, in event of"
枥,lì,65,306,73,366,187,22.484386323266673,16.304710095061253,20.456218508282106,22.172355289336515,20.922819411453396,type of oak
驼,tuó,65,663,374,683,589,22.484386323266673,35.326871872632715,104.8030920835275,41.37628049895311,65.90128680933718,a camel
颔,hàn,65,480,53,324,134,22.484386323266673,25.5760158353902,14.851775081355502,19.627986649576588,14.992822465961257,"chin, jowl"
艾,ài,65,1054,150,648,316,22.484386323266673,56.16066810521099,42.033325701949536,39.255973299153176,35.356208203311624,"artemisia, mugwort"
馔,zhuàn,65,436,135,602,169,22.484386323266673,23.2315477171461,37.829993131754584,36.469283836558965,18.908858184682483,"to feed, support, provide for"
嘲,cháo,65,1090,83,444,354,22.484386323266673,58.07886929286526,23.25844022174541,26.897611334604953,39.60790412649467,"ridicule, deride, scorn, jeer at"
瞿,qú,65,746,83,487,250,22.484386323266673,39.749391277502276,23.25844022174541,29.50256018007345,27.9716837051516,surname
峒,dòng,65,292,84,482,134,22.484386323266673,15.55874296652904,23.53866239309174,29.1996591515306,14.992822465961257,mountain in Gansu province
帔,pèi,65,136,32,111,111,22.484386323266673,7.246537820027225,8.967109483082567,6.724402833651238,12.419427565087311,a skirt
庞,páng,65,963,195,649,199,22.484386323266673,51.3118817697516,54.64332341253439,39.316553504861744,22.265460229300675,"disorderly, messy"
荇,xìng,65,344,56,327,173,22.484386323266673,18.32947801536298,15.692441595394493,19.809727266702293,19.356405123964908,"a water plant, Nymphoides peltalum"
斤,jīn,65,1145,153,425,259,22.484386323266673,61.00945444067038,42.87399221598852,25.746587426142128,28.97866431853706,a catty (approximately 600 g)
崆,kōng,65,253,70,362,85,22.484386323266673,13.480691679903588,19.615551994243116,21.930034466502235,9.510372459751546,Kongtong mountain
韆,qiān,64,248,31,95,79,22.138472687524107,13.214274848284939,8.686887311736237,5.755119542314122,8.839052050827906,swing
糟,zāo,64,720,90,521,234,22.138472687524107,38.364023753085306,25.21999542116972,31.56228717416482,26.1814959480219,"sediment, dregs"
么,me,64,1823,138,383,376,22.138472687524107,97.13557680815904,38.67065964579357,23.2022187863822,42.06941229254801,interrogative particle
佯,yáng,64,182,21,143,214,22.138472687524107,9.697572670918785,5.884665598272935,8.662969416325469,23.94376125160977,"pretend, feign"
姹,chà,64,188,119,54,134,22.138472687524107,10.017272868861165,33.346438390213294,3.2713311082627645,14.992822465961257,"beautiful, colorful"
什,shén,64,501,79,291,248,22.138472687524107,26.694966528188527,22.13755153636009,17.628839861193786,27.74791023551039,file of ten soldiers
蘖,niè,64,298,52,267,118,22.138472687524107,15.878443164471417,14.57155291000917,16.174914924188112,13.202634708831555,"stump, sprout"
筒,tǒng,64,1071,118,633,423,22.138472687524107,57.06648533271439,33.06621621886697,38.34727021352463,47.32808882911651,thick piece of bamboo
邓,dèng,64,346,67,302,246,22.138472687524107,18.43604474801044,18.774885480204123,18.295222123988054,27.524136765869173,surname
跪,guì,63,241,65,316,178,21.79255905178154,12.841291284018832,18.214441137511464,19.14334500390803,19.915838798067938,kneel
靥,yè,63,264,40,199,383,21.79255905178154,14.066808709464613,11.20888685385321,12.055460936005373,42.85261943629225,dimples
酊,dīng,63,322,42,226,77,21.79255905178154,17.15724395624093,11.76933119654587,13.691126490136755,8.615278581186693,"drunk, intoxicated"
孺,rú,63,560,104,853,280,21.79255905178154,29.838685141288572,29.14310582001834,51.67491546940996,31.328285749769794,child
演,yǎn,63,416,34,259,150,21.79255905178154,22.16588039067151,9.527553825775227,15.690273278519555,16.78301022309096,"perform, put on"
岷,mín,63,776,72,392,151,21.79255905178154,41.347892267214164,20.175996336935775,23.74744063775933,16.89489695791157,"Minshan mountain range in northern Sichuan and southern Gansu, Min River"
涸,hé,63,448,85,361,195,21.79255905178154,23.87094811303086,23.81888456443807,21.869454260793667,21.81791329001825,dried up
谭,tán,63,429,91,342,207,21.79255905178154,22.858564152879993,25.50021759251605,20.71843035233084,23.160554107865526,surname
霹,pī,63,529,120,273,158,21.79255905178154,28.186900785252956,33.626660561559625,16.538396158439532,17.678104101655812,"thunder, crashing thunder"
簧,huáng,63,419,94,385,259,21.79255905178154,22.3257304896427,26.34088410655504,23.32337919779934,28.97866431853706,reed of woodwind instrument
镞,zú,63,199,40,147,98,21.79255905178154,10.60338989842219,11.20888685385321,8.905290239159747,10.964900012419427,"arrowhead, barb"
箨,tuò,63,594,89,462,216,21.79255905178154,31.650319596295375,24.93977324982339,27.988055037359207,24.16753472125098,"bamboo sheath, bamboo shoots"
副,fù,63,479,42,370,155,21.79255905178154,25.522732469066476,11.76933119654587,22.414676112170792,17.342443897193995,assist
庚,gēng,63,855,159,658,465,21.79255905178154,45.5572782067888,44.5553252440665,39.86177535623887,52.02733169158198,7th heavenly stem
酲,chéng,62,605,53,221,213,21.446645416038976,32.2364366258564,14.851775081355502,13.388225461593906,23.831874516789163,hangover
闰,rùn,62,414,39,280,215,21.446645416038976,22.05931365802405,10.928664682506879,16.962457598399517,24.05564798643038,intercalary
鹗,è,62,572,116,355,115,21.446645416038976,30.478085537173328,32.50577187617431,21.505973026542247,12.866974504369738,"osprey, fishhawk"
撑,chēng,62,931,138,640,523,21.446645416038976,49.60681404739225,38.67065964579357,38.771331653484616,58.516762311177146,"prop up, support"
酩,mǐng,62,322,44,242,85,21.446645416038976,17.15724395624093,12.329775539238529,14.66040978147387,9.510372459751546,drunk
谊,yì,62,607,183,1254,424,21.446645416038976,32.343003358503864,51.280657356378434,75.96757795854641,47.43997556393711,friendship
彊,jiàng,62,541,60,175,63,21.446645416038976,28.82630118113771,16.813330280779812,10.601535998999701,7.0488642936982036,"stubborn, uncompromising"
氤,yīn,62,269,125,938,261,21.446645416038976,14.33322554108326,35.02777141829128,56.82423295463839,29.20243778817827,"hanging fog, misty"
厅,tīng,62,337,54,182,132,21.446645416038976,17.956494451096873,15.131997252701833,11.025597438959688,14.769048996320047,"hall, central room"
辩,biàn,62,631,84,351,122,21.446645416038976,33.62180415027337,23.53866239309174,21.263652203707966,13.650181648113982,"dispute, argue, debate, discuss"
逋,bū,62,785,146,660,508,21.446645416038976,41.82744256412773,40.91243701656421,39.98293576765601,56.838461288868054,"flee, run away, leave debt unsettled"
醅,pēi,62,835,99,378,153,21.446645416038976,44.491610880314205,27.74199496328669,22.899317757839352,17.11867042755278,unstrained spirits
飐,zhǎn,62,291,47,194,322,21.446645416038976,15.505459600205311,13.17044205327752,11.752559907462523,36.027528612235265,sway in wind
抗,kàng,62,678,105,1002,472,21.446645416038976,36.12612236748867,29.423327991364676,60.70136611998685,52.81053883532622,"resist, oppose, defy, reject"
捕,bǔ,62,363,63,255,150,21.446645416038976,19.34186197551384,17.653996794818802,15.447952455685277,16.78301022309096,"arrest, catch, seize"
璞,pú,62,519,98,525,220,21.446645416038976,27.654067122015658,27.461772791940362,31.804607996999096,24.61508166053341,"unpolished gem, uncarved gem"
诰,gào,62,383,84,602,131,21.446645416038976,20.407529301988436,23.53866239309174,36.469283836558965,14.657162261499439,"inform, notify, admonish, order"
拈,niān,62,1986,258,871,1039,21.446645416038976,105.82076551892698,72.29732020735321,52.76535917216422,116.25031747861006,pick up with fingers
晞,xī,62,492,99,563,253,21.446645416038976,26.21541623127496,27.74199496328669,34.106655813924746,28.30734390961342,"dry, expose sun"
绢,juàn,62,346,55,253,221,21.446645416038976,18.43604474801044,15.412219424048162,15.326792044268135,24.726968395354014,kind of thick stiff silk
倡,chàng,62,407,90,552,301,21.446645416038976,21.68633009375794,25.21999542116972,33.44027355113048,33.67790718100253,"guide, leader"
漉,lù,61,432,113,391,144,21.100731780296414,23.018414251851183,31.665105362135314,23.686860432050757,16.111689814167324,"filter, strain"
尖,jiān,61,851,159,558,698,21.100731780296414,45.34414474149388,44.5553252440665,33.803754785381905,78.09694090478327,"sharp, pointed, acute, keen"
锥,zhuī,61,910,109,285,232,21.100731780296414,48.487863354593934,30.544216676749993,17.265358626942366,25.957722478380685,"gimlet, awl, drill, auger"
戮,lù,61,269,80,225,166,21.100731780296414,14.33322554108326,22.41777370770642,13.630546284428185,18.573197980220662,"kill, massacre"
诞,dàn,61,734,63,411,228,21.100731780296414,39.10999088161752,17.653996794818802,24.898464546222154,25.51017553909826,"bear children, give birth"
闼,tà,61,395,76,497,200,21.100731780296414,21.04692969787319,21.2968850223211,30.108362237159145,22.377346964121283,door
雳,lì,61,519,119,267,154,21.100731780296414,27.654067122015658,33.346438390213294,16.174914924188112,17.230557162373387,"thunderclap, crashing thunder"
劣,liè,61,518,103,373,169,21.100731780296414,27.60078375569193,28.86288364867201,22.596416729296504,18.908858184682483,"bad, inferior"
筌,quán,61,283,30,233,77,21.100731780296414,15.079192669615475,8.406665140389906,14.115187930096743,8.615278581186693,bamboo fish trap
犁,lí,61,1159,171,582,388,21.100731780296414,61.755421569202596,47.91799130022247,35.25767972238757,43.412053110395284,plow
涎,xián,61,723,117,335,258,21.100731780296414,38.5238738520565,32.78599404752063,20.294368912370853,28.866777583716452,saliva
徙,xǐ,61,945,157,1220,713,21.100731780296414,50.35278117592446,43.99488090137385,73.90785096445505,79.77524192709237,"move one's abode, shift, migrate"
叱,chì,61,515,114,566,386,21.100731780296414,27.44093365672074,31.945327533481645,34.28839643105046,43.18827964075407,"scold, shout at, bawl out"
猴,hóu,60,277,49,205,119,20.754818144553848,14.759492471673097,13.730886395970181,12.418942170256791,13.314521443652161,"monkey, ape"
铢,zhū,60,466,87,285,252,20.754818144553848,24.83004870685799,24.37932890713073,17.265358626942366,28.195457174792814,"unit of weight, one twenty-fourth of a Chinese ounce (liang)"
畬,shē,60,257,61,243,91,20.754818144553848,13.693825145198506,17.093552452126143,14.72098998718244,10.181692868675182,reclaimed field
遏,è,60,341,63,319,184,20.754818144553848,18.16962791639179,17.653996794818802,19.325085621033736,20.58715920699158,"stop, suppress, curb, check"
貔,pí,60,449,142,416,150,20.754818144553848,23.92423147935459,39.79154833117889,25.201365574765,16.78301022309096,a legendary bear-like animal
烁,shuò,60,422,105,297,130,20.754818144553848,22.485580588613885,29.423327991364676,17.992321095445206,14.545275526678834,"shine, glitter, sparkle"
坦,tǎn,60,860,170,551,261,20.754818144553848,45.82369503840745,47.63776912887614,33.379693345421906,29.20243778817827,"flat, smooth"
戢,jí,60,639,87,451,189,20.754818144553848,34.04807108086321,24.37932890713073,27.32167277456494,21.146592881094612,to put away
姻,yīn,60,242,53,230,132,20.754818144553848,12.894574650342562,14.851775081355502,13.933447312971033,14.769048996320047,relatives by marriage
疵,cī,60,306,54,106,77,20.754818144553848,16.304710095061253,15.131997252701833,6.42150180510839,8.615278581186693,"flaw, fault, defect"
趾,zhǐ,60,365,81,450,201,20.754818144553848,19.448428708161302,22.697995879052748,27.26109256885637,22.489233698941884,toe
慇,yīn,60,522,28,240,44,20.754818144553848,27.81391722098685,7.846220797697247,14.539249370056732,4.923016332106681,"careful, anxious, attentive"
砾,lì,60,410,103,200,173,20.754818144553848,21.846180192729133,28.86288364867201,12.116041141713943,19.356405123964908,"gravel, pebbles"
偎,wēi,60,182,23,109,408,20.754818144553848,9.697572670918785,6.445109940965595,6.603242422234098,45.64978780680742,"cling to, cuddle, embrace, fondle"
酷,kù,59,641,114,379,331,20.408904508811286,34.15463781351067,31.945327533481645,22.95989796354792,37.034509225620724,"strong, stimulating"
汹,xiōng,59,593,115,280,221,20.408904508811286,31.59703622997165,32.225549704827976,16.962457598399517,24.726968395354014,turbulent
究,jiū,59,682,126,436,276,20.408904508811286,36.33925583278358,35.307993589637604,26.412969688936393,30.880738810487365,"examine, investigate"
爇,ruò,59,298,90,243,358,20.408904508811286,15.878443164471417,25.21999542116972,14.72098998718244,40.05545106577709,burn
嫦,cháng,59,285,84,425,273,20.408904508811286,15.185759402262933,23.53866239309174,25.746587426142128,30.54507860602555,name of a moon goddess
克,kè,59,751,117,527,306,20.408904508811286,40.015808109120925,32.78599404752063,31.92576840841624,34.23734085510556,gram
秣,mò,59,330,70,561,241,20.408904508811286,17.583510886830766,19.615551994243116,33.98549540250761,26.964703091766143,"fodder, horse feed"
骅,huá,59,386,86,505,117,20.408904508811286,20.567379400959624,24.0991067357844,30.593003882827706,13.09074797401095,an excellent horse
赌,dǔ,59,150,44,231,261,20.408904508811286,7.992504948559439,12.329775539238529,13.994027518679603,29.20243778817827,"bet, gamble, wager"
纬,wěi,59,589,147,598,302,20.408904508811286,31.38390276467673,41.19265918791054,36.226963013724685,33.78979391582314,woof
拣,jiǎn,59,423,44,106,138,20.408904508811286,22.538863954937618,12.329775539238529,6.42150180510839,15.440369405243683,choose
匆,cōng,59,3816,555,1822,2654,20.408904508811286,203.32932589135214,155.52330509721327,110.37713480101401,296.94739421388937,"hastily, in haste, hurriedly"
斛,hú,59,1492,242,942,707,20.408904508811286,79.49878255500455,67.81376546581193,57.06655377747267,79.10392151816873,dry measure equal to some five or ten dou (see 舒)
鳖,biē,59,540,66,276,116,20.408904508811286,28.77301781481398,18.494663308857795,16.72013677556524,12.978861239190342,turtle
绊,bàn,59,349,91,201,151,20.408904508811286,18.595894846981626,25.50021759251605,12.176621347422511,16.89489695791157,"loop, catch"
弧,hú,59,468,95,741,281,20.408904508811286,24.93661543950545,26.621106277901372,44.88993243005016,31.440172484590395,wooden bow
察,chá,59,514,88,362,197,20.408904508811286,27.387650290397012,24.659551078477058,21.930034466502235,22.04168675965946,"examine, investigate"
罥,juàn,58,199,48,270,315,20.06299087306872,10.60338989842219,13.45066422462385,16.356655541313824,35.244321468491016,impede
厉,lì,58,658,140,809,483,20.06299087306872,35.06045504101407,39.23110398848623,49.0093864182329,54.041292918352895,whetstone
颊,jiá,58,1145,125,540,355,20.06299087306872,61.00945444067038,35.02777141829128,32.71331108262765,39.719790861315275,"cheeks, jaw"
孩,hái,58,294,68,279,153,20.06299087306872,15.6653096991765,19.055107651550454,16.901877392690952,17.11867042755278,"baby, child"
拿,ná,58,488,88,242,292,20.06299087306872,26.00228276598004,24.659551078477058,14.66040978147387,32.67092656761707,"take, hold, grasp"
晕,yūn,58,879,155,627,1137,20.06299087306872,46.83607899855831,43.434436558681185,37.98378897927321,127.21521749102949,halo in sky
暌,kuí,58,168,46,316,66,20.06299087306872,8.951605542386572,12.89021988193119,19.14334500390803,7.384524498160023,in opposition
惶,huáng,58,157,60,162,104,20.06299087306872,8.365488512825547,16.813330280779812,9.813993324788294,11.636220421343065,"fearful, afraid, anxious, nervous"
秽,huì,58,485,112,372,215,20.06299087306872,25.842432667008854,31.384883190788987,22.535836523587932,24.05564798643038,"dirty, unclean"
桨,jiǎng,58,593,114,684,775,20.06299087306872,31.59703622997165,31.945327533481645,41.43686070466168,86.71221948596995,"oar, paddle"
翱,áo,58,361,118,724,211,20.06299087306872,19.235295242866385,33.06621621886697,43.86006893300447,23.60810104714795,"soar, roam"
藿,huò,58,482,98,539,139,20.06299087306872,25.682582568037663,27.461772791940362,32.65273087691908,15.55225614006429,"Agastache rugosa, Korean mint"
搏,bó,58,254,77,357,232,20.06299087306872,13.533975046227317,21.57710719366743,21.627133437959387,25.957722478380685,seize
醮,jiào,58,127,53,75,43,20.06299087306872,6.7669875231136585,14.851775081355502,4.543515428142729,4.811129597286075,religious service
芍,sháo,58,473,135,321,241,20.06299087306872,25.203032271124098,37.829993131754584,19.44624603245088,26.964703091766143,peony
扆,yǐ,58,255,39,211,36,20.06299087306872,13.587258412551046,10.928664682506879,12.78242340450821,4.027922453541831,screen
蠢,chǔn,58,212,57,162,191,20.06299087306872,11.296073660630674,15.972663766740823,9.813993324788294,21.37036635073582,wriggle
罔,wǎng,57,636,155,756,246,19.717077237326155,33.888220981892026,43.434436558681185,45.798635515678704,27.524136765869173,net
瞋,chēn,57,201,21,75,82,19.717077237326155,10.709956631069648,5.884665598272935,4.543515428142729,9.174712255289725,glare with anger
萎,wēi,57,276,59,319,179,19.717077237326155,14.706209105349368,16.533108109433485,19.325085621033736,20.027725532888546,"wither, wilt"
玑,jī,57,809,124,472,140,19.717077237326155,43.10624335589724,34.74754924694495,28.593857094444907,15.664142874884897,pearl that is not quite round
椀,wǎn,57,557,101,278,147,19.717077237326155,29.678835042317385,28.30243930597935,16.84129718698238,16.44735001862914,bowl
迅,xùn,57,510,143,527,326,19.717077237326155,27.174516825102092,40.071770502525226,31.92576840841624,36.47507555151768,"quick, hasty, rapid, sudden"
蚀,shí,57,330,92,475,399,19.717077237326155,17.583510886830766,25.78043976386238,28.775597711570615,44.64280719342196,nibble away
稔,rěn,57,465,84,223,136,19.717077237326155,24.776765340534258,23.53866239309174,13.509385873011047,15.21659593560247,ripe grain
瞰,kàn,57,684,147,672,369,19.717077237326155,36.44582256543104,41.19265918791054,40.70989823615885,41.28620514880377,"watch, spy"
袈,jiā,57,157,68,318,105,19.717077237326155,8.365488512825547,19.055107651550454,19.264505415325168,11.748107156163673,Buddhist cassock
准,zhǔn,57,1150,176,498,599,19.717077237326155,61.27587127228903,49.319102156954116,30.168942442867717,67.02015415754323,"approve, allow, permit"
惕,tì,57,145,34,242,96,19.717077237326155,7.72608811694079,9.527553825775227,14.66040978147387,10.741126542778215,"be cautious, careful, alert"
琳,lín,57,852,187,761,408,19.717077237326155,45.39742810781762,52.40154604176375,46.10153654422155,45.64978780680742,"beautiful jade, gem"
呀,ya,57,222,45,74,124,19.717077237326155,11.82890732386797,12.60999771058486,4.4829352224341585,13.873955117755195,particle used to express surprise or mild emphasis
绾,wǎn,57,349,115,613,586,19.717077237326155,18.595894846981626,32.225549704827976,37.13566609935324,65.56562660487535,"to string together, to bind up"
襜,chān,57,98,25,176,38,19.717077237326155,5.2217698997254995,7.005554283658255,10.66211620470827,4.251695923183043,flutter
濩,huò,57,233,47,214,64,19.717077237326155,12.415024353428995,13.17044205327752,12.964164021633918,7.16075102851881,"pour down, cascade down"
裟,shā,57,152,66,311,101,19.717077237326155,8.099071681206897,18.494663308857795,18.840443975365183,11.300560216881246,a cassock or robe of a monk
蜍,chú,57,304,74,189,143,19.717077237326155,16.198143362413795,20.736440679628434,11.449658878919676,15.999803079346716,toad
赛,sài,57,377,69,339,289,19.717077237326155,20.087829104046055,19.335329822896785,20.536689735205133,32.33526636315525,"compete, contend"
啖,dàn,57,432,113,366,263,19.717077237326155,23.018414251851183,31.665105362135314,22.172355289336515,29.426211257819485,"eat, feed"
夸,kuā,56,925,229,834,1009,19.371163601583593,49.287113849449874,64.17087723830963,50.523891560947135,112.89371543399187,"extravagant, luxurious"
橐,tuó,56,1109,151,759,385,19.371163601583593,59.09125325301612,42.31354787329586,45.98037613280441,43.07639290593347,"a sack, a bag opening at both ends"
棣,dì,56,355,55,331,80,19.371163601583593,18.915595044924007,15.412219424048162,20.052048089536576,8.950938785648512,"Kerria japonica, Japanese rose"
课,kè,56,1091,122,699,689,19.371163601583593,58.13215265918899,34.18710490425229,42.34556379029023,77.08996029139782,lesson
盂,yú,56,664,39,212,161,19.371163601583593,35.380155238956455,10.928664682506879,12.84300361021678,18.013764306117633,basin
沅,yuán,56,226,62,381,192,19.371163601583593,12.042040789162888,17.373774623472475,23.08105837496506,21.48225308555643,name of a river in western Hunan that flows into Dongting lake
茏,lóng,56,98,50,184,82,19.371163601583593,5.2217698997254995,14.01110856731651,11.146757850376828,9.174712255289725,tall grass
挺,tǐng,56,718,131,812,293,19.371163601583593,38.25745702043785,36.70910444636926,49.19112703535861,32.782813302437674,"to stand upright, straighten"
蓂,míng,56,344,25,222,49,19.371163601583593,18.32947801536298,7.005554283658255,13.448805667302477,5.482450006209714,lucky place
陲,chuí,56,220,86,425,181,19.371163601583593,11.72234059122051,24.0991067357844,25.746587426142128,20.25149900252976,"frontier, border"
栉,zhì,56,270,55,207,115,19.371163601583593,14.38650890740699,15.412219424048162,12.540102581673931,12.866974504369738,comb
厩,jiù,56,244,71,196,72,19.371163601583593,13.00114138299002,19.895774165589444,11.873720318879665,8.055844907083662,stable
葩,pā,56,1033,188,815,354,19.371163601583593,55.04171741241267,52.68176821311008,49.37286765248432,39.60790412649467,flowers
查,chá,56,130,33,118,106,19.371163601583593,6.926837622084847,9.247331654428898,7.148464273611227,11.859993890984278,"investigate, examine, seek into"
薮,sǒu,56,256,74,275,176,19.371163601583593,13.640541778874775,20.736440679628434,16.65955656985667,19.692065328426725,"marsh, swamp"
篷,péng,56,1336,320,1223,1194,19.371163601583593,71.18657740850273,89.67109483082568,74.08959158158076,133.59276137580403,"awning, covering"
掠,lüè,55,779,161,592,646,19.025249965841027,41.50774236618535,45.115769586759164,35.86348177947327,72.27883069411173,"rob, ransack, plunder"
较,jiào,55,1629,200,1161,775,19.025249965841027,86.7986037413555,56.04443426926604,70.33361882764943,86.71221948596995,compare
阃,kǔn,55,414,65,367,125,19.025249965841027,22.05931365802405,18.214441137511464,22.232935495045083,13.9858418525758,threshold
愆,qiān,55,405,101,468,172,19.025249965841027,21.579763361110487,28.30243930597935,28.351536271610623,19.2445183891443,"a fault, mistake, error, transgression"
繇,yáo,55,306,41,725,126,19.025249965841027,16.304710095061253,11.48910902519954,43.920649138713046,14.097728587396407,"reason, cause"
禦,yù,55,623,82,334,168,19.025249965841027,33.19553721968354,22.97821805039908,20.233788706662285,18.796971449861875,"defend, resist, hold out against"
亘,gèn,55,384,140,517,255,19.025249965841027,20.460812668312165,39.23110398848623,31.319966351330542,28.531117379254635,"extend across, through"
驽,nú,55,468,99,402,189,19.025249965841027,24.93661543950545,27.74199496328669,24.353242694845022,21.146592881094612,"tired, old horse"
皤,pó,55,357,94,449,175,19.025249965841027,19.022161777571466,26.34088410655504,27.200512363147798,19.58017859360612,"white, grey"
穰,ráng,55,656,66,249,108,19.025249965841027,34.953888308366615,18.494663308857795,15.084471221433859,12.08376736062549,stalks of grain
蹀,dié,55,162,36,282,94,19.025249965841027,8.631905344444194,10.087998168467887,17.083618009816657,10.517353073137002,"to skip, to dance"
笏,hù,55,696,131,653,406,19.025249965841027,37.08522296131579,36.70910444636926,39.558874327696024,45.4260143371662,tablet held by someone having authority
涔,cén,55,268,35,176,106,19.025249965841027,14.279942174759531,9.807775997121558,10.66211620470827,11.859993890984278,river in Shaanxi
劈,pī,55,273,58,195,202,19.025249965841027,14.546359006378179,16.252885938087154,11.813140113171094,22.601120433762492,"cut apart, split, chop"
靖,jìng,55,969,135,748,504,19.025249965841027,51.631581967693975,37.829993131754584,45.313993870010144,56.39091434958563,pacify
娉,pīng,54,366,94,231,269,18.679336330098465,19.50171207448503,26.34088410655504,13.994027518679603,30.097531666743123,"beautiful, attractive, charming, graceful"
毳,cuì,54,206,79,205,117,18.679336330098465,10.976373462688297,22.13755153636009,12.418942170256791,13.09074797401095,fine hair or fur on animals
炬,jù,54,647,111,640,386,18.679336330098465,34.47433801145304,31.104661019442652,38.771331653484616,43.18827964075407,torch
镌,juān,54,789,109,419,446,18.679336330098465,42.04057602942265,30.544216676749993,25.38310619189071,49.90148372999045,engraving tool
芷,zhǐ,54,384,69,553,222,18.679336330098465,20.460812668312165,19.335329822896785,33.50085375683905,24.838855130174622,angelica
潋,liàn,54,486,92,297,210,18.679336330098465,25.895716033332583,25.78043976386238,17.992321095445206,23.496214312327346,"waves, ripples"
铎,duó,54,400,93,455,202,18.679336330098465,21.313346529491835,26.06066193520871,27.563993597399218,22.601120433762492,bell
恤,xù,54,607,90,529,322,18.679336330098465,32.343003358503864,25.21999542116972,32.04692881983338,36.027528612235265,show pity
讽,fěng,54,346,39,225,146,18.679336330098465,18.43604474801044,10.928664682506879,13.630546284428185,16.335463283808537,"recite, incant"
肱,gōng,54,676,56,408,138,18.679336330098465,36.019555634841204,15.692441595394493,24.716723929096442,15.440369405243683,forearm
菖,chāng,54,529,46,252,137,18.679336330098465,28.186900785252956,12.89021988193119,15.266211838559569,15.328482670423076,"iris, sweet flag, calamus"
隘,ài,54,704,130,423,293,18.679336330098465,37.51148989190563,36.42888227502293,25.625427014724988,32.782813302437674,"narrow, confined"
蚌,bàng,54,391,47,280,132,18.679336330098465,20.833796232578273,13.17044205327752,16.962457598399517,14.769048996320047,"oysters, mussels"
奥,ào,54,514,131,233,245,18.679336330098465,27.387650290397012,36.70910444636926,14.115187930096743,27.412250031048572,"mysterious, obscure, profound"
舅,jiù,54,296,43,308,174,18.679336330098465,15.77187643182396,12.0495533678922,18.65870335823947,19.468291858785516,"mother's brother, uncle"
碌,lù,54,751,137,615,436,18.679336330098465,40.015808109120925,38.39043747444724,37.256826510770374,48.78261638178439,"rough, uneven, rocky"
狞,níng,54,240,59,144,133,18.679336330098465,12.7880079176951,16.533108109433485,8.723549622034039,14.880935731140651,ferocious appearance
莼,chún,54,996,163,821,504,18.679336330098465,53.07023285843467,45.676213929451826,49.73634888673573,56.39091434958563,an edible water plant-brasenia
罅,xià,54,566,67,231,395,18.679336330098465,30.15838533923095,18.774885480204123,13.994027518679603,44.19526025413953,"crack, fissure, split"
禋,yīn,54,225,13,261,67,18.679336330098465,11.988757422839159,3.6428882275022927,15.811433689936694,7.496411232980629,offer sacrifice
盟,méng,54,2505,321,2039,1379,18.679336330098465,133.47483264094262,89.95131700217199,123.52303943977364,154.29180731761622,swear
鵩,fú,54,227,11,144,57,18.679336330098465,12.095324155486617,3.0824438848096323,8.723549622034039,6.377543884774565,owl-like bird
姜,jiāng,54,525,81,491,388,18.679336330098465,27.973767319958036,22.697995879052748,29.744881002907732,43.412053110395284,surname
嘈,cáo,54,256,67,292,154,18.679336330098465,13.640541778874775,18.774885480204123,17.689420066902358,17.230557162373387,noisy
蹲,dūn,54,424,84,353,241,18.679336330098465,22.592147321261347,23.53866239309174,21.38481261512511,26.964703091766143,"squat, crouch"
惚,hū,54,318,95,469,205,18.679336330098465,16.944110490946013,26.621106277901372,28.412116477319195,22.936780638224313,"absent-minded, confused"
沛,pèi,53,458,107,583,206,18.3334226943559,24.40378177626815,29.983772334057335,35.31825992809614,23.048667373044918,"abundant, full, copious"
篮,lán,53,1042,77,353,283,18.3334226943559,55.52126770932624,21.57710719366743,21.38481261512511,31.66394595423161,basket
恢,huī,53,714,106,424,214,18.3334226943559,38.04432355514293,29.703550162711004,25.68600722043356,23.94376125160977,restore
窣,sū,53,352,48,129,197,18.3334226943559,18.755744945952816,13.45066422462385,7.8148465364054935,22.04168675965946,to rush out of a den
狩,shòu,53,159,53,221,88,18.3334226943559,8.472055245473006,14.851775081355502,13.388225461593906,9.846032664213363,winter hunting
柚,yòu,53,239,49,313,118,18.3334226943559,12.734724551371373,13.730886395970181,18.96160438678232,13.202634708831555,"pomelo, grapefruit"
抄,chāo,53,382,36,187,87,18.3334226943559,20.354245935664704,10.087998168467887,11.328498467502536,9.734145929392758,"copy, confiscate, seize"
讹,é,53,496,87,263,282,18.3334226943559,26.428549696569878,24.37932890713073,15.932594101353835,31.552059219411003,"swindle, cheat"
躇,chú,53,429,73,466,174,18.3334226943559,22.858564152879993,20.456218508282106,28.230375860193487,19.468291858785516,"hesitate, falter, be undecided"
娶,qǔ,53,109,28,127,91,18.3334226943559,5.807886929286525,7.846220797697247,7.6936861249883535,10.181692868675182,"marry, take wife"
析,xī,53,396,85,365,221,18.3334226943559,21.100213064196918,23.81888456443807,22.111775083627943,24.726968395354014,split wood
聘,pìn,53,400,87,210,197,18.3334226943559,21.313346529491835,24.37932890713073,12.72184319879964,22.04168675965946,"engage, employ"
峣,yáo,53,424,95,653,235,18.3334226943559,22.592147321261347,26.621106277901372,39.558874327696024,26.293382682842505,high or tall
朓,tiǎo,53,25,10,48,39,18.3334226943559,1.3320841580932397,2.8022217134633025,2.907849874011346,4.36358265800365,sacrifice
渤,bó,53,327,95,474,194,18.3334226943559,17.423660787859575,26.621106277901372,28.715017505862043,21.706026555197642,swelling
燃,rán,53,448,42,474,264,18.3334226943559,23.87094811303086,11.76933119654587,28.715017505862043,29.538097992640093,burn
澈,chè,52,280,32,158,230,17.987509058613337,14.919342570644286,8.967109483082567,9.571672501954016,25.733949008739476,"thoroughly, completely"
缣,jiān,52,313,74,273,230,17.987509058613337,16.67769365932736,20.736440679628434,16.538396158439532,25.733949008739476,fine silk
泬,jué,52,212,45,312,112,17.987509058613337,11.296073660630674,12.60999771058486,18.90102418107375,12.531314299907917,-
毵,sān,52,388,94,500,261,17.987509058613337,20.673946133607082,26.34088410655504,30.290102854284857,29.20243778817827,long feathers
嗷,áo,52,307,115,388,260,17.987509058613337,16.357993461384986,32.225549704827976,23.505119814925045,29.090551053357668,loud clamor
盥,guàn,52,278,41,142,161,17.987509058613337,14.812775837996826,11.48910902519954,8.6023892106169,18.013764306117633,wash
墉,yōng,52,144,50,172,128,17.987509058613337,7.672804750617062,14.01110856731651,10.41979538187399,14.32150205703762,wall
堵,dǔ,52,893,158,492,281,17.987509058613337,47.58204612709053,44.27510307272018,29.805461208616297,31.440172484590395,wall
例,lì,52,585,48,245,926,17.987509058613337,31.170769299381814,13.45066422462385,14.84215039859958,103.60711644388152,"precedent, example"
耘,yún,52,650,91,287,160,17.987509058613337,34.63418811042424,25.50021759251605,17.38651903835951,17.901877571297025,weed
抬,tái,52,282,24,81,125,17.987509058613337,15.025909303291746,6.725332112311925,4.906996662394147,13.9858418525758,"lift, carry"
轨,guǐ,52,545,126,507,220,17.987509058613337,29.03943464643263,35.307993589637604,30.714164294244846,24.61508166053341,"track, rut, path"
愔,yīn,52,356,60,93,581,17.987509058613337,18.968878411247733,16.813330280779812,5.633959130896983,65.00619293077231,"comfortable, contented, peaceful"
诈,zhà,52,263,57,124,77,17.987509058613337,14.013525343140882,15.972663766740823,7.511945507862644,8.615278581186693,"cheat, defraud, swindle"
砺,lì,52,228,75,422,172,17.987509058613337,12.148607521810348,21.016662850974768,25.56484680901642,19.2445183891443,whetstone
厄,è,52,592,79,270,320,17.987509058613337,31.54375286364792,22.13755153636009,16.356655541313824,35.80375514259405,"adversity, difficulty, distress"
螺,luó,52,714,184,999,1154,17.987509058613337,38.04432355514293,51.56087952772476,60.519625502861146,129.11729198297976,spiral shell
邅,zhān,52,161,21,155,77,17.987509058613337,8.578621978120465,5.884665598272935,9.389931884828306,8.615278581186693,"hesitant, faltering"
紧,jǐn,52,493,127,212,584,17.987509058613337,26.26869959759869,35.58821576098394,12.84300361021678,65.34185313523415,"tense, tight, taut"
模,mó,51,1534,250,788,808,17.641595422870772,81.7366839406012,70.05554283658256,47.73720209835293,90.40448173504997,"model, standard, pattern"
裤,kù,51,549,77,245,129,17.641595422870772,29.252568111727545,21.57710719366743,14.84215039859958,14.433388791858226,"trousers, pants"
伎,jì,51,464,51,263,135,17.641595422870772,24.723481974210532,14.291330738662841,15.932594101353835,15.104709200781866,"talent, skill, ability"
吝,lìn,51,377,73,289,134,17.641595422870772,20.087829104046055,20.456218508282106,17.507679449776646,14.992822465961257,"stingy, miserly, parsimonious"
寮,liáo,51,368,37,316,247,17.641595422870772,19.608278807132493,10.368220339814217,19.14334500390803,27.63602350068978,"shanty, hut, shack"
橹,lǔ,51,789,152,531,588,17.641595422870772,42.04057602942265,42.5937700446422,32.16808923125052,65.78940007451656,"oar, scull"
骈,pián,51,458,88,336,175,17.641595422870772,24.40378177626815,24.659551078477058,20.354949118079425,19.58017859360612,team of horses
蝴,hú,51,616,137,653,474,17.641595422870772,32.82255365541743,38.39043747444724,39.558874327696024,53.034312304967436,butterfly
卦,guà,51,430,71,169,122,17.641595422870772,22.911847519203725,19.895774165589444,10.23805476474828,13.650181648113982,fortune telling
葺,qì,51,428,86,204,116,17.641595422870772,22.805280786556267,24.0991067357844,12.358361964548221,12.978861239190342,thatch
籥,yuè,51,207,38,130,53,17.641595422870772,11.029656829012024,10.64844251116055,7.875426742114063,5.929996945492139,key
珀,pò,51,219,67,297,104,17.641595422870772,11.66905722489678,18.774885480204123,17.992321095445206,11.636220421343065,amber
浐,chǎn,51,23,9,20,19,17.641595422870772,1.2255174254457808,2.521999542116972,1.2116041141713942,2.1258479615915213,a river in Shaanxi
睨,nì,51,688,120,597,244,17.641595422870772,36.65895603072596,33.626660561559625,36.16638280801612,27.300363296227964,"look askance at, glare at"
聋,lóng,51,700,80,220,193,17.641595422870772,37.29835642661072,22.41777370770642,13.327645255885336,21.594139820377034,deaf
诫,jiè,51,99,22,80,79,17.641595422870772,5.2750532660492295,6.1648877696192645,4.846416456685577,8.839052050827906,"warn, admonish"
蔷,qiáng,51,372,78,238,238,17.641595422870772,19.82141227242741,21.857329365013758,14.418088958639592,26.629042887304323,rose
掘,jué,51,281,46,134,123,17.641595422870772,14.972625936968015,12.89021988193119,8.117747564948342,13.762068382934586,"dig, excavate"
巳,sì,51,580,356,1845,277,17.641595422870772,30.90435246776316,99.75909299929356,111.77047953231111,30.992625545307973,sixth earthly branch
蚩,chī,51,225,75,241,220,17.641595422870772,11.988757422839159,21.016662850974768,14.5998295757653,24.61508166053341,worm
澌,sī,51,246,57,340,164,17.641595422870772,13.10770811563748,15.972663766740823,20.597269940913705,18.34942451057945,to exhaust
碾,niǎn,51,404,52,136,219,17.641595422870772,21.526479994786754,14.57155291000917,8.23890797636548,24.503194925712805,"roller, crush"
邃,suì,51,473,60,232,182,17.641595422870772,25.203032271124098,16.813330280779812,14.054607724388173,20.363385737350363,"profound, detailed"
爨,cuàn,51,449,95,356,290,17.641595422870772,23.92423147935459,26.621106277901372,21.56655323225082,32.44715309797586,"oven, cooking stove"
纻,zhù,51,282,58,248,180,17.641595422870772,15.025909303291746,16.252885938087154,15.023891015725289,20.139612267709154,ramie
搴,qiān,50,326,74,598,328,17.29568178712821,17.370377421535846,20.736440679628434,36.226963013724685,36.6988490211589,extract
戾,lì,50,251,42,243,99,17.29568178712821,13.374124947256128,11.76933119654587,14.72098998718244,11.076786747240034,"perverse, recalcitrant, rebellious"
衍,yǎn,50,447,88,570,384,17.29568178712821,23.817664746707127,24.659551078477058,34.53071725388473,42.96450617111286,"overflow, spill over, spread out"
撚,niǎn,50,454,37,186,182,17.29568178712821,24.190648310973234,10.368220339814217,11.267918261793966,20.363385737350363,"twirl in fingers, tease, toy with"
勃,bó,50,424,57,274,207,17.29568178712821,22.592147321261347,15.972663766740823,16.5989763641481,23.160554107865526,"suddenly, sudden, quick"
笥,sì,50,384,62,439,178,17.29568178712821,20.460812668312165,17.373774623472475,26.594710306062105,19.915838798067938,"a hamper, wicker basket"
罴,pí,50,289,52,300,169,17.29568178712821,15.398892867557853,14.57155291000917,18.174061712570914,18.908858184682483,"brown bear, Ursus arctos"
铓,máng,50,264,36,120,73,17.29568178712821,14.066808709464613,10.087998168467887,7.269624685028366,8.167731641904268,point of sword
屹,yì,50,752,125,441,286,17.29568178712821,40.06909147544466,35.02777141829128,26.71587071747924,31.99960615869343,to rise high
蒋,jiǎng,50,238,43,376,238,17.29568178712821,12.681441185047643,12.0495533678922,22.778157346422212,26.629042887304323,surname
铛,dāng,50,357,69,282,211,17.29568178712821,19.022161777571466,19.335329822896785,17.083618009816657,23.60810104714795,frying pan
帻,zé,50,494,62,391,186,17.29568178712821,26.32198296392242,17.373774623472475,23.686860432050757,20.81093267663279,turban
腮,sāi,50,535,90,245,226,17.29568178712821,28.506600983195334,25.21999542116972,14.84215039859958,25.286402069457047,lower part of face
仄,zè,50,381,43,340,338,17.29568178712821,20.300962569340975,12.0495533678922,20.597269940913705,37.817716369364966,"slanting, oblique"
蛱,jiá,50,214,77,344,245,17.29568178712821,11.402640393278134,21.57710719366743,20.83959076374798,27.412250031048572,kind of butterfly
赪,chēng,50,360,71,214,168,17.29568178712821,19.182011876542653,19.895774165589444,12.964164021633918,18.796971449861875,deep red
敝,bì,50,785,208,1198,684,17.29568178712821,41.82744256412773,58.28621164003668,72.5750864388665,76.53052661729478,"break, destroy"
罹,lí,50,262,59,255,168,17.29568178712821,13.960241976817153,16.533108109433485,15.447952455685277,18.796971449861875,"sorrow, grief"
琥,hǔ,50,214,67,270,94,17.29568178712821,11.402640393278134,18.774885480204123,16.356655541313824,10.517353073137002,jewel in shape of tiger
锐,ruì,50,464,116,209,176,17.29568178712821,24.723481974210532,32.50577187617431,12.66126299309107,19.692065328426725,"sharp, keen, acute, pointed"
搅,jiǎo,50,664,83,388,347,17.29568178712821,35.380155238956455,23.25844022174541,23.505119814925045,38.824696982750424,"disturb, agitate, stir up"
寅,yín,50,397,53,337,126,17.29568178712821,21.15349643052065,14.851775081355502,20.415529323787993,14.097728587396407,"to respect, reverence"
鸽,gē,50,73,16,145,103,17.29568178712821,3.88968574163226,4.483554741541283,8.784129827742607,11.524333686522459,"pigeon, dove"
躞,xiè,50,123,23,198,78,17.29568178712821,6.55385405781874,6.445109940965595,11.994880730296803,8.7271653160073,to walk
卤,lǔ,50,321,72,282,137,17.29568178712821,17.1039605899172,20.175996336935775,17.083618009816657,15.328482670423076,salt
妹,mèi,49,245,52,381,616,16.94976815138564,13.05442474931375,14.57155291000917,23.08105837496506,68.92222864949355,younger sister
簸,bǒ,49,315,78,172,253,16.94976815138564,16.784260391974822,21.857329365013758,10.41979538187399,28.30734390961342,winnower
斥,chì,49,538,116,508,229,16.94976815138564,28.66645108216652,32.50577187617431,30.774744499953414,25.622062273918868,"to scold, upbraid, accuse, reproach"
杞,qǐ,49,614,117,566,258,16.94976815138564,32.71598692276997,32.78599404752063,34.28839643105046,28.866777583716452,willow
偕,xié,49,701,92,944,748,16.94976815138564,37.35163979293445,25.78043976386238,57.187714188889814,83.69127764581359,together
蜗,wō,49,884,137,407,321,16.94976815138564,47.10249583017696,38.39043747444724,24.65614372338787,35.91564187741466,"a snail, Eulota callizoma"
兢,jīng,49,290,59,308,126,16.94976815138564,15.45217623388158,16.533108109433485,18.65870335823947,14.097728587396407,"fearful, cautious, wary"
哂,shěn,49,163,22,145,114,16.94976815138564,8.685188710767923,6.1648877696192645,8.784129827742607,12.75508776954913,"smile, laugh at, sneer at"
泼,pō,49,707,95,401,494,16.94976815138564,37.671339990876824,26.621106277901372,24.292662489136458,55.27204700137956,"pour, splash, water, sprinkle"
辂,lù,49,212,35,130,29,16.94976815138564,11.296073660630674,9.807775997121558,7.875426742114063,3.2447153097975856,"a chariot, carriage"
狄,dí,49,308,46,266,182,16.94976815138564,16.411276827708715,12.89021988193119,16.114334718479544,20.363385737350363,tribe from northern China
暾,tūn,49,334,79,274,157,16.94976815138564,17.796644352125682,22.13755153636009,16.5989763641481,17.566217366835204,"morning sun, sunrise"
这,zhè,49,1308,423,130,335,16.94976815138564,69.6946431514383,118.53397847949769,7.875426742114063,37.48205616490314,"this, the, here"
曩,nǎng,49,402,42,133,205,16.94976815138564,21.419913262139296,11.76933119654587,8.057167359239772,22.936780638224313,"in ancient times, of old, former"
骀,dài,49,248,67,301,162,16.94976815138564,13.214274848284939,18.774885480204123,18.234641918279483,18.125651040938237,"an old, tired horse, a jade"
羃,mì,49,341,46,163,74,16.94976815138564,18.16962791639179,12.89021988193119,9.874573530496864,8.279618376724873,"cover-cloth, cover with cloth"
荪,sūn,49,237,41,213,92,16.94976815138564,12.628157818723913,11.48910902519954,12.903583815925348,10.29357960349579,aromatic grass
刮,guā,49,466,62,159,135,16.94976815138564,24.83004870685799,17.373774623472475,9.632252707662584,15.104709200781866,"shave, pare off, scrape"
孱,càn,49,433,67,186,262,16.94976815138564,23.071697618174912,18.774885480204123,11.267918261793966,29.314324522998877,"weak, unfit, frail, feeble"
嵌,qiàn,49,297,44,184,351,16.94976815138564,15.825159798147688,12.329775539238529,11.146757850376828,39.27224392203285,"inlay, set in"
仇,chóu,48,626,120,608,573,16.60385451564308,33.35538731865472,33.626660561559625,36.83276507081038,64.11109905220748,"enemy, hate, hatred, enmity"
级,jí,48,415,55,256,262,16.60385451564308,22.11259702434778,15.412219424048162,15.508532661393845,29.314324522998877,"level, rank, class"
鹍,kūn,48,176,55,248,131,16.60385451564308,9.377872472976408,15.412219424048162,15.023891015725289,14.657162261499439,a bird resembling the crane
煦,xù,48,199,58,216,139,16.60385451564308,10.60338989842219,16.252885938087154,13.085324433051058,15.55225614006429,"kind, gentle, gracious, genial"
鹚,cí,48,148,28,251,91,16.60385451564308,7.88593821591198,7.846220797697247,15.205631632850997,10.181692868675182,cormorant
摄,shè,48,471,90,343,215,16.60385451564308,25.09646553847664,25.21999542116972,20.77901055803941,24.05564798643038,"take in, absorb"
欤,yú,48,1217,135,296,208,16.60385451564308,64.84585681597892,37.829993131754584,17.931740889736634,23.27244084268613,"a final particle used to express admiration, doubt, surprise, or to mark a question"
寤,wù,48,389,70,450,181,16.60385451564308,20.72722949993081,19.615551994243116,27.26109256885637,20.25149900252976,"few, scarce"
瞳,tóng,48,584,160,711,265,16.60385451564308,31.11748593305808,44.83554741541284,43.07252625879306,29.649984727460698,pupil of eye
迂,yū,48,1169,178,1028,472,16.60385451564308,62.28825523243989,49.87954649964678,62.27645146840967,52.81053883532622,"doctrinaire, abstruse, unrealistic"
湟,huáng,48,88,8,94,42,16.60385451564308,4.688936236488204,2.2417773707706417,5.694539336605553,4.699242862465469,river in Qinghai province
衿,jīn,48,382,71,497,137,16.60385451564308,20.354245935664704,19.895774165589444,30.108362237159145,15.328482670423076,collar or lapel of garment
篙,gāo,48,791,114,486,431,16.60385451564308,42.147142762070104,31.945327533481645,29.44197997436488,48.22318270768136,pole used to punt a boat
胄,zhòu,48,283,51,364,124,16.60385451564308,15.079192669615475,14.291330738662841,22.051194877919375,13.873955117755195,"helmet, headpiece"
烘,hōng,48,746,61,222,340,16.60385451564308,39.749391277502276,17.093552452126143,13.448805667302477,38.04148983900618,"bake, roast"
哺,bǔ,48,455,134,540,256,16.60385451564308,24.243931677296967,37.549770960408246,32.71331108262765,28.64300411407524,chew food
逮,dǎi,48,408,57,323,264,16.60385451564308,21.739613460081674,15.972663766740823,19.567406443868016,29.538097992640093,"seize, catch"
俾,bǐ,48,371,82,221,93,16.60385451564308,19.768128906103676,22.97821805039908,13.388225461593906,10.405466338316394,"so that, in order that"
蔚,wèi,48,531,155,639,279,16.60385451564308,28.293467517900414,43.434436558681185,38.71075144777605,31.21639901494919,"luxuriant, thick"
懿,yì,48,311,40,284,102,16.60385451564308,16.571126926679906,11.20888685385321,17.2047784212338,11.412446951701854,"virtuous, admirable, esteemed"
谕,yù,48,232,36,199,87,16.60385451564308,12.361740987105266,10.087998168467887,12.055460936005373,9.734145929392758,"proclaim, instruct"
觌,dí,48,518,63,255,150,16.60385451564308,27.60078375569193,17.653996794818802,15.447952455685277,16.78301022309096,see
镊,niè,48,129,18,41,27,16.60385451564308,6.873554255761118,5.043999084233944,2.483788434051358,3.0209418401563726,"tweezers, forceps, pincers"
攸,yōu,48,320,57,248,85,16.60385451564308,17.050677223593468,15.972663766740823,15.023891015725289,9.510372459751546,"distant, far"
翥,zhù,48,215,68,310,86,16.60385451564308,11.455923759601863,19.055107651550454,18.77986376965661,9.62225919457215,to soar
萄,táo,47,419,242,582,229,16.257940879900513,22.3257304896427,67.81376546581193,35.25767972238757,25.622062273918868,grapes
概,gài,47,438,74,190,188,16.257940879900513,23.33811444979356,20.736440679628434,11.510239084628244,21.034706146274004,"generally, approximately"
麈,zhǔ,47,1002,131,628,196,16.257940879900513,53.38993305637705,36.70910444636926,38.044369184981775,21.929800024838855,legendary species of deer
猱,náo,47,194,54,161,173,16.257940879900513,10.336973066803541,15.131997252701833,9.753413119079722,19.356405123964908,"a monkey with yellow hair, macaque"
啻,chì,47,483,51,207,109,16.257940879900513,25.735865934361392,14.291330738662841,12.540102581673931,12.195654095446098,"only, merely"
竽,yú,47,322,67,364,125,16.257940879900513,17.15724395624093,18.774885480204123,22.051194877919375,13.9858418525758,ancient woodwind instrument
猗,yī,47,564,162,619,183,16.257940879900513,30.051818606583492,45.395991758105495,37.499147333604654,20.47527247217097,exclamation of admiration
沱,tuó,47,342,100,478,248,16.257940879900513,18.22291128271552,28.02221713463302,28.95733832869632,27.74791023551039,"rivers, streams, waterways"
竦,sǒng,47,283,42,187,102,16.257940879900513,15.079192669615475,11.76933119654587,11.328498467502536,11.412446951701854,"revere, respect, be in awe of"
翟,dí,47,289,27,329,98,16.257940879900513,15.398892867557853,7.5659986263509165,19.930887678119436,10.964900012419427,surname
椿,chūn,47,746,74,676,180,16.257940879900513,39.749391277502276,20.736440679628434,40.95221905899312,20.139612267709154,father
鼕,dōng,47,316,32,92,69,16.257940879900513,16.83754375829855,8.967109483082567,5.573378925188414,7.720184702621841,rattle of drums
岧,tiáo,47,361,95,607,179,16.257940879900513,19.235295242866385,26.621106277901372,36.77218486510181,20.027725532888546,peak
罕,hǎn,47,478,90,361,213,16.257940879900513,25.469449102742747,25.21999542116972,21.869454260793667,23.831874516789163,"rare, scarce"
协,xié,47,542,75,584,168,16.257940879900513,28.87958454746144,21.016662850974768,35.378840133804715,18.796971449861875,be united
签,qiān,47,570,97,445,397,16.257940879900513,30.371518804525866,27.18155062059403,26.95819154031352,44.41903372378074,"sign, endorse"
狡,jiǎo,47,330,84,263,254,16.257940879900513,17.583510886830766,23.53866239309174,15.932594101353835,28.419230644434027,"cunning, deceitful, treacherous"
魑,chī,47,173,61,219,160,16.257940879900513,9.21802237400522,17.093552452126143,13.267065050176768,17.901877571297025,a mountain demon resembling a tiger
耗,hào,47,285,48,174,182,16.257940879900513,15.185759402262933,13.45066422462385,10.54095579329113,20.363385737350363,"consume, use up"
姝,shū,47,341,68,304,207,16.257940879900513,18.16962791639179,19.055107651550454,18.41638253540519,23.160554107865526,a beautiful girl
咿,yī,47,327,45,213,173,16.257940879900513,17.423660787859575,12.60999771058486,12.903583815925348,19.356405123964908,descriptive of creaking
淇,qí,47,161,78,462,67,16.257940879900513,8.578621978120465,21.857329365013758,27.988055037359207,7.496411232980629,river in Henan province
唾,tuò,47,1003,167,576,594,16.257940879900513,53.44321642270078,46.797102614837144,34.894198488136155,66.4607204834402,"spit, spit on"
黜,chù,47,277,26,141,66,16.257940879900513,14.759492471673097,7.285776455004585,8.541809004908329,7.384524498160023,dismiss
壳,ké,46,376,76,122,103,15.912027244157951,20.03454573772233,21.2968850223211,7.390785096445505,11.524333686522459,"casing, shell, husk"
娜,nà,46,167,44,209,214,15.912027244157951,8.898322176062841,12.329775539238529,12.66126299309107,23.94376125160977,"elegant, graceful, delicate"
庖,páo,46,703,110,449,114,15.912027244157951,37.4582065255819,30.824438848096325,27.200512363147798,12.75508776954913,kitchen
婷,tíng,46,321,77,244,286,15.912027244157951,17.1039605899172,21.57710719366743,14.78157019289101,31.99960615869343,pretty
炀,yáng,46,66,12,54,30,15.912027244157951,3.5167021773661533,3.3626660561559625,3.2713311082627645,3.3566020446181923,roast
釐,lí,46,528,57,292,115,15.912027244157951,28.133617418929227,15.972663766740823,17.689420066902358,12.866974504369738,"manage, control"
绰,chuò,46,430,114,343,311,15.912027244157951,22.911847519203725,31.945327533481645,20.77901055803941,34.79677452920859,"graceful, delicate"
弭,mǐ,46,373,100,454,97,15.912027244157951,19.874695638751138,28.02221713463302,27.503413391690646,10.853013277598821,"stop, desist, end, quell"
轰,hōng,46,541,130,288,299,15.912027244157951,28.82630118113771,36.42888227502293,17.447099244068077,33.454133711361315,"rumble, explosion, blast"
摐,chuāng,46,81,22,38,23,15.912027244157951,4.315952672222097,6.1648877696192645,2.302047816925649,2.5733949008739474,to hit (a bell or drum)
沮,jǔ,46,451,71,422,162,15.912027244157951,24.030798212002043,19.895774165589444,25.56484680901642,18.125651040938237,"stop, prevent"
缉,jī,46,185,56,176,58,15.912027244157951,9.857422769889974,15.692441595394493,10.66211620470827,6.489430619595171,to sew in close stitches
憀,liáo,46,150,12,17,101,15.912027244157951,7.992504948559439,3.3626660561559625,1.029863497045685,11.300560216881246,to rely on
旐,zhào,46,347,21,164,63,15.912027244157951,18.48932811433417,5.884665598272935,9.935153736205432,7.0488642936982036,an embroidered pennant
昊,hào,46,335,91,491,164,15.912027244157951,17.84992771844941,25.50021759251605,29.744881002907732,18.34942451057945,summer time
屣,xǐ,46,509,74,478,142,15.912027244157951,27.12123345877836,20.736440679628434,28.95733832869632,15.88791634452611,straw sandals or slippers that have no heel-backs
泫,xuàn,46,287,68,312,246,15.912027244157951,15.292326134910393,19.055107651550454,18.90102418107375,27.524136765869173,weep
諠,xuān,46,131,19,218,5,15.912027244157951,6.980120988408577,5.324221255580275,13.206484844468196,0.559433674103032,"noisy, uproarious"
恳,kěn,46,220,44,153,33,15.912027244157951,11.72234059122051,12.329775539238529,9.268771473411165,3.6922622490800117,"sincere, earnest, cordial"
渍,zì,46,409,81,254,360,15.912027244157951,21.792896826405403,22.697995879052748,15.387372249976707,40.27922453541831,"soak, steep"
渝,yú,46,320,79,371,186,15.912027244157951,17.050677223593468,22.13755153636009,22.475256317879364,20.81093267663279,change
娄,lóu,46,262,78,389,188,15.912027244157951,13.960241976817153,21.857329365013758,23.565700020633617,21.034706146274004,surname
喔,ō,46,196,51,212,186,15.912027244157951,10.443539799450999,14.291330738662841,12.84300361021678,20.81093267663279,descriptive of crying or of crowing
咬,yǎo,45,319,19,69,63,15.566113608415385,16.99739385726974,5.324221255580275,4.18003419389131,7.0488642936982036,"bite, gnaw"
醍,tí,45,185,36,99,42,15.566113608415385,9.857422769889974,10.087998168467887,5.997440365148401,4.699242862465469,essential oil of butter
泯,mǐn,45,601,108,435,185,15.566113608415385,32.02330316056148,30.263994505403666,26.352389483227824,20.699045941812187,"destroy, eliminate"
氅,chǎng,45,182,37,228,62,15.566113608415385,9.697572670918785,10.368220339814217,13.812286901553895,6.936977558877597,overcoat
疠,lì,45,292,48,223,87,15.566113608415385,15.55874296652904,13.45066422462385,13.509385873011047,9.734145929392758,"a sore, ulcer"
曼,màn,45,371,59,305,300,15.566113608415385,19.768128906103676,16.533108109433485,18.476962741113763,33.56602044618192,"long, extended, vast"
侄,zhí,45,172,46,115,67,15.566113608415385,9.16473900768149,12.89021988193119,6.966723656485517,7.496411232980629,nephew
倪,ní,45,278,91,257,255,15.566113608415385,14.812775837996826,25.50021759251605,15.569112867102417,28.531117379254635,"feeble, tiny, young and weak"
酥,sū,45,763,122,309,411,15.566113608415385,40.655208505005675,34.18710490425229,18.71928356394804,45.985448011269234,butter
审,shěn,45,406,67,174,204,15.566113608415385,21.633046727434216,18.774885480204123,10.54095579329113,22.82489390340371,"examine, investigate"
诮,qiào,45,384,40,140,104,15.566113608415385,20.460812668312165,11.20888685385321,8.481228799199759,11.636220421343065,"criticize, scold, blame, ridicule"
瞩,zhǔ,45,271,34,344,216,15.566113608415385,14.43979227373072,9.527553825775227,20.83959076374798,24.16753472125098,"watch carefully, stare at, focus on"
镐,gǎo,45,77,20,227,51,15.566113608415385,4.102819206927179,5.604443426926605,13.751706695845323,5.706223475850927,stove
蘸,zhàn,45,405,60,258,337,15.566113608415385,21.579763361110487,16.813330280779812,15.629693072810987,37.70582963454436,dip (a brush)
隗,kuí,45,90,31,205,87,15.566113608415385,4.795502969135663,8.686887311736237,12.418942170256791,9.734145929392758,high
鸰,líng,45,299,47,443,84,15.566113608415385,15.931726530795148,13.17044205327752,26.837031128896385,9.398485724930937,species of lark
搆,gòu,45,159,107,584,85,15.566113608415385,8.472055245473006,29.983772334057335,35.378840133804715,9.510372459751546,"pull, drag"
穑,sè,45,330,80,251,100,15.566113608415385,17.583510886830766,22.41777370770642,15.205631632850997,11.188673482060642,"farm, harvest grain"
蜕,tuì,45,646,139,465,244,15.566113608415385,34.42105464512932,38.9508818171399,28.169795654484915,27.300363296227964,molt
完,wán,45,726,205,783,827,15.566113608415385,38.68372395102768,57.4455451259977,47.43430106981009,92.5303296966415,"complete, finish, settle"
岱,dài,45,330,92,866,331,15.566113608415385,17.583510886830766,25.78043976386238,52.46245814362137,37.034509225620724,"Daishan, one of the Five Sacred Mountains in China"
聒,guā,45,637,87,338,145,15.566113608415385,33.94150434821575,24.37932890713073,20.47610952949656,16.22357654898793,"clamor, din, hubbub"
黠,xiá,44,435,47,145,104,15.220199972672823,23.178264350822374,13.17044205327752,8.784129827742607,11.636220421343065,"sly, cunning, shrewd"
诘,jí,44,932,93,515,313,15.220199972672823,49.66009741371598,26.06066193520871,31.1988059399134,35.0205479988498,"question, interrogate"
逅,hòu,44,1622,181,632,193,15.220199972672823,86.4256201770894,50.72021301368577,38.28669000781606,21.594139820377034,meet unexpectedly
浚,jùn,44,268,49,265,94,15.220199972672823,14.279942174759531,13.730886395970181,16.053754512770976,10.517353073137002,dredge
殃,yāng,44,230,61,166,108,15.220199972672823,12.255174254457806,17.093552452126143,10.056314147622572,12.08376736062549,"misfortune, disaster, calamity"
炳,bǐng,44,478,69,415,165,15.220199972672823,25.469449102742747,19.335329822896785,25.14078536905643,18.461311245400058,"bright, luminous"
幰,xiǎn,44,121,13,119,81,15.220199972672823,6.447287325171281,3.6428882275022927,7.209044479319796,9.062825520469119,curtain at front of carriage
罩,zhào,44,258,74,227,169,15.220199972672823,13.747108511522235,20.736440679628434,13.751706695845323,18.908858184682483,basket for catching fish
暧,ài,44,108,37,171,146,15.220199972672823,5.754603562962796,10.368220339814217,10.35921517616542,16.335463283808537,"obscure, dim, ambiguous, vague"
爷,yé,44,180,31,149,155,15.220199972672823,9.591005938271326,8.686887311736237,9.026450650576887,17.342443897193995,"father, grandfather"
俛,fǔ,44,588,82,399,64,15.220199972672823,31.330619398353,22.97821805039908,24.171502077719314,7.16075102851881,"make effort, endeavor"
逦,lǐ,44,372,62,285,209,15.220199972672823,19.82141227242741,17.373774623472475,17.265358626942366,23.38432757750674,"meandering, winding"
粤,yuè,44,411,130,1946,506,15.220199972672823,21.89946355905286,36.42888227502293,117.88908030887666,56.61468781922684,Guangdong and Guangxi provinces
蟆,má,44,379,58,125,128,15.220199972672823,20.194395836693516,16.252885938087154,7.572525713571214,14.32150205703762,"frog, toad"
牲,shēng,44,442,70,209,88,15.220199972672823,23.55124791508848,19.615551994243116,12.66126299309107,9.846032664213363,sacrificial animal
饷,xiǎng,44,1024,117,634,512,15.220199972672823,54.5621671154991,32.78599404752063,38.4078504192332,57.28600822815048,rations and pay for soldiers
霾,mái,44,298,86,412,237,15.220199972672823,15.878443164471417,24.0991067357844,24.95904475193072,26.517156152483718,"misty, foggy"
绯,fēi,44,160,59,458,155,15.220199972672823,8.525338611796734,16.533108109433485,27.74573421452493,17.342443897193995,"scarlet, dark red, crimson"
噬,shì,44,248,55,165,115,15.220199972672823,13.214274848284939,15.412219424048162,9.995733941914002,12.866974504369738,bite
矻,kū,44,170,31,97,31,15.220199972672823,9.058172275034032,8.686887311736237,5.876279953731261,3.4684887794387986,"toil, slave away"
谴,qiǎn,44,127,9,107,75,15.220199972672823,6.7669875231136585,2.521999542116972,6.482082010816959,8.39150511154548,"reprimand, scold, abuse"
隶,lì,44,376,84,263,320,15.220199972672823,20.03454573772233,23.53866239309174,15.932594101353835,35.80375514259405,subservient
槽,cáo,44,442,73,248,224,15.220199972672823,23.55124791508848,20.456218508282106,15.023891015725289,25.062628599815834,trough
颙,yóng,44,191,26,148,26,15.220199972672823,10.177122967832352,7.285776455004585,8.965870444868317,2.9090551053357663,"solemn, large, grand, majestic"
禊,xì,44,426,47,205,183,15.220199972672823,22.69871405390881,13.17044205327752,12.418942170256791,20.47527247217097,semi-annual ceremony of purification
泱,yāng,44,205,65,232,139,15.220199972672823,10.923090096364566,18.214441137511464,14.054607724388173,15.55225614006429,"great, expansive"
孜,zī,44,240,52,195,86,15.220199972672823,12.7880079176951,14.57155291000917,11.813140113171094,9.62225919457215,be as diligent as possible
麓,lù,44,867,165,965,572,15.220199972672823,46.19667860267356,46.23665827214449,58.45989850876977,63.99921231738686,foothill
邂,xiè,44,1618,183,632,192,15.220199972672823,86.21248671179448,51.280657356378434,38.28669000781606,21.48225308555643,unexpected meeting
驶,shǐ,44,314,64,332,252,15.220199972672823,16.730977025651093,17.934218966165133,20.112628295245145,28.195457174792814,"sail, drive, pilot"
虱,shī,43,422,84,265,248,14.87428633693026,22.485580588613885,23.53866239309174,16.053754512770976,27.74791023551039,louse
淬,cuì,43,124,35,131,72,14.87428633693026,6.607137424142469,9.807775997121558,7.936006947822633,8.055844907083662,temper
讳,huì,43,434,32,179,192,14.87428633693026,23.124980984498645,8.967109483082567,10.84385682183398,21.48225308555643,conceal
姮,héng,43,397,85,146,253,14.87428633693026,21.15349643052065,23.81888456443807,8.844710033451179,28.30734390961342,lady
亨,hēng,43,588,65,310,65,14.87428633693026,31.330619398353,18.214441137511464,18.77986376965661,7.272637763339417,"smoothly, progressing, no trouble"
骞,qiān,43,440,112,572,231,14.87428633693026,23.44468118244102,31.384883190788987,34.651877665301875,25.845835743560077,"raise, hold high"
蟹,xiè,43,1177,133,621,468,14.87428633693026,62.71452216302973,37.26954878906192,37.62030774502179,52.3629918960438,crab
撞,zhuàng,43,659,118,220,172,14.87428633693026,35.1137384073378,33.06621621886697,13.327645255885336,19.2445183891443,"knock against, bump into, collide"
谯,qiáo,43,376,46,201,171,14.87428633693026,20.03454573772233,12.89021988193119,12.176621347422511,19.132631654323696,tower
钻,zuān,43,516,64,182,135,14.87428633693026,27.49421702304447,17.934218966165133,11.025597438959688,15.104709200781866,"drill, bore"
刊,kān,43,490,56,236,224,14.87428633693026,26.1088494986275,15.692441595394493,14.296928547222453,25.062628599815834,"publication, periodical"
臭,chòu,43,1082,86,377,286,14.87428633693026,57.65260236227542,24.0991067357844,22.838737552130784,31.99960615869343,"smell, stink, emit foul odor"
甄,zhēn,43,228,32,211,128,14.87428633693026,12.148607521810348,8.967109483082567,12.78242340450821,14.32150205703762,"to examine, discern"
醇,chún,43,1031,123,550,399,14.87428633693026,54.93515067976521,34.46732707559862,33.31911313971334,44.64280719342196,"rich, good as wine"
卯,mǎo,43,375,82,249,172,14.87428633693026,19.981262371398596,22.97821805039908,15.084471221433859,19.2445183891443,fourth earthly branch
垠,yín,43,362,62,267,140,14.87428633693026,19.288578609190115,17.373774623472475,16.174914924188112,15.664142874884897,"boundary, bank of stream or river"
苧,níng,43,265,125,571,118,14.87428633693026,14.120092075788342,35.02777141829128,34.59129745959331,13.202634708831555,"China grass, ramie (Boehmeria nivea)"
甑,zèng,43,741,82,207,128,14.87428633693026,39.48297444588363,22.97821805039908,12.540102581673931,14.32150205703762,"boiler for steaming rice, pot"
统,tǒng,43,413,157,563,281,14.87428633693026,22.006030291700323,43.99488090137385,34.106655813924746,31.440172484590395,"govern, command, control"
喘,chuǎn,43,285,60,163,157,14.87428633693026,15.185759402262933,16.813330280779812,9.874573530496864,17.566217366835204,"pant, gasp, breathe heavily"
斝,jiǎ,43,499,71,373,184,14.87428633693026,26.58839979554107,19.895774165589444,22.596416729296504,20.58715920699158,small jade wine cup
赭,zhě,43,394,72,323,200,14.87428633693026,20.99364633154946,20.175996336935775,19.567406443868016,22.377346964121283,reddish brown
粳,jīng,43,471,86,290,129,14.87428633693026,25.09646553847664,24.0991067357844,17.568259655485214,14.433388791858226,non-glutinous rice
祢,mí,43,179,28,137,85,14.87428633693026,9.537722571947597,7.846220797697247,8.29948818207405,9.510372459751546,one's deceased father
郤,xì,42,83,20,101,17,14.528372701187694,4.422519404869557,5.604443426926605,6.118600776565541,1.9020744919503088,"crack, opening"
讥,jī,42,746,82,306,204,14.528372701187694,39.749391277502276,22.97821805039908,18.53754294682233,22.82489390340371,"ridicule, jeer, mock"
剃,tì,42,75,5,41,45,14.528372701187694,3.9962524742797196,1.4011108567316513,2.483788434051358,5.0349030669272885,shave
普,pǔ,42,1054,123,380,233,14.528372701187694,56.16066810521099,34.46732707559862,23.02047816925649,26.069609213201293,"universal, general, widespread"
蜻,qīng,42,199,33,173,196,14.528372701187694,10.60338989842219,9.247331654428898,10.480375587582559,21.929800024838855,dragonfly
刈,yì,42,300,41,249,141,14.528372701187694,15.985009897118879,11.48910902519954,15.084471221433859,15.776029609705501,"cut off, reap, mow"
骛,wù,42,289,36,230,65,14.528372701187694,15.398892867557853,10.087998168467887,13.933447312971033,7.272637763339417,gallop
狸,lí,42,551,103,284,245,14.528372701187694,29.359134844375006,28.86288364867201,17.2047784212338,27.412250031048572,fox
嵋,méi,42,101,17,74,60,14.528372701187694,5.381619998696689,4.7637769128876135,4.4829352224341585,6.713204089236385,Omei mountain in Sichuan
酤,gū,42,331,57,236,67,14.528372701187694,17.636794253154495,15.972663766740823,14.296928547222453,7.496411232980629,to deal in spirits
斲,zhuó,42,668,89,329,75,14.528372701187694,35.593288704251364,24.93977324982339,19.930887678119436,8.39150511154548,"cut, chop, hack"
垓,gāi,42,240,47,346,144,14.528372701187694,12.7880079176951,13.17044205327752,20.960751175165118,16.111689814167324,"border, boundary, frontier"
苕,sháo,42,786,181,563,394,14.528372701187694,41.880725930451455,50.72021301368577,34.106655813924746,44.08337351931892,rush plant
槃,pán,42,764,83,393,260,14.528372701187694,40.70849187132941,23.25844022174541,23.808020843467897,29.090551053357668,tray
鄂,è,42,225,65,220,223,14.528372701187694,11.988757422839159,18.214441137511464,13.327645255885336,24.950741864995226,Hubei province
罄,qìng,42,379,94,443,168,14.528372701187694,20.194395836693516,26.34088410655504,26.837031128896385,18.796971449861875,"exhaust, run out, use up"
诡,guǐ,42,379,59,168,268,14.528372701187694,20.194395836693516,16.533108109433485,10.177474559039712,29.985644931922515,"deceive, cheat, defraud"
晤,wù,42,508,96,723,226,14.528372701187694,27.067950092454634,26.9013284492477,43.7994887272959,25.286402069457047,have interview with
译,yì,42,126,61,251,175,14.528372701187694,6.7137041567899285,17.093552452126143,15.205631632850997,19.58017859360612,translate
秃,tū,42,934,97,420,381,14.528372701187694,49.76666414636344,27.18155062059403,25.44368639759928,42.62884596665104,bald
镳,biāo,42,244,85,383,92,14.528372701187694,13.00114138299002,23.81888456443807,23.2022187863822,10.29357960349579,"bit, bridle"
朅,qiè,42,566,59,438,262,14.528372701187694,30.15838533923095,16.533108109433485,26.534130100353536,29.314324522998877,brave
陨,yǔn,42,478,117,431,235,14.528372701187694,25.469449102742747,32.78599404752063,26.110068660393544,26.293382682842505,"fall, slip"
荚,jiá,42,331,34,224,182,14.528372701187694,17.636794253154495,9.527553825775227,13.569966078719617,20.363385737350363,pods of leguminous plants
茆,máo,42,595,109,714,129,14.528372701187694,31.703602962619108,30.544216676749993,43.25426687591877,14.433388791858226,"species of grass, water mallows"
馈,kuì,42,586,101,359,217,14.528372701187694,31.224052665705543,28.30243930597935,21.748293849376527,24.27942145607159,offer food superior
讯,xùn,42,932,132,770,877,14.528372701187694,49.66009741371598,36.98932661771559,46.64675839559868,98.1246664376718,inquire
伪,wěi,42,503,74,199,218,14.528372701187694,26.801533260835985,20.736440679628434,12.055460936005373,24.391308190892197,"false, counterfeit, bogus"
宏,hóng,41,450,61,407,339,14.18245906544513,23.977514845678318,17.093552452126143,24.65614372338787,37.929603104185574,"wide, spacious, great, vast"
缪,móu,41,626,112,673,341,14.18245906544513,33.35538731865472,31.384883190788987,40.77047844186741,38.15337657382678,"wind around, bind"
旻,mín,41,314,72,571,97,14.18245906544513,16.730977025651093,20.175996336935775,34.59129745959331,10.853013277598821,heaven
拒,jù,41,366,47,202,194,14.18245906544513,19.50171207448503,13.17044205327752,12.237201553131081,21.706026555197642,"ward off with hand, defend"
曦,xī,41,579,45,324,213,14.18245906544513,30.851069101439435,12.60999771058486,19.627986649576588,23.831874516789163,"sunlight, sunshine, early dawn"
醐,hú,41,183,35,97,42,14.18245906544513,9.750856037242515,9.807775997121558,5.876279953731261,4.699242862465469,purest cream
钥,yào,41,531,87,530,354,14.18245906544513,28.293467517900414,24.37932890713073,32.10750902554195,39.60790412649467,key
篌,hóu,41,75,42,207,129,14.18245906544513,3.9962524742797196,11.76933119654587,12.540102581673931,14.433388791858226,ancient musical instrument
睇,dì,41,301,111,561,385,14.18245906544513,16.038293263442608,31.104661019442652,33.98549540250761,43.07639290593347,"look at, glance at"
沤,ōu,41,576,145,433,300,14.18245906544513,30.691219002468248,40.63221484521788,26.231229071810684,33.56602044618192,"soak, steep"
臼,jiù,41,469,96,291,210,14.18245906544513,24.989898805829178,26.9013284492477,17.628839861193786,23.496214312327346,mortar
箜,kōng,41,72,44,207,129,14.18245906544513,3.836402375308531,12.329775539238529,12.540102581673931,14.433388791858226,ancient string music instrument
赦,shè,41,269,24,114,121,14.18245906544513,14.33322554108326,6.725332112311925,6.9061434507769475,13.538294913293374,"forgive, remit, pardon"
楸,qiū,41,691,111,857,315,14.18245906544513,36.818806129697144,31.104661019442652,51.91723629224425,35.244321468491016,"Mallotus japonicus, East Asian mallotus, (J) akamegashiwa"
柽,chēng,41,45,5,56,27,14.18245906544513,2.3977514845678316,1.4011108567316513,3.392491519679904,3.0209418401563726,type of willow
攲,qī,41,1700,95,128,62,14.18245906544513,90.5817227503403,26.621106277901372,7.754266330696923,6.936977558877597,up
叉,chā,41,457,54,260,386,14.18245906544513,24.350498409944425,15.131997252701833,15.750853484228125,43.18827964075407,crotch
奖,jiǎng,41,145,13,123,77,14.18245906544513,7.72608811694079,3.6428882275022927,7.451365302154074,8.615278581186693,"prize, reward"
绫,líng,41,216,91,310,254,14.18245906544513,11.509207125925592,25.50021759251605,18.77986376965661,28.419230644434027,"thin silk, damask silk"
觑,qù,41,554,51,129,280,14.18245906544513,29.518984943346194,14.291330738662841,7.8148465364054935,31.328285749769794,peep at
鞅,yāng,41,424,91,545,135,14.18245906544513,22.592147321261347,25.50021759251605,33.016212111170496,15.104709200781866,leather strap over horse's neck
玷,diàn,41,301,30,122,56,14.18245906544513,16.038293263442608,8.406665140389906,7.390785096445505,6.265657149953959,flaw in gem
聆,líng,41,195,57,323,119,14.18245906544513,10.390256433127272,15.972663766740823,19.567406443868016,13.314521443652161,"listen, hear"
昙,tán,41,622,66,412,374,14.18245906544513,33.14225385335981,18.494663308857795,24.95904475193072,41.84563882290679,"become cloudy, overcast"
匏,páo,41,344,68,375,154,14.18245906544513,18.32947801536298,19.055107651550454,22.71757714071364,17.230557162373387,gourd
骂,mà,41,546,75,328,386,14.18245906544513,29.092718012756357,21.016662850974768,19.870307472410865,43.18827964075407,"accuse, blame, curse, scold"
缴,jiǎo,41,165,31,183,71,14.18245906544513,8.791755443415383,8.686887311736237,11.086177644668258,7.943958172263055,"deliver, submit"
枳,zhǐ,41,254,69,322,139,14.18245906544513,13.533975046227317,19.335329822896785,19.506826238159444,15.55225614006429,trifoliate orange
弩,nǔ,41,465,94,419,246,14.18245906544513,24.776765340534258,26.34088410655504,25.38310619189071,27.524136765869173,"cross-bow, bow"
奁,lián,41,649,97,328,810,14.18245906544513,34.58090474410051,27.18155062059403,19.870307472410865,90.62825520469119,lady's vanity case
瞑,míng,40,267,61,310,229,13.836545429702566,14.2266588084358,17.093552452126143,18.77986376965661,25.622062273918868,close eyes
盲,máng,40,504,73,153,182,13.836545429702566,26.854816627159714,20.456218508282106,9.268771473411165,20.363385737350363,blind
囷,qūn,40,702,87,198,178,13.836545429702566,37.404923159258175,24.37932890713073,11.994880730296803,19.915838798067938,round-shaped storage bin for grain
绠,gěng,40,324,47,203,162,13.836545429702566,17.263810688888388,13.17044205327752,12.297781758839653,18.125651040938237,well rope
粪,fèn,40,391,51,166,129,13.836545429702566,20.833796232578273,14.291330738662841,10.056314147622572,14.433388791858226,"manure, dung, excrement, night soil"
舷,xián,40,218,78,257,175,13.836545429702566,11.61577385857305,21.857329365013758,15.569112867102417,19.58017859360612,"the sides of a boat, bulwarks"
陕,shǎn,40,195,49,141,50,13.836545429702566,10.390256433127272,13.730886395970181,8.541809004908329,5.594336741030321,mountain pass
獭,tǎ,40,91,39,85,85,13.836545429702566,4.848786335459392,10.928664682506879,5.149317485228426,9.510372459751546,otter
绁,xiè,40,111,22,112,74,13.836545429702566,5.914453661933985,6.1648877696192645,6.784983039359808,8.279618376724873,"to contract, draw in, reduce, shorten"
皑,ái,40,220,49,199,174,13.836545429702566,11.72234059122051,13.730886395970181,12.055460936005373,19.468291858785516,brilliant white
軿,píng,40,278,60,202,123,13.836545429702566,14.812775837996826,16.813330280779812,12.237201553131081,13.762068382934586,curtained carriage used by women
芹,qín,40,704,138,566,194,13.836545429702566,37.51148989190563,38.67065964579357,34.28839643105046,21.706026555197642,celery
夤,yín,40,151,24,72,24,13.836545429702566,8.045788314883168,6.725332112311925,4.361774811017019,2.6852816356945537,distant place
缧,léi,40,62,10,62,13,13.836545429702566,3.3035687120712347,2.8022217134633025,3.755972753931322,1.4545275526678831,a chain or rope used bind criminals
褥,rù,40,75,39,115,106,13.836545429702566,3.9962524742797196,10.928664682506879,6.966723656485517,11.859993890984278,"mattress, cushion"
蜺,ní,40,234,39,121,81,13.836545429702566,12.468307719752724,10.928664682506879,7.330204890736935,9.062825520469119,reflection of rainbow
辖,xiá,40,260,38,364,75,13.836545429702566,13.853675244169693,10.64844251116055,22.051194877919375,8.39150511154548,linchpin of wheel
罚,fá,40,294,36,182,144,13.836545429702566,15.6653096991765,10.087998168467887,11.025597438959688,16.111689814167324,"penalty, fine"
弋,yì,40,286,50,292,87,13.836545429702566,15.239042768586664,14.01110856731651,17.689420066902358,9.734145929392758,"catch, arrest"
邵,shào,40,287,47,336,96,13.836545429702566,15.292326134910393,13.17044205327752,20.354949118079425,10.741126542778215,surname
滂,pāng,40,454,81,354,187,13.836545429702566,24.190648310973234,22.697995879052748,21.44539282083368,20.922819411453396,torrential
臧,zāng,40,489,71,265,157,13.836545429702566,26.05556613230377,19.895774165589444,16.053754512770976,17.566217366835204,"good, right, generous"
祛,qū,40,222,24,139,117,13.836545429702566,11.82890732386797,6.725332112311925,8.42064859349119,13.09074797401095,"expel, disperse, exorcise"
漓,lí,40,598,200,827,427,13.836545429702566,31.863453061590295,56.04443426926604,50.09983012098715,47.775635768398935,river in Guangxi province
啜,chuài,40,496,68,287,182,13.836545429702566,26.428549696569878,19.055107651550454,17.38651903835951,20.363385737350363,"sip, suck up"
洼,wā,40,311,118,255,128,13.836545429702566,16.571126926679906,33.06621621886697,15.447952455685277,14.32150205703762,hollow
谦,qiān,40,324,56,272,96,13.836545429702566,17.263810688888388,15.692441595394493,16.47781595273096,10.741126542778215,"humble, modest"
磻,pán,40,171,32,149,26,13.836545429702566,9.11145564135776,8.967109483082567,9.026450650576887,2.9090551053357663,a tributary of the Wei river in Shanxi
彝,yí,40,489,106,504,235,13.836545429702566,26.05556613230377,29.703550162711004,30.532423677119137,26.293382682842505,Yi (nationality)
龚,gōng,40,355,57,184,92,13.836545429702566,18.915595044924007,15.972663766740823,11.146757850376828,10.29357960349579,"give, present"
杓,biāo,40,681,90,364,131,13.836545429702566,36.28597246645985,25.21999542116972,22.051194877919375,14.657162261499439,"handle of cup, ladle, spoon"
冗,rǒng,40,318,67,114,47,13.836545429702566,16.944110490946013,18.774885480204123,6.9061434507769475,5.258676536568501,excessive
歆,xīn,39,338,30,214,63,13.490631793960002,18.009777817420602,8.406665140389906,12.964164021633918,7.0488642936982036,"like, admire"
刳,kū,39,293,59,111,74,13.490631793960002,15.612026332852771,16.533108109433485,6.724402833651238,8.279618376724873,"cut out, dig, rip up, scoop out"
罟,gǔ,39,215,55,200,72,13.490631793960002,11.455923759601863,15.412219424048162,12.116041141713943,8.055844907083662,net
轲,kē,39,485,60,324,119,13.490631793960002,25.842432667008854,16.813330280779812,19.627986649576588,13.314521443652161,axle
蘼,mí,39,269,109,479,432,13.490631793960002,14.33322554108326,30.544216676749993,29.01791853440489,48.33506944250196,millet
齧,niè,39,334,79,224,185,13.490631793960002,17.796644352125682,22.13755153636009,13.569966078719617,20.699045941812187,"bite, gnaw"
猕,mí,39,70,4,52,11,13.490631793960002,3.7298356426610715,1.1208886853853208,3.150170696845625,1.2307540830266703,macacus monkey
瞬,shùn,39,495,96,412,489,13.490631793960002,26.37526633024615,26.9013284492477,24.95904475193072,54.712613327276536,"wink, blink"
睢,suī,39,259,49,254,163,13.490631793960002,13.800391877845964,13.730886395970181,15.387372249976707,18.23753777575884,"gaze at, stare at"
潼,tóng,39,168,32,116,92,13.490631793960002,8.951605542386572,8.967109483082567,7.027303862194087,10.29357960349579,"high, lofty"
醑,xǔ,39,274,98,336,128,13.490631793960002,14.599642372701908,27.461772791940362,20.354949118079425,14.32150205703762,to strain spirits
甜,tián,39,650,108,422,226,13.490631793960002,34.63418811042424,30.263994505403666,25.56484680901642,25.286402069457047,"sweet, sweetness"
距,jù,39,248,41,201,157,13.490631793960002,13.214274848284939,11.48910902519954,12.176621347422511,17.566217366835204,distance
楠,nán,39,254,71,189,60,13.490631793960002,13.533975046227317,19.895774165589444,11.449658878919676,6.713204089236385,"name of tree, Machilus nanmu"
鄱,pó,39,201,26,189,61,13.490631793960002,10.709956631069648,7.285776455004585,11.449658878919676,6.825090824056991,county and lake in Jiangxi
鸬,lú,39,138,24,217,80,13.490631793960002,7.353104552674684,6.725332112311925,13.145904638759628,8.950938785648512,cormorant
甍,méng,39,322,53,339,109,13.490631793960002,17.15724395624093,14.851775081355502,20.536689735205133,12.195654095446098,rafters supporting roof tiles
萨,sà,39,303,17,66,92,13.490631793960002,16.14485999609007,4.7637769128876135,3.998293576765601,10.29357960349579,Buddhist gods or immortals
缟,gǎo,39,539,106,557,444,13.490631793960002,28.71973444849025,29.703550162711004,33.74317457967333,49.677710260349244,white raw silk
阍,hūn,39,471,62,484,195,13.490631793960002,25.09646553847664,17.373774623472475,29.32081956294774,21.81791329001825,gatekeeper
弁,biàn,39,333,67,209,90,13.490631793960002,17.743360985801957,18.774885480204123,12.66126299309107,10.069806133854577,conical cap worn during Zhou dynasty
檗,bò,39,358,23,126,54,13.490631793960002,19.075445143895195,6.445109940965595,7.633105919279784,6.041883680312745,a cork tree
淙,cóng,39,365,78,431,244,13.490631793960002,19.448428708161302,21.857329365013758,26.110068660393544,27.300363296227964,gurgling sound of water
陬,zōu,39,267,72,348,166,13.490631793960002,14.2266588084358,20.175996336935775,21.08191158658226,18.573197980220662,"corner, cranny, nook, niche"
辗,niǎn,39,152,35,164,151,13.490631793960002,8.099071681206897,9.807775997121558,9.935153736205432,16.89489695791157,"turn over, roll"
划,huà,38,351,72,332,451,13.144718158217437,18.702461579629087,20.175996336935775,20.112628295245145,50.460917404093486,to row or paddle boat
嗅,xiù,38,567,56,158,107,13.144718158217437,30.21166870555468,15.692441595394493,9.571672501954016,11.971880625804886,"smell, scent, sniff"
珥,ěr,38,292,53,280,125,13.144718158217437,15.55874296652904,14.851775081355502,16.962457598399517,13.9858418525758,ear ornament
嵚,qīn,38,277,41,241,193,13.144718158217437,14.759492471673097,11.48910902519954,14.5998295757653,21.594139820377034,"lofty, towering"
衬,chèn,38,432,57,301,402,13.144718158217437,23.018414251851183,15.972663766740823,18.234641918279483,44.97846739788377,underwear
淘,táo,38,147,30,127,189,13.144718158217437,7.83265484958825,8.406665140389906,7.6936861249883535,21.146592881094612,wash in a sieve
崦,yān,38,388,98,293,162,13.144718158217437,20.673946133607082,27.461772791940362,17.750000272610926,18.125651040938237,"a mountain in Kansu, where there is a cave into which the sun is said to sink at night"
镫,dèng,38,294,64,444,2681,13.144718158217437,15.6653096991765,17.934218966165133,26.897611334604953,299.9683360540458,lamp
烝,zhēng,38,321,41,128,56,13.144718158217437,17.1039605899172,11.48910902519954,7.754266330696923,6.265657149953959,"rise, steam"
羯,jié,38,332,56,250,129,13.144718158217437,17.690077619478227,15.692441595394493,15.145051427142429,14.433388791858226,"wether, castrated ram"
裨,bì,38,325,48,201,85,13.144718158217437,17.31709405521212,13.45066422462385,12.176621347422511,9.510372459751546,"aid, benefit, help"
榔,láng,38,379,97,540,300,13.144718158217437,20.194395836693516,27.18155062059403,32.71331108262765,33.56602044618192,betel-nut tree
憧,chōng,38,274,62,123,51,13.144718158217437,14.599642372701908,17.373774623472475,7.451365302154074,5.706223475850927,"irresolute, indecisive"
崄,xiǎn,38,306,35,141,30,13.144718158217437,16.304710095061253,9.807775997121558,8.541809004908329,3.3566020446181923,"high, steep, precipitous"
蜓,tíng,38,200,34,166,167,13.144718158217437,10.656673264745917,9.527553825775227,10.056314147622572,18.685084715041267,dragonfly
孕,yùn,38,312,63,232,167,13.144718158217437,16.62441029300363,17.653996794818802,14.054607724388173,18.685084715041267,be pregnant
臻,zhēn,38,219,61,203,76,13.144718158217437,11.66905722489678,17.093552452126143,12.297781758839653,8.503391846366085,"reach, arrive"
骠,biāo,38,65,14,216,49,13.144718158217437,3.4634188110424233,3.9231103988486233,13.085324433051058,5.482450006209714,"charger, steed"
耒,lěi,38,384,57,253,141,13.144718158217437,20.460812668312165,15.972663766740823,15.326792044268135,15.776029609705501,handle of plow
廪,lǐn,38,587,70,226,81,13.144718158217437,31.277336032029268,19.615551994243116,13.691126490136755,9.062825520469119,granary
彷,páng,38,831,208,1019,250,13.144718158217437,44.278477415019296,58.28621164003668,61.73122961703254,27.9716837051516,"like, resembling"
蓠,lí,38,156,30,200,81,13.144718158217437,8.312205146501816,8.406665140389906,12.116041141713943,9.062825520469119,Gracilaria verrucosa
飗,liú,38,168,16,58,40,13.144718158217437,8.951605542386572,4.483554741541283,3.5136519310970433,4.475469392824256,soughing of wind
腴,yú,38,942,146,365,315,13.144718158217437,50.19293107695328,40.91243701656421,22.111775083627943,35.244321468491016,fat
鲵,ní,38,222,89,347,188,13.144718158217437,11.82890732386797,24.93977324982339,21.02133138087369,21.034706146274004,Cryptobranchus japonicus
泷,lóng,38,170,31,315,93,13.144718158217437,9.058172275034032,8.686887311736237,19.08276479819946,10.405466338316394,raining
兕,sì,38,240,44,281,160,13.144718158217437,12.7880079176951,12.329775539238529,17.02303780410809,17.901877571297025,a female rhinoceros
绥,suí,38,257,44,378,138,13.144718158217437,13.693825145198506,12.329775539238529,22.899317757839352,15.440369405243683,"soothe, appease, pacify"
愉,yú,38,161,56,197,103,13.144718158217437,8.578621978120465,15.692441595394493,11.934300524588233,11.524333686522459,"pleasant, delightful"
皱,zhòu,38,702,75,250,561,13.144718158217437,37.404923159258175,21.016662850974768,15.145051427142429,62.768458234360196,"wrinkles, creases, folds"
猪,zhū,38,306,34,113,143,13.144718158217437,16.304710095061253,9.527553825775227,6.845563245068377,15.999803079346716,"pig, hog, wild boar"
泳,yǒng,38,286,51,214,56,13.144718158217437,15.239042768586664,14.291330738662841,12.964164021633918,6.265657149953959,dive
蹬,dēng,37,256,32,124,92,12.798804522474873,13.640541778874775,8.967109483082567,7.511945507862644,10.29357960349579,"step on, tread on"
殚,dān,37,208,31,175,119,12.798804522474873,11.082940195335755,8.686887311736237,10.601535998999701,13.314521443652161,"utmost, entirely, quite"
砥,dǐ,37,482,78,599,264,12.798804522474873,25.682582568037663,21.857329365013758,36.28754321943325,29.538097992640093,a whetstone
溉,gài,37,353,87,207,181,12.798804522474873,18.809028312276546,24.37932890713073,12.540102581673931,20.25149900252976,"water, irrigate, flood"
蜘,zhī,37,83,5,56,42,12.798804522474873,4.422519404869557,1.4011108567316513,3.392491519679904,4.699242862465469,spider
芟,shān,37,227,34,174,165,12.798804522474873,12.095324155486617,9.527553825775227,10.54095579329113,18.461311245400058,"mow, cut"
鋋,chán,37,122,26,120,56,12.798804522474873,6.50057069149501,7.285776455004585,7.269624685028366,6.265657149953959,"short, iron-handled spear"
漭,mǎng,37,156,37,177,111,12.798804522474873,8.312205146501816,10.368220339814217,10.72269641041684,12.419427565087311,vast
贳,shì,37,201,48,215,181,12.798804522474873,10.709956631069648,13.45066422462385,13.024744227342488,20.25149900252976,borrow
飧,sūn,37,191,50,444,151,12.798804522474873,10.177122967832352,14.01110856731651,26.897611334604953,16.89489695791157,"evening meal, supper"
潢,huáng,37,567,104,449,210,12.798804522474873,30.21166870555468,29.14310582001834,27.200512363147798,23.496214312327346,"expanse of water, lake, pond"
倖,xìng,37,227,16,148,172,12.798804522474873,12.095324155486617,4.483554741541283,8.965870444868317,19.2445183891443,"lucky, fortunate"
茔,yíng,37,153,64,192,63,12.798804522474873,8.152355047530627,17.934218966165133,11.631399496045384,7.0488642936982036,"grave, tomb, cemetery"
匕,bǐ,37,233,35,257,105,12.798804522474873,12.415024353428995,9.807775997121558,15.569112867102417,11.748107156163673,"spoon, ladle"
踞,jù,37,557,147,572,518,12.798804522474873,29.678835042317385,41.19265918791054,34.651877665301875,57.95732863707412,"crouch, squat"
熠,yì,37,240,23,178,66,12.798804522474873,12.7880079176951,6.445109940965595,10.78327661612541,7.384524498160023,bright and sparkling
脊,jí,37,514,74,220,202,12.798804522474873,27.387650290397012,20.736440679628434,13.327645255885336,22.601120433762492,"spine, backbone"
闉,yīn,37,348,58,253,133,12.798804522474873,18.542611480657897,16.252885938087154,15.326792044268135,14.880935731140651,"curved, bent"
廛,chán,37,865,124,451,193,12.798804522474873,46.09011187002609,34.74754924694495,27.32167277456494,21.594139820377034,"a store, shop"
辀,zhōu,37,324,45,222,108,12.798804522474873,17.263810688888388,12.60999771058486,13.448805667302477,12.08376736062549,shaft
冽,liè,37,357,84,324,190,12.798804522474873,19.022161777571466,23.53866239309174,19.627986649576588,21.258479615915217,cold and raw
抹,mǒ,37,961,154,574,755,12.798804522474873,51.20531503710414,43.15421438733486,34.77303807671902,84.47448478955783,"smear, apply, wipe off, erase"
挠,náo,37,254,36,128,100,12.798804522474873,13.533975046227317,10.087998168467887,7.754266330696923,11.188673482060642,scratch
睛,jīng,37,550,57,202,113,12.798804522474873,29.305851478051277,15.972663766740823,12.237201553131081,12.643201034728524,eyeball
拓,tuò,37,406,65,332,791,12.798804522474873,21.633046727434216,18.214441137511464,20.112628295245145,88.50240724309967,expand
询,xún,37,470,99,625,184,12.798804522474873,25.04318217215291,27.74199496328669,37.86262856785607,20.58715920699158,"inquire into, ask about"
箴,zhēn,37,403,57,270,154,12.798804522474873,21.473196628463025,15.972663766740823,16.356655541313824,17.230557162373387,"needle, probe"
桢,zhēn,37,8,15,79,34,12.798804522474873,0.4262669305898367,4.203332570194953,4.785836250977008,3.8041489839006175,hardwood
瀰,mí,37,432,49,420,183,12.798804522474873,23.018414251851183,13.730886395970181,25.44368639759928,20.47527247217097,overflow
忡,chōng,37,138,67,258,122,12.798804522474873,7.353104552674684,18.774885480204123,15.629693072810987,13.650181648113982,"a sad, uneasy countenance"
絷,zhí,36,304,53,198,74,12.452890886732309,16.198143362413795,14.851775081355502,11.994880730296803,8.279618376724873,"confine, tie up"
痍,yí,36,184,68,348,154,12.452890886732309,9.804139403566246,19.055107651550454,21.08191158658226,17.230557162373387,"wound, bruise, sore"
蹶,jué,36,221,44,250,183,12.452890886732309,11.77562395754424,12.329775539238529,15.145051427142429,20.47527247217097,"stumble, fall down"
晡,bū,36,313,69,158,57,12.452890886732309,16.67769365932736,19.335329822896785,9.571672501954016,6.377543884774565,late afternoon
硕,shuò,36,324,61,493,212,12.452890886732309,17.263810688888388,17.093552452126143,29.86604141432487,23.719987781968555,"great, eminent"
猖,chāng,36,198,62,154,166,12.452890886732309,10.550106532098459,17.373774623472475,9.329351679119736,18.573197980220662,"mad, wild, reckless, unruly"
粥,zhōu,36,1082,116,332,356,12.452890886732309,57.65260236227542,32.50577187617431,20.112628295245145,39.831677596135876,"rice gruel, congee"
邕,yōng,36,177,20,133,51,12.452890886732309,9.43115583930014,5.604443426926605,8.057167359239772,5.706223475850927,former or literary name for Nanning (in Guangxi)
旟,yú,36,149,11,115,27,12.452890886732309,7.939221582235708,3.0824438848096323,6.966723656485517,3.0209418401563726,an military flag or standard
镝,dī,36,151,57,171,92,12.452890886732309,8.045788314883168,15.972663766740823,10.35921517616542,10.29357960349579,"dysprosium (element 66, Dy)"
帚,zhǒu,36,363,61,236,204,12.452890886732309,19.34186197551384,17.093552452126143,14.296928547222453,22.82489390340371,"broom, broomstick"
牍,dú,36,536,77,689,205,12.452890886732309,28.559884349519063,21.57710719366743,41.73976173320453,22.936780638224313,writing tablet
噫,yī,36,426,47,379,258,12.452890886732309,22.69871405390881,13.17044205327752,22.95989796354792,28.866777583716452,belch
踊,yǒng,36,191,42,133,66,12.452890886732309,10.177122967832352,11.76933119654587,8.057167359239772,7.384524498160023,"leap, jump"
燥,zào,36,329,34,126,69,12.452890886732309,17.530227520507037,9.527553825775227,7.633105919279784,7.720184702621841,"dry, parched, arid"
虺,huī,36,256,40,144,70,12.452890886732309,13.640541778874775,11.20888685385321,8.723549622034039,7.8320714374424485,large poisonous snake
蹭,cèng,36,227,29,75,52,12.452890886732309,12.095324155486617,8.126442969043577,4.543515428142729,5.818110210671533,"to shuffle, procrastinate, dilly-dally"
贶,kuàng,36,339,31,197,98,12.452890886732309,18.063061183744335,8.686887311736237,11.934300524588233,10.964900012419427,"give, grant, bestow"
鹡,jí,36,157,39,315,35,12.452890886732309,8.365488512825547,10.928664682506879,19.08276479819946,3.9160357187212242,wagtail
蹴,cù,36,343,133,510,331,12.452890886732309,18.27619464903925,37.26954878906192,30.895904911370554,37.034509225620724,kick
饼,bǐng,36,1081,106,350,408,12.452890886732309,57.59931899595169,29.703550162711004,21.203071997999402,45.64978780680742,"rice-cakes, biscuits"
侈,chǐ,36,372,68,306,173,12.452890886732309,19.82141227242741,19.055107651550454,18.53754294682233,19.356405123964908,"luxurious, extravagant"
鹥,yī,36,175,59,214,51,12.452890886732309,9.32458910665268,16.533108109433485,12.964164021633918,5.706223475850927,seagull
伽,gā,36,415,48,205,123,12.452890886732309,22.11259702434778,13.45066422462385,12.418942170256791,13.762068382934586,"transcription of Sanskrit 'gha' in Buddhist texts ('samgha', etc.)"
亥,hài,36,144,29,146,115,12.452890886732309,7.672804750617062,8.126442969043577,8.844710033451179,12.866974504369738,twelfth earthly branch
阕,què,36,303,25,166,213,12.452890886732309,16.14485999609007,7.005554283658255,10.056314147622572,23.831874516789163,"close, shut"
髦,máo,36,333,79,366,69,12.452890886732309,17.743360985801957,22.13755153636009,22.172355289336515,7.720184702621841,flowing hair of young child
翕,xī,36,267,79,219,74,12.452890886732309,14.2266588084358,22.13755153636009,13.267065050176768,8.279618376724873,agree
颖,yǐng,36,772,138,549,218,12.452890886732309,41.13475880191925,38.67065964579357,33.258532934004776,24.391308190892197,rice tassel
卵,luǎn,36,259,50,177,197,12.452890886732309,13.800391877845964,14.01110856731651,10.72269641041684,22.04168675965946,egg
喂,wèi,36,78,25,58,29,12.452890886732309,4.156102573250908,7.005554283658255,3.5136519310970433,3.2447153097975856,interjection to call attention
卞,biàn,35,205,41,216,72,12.106977250989745,10.923090096364566,11.48910902519954,13.085324433051058,8.055844907083662,"to be impatient, in a hurry"
迍,zhūn,35,91,18,99,46,12.106977250989745,4.848786335459392,5.043999084233944,5.997440365148401,5.146789801747895,"falter, hesitate"
炯,jiǒng,35,1143,205,554,282,12.106977250989745,60.902887708022924,57.4455451259977,33.56143396254762,31.552059219411003,"bright, brilliant, clear"
迦,jiā,35,496,20,93,140,12.106977250989745,26.428549696569878,5.604443426926605,5.633959130896983,15.664142874884897,character for transliteration
卸,xiè,35,278,44,263,552,12.106977250989745,14.812775837996826,12.329775539238529,15.932594101353835,61.76147762097473,lay down
绸,chóu,35,359,93,550,303,12.106977250989745,19.128728510218924,26.06066193520871,33.31911313971334,33.90168065064374,"silk cloth, satin damask"
洮,táo,35,128,22,108,42,12.106977250989745,6.820270889437388,6.1648877696192645,6.542662216525529,4.699242862465469,cleanse
璋,zhāng,35,208,39,255,60,12.106977250989745,11.082940195335755,10.928664682506879,15.447952455685277,6.713204089236385,jade plaything
谱,pǔ,35,783,274,1039,1600,12.106977250989745,41.72087583148027,76.78087494889448,62.942833731203926,179.01877571297027,"list, table"
铮,zhēng,35,166,33,143,164,12.106977250989745,8.845038809739114,9.247331654428898,8.662969416325469,18.34942451057945,clanging sound
釭,gāng,35,148,55,101,315,12.106977250989745,7.88593821591198,15.412219424048162,6.118600776565541,35.244321468491016,tire of wheel
飔,sī,35,232,63,351,201,12.106977250989745,12.361740987105266,17.653996794818802,21.263652203707966,22.489233698941884,cool breeze of autumn
茹,rú,35,562,90,444,207,12.106977250989745,29.94525187393603,25.21999542116972,26.897611334604953,23.160554107865526,roots
亹,wěi,35,552,90,188,58,12.106977250989745,29.412418210698736,25.21999542116972,11.389078673211106,6.489430619595171,progress
嘤,yīng,35,176,62,443,99,12.106977250989745,9.377872472976408,17.373774623472475,26.837031128896385,11.076786747240034,seek friends
脍,kuài,35,434,62,303,154,12.106977250989745,23.124980984498645,17.373774623472475,18.355802329696626,17.230557162373387,minced meat or fish
壖,ruán,35,186,39,97,108,12.106977250989745,9.910706136213705,10.928664682506879,5.876279953731261,12.08376736062549,open space along water
鞞,bǐng,35,35,6,24,9,12.106977250989745,1.8649178213305357,1.6813330280779812,1.453924937005673,1.0069806133854577,sheath
鲲,kūn,35,291,82,247,357,12.106977250989745,15.505459600205311,22.97821805039908,14.963310810016718,39.943564330956484,spawn
摅,shū,35,314,58,213,100,12.106977250989745,16.730977025651093,16.252885938087154,12.903583815925348,11.188673482060642,"spread, disperse"
抃,biàn,35,93,17,61,12,12.106977250989745,4.955353068106852,4.7637769128876135,3.6953925482227525,1.3426408178472768,to clap hands
坰,jiōng,35,345,74,325,111,12.106977250989745,18.38276138168671,20.736440679628434,19.688566855285156,12.419427565087311,wilds
贴,tiē,35,431,59,259,463,12.106977250989745,22.965130885527454,16.533108109433485,15.690273278519555,51.80355822194076,"paste to, stick on"
杲,gǎo,35,468,59,310,118,12.106977250989745,24.93661543950545,16.533108109433485,18.77986376965661,13.202634708831555,bright sun
胭,yān,35,487,143,483,579,12.106977250989745,25.94899939965631,40.071770502525226,29.260239357239172,64.7824194611311,"rouge, cosmetics"
棺,guān,34,499,62,375,295,11.761063615247181,26.58839979554107,17.373774623472475,22.71757714071364,33.00658677207889,coffin
崒,zú,34,216,35,170,58,11.761063615247181,11.509207125925592,9.807775997121558,10.298634970456852,6.489430619595171,rocky peaks
慄,lì,34,165,25,141,66,11.761063615247181,8.791755443415383,7.005554283658255,8.541809004908329,7.384524498160023,"shiver, shudder, tremble"
嘱,zhǔ,34,224,46,274,245,11.761063615247181,11.93547405651543,12.89021988193119,16.5989763641481,27.412250031048572,"order, tell, instruct, leave word"
骆,luò,34,108,44,139,90,11.761063615247181,5.754603562962796,12.329775539238529,8.42064859349119,10.069806133854577,a white horse with black mane
姥,lǎo,34,195,42,325,79,11.761063615247181,10.390256433127272,11.76933119654587,19.688566855285156,8.839052050827906,maternal grandmother
鸶,sī,34,135,19,57,44,11.761063615247181,7.193254453703495,5.324221255580275,3.4530717253884737,4.923016332106681,the eastern egret
辚,lín,34,94,26,129,62,11.761063615247181,5.008636434430582,7.285776455004585,7.8148465364054935,6.936977558877597,rumbling of vehicles
皴,cūn,34,262,33,123,205,11.761063615247181,13.960241976817153,9.247331654428898,7.451365302154074,22.936780638224313,"chapped, cracked"
蘅,héng,34,115,22,212,185,11.761063615247181,6.127587127228903,6.1648877696192645,12.84300361021678,20.699045941812187,"a fragrant plant with a medicinal root, a type of wild ginger"
贰,èr,34,310,48,199,70,11.761063615247181,16.517843560356177,13.45066422462385,12.055460936005373,7.8320714374424485,number two
炽,chì,34,335,65,169,108,11.761063615247181,17.84992771844941,18.214441137511464,10.23805476474828,12.08376736062549,"burning-hot, intense"
嘹,liáo,34,116,22,226,134,11.761063615247181,6.180870493552633,6.1648877696192645,13.691126490136755,14.992822465961257,used describe clarity of voice
渎,dú,34,317,67,240,146,11.761063615247181,16.89082712462228,18.774885480204123,14.539249370056732,16.335463283808537,"ditch, sluice, gutter, drain"
栾,luán,34,717,45,241,225,11.761063615247181,38.20417365411412,12.60999771058486,14.5998295757653,25.174515334636443,name of tree
虐,nüè,34,321,65,193,201,11.761063615247181,17.1039605899172,18.214441137511464,11.691979701753954,22.489233698941884,"cruel, harsh, oppressive"
燧,suì,34,171,43,248,130,11.761063615247181,9.11145564135776,12.0495533678922,15.023891015725289,14.545275526678834,flintstone
呦,yōu,34,181,38,185,51,11.761063615247181,9.644289304595057,10.64844251116055,11.207338056085396,5.706223475850927,the bleating of the deer
缙,jìn,34,155,41,222,19,11.761063615247181,8.258921780178088,11.48910902519954,13.448805667302477,2.1258479615915213,red silk
迨,dài,34,187,17,103,52,11.761063615247181,9.963989502537434,4.7637769128876135,6.23976118798268,5.818110210671533,"until, when"
锤,chuí,34,306,32,92,50,11.761063615247181,16.304710095061253,8.967109483082567,5.573378925188414,5.594336741030321,balance weight on scale
璜,huáng,34,158,22,148,35,11.761063615247181,8.418771879149276,6.1648877696192645,8.965870444868317,3.9160357187212242,a semicircular jade ornament used as a pendant
涡,wō,33,164,30,177,183,11.415149979504617,8.738472077091654,8.406665140389906,10.72269641041684,20.47527247217097,"swirl, whirlpool, eddy"
铙,náo,33,172,19,330,139,11.415149979504617,9.16473900768149,5.324221255580275,19.991467883828005,15.55225614006429,cymbals
橡,xiàng,33,80,22,70,65,11.415149979504617,4.262669305898367,6.1648877696192645,4.240614399599879,7.272637763339417,chestnut oak
彗,huì,33,155,32,154,65,11.415149979504617,8.258921780178088,8.967109483082567,9.329351679119736,7.272637763339417,broomstick
湫,jiǎo,33,467,78,331,164,11.415149979504617,24.88333207318172,21.857329365013758,20.052048089536576,18.34942451057945,a small pond
眩,xuàn,33,766,173,247,274,11.415149979504617,40.81505860397687,48.47843564291512,14.963310810016718,30.656965340846153,to confuse
魍,wǎng,33,53,25,123,46,11.415149979504617,2.8240184151576684,7.005554283658255,7.451365302154074,5.146789801747895,"demons, mountain spirits"
孥,nú,33,365,69,308,232,11.415149979504617,19.448428708161302,19.335329822896785,18.65870335823947,25.957722478380685,one's children
隍,huáng,33,91,45,89,55,11.415149979504617,4.848786335459392,12.60999771058486,5.391638308062705,6.153770415133352,"dry ditch, dry moat"
鬐,qí,33,86,29,100,54,11.415149979504617,4.582369503840745,8.126442969043577,6.058020570856971,6.041883680312745,horse's mane
颢,hào,33,143,38,78,48,11.415149979504617,7.619521384293332,10.64844251116055,4.725256045268438,5.370563271389107,luminous
鸮,xiāo,33,172,35,154,122,11.415149979504617,9.16473900768149,9.807775997121558,9.329351679119736,13.650181648113982,owl
肇,zhào,33,307,52,345,140,11.415149979504617,16.357993461384986,14.57155291000917,20.900170969456553,15.664142874884897,"begin, commence, originate"
谑,xuè,33,273,36,344,140,11.415149979504617,14.546359006378179,10.087998168467887,20.83959076374798,15.664142874884897,jeer
泸,lú,33,131,20,112,46,11.415149979504617,6.980120988408577,5.604443426926605,6.784983039359808,5.146789801747895,river in Jiangxi province
牺,xī,33,216,35,178,84,11.415149979504617,11.509207125925592,9.807775997121558,10.78327661612541,9.398485724930937,"sacrifice, give up"
评,píng,33,1432,112,691,615,11.415149979504617,76.30178057558078,31.384883190788987,41.86092214462167,68.81034191467293,"appraise, criticize, evaluate"
魁,kuí,33,886,126,442,262,11.415149979504617,47.209062562824414,35.307993589637604,26.776450923187813,29.314324522998877,chief
椎,chuí,33,472,97,415,319,11.415149979504617,25.14974890480037,27.18155062059403,25.14078536905643,35.69186840777344,"hammer, mallet"
浃,jiā,33,582,87,261,104,11.415149979504617,31.010919200410623,24.37932890713073,15.811433689936694,11.636220421343065,"saturate, drench"
舻,lú,33,201,32,287,147,11.415149979504617,10.709956631069648,8.967109483082567,17.38651903835951,16.44735001862914,bow or prow of boat
祁,qí,33,310,45,258,140,11.415149979504617,16.517843560356177,12.60999771058486,15.629693072810987,15.664142874884897,pray
槊,shuò,33,294,67,225,140,11.415149979504617,15.6653096991765,18.774885480204123,13.630546284428185,15.664142874884897,"spear, lance"
汶,wèn,33,127,33,205,66,11.415149979504617,6.7669875231136585,9.247331654428898,12.418942170256791,7.384524498160023,a river in Shandong province
攫,jué,33,246,64,181,246,11.415149979504617,13.10770811563748,17.934218966165133,10.965017233251118,27.524136765869173,"snatch away, seize"
沆,hàng,33,321,82,398,117,11.415149979504617,17.1039605899172,22.97821805039908,24.110921872010746,13.09074797401095,a ferry
孀,shuāng,33,73,41,141,74,11.415149979504617,3.88968574163226,11.48910902519954,8.541809004908329,8.279618376724873,widow
喝,hē,33,591,40,120,132,11.415149979504617,31.490469497324188,11.20888685385321,7.269624685028366,14.769048996320047,drink
獬,xiè,33,70,36,85,30,11.415149979504617,3.7298356426610715,10.087998168467887,5.149317485228426,3.3566020446181923,a fabulous monster
芋,yù,33,690,94,325,165,11.415149979504617,36.76552276337342,26.34088410655504,19.688566855285156,18.461311245400058,taro
培,péi,33,1018,167,781,423,11.415149979504617,54.24246691755672,46.797102614837144,47.313140658392946,47.32808882911651,bank up with dirt
咎,jiù,32,325,51,227,157,11.069236343762054,17.31709405521212,14.291330738662841,13.751706695845323,17.566217366835204,"fault, defect"
崿,è,32,64,29,118,74,11.069236343762054,3.410135444718694,8.126442969043577,7.148464273611227,8.279618376724873,cliffs
鼯,wú,32,139,35,135,107,11.069236343762054,7.406387918998413,9.807775997121558,8.178327770656912,11.971880625804886,flying squirrel
匿,nì,32,182,66,327,310,11.069236343762054,9.697572670918785,18.494663308857795,19.809727266702293,34.68488779438799,hide
蜉,fú,32,180,36,312,156,11.069236343762054,9.591005938271326,10.087998168467887,18.90102418107375,17.4543306320146,mayfly
惩,chéng,32,224,49,140,99,11.069236343762054,11.93547405651543,13.730886395970181,8.481228799199759,11.076786747240034,"punish, reprimand"
謇,jiǎn,32,52,11,64,17,11.069236343762054,2.770735048833939,3.0824438848096323,3.8771331653484613,1.9020744919503088,stutter
舁,yú,32,70,13,48,49,11.069236343762054,3.7298356426610715,3.6428882275022927,2.907849874011346,5.482450006209714,carry on one's shoulder
办,bàn,32,1945,166,528,331,11.069236343762054,103.63614749965406,46.51688044349082,31.986348614124807,37.034509225620724,"manage, do, handle"
舴,zé,32,157,12,111,53,11.069236343762054,8.365488512825547,3.3626660561559625,6.724402833651238,5.929996945492139,a small boat
堠,hòu,32,216,51,212,217,11.069236343762054,11.509207125925592,14.291330738662841,12.84300361021678,24.27942145607159,"battlements, battlemented walls"
疗,liáo,32,417,71,277,199,11.069236343762054,22.21916375699524,19.895774165589444,16.78071698127381,22.265460229300675,"be healed, cured, recover"
鹪,jiāo,32,205,38,249,95,11.069236343762054,10.923090096364566,10.64844251116055,15.084471221433859,10.629239807957608,wren
刁,diāo,32,159,43,285,163,11.069236343762054,8.472055245473006,12.0495533678922,17.265358626942366,18.23753777575884,"tricky, sly, crafty, cunning"
纛,dào,32,227,43,253,147,11.069236343762054,12.095324155486617,12.0495533678922,15.326792044268135,16.44735001862914,"a banner, a streamer"
棕,zōng,32,119,55,121,124,11.069236343762054,6.340720592523821,15.412219424048162,7.330204890736935,13.873955117755195,hemp palm
茕,qióng,32,215,50,351,141,11.069236343762054,11.455923759601863,14.01110856731651,21.263652203707966,15.776029609705501,alone
勾,gōu,32,742,154,833,474,11.069236343762054,39.53625781220735,43.15421438733486,50.46331135523857,53.034312304967436,"hook, join, connect"
荑,tí,32,110,38,154,169,11.069236343762054,5.861170295610255,10.64844251116055,9.329351679119736,18.908858184682483,sprouts
撷,xié,32,493,86,248,153,11.069236343762054,26.26869959759869,24.0991067357844,15.023891015725289,17.11867042755278,"pick up, gather up"
艋,měng,32,157,12,110,57,11.069236343762054,8.365488512825547,3.3626660561559625,6.663822627942668,6.377543884774565,small boat
酡,tuó,32,276,42,403,197,11.069236343762054,14.706209105349368,11.76933119654587,24.413822900553594,22.04168675965946,flushed
叛,pàn,32,170,30,115,85,11.069236343762054,9.058172275034032,8.406665140389906,6.966723656485517,9.510372459751546,rebel
挫,cuò,32,245,52,115,103,11.069236343762054,13.05442474931375,14.57155291000917,6.966723656485517,11.524333686522459,push down
窍,qiào,32,666,143,431,196,11.069236343762054,35.48672197160391,40.071770502525226,26.110068660393544,21.929800024838855,"hole, opening, aperture"
鹈,tí,32,69,23,140,52,11.069236343762054,3.676552276337342,6.445109940965595,8.481228799199759,5.818110210671533,pelican
恓,xī,32,53,8,17,7,11.069236343762054,2.8240184151576684,2.2417773707706417,1.029863497045685,0.7832071437442448,vexed
罘,fú,32,52,17,122,99,11.069236343762054,2.770735048833939,4.7637769128876135,7.390785096445505,11.076786747240034,screen used in ancient times
峙,zhì,32,605,105,677,480,11.069236343762054,32.2364366258564,29.423327991364676,41.0127992647017,53.70563271389108,"stand erect, stand up"
跋,bá,32,387,96,366,332,11.069236343762054,20.620662767283353,26.9013284492477,22.172355289336515,37.146395960441325,go by foot
砖,zhuān,32,339,43,183,222,11.069236343762054,18.063061183744335,12.0495533678922,11.086177644668258,24.838855130174622,"tile, brick"
钉,dīng,31,299,40,44,75,10.723322708019488,15.931726530795148,11.20888685385321,2.6655290511770673,8.39150511154548,"nail, spike"
懦,nuò,31,294,38,127,127,10.723322708019488,15.6653096991765,10.64844251116055,7.6936861249883535,14.209615322217013,"weak, timid, cowardly"
奄,yǎn,31,313,61,382,163,10.723322708019488,16.67769365932736,17.093552452126143,23.141638580673632,18.23753777575884,ere long
喃,nán,31,180,31,224,363,10.723322708019488,9.591005938271326,8.686887311736237,13.569966078719617,40.614884739880125,"keep talking, chattering"
溆,xù,31,144,37,185,90,10.723322708019488,7.672804750617062,10.368220339814217,11.207338056085396,10.069806133854577,river in Húnán
蔻,kòu,31,82,12,121,165,10.723322708019488,4.369236038545827,3.3626660561559625,7.330204890736935,18.461311245400058,"肉豆蔻 nutmeg, 豆蔻 cardamon"
孽,niè,31,305,83,210,183,10.723322708019488,16.251426728737524,23.25844022174541,12.72184319879964,20.47527247217097,evil
鞘,qiào,31,103,18,61,32,10.723322708019488,5.488186731344149,5.043999084233944,3.6953925482227525,3.580375514259405,"scabbard, sheath"
弗,fú,31,1352,340,1207,466,10.723322708019488,72.03911126968241,95.27553825775227,73.12030829024364,52.139218426402586,"not, negative"
攘,rǎng,31,438,97,307,327,10.723322708019488,23.33811444979356,27.18155062059403,18.598123152530903,36.58696228633829,"seize, take by force"
逊,xùn,31,432,53,282,287,10.723322708019488,23.018414251851183,14.851775081355502,17.083618009816657,32.11149289351404,"humble, modest"
騑,fēi,31,105,32,223,47,10.723322708019488,5.594753463991608,8.967109483082567,13.509385873011047,5.258676536568501,horse
淩,líng,31,176,54,1087,411,10.723322708019488,9.377872472976408,15.131997252701833,65.85068360521528,45.985448011269234,"pass over, cross, traverse"
僵,jiāng,31,466,140,365,355,10.723322708019488,24.83004870685799,39.23110398848623,22.111775083627943,39.719790861315275,"stiff and motionless, stock still"
祯,zhēn,31,28,42,202,48,10.723322708019488,1.4919342570644287,11.76933119654587,12.237201553131081,5.370563271389107,"lucky, auspicious, good omen"
惰,duò,31,365,33,132,118,10.723322708019488,19.448428708161302,9.247331654428898,7.996587153531202,13.202634708831555,"indolent, careless, lazy, idle"
覃,tán,31,143,42,258,75,10.723322708019488,7.619521384293332,11.76933119654587,15.629693072810987,8.39150511154548,"reach to, spread to"
荜,bì,31,262,31,206,47,10.723322708019488,13.960241976817153,8.686887311736237,12.47952237596536,5.258676536568501,species of bean
咒,zhòu,31,159,44,155,164,10.723322708019488,8.472055245473006,12.329775539238529,9.389931884828306,18.34942451057945,"curse, damn, incantation"
罨,yǎn,31,208,68,283,287,10.723322708019488,11.082940195335755,19.055107651550454,17.14419821552523,32.11149289351404,medical compress
晃,huǎng,31,211,97,209,94,10.723322708019488,11.242790294306943,27.18155062059403,12.66126299309107,10.517353073137002,"bright, dazzling"
忤,wǔ,31,279,34,163,110,10.723322708019488,14.866059204320557,9.527553825775227,9.874573530496864,12.307540830266705,"insubordinate, stubborn"
熨,yùn,31,239,20,89,209,10.723322708019488,12.734724551371373,5.604443426926605,5.391638308062705,23.38432757750674,"iron, press"
赍,jī,31,308,13,140,137,10.723322708019488,16.411276827708715,3.6428882275022927,8.481228799199759,15.328482670423076,present
鹳,guàn,31,245,69,415,165,10.723322708019488,13.05442474931375,19.335329822896785,25.14078536905643,18.461311245400058,"crane, Grus japonensis"
鴂,jué,31,282,59,200,261,10.723322708019488,15.025909303291746,16.533108109433485,12.116041141713943,29.20243778817827,the tailor-bird
樗,chū,31,370,85,445,157,10.723322708019488,19.714845539779947,23.81888456443807,26.95819154031352,17.566217366835204,"Ailanthus glandulosa or A. altissima, a kind of tree useless as timber"
婺,wù,31,205,55,311,72,10.723322708019488,10.923090096364566,15.412219424048162,18.840443975365183,8.055844907083662,a river and county in Jiāngxī
睥,pì,31,215,38,332,92,10.723322708019488,11.455923759601863,10.64844251116055,20.112628295245145,10.29357960349579,"look askance at, glare at"
逵,kuí,31,126,33,228,55,10.723322708019488,6.7137041567899285,9.247331654428898,13.812286901553895,6.153770415133352,"thoroughfare, crossroads"
桴,fú,31,386,61,248,121,10.723322708019488,20.567379400959624,17.093552452126143,15.023891015725289,13.538294913293374,raft
挼,ruá,31,243,20,18,83,10.723322708019488,12.947858016666292,5.604443426926605,1.0904437027542548,9.286598990110331,"rub, stroke with hands"
甥,shēng,31,237,14,200,91,10.723322708019488,12.628157818723913,3.9231103988486233,12.116041141713943,10.181692868675182,"niece, sister's child"
晔,yè,31,122,38,166,11,10.723322708019488,6.50057069149501,10.64844251116055,10.056314147622572,1.2307540830266703,bright
姊,zǐ,31,279,40,410,557,10.723322708019488,14.866059204320557,11.20888685385321,24.837884340513583,62.32091129507777,elder sister
濠,háo,31,355,67,541,179,10.723322708019488,18.915595044924007,18.774885480204123,32.77389128833621,20.027725532888546,"moat, trench, ditch"
佗,tuó,30,195,26,191,151,10.377409072276924,10.390256433127272,7.285776455004585,11.570819290336816,16.89489695791157,"other, he"
艘,sōu,30,259,66,211,89,10.377409072276924,13.800391877845964,18.494663308857795,12.78242340450821,9.957919399033969,"counter for ships, vessels"
燠,yù,30,345,42,223,155,10.377409072276924,18.38276138168671,11.76933119654587,13.509385873011047,17.342443897193995,warm
隰,xí,30,231,74,218,80,10.377409072276924,12.308457620781535,20.736440679628434,13.206484844468196,8.950938785648512,"low, damp land, marsh, swamp"
睫,jié,30,336,31,156,143,10.377409072276924,17.903211084773144,8.686887311736237,9.450512090536876,15.999803079346716,eyelashes
绀,gàn,30,394,66,319,210,10.377409072276924,20.99364633154946,18.494663308857795,19.325085621033736,23.496214312327346,dark blue or reddish color
鶱,xiān,30,140,36,172,27,10.377409072276924,7.459671285322143,10.087998168467887,10.41979538187399,3.0209418401563726,to soar
拗,ǎo,30,220,21,91,148,10.377409072276924,11.72234059122051,5.884665598272935,5.512798719479844,16.559236753449746,"to pull, drag, break off, to pluck (a flower)"
赚,zhuàn,30,188,22,106,335,10.377409072276924,10.017272868861165,6.1648877696192645,6.42150180510839,37.48205616490314,"make money, earn"
鸷,zhì,30,126,35,121,67,10.377409072276924,6.7137041567899285,9.807775997121558,7.330204890736935,7.496411232980629,"hawk, vulture"
畋,tián,30,50,10,56,19,10.377409072276924,2.6641683161864793,2.8022217134633025,3.392491519679904,2.1258479615915213,"till land, cultivate"
歧,qí,30,394,52,655,728,10.377409072276924,20.99364633154946,14.57155291000917,39.68003473911316,81.45354294940145,fork of road
掀,xiān,30,941,188,462,337,10.377409072276924,50.139647710629546,52.68176821311008,27.988055037359207,37.70582963454436,"lift, raise"
巩,gǒng,30,160,15,105,66,10.377409072276924,8.525338611796734,4.203332570194953,6.36092159939982,7.384524498160023,bind
沌,dùn,30,362,107,416,167,10.377409072276924,19.288578609190115,29.983772334057335,25.201365574765,18.685084715041267,"chaotic, confused"
橙,chéng,30,415,49,144,151,10.377409072276924,22.11259702434778,13.730886395970181,8.723549622034039,16.89489695791157,orange
帜,zhì,30,156,45,294,182,10.377409072276924,8.312205146501816,12.60999771058486,17.810580478319494,20.363385737350363,"flag, pennant"
悤,cōng,30,27,16,40,266,10.377409072276924,1.438650890740699,4.483554741541283,2.4232082283427885,29.761871462281302,"agitated, restless, hurried"
箪,dān,30,715,80,194,75,10.377409072276924,38.097606921466664,22.41777370770642,11.752559907462523,8.39150511154548,small bamboo basket for holding
堰,yàn,30,183,37,127,92,10.377409072276924,9.750856037242515,10.368220339814217,7.6936861249883535,10.29357960349579,dam
绦,tāo,30,121,44,124,107,10.377409072276924,6.447287325171281,12.329775539238529,7.511945507862644,11.971880625804886,"silk cord, ribbon"
鼋,yuán,30,171,66,331,176,10.377409072276924,9.11145564135776,18.494663308857795,20.052048089536576,19.692065328426725,"large turtle, sea turtle"
孑,jié,30,105,14,205,139,10.377409072276924,5.594753463991608,3.9231103988486233,12.418942170256791,15.55225614006429,"remaining, left-over"
璨,càn,30,304,35,159,88,10.377409072276924,16.198143362413795,9.807775997121558,9.632252707662584,9.846032664213363,gems
伺,cì,30,170,38,121,113,10.377409072276924,9.058172275034032,10.64844251116055,7.330204890736935,12.643201034728524,"serve, wait upon, attend"
拢,lǒng,30,70,7,42,113,10.377409072276924,3.7298356426610715,1.9615551994243117,2.544368639759928,12.643201034728524,"collect, bring together"
哮,xiāo,30,120,56,107,65,10.377409072276924,6.39400395884755,15.692441595394493,6.482082010816959,7.272637763339417,cough
瑜,yú,30,120,22,150,88,10.377409072276924,6.39400395884755,6.1648877696192645,9.087030856285457,9.846032664213363,flawless gem or jewel
埒,liè,30,112,25,186,80,10.377409072276924,5.967737028257715,7.005554283658255,11.267918261793966,8.950938785648512,"enclosure, dike, embankment"
苓,líng,30,312,154,538,154,10.377409072276924,16.62441029300363,43.15421438733486,32.592150671210504,17.230557162373387,"fungus, tuber"
蝼,lóu,30,263,67,178,89,10.377409072276924,14.013525343140882,18.774885480204123,10.78327661612541,9.957919399033969,"a mole cricket, Gryllotalpa africana"
盌,wǎn,30,150,32,211,53,10.377409072276924,7.992504948559439,8.967109483082567,12.78242340450821,5.929996945492139,"bowl, basin, cup"
椽,chuán,30,1184,123,711,459,10.377409072276924,63.08750572729584,34.46732707559862,43.07252625879306,51.35601128265834,"beams, rafters, supports"
觐,jìn,30,357,75,474,67,10.377409072276924,19.022161777571466,21.016662850974768,28.715017505862043,7.496411232980629,have imperial audience
诬,wū,30,325,49,216,213,10.377409072276924,17.31709405521212,13.730886395970181,13.085324433051058,23.831874516789163,make false accusation
宓,mì,30,79,7,114,61,10.377409072276924,4.209385939574638,1.9615551994243117,6.9061434507769475,6.825090824056991,"quiet, silent"
昽,lóng,29,128,42,139,82,10.03149543653436,6.820270889437388,11.76933119654587,8.42064859349119,9.174712255289725,"vague, dim"
亸,duǒ,29,199,33,161,393,10.03149543653436,10.60338989842219,9.247331654428898,9.753413119079722,43.97148678449832,"read aloud, recite, chant"
槌,chuí,29,330,27,63,37,10.03149543653436,17.583510886830766,7.5659986263509165,3.816552959639892,4.139809188362436,"hammer, mallet"
譬,pì,29,706,94,440,284,10.03149543653436,37.61805662455309,26.34088410655504,26.655290511770673,31.77583268905222,"metaphor, simile, example"
魉,liǎng,29,45,24,117,40,10.03149543653436,2.3977514845678316,6.725332112311925,7.087884067902656,4.475469392824256,a kind of monster
咆,páo,29,37,38,100,56,10.03149543653436,1.971484553977995,10.64844251116055,6.058020570856971,6.265657149953959,roar
捎,shāo,29,97,15,146,143,10.03149543653436,5.1684865334017704,4.203332570194953,8.844710033451179,15.999803079346716,to select
鶗,tí,29,174,27,110,116,10.03149543653436,9.271305740328948,7.5659986263509165,6.663822627942668,12.978861239190342,a kind of hawk
缯,zēng,29,309,40,171,131,10.03149543653436,16.464560194032444,11.20888685385321,10.35921517616542,14.657162261499439,silk fabrics
厕,cè,29,172,25,157,104,10.03149543653436,9.16473900768149,7.005554283658255,9.511092296245444,11.636220421343065,mingle with
糠,kāng,29,413,60,268,169,10.03149543653436,22.006030291700323,16.813330280779812,16.235495129896684,18.908858184682483,"chaff, bran, husks"
瀼,ráng,29,184,46,379,68,10.03149543653436,9.804139403566246,12.89021988193119,22.95989796354792,7.608297967801235,river in Henan province
觏,gòu,29,32,12,175,87,10.03149543653436,1.705067722359347,3.3626660561559625,10.601535998999701,9.734145929392758,meet or see unexpectedly
窘,jiǒng,29,560,29,138,143,10.03149543653436,29.838685141288572,8.126442969043577,8.36006838778262,15.999803079346716,embarrassed
滪,yù,29,184,37,207,39,10.03149543653436,9.804139403566246,10.368220339814217,12.540102581673931,4.36358265800365,place in Sichuan
蠲,juān,29,503,27,334,202,10.03149543653436,26.801533260835985,7.5659986263509165,20.233788706662285,22.601120433762492,millipede
鶄,jīng,29,48,17,63,18,10.03149543653436,2.5576015835390207,4.7637769128876135,3.816552959639892,2.0139612267709155,a kind of water bird
罾,zēng,29,171,81,228,121,10.03149543653436,9.11145564135776,22.697995879052748,13.812286901553895,13.538294913293374,"a large square net, lowered and raised from the bank of the river"
酺,pú,29,33,13,72,22,10.03149543653436,1.7583510886830767,3.6428882275022927,4.361774811017019,2.4615081660533407,drink with others
咍,hāi,29,260,20,32,43,10.03149543653436,13.853675244169693,5.604443426926605,1.9385665826742307,4.811129597286075,laugh
鵁,jiāo,29,49,14,57,16,10.03149543653436,2.6108849498627498,3.9231103988486233,3.4530717253884737,1.7901877571297025,the fishing cormorant
璇,xuán,29,266,58,301,152,10.03149543653436,14.173375442112071,16.252885938087154,18.234641918279483,17.00678369273217,beautiful jade
飨,xiǎng,29,279,30,135,66,10.03149543653436,14.866059204320557,8.406665140389906,8.178327770656912,7.384524498160023,host banquet
慑,shè,29,156,19,122,90,10.03149543653436,8.312205146501816,5.324221255580275,7.390785096445505,10.069806133854577,"afraid, scared, fearful"
塍,chéng,29,351,36,105,209,10.03149543653436,18.702461579629087,10.087998168467887,6.36092159939982,23.38432757750674,"a raised path between fields, a dike"
鹜,wù,29,797,109,527,264,10.03149543653436,42.466842960012485,30.544216676749993,31.92576840841624,29.538097992640093,duck
馁,něi,29,241,42,180,99,10.03149543653436,12.841291284018832,11.76933119654587,10.904437027542548,11.076786747240034,"hungry, starving, famished"
荠,jì,29,359,69,129,133,10.03149543653436,19.128728510218924,19.335329822896785,7.8148465364054935,14.880935731140651,water-chestnuts
匮,kuì,29,184,61,252,67,10.03149543653436,9.804139403566246,17.093552452126143,15.266211838559569,7.496411232980629,to lack
诤,zhèng,28,126,9,82,35,9.685581800791796,6.7137041567899285,2.521999542116972,4.967576868102716,3.9160357187212242,to expostulate
鸑,yuè,28,117,19,159,25,9.685581800791796,6.234153859876362,5.324221255580275,9.632252707662584,2.7971683705151604,a legendary waterfowl
悼,dào,28,257,33,238,177,9.685581800791796,13.693825145198506,9.247331654428898,14.418088958639592,19.803952063247333,"grieve, mourn, lament"
翾,xuān,28,110,23,65,48,9.685581800791796,5.861170295610255,6.445109940965595,3.9377133710570313,5.370563271389107,fly
骓,zhuī,28,75,29,117,116,9.685581800791796,3.9962524742797196,8.126442969043577,7.087884067902656,12.978861239190342,piebald horse
畹,wǎn,28,302,50,423,209,9.685581800791796,16.091576629766337,14.01110856731651,25.625427014724988,23.38432757750674,"a unit of area, thirty mou"
祉,zhǐ,28,325,19,123,37,9.685581800791796,17.31709405521212,5.324221255580275,7.451365302154074,4.139809188362436,"happiness, blessings, good luck"
镕,róng,28,281,39,119,122,9.685581800791796,14.972625936968015,10.928664682506879,7.209044479319796,13.650181648113982,"fuse, melt, smelt"
钏,chuàn,28,91,20,103,186,9.685581800791796,4.848786335459392,5.604443426926605,6.23976118798268,20.81093267663279,"bracelet, armlet"
缇,tí,28,131,21,113,54,9.685581800791796,6.980120988408577,5.884665598272935,6.845563245068377,6.041883680312745,"reddish color, red, brown"
韝,gōu,28,145,20,78,49,9.685581800791796,7.72608811694079,5.604443426926605,4.725256045268438,5.482450006209714,leather arm band
缗,mín,28,198,44,184,108,9.685581800791796,10.550106532098459,12.329775539238529,11.146757850376828,12.08376736062549,fishing-line
揆,kuí,28,193,29,204,80,9.685581800791796,10.283689700479812,8.126442969043577,12.358361964548221,8.950938785648512,prime minister
嫂,sǎo,28,97,36,100,122,9.685581800791796,5.1684865334017704,10.087998168467887,6.058020570856971,13.650181648113982,"sister-in-law, elder brother's wife"
胤,yìn,28,15,28,129,5,9.685581800791796,0.7992504948559438,7.846220797697247,7.8148465364054935,0.559433674103032,"heir, successor"
勺,sháo,28,318,61,299,195,9.685581800791796,16.944110490946013,17.093552452126143,18.113481506862342,21.81791329001825,"spoon, ladle"
熬,áo,28,214,55,56,59,9.685581800791796,11.402640393278134,15.412219424048162,3.392491519679904,6.6013173544157775,"cook down, to boil"
鳷,zhī,28,72,37,207,26,9.685581800791796,3.836402375308531,10.368220339814217,12.540102581673931,2.9090551053357663,jay (Garrulus lidthi)
厓,yá,28,101,222,1217,294,9.685581800791796,5.381619998696689,62.209322038885304,73.72611034732934,32.89470003725828,"precipice, shore, bank"
蜩,tiáo,28,256,35,204,127,9.685581800791796,13.640541778874775,9.807775997121558,12.358361964548221,14.209615322217013,"cicada, broad locust"
遒,qiú,28,352,32,164,148,9.685581800791796,18.755744945952816,8.967109483082567,9.935153736205432,16.559236753449746,"strong, unyielding, forceful"
跂,qí,28,192,28,156,95,9.685581800791796,10.230406334156083,7.846220797697247,9.450512090536876,10.629239807957608,"creeping, crawling"
娈,luán,28,96,24,162,115,9.685581800791796,5.115203167078041,6.725332112311925,9.813993324788294,12.866974504369738,"lovely, beautiful"
阐,chǎn,28,129,117,131,91,9.685581800791796,6.873554255761118,32.78599404752063,7.936006947822633,10.181692868675182,"explain, clarify, elucidate"
鹯,zhān,28,86,17,135,50,9.685581800791796,4.582369503840745,4.7637769128876135,8.178327770656912,5.594336741030321,hawk
嶷,yí,28,159,13,144,66,9.685581800791796,8.472055245473006,3.6428882275022927,8.723549622034039,7.384524498160023,a range of mountains in Hunan province
躁,zào,28,165,20,62,59,9.685581800791796,8.791755443415383,5.604443426926605,3.755972753931322,6.6013173544157775,"tense, excited, irritable"
筮,shì,28,189,27,141,72,9.685581800791796,10.070556235184892,7.5659986263509165,8.541809004908329,8.055844907083662,divination with stalks of plants
蝣,yóu,28,89,29,277,113,9.685581800791796,4.742219602811933,8.126442969043577,16.78071698127381,12.643201034728524,"Ephemera strigata, mayfly"
旰,gàn,28,171,31,212,117,9.685581800791796,9.11145564135776,8.686887311736237,12.84300361021678,13.09074797401095,"sunset, dusk"
菁,jīng,27,242,49,298,137,9.339668165049233,12.894574650342562,13.730886395970181,18.052901301153774,15.328482670423076,flower of leek family
藁,gǎo,27,464,46,176,96,9.339668165049233,24.723481974210532,12.89021988193119,10.66211620470827,10.741126542778215,"straw, hay"
栅,zhà,27,131,42,122,84,9.339668165049233,6.980120988408577,11.76933119654587,7.390785096445505,9.398485724930937,fence
鴳,yàn,27,322,58,289,57,9.339668165049233,17.15724395624093,16.252885938087154,17.507679449776646,6.377543884774565,quail
鲂,fáng,27,172,44,130,57,9.339668165049233,9.16473900768149,12.329775539238529,7.875426742114063,6.377543884774565,bream
囿,yòu,27,243,44,196,68,9.339668165049233,12.947858016666292,12.329775539238529,11.873720318879665,7.608297967801235,pen up
碓,duì,27,271,39,143,88,9.339668165049233,14.43979227373072,10.928664682506879,8.662969416325469,9.846032664213363,pestle
弈,yì,27,248,48,128,140,9.339668165049233,13.214274848284939,13.45066422462385,7.754266330696923,15.664142874884897,Chinese chess
驎,lín,27,66,31,36,14,9.339668165049233,3.5167021773661533,8.686887311736237,2.1808874055085097,1.5664142874884897,-
罂,yīng,27,339,66,219,133,9.339668165049233,18.063061183744335,18.494663308857795,13.267065050176768,14.880935731140651,long necked jar or bottle
瓠,hù,27,431,106,373,204,9.339668165049233,22.965130885527454,29.703550162711004,22.596416729296504,22.82489390340371,bottle gourd
谧,mì,27,37,24,64,14,9.339668165049233,1.971484553977995,6.725332112311925,3.8771331653484613,1.5664142874884897,"calm, quiet, still"
壅,yōng,27,211,22,76,71,9.339668165049233,11.242790294306943,6.1648877696192645,4.604095633851298,7.943958172263055,to obstruct
轼,shì,27,168,12,142,81,9.339668165049233,8.951605542386572,3.3626660561559625,8.6023892106169,9.062825520469119,horizontal wooden bar in front
谄,chǎn,27,132,22,34,36,9.339668165049233,7.033404354732307,6.1648877696192645,2.05972699409137,4.027922453541831,"flatter, truckle, toady"
涣,huàn,27,151,32,160,57,9.339668165049233,8.045788314883168,8.967109483082567,9.692832913371154,6.377543884774565,scatter
篸,cǎn,27,67,8,34,28,9.339668165049233,3.569985543689883,2.2417773707706417,2.05972699409137,3.1328285749769793,"a basket, hod, scuttle"
蔗,zhè,27,274,52,245,219,9.339668165049233,14.599642372701908,14.57155291000917,14.84215039859958,24.503194925712805,sugar cane
豕,shǐ,27,365,126,535,324,9.339668165049233,19.448428708161302,35.307993589637604,32.41041005408479,36.251302081876474,"a pig, boar"
鷟,zhuó,27,128,19,173,28,9.339668165049233,6.820270889437388,5.324221255580275,10.480375587582559,3.1328285749769793,phoenix
粘,zhān,27,444,94,307,177,9.339668165049233,23.65781464773594,26.34088410655504,18.598123152530903,19.803952063247333,"viscous, mucous"
畜,chù,27,302,51,228,131,9.339668165049233,16.091576629766337,14.291330738662841,13.812286901553895,14.657162261499439,"livestock, domestic animals"
荏,rěn,27,216,63,471,204,9.339668165049233,11.509207125925592,17.653996794818802,28.533276888736335,22.82489390340371,beans
臊,sāo,27,106,12,32,25,9.339668165049233,5.648036830315337,3.3626660561559625,1.9385665826742307,2.7971683705151604,rancid
汜,sì,27,51,16,119,33,9.339668165049233,2.7174516825102093,4.483554741541283,7.209044479319796,3.6922622490800117,a stream which leaves the main branch then later returns
鞮,dī,27,61,24,141,58,9.339668165049233,3.250285345747505,6.725332112311925,8.541809004908329,6.489430619595171,leather shoes
缃,xiāng,27,249,43,350,291,9.339668165049233,13.267558214608668,12.0495533678922,21.203071997999402,32.559039832796465,light-yellow color
戆,gàng,27,99,19,66,41,9.339668165049233,5.2750532660492295,5.324221255580275,3.998293576765601,4.5873561276448624,"stupid, simple, simple-minded"
沂,yí,27,315,39,337,52,9.339668165049233,16.784260391974822,10.928664682506879,20.415529323787993,5.818110210671533,river in southeast Shandong
瘵,zhài,27,175,44,101,38,9.339668165049233,9.32458910665268,12.329775539238529,6.118600776565541,4.251695923183043,a wasting disease
箬,ruò,27,261,41,149,133,9.339668165049233,13.906958610493424,11.48910902519954,9.026450650576887,14.880935731140651,the cuticle of the bamboo a broad-leaved bamboo
押,yā,27,155,22,117,166,9.339668165049233,8.258921780178088,6.1648877696192645,7.087884067902656,18.573197980220662,"mortgage, pledge"
瀚,hàn,26,101,65,330,130,8.993754529306669,5.381619998696689,18.214441137511464,19.991467883828005,14.545275526678834,"vast, wide, extensive"
鹩,liáo,26,176,37,235,72,8.993754529306669,9.377872472976408,10.368220339814217,14.236348341513882,8.055844907083662,wren
蓍,shī,26,278,34,123,63,8.993754529306669,14.812775837996826,9.527553825775227,7.451365302154074,7.0488642936982036,"milfoil, plant used in divination"
豚,tún,26,798,115,621,329,8.993754529306669,42.52012632633621,32.225549704827976,37.62030774502179,36.81073575597951,"small pig, suckling pig"
斡,wò,26,247,112,100,56,8.993754529306669,13.16099148196121,31.384883190788987,6.058020570856971,6.265657149953959,"revolve, rotate, turn"
踵,zhǒng,26,599,73,269,208,8.993754529306669,31.916736427914028,20.456218508282106,16.296075335605252,23.27244084268613,heel
缬,xié,26,297,43,174,197,8.993754529306669,15.825159798147688,12.0495533678922,10.54095579329113,22.04168675965946,patterned silk
措,cuò,26,370,44,142,89,8.993754529306669,19.714845539779947,12.329775539238529,8.6023892106169,9.957919399033969,place
嫉,jí,26,141,28,71,65,8.993754529306669,7.512954651645873,7.846220797697247,4.30119460530845,7.272637763339417,jealousy
笈,jí,26,265,47,295,171,8.993754529306669,14.120092075788342,13.17044205327752,17.871160684028066,19.132631654323696,bamboo box used carry books
滕,téng,26,440,75,399,172,8.993754529306669,23.44468118244102,21.016662850974768,24.171502077719314,19.2445183891443,an ancient state in Shandong province
羔,gāo,26,381,71,221,99,8.993754529306669,20.300962569340975,19.895774165589444,13.388225461593906,11.076786747240034,"lamb, kid"
酎,zhòu,26,196,20,47,31,8.993754529306669,10.443539799450999,5.604443426926605,2.8472696683027765,3.4684887794387986,"double-fermented wine, vintage wine"
潏,yù,26,100,19,116,45,8.993754529306669,5.328336632372959,5.324221255580275,7.027303862194087,5.0349030669272885,reclaimed land
耨,nòu,26,163,39,122,51,8.993754529306669,8.685188710767923,10.928664682506879,7.390785096445505,5.706223475850927,"hoe, rake"
跄,qiāng,26,104,24,223,80,8.993754529306669,5.541470097667878,6.725332112311925,13.509385873011047,8.950938785648512,walk rapidly
絺,chī,26,266,62,254,70,8.993754529306669,14.173375442112071,17.373774623472475,15.387372249976707,7.8320714374424485,fine linen
騕,yǎo,26,91,33,165,35,8.993754529306669,4.848786335459392,9.247331654428898,9.995733941914002,3.9160357187212242,name of a fabulous horse
灿,càn,26,529,244,878,415,8.993754529306669,28.186900785252956,68.37420980850457,53.18942061212421,46.43299495055166,"vivid, illuminating"
仅,jǐn,26,1694,164,763,509,8.993754529306669,90.26202255239794,45.95643610079816,46.22269695563869,56.95034802368866,"only, merely, solely, just"
怏,yàng,26,45,22,63,77,8.993754529306669,2.3977514845678316,6.1648877696192645,3.816552959639892,8.615278581186693,"discontented, dispirited, sad"
匙,shi,26,205,22,53,69,8.993754529306669,10.923090096364566,6.1648877696192645,3.210750902554195,7.720184702621841,spoon
牒,dié,26,474,67,274,144,8.993754529306669,25.256315637447827,18.774885480204123,16.5989763641481,16.111689814167324,"documents, records"
湮,yān,26,183,36,247,149,8.993754529306669,9.750856037242515,10.087998168467887,14.963310810016718,16.671123488270354,"bury, sink, block up"
樟,zhāng,26,55,19,40,50,8.993754529306669,2.9305851478051275,5.324221255580275,2.4232082283427885,5.594336741030321,camphor tree
蛊,gǔ,26,112,14,78,44,8.993754529306669,5.967737028257715,3.9231103988486233,4.725256045268438,4.923016332106681,poison
虢,guó,26,125,23,74,38,8.993754529306669,6.660420790466199,6.445109940965595,4.4829352224341585,4.251695923183043,name of ancient feudal State in Shenxi and Hunan
楞,léng,26,208,31,189,110,8.993754529306669,11.082940195335755,8.686887311736237,11.449658878919676,12.307540830266705,used for Ceylon in Buddhist texts
胝,zhī,26,133,15,74,55,8.993754529306669,7.086687721056036,4.203332570194953,4.4829352224341585,6.153770415133352,"callous, corn"
瀣,xiè,26,319,82,344,109,8.993754529306669,16.99739385726974,22.97821805039908,20.83959076374798,12.195654095446098,sea mist
缊,yūn,26,210,69,232,73,8.993754529306669,11.189506927983215,19.335329822896785,14.054607724388173,8.167731641904268,"tangled hemp, raveled silk"
沴,lì,26,146,40,100,31,8.993754529306669,7.77937148326452,11.20888685385321,6.058020570856971,3.4684887794387986,foul and poisonous in confusion
祲,jìn,26,204,46,229,68,8.993754529306669,10.869806730040837,12.89021988193119,13.872867107262465,7.608297967801235,ominous or sinister spirit
澒,hòng,25,188,81,137,119,8.647840893564105,10.017272868861165,22.697995879052748,8.29948818207405,13.314521443652161,vast
蚤,zǎo,25,792,101,1191,170,8.647840893564105,42.200426128393836,28.30243930597935,72.15102499890654,19.02074491950309,flea
欃,chán,25,92,16,148,131,8.647840893564105,4.902069701783123,4.483554741541283,8.965870444868317,14.657162261499439,sandalwood
赁,lìn,25,72,7,65,120,8.647840893564105,3.836402375308531,1.9615551994243117,3.9377133710570313,13.42640817847277,"rent, hire"
玺,xǐ,25,216,47,455,124,8.647840893564105,11.509207125925592,13.17044205327752,27.563993597399218,13.873955117755195,"imperial signet, royal signet"
贷,dài,25,427,40,186,96,8.647840893564105,22.751997420232538,11.20888685385321,11.267918261793966,10.741126542778215,lend
巇,xī,25,234,33,174,85,8.647840893564105,12.468307719752724,9.247331654428898,10.54095579329113,9.510372459751546,a crack
蚋,ruì,25,132,21,40,28,8.647840893564105,7.033404354732307,5.884665598272935,2.4232082283427885,3.1328285749769793,"gnat, mosquito"
赓,gēng,25,840,78,598,275,8.647840893564105,44.75802771193286,21.857329365013758,36.226963013724685,30.76885207566676,continue
涘,sì,25,143,29,251,93,8.647840893564105,7.619521384293332,8.126442969043577,15.205631632850997,10.405466338316394,river bank
浥,yì,25,456,81,524,259,8.647840893564105,24.297215043620696,22.697995879052748,31.74402779129053,28.97866431853706,"moist, wet, dampen"
鬻,yù,25,213,46,200,136,8.647840893564105,11.349357026954404,12.89021988193119,12.116041141713943,15.21659593560247,sell
瘿,yǐng,25,190,30,88,81,8.647840893564105,10.123839601508623,8.406665140389906,5.331058102354135,9.062825520469119,"swelling, goiter"
螯,áo,25,542,56,259,195,8.647840893564105,28.87958454746144,15.692441595394493,15.690273278519555,21.81791329001825,nippers
汪,wāng,25,396,89,495,353,8.647840893564105,21.100213064196918,24.93977324982339,29.98720182574201,39.49601739167406,"vast, extensive, deep"
嘒,huì,25,132,22,117,59,8.647840893564105,7.033404354732307,6.1648877696192645,7.087884067902656,6.6013173544157775,sharp
牟,móu,25,243,44,192,125,8.647840893564105,12.947858016666292,12.329775539238529,11.631399496045384,13.9858418525758,make
镮,huán,25,110,9,51,69,8.647840893564105,5.861170295610255,2.521999542116972,3.0895904911370553,7.720184702621841,metal ring
估,gū,25,63,28,252,185,8.647840893564105,3.3568520783949642,7.846220797697247,15.266211838559569,20.699045941812187,merchant
腋,yè,25,309,55,212,106,8.647840893564105,16.464560194032444,15.412219424048162,12.84300361021678,11.859993890984278,armpit
祓,fú,25,223,26,69,114,8.647840893564105,11.882190690191699,7.285776455004585,4.18003419389131,12.75508776954913,"exorcise, remove evil"
笾,biān,25,245,39,79,37,8.647840893564105,13.05442474931375,10.928664682506879,4.785836250977008,4.139809188362436,bamboo container for food
锸,chā,25,256,87,248,174,8.647840893564105,13.640541778874775,24.37932890713073,15.023891015725289,19.468291858785516,"spade, shovel"
焙,bèi,25,282,17,52,82,8.647840893564105,15.025909303291746,4.7637769128876135,3.150170696845625,9.174712255289725,dry over slow fire
宥,yòu,25,114,21,69,55,8.647840893564105,6.074303760905174,5.884665598272935,4.18003419389131,6.153770415133352,"forgive, pardon, indulge"
荤,hūn,25,155,25,100,22,8.647840893564105,8.258921780178088,7.005554283658255,6.058020570856971,2.4615081660533407,meat diet
敏,mǐn,25,494,41,158,90,8.647840893564105,26.32198296392242,11.48910902519954,9.571672501954016,10.069806133854577,"fast, quick, clever, smart"
晷,guǐ,25,228,52,262,156,8.647840893564105,12.148607521810348,14.57155291000917,15.872013895645265,17.4543306320146,shadows of sun
帟,yì,25,81,6,20,13,8.647840893564105,4.315952672222097,1.6813330280779812,1.2116041141713942,1.4545275526678831,tent
泮,pàn,25,599,108,579,147,8.647840893564105,31.916736427914028,30.263994505403666,35.07593910526186,16.44735001862914,Zhou dynasty school
鞠,jū,25,302,82,353,194,8.647840893564105,16.091576629766337,22.97821805039908,21.38481261512511,21.706026555197642,"bow, bend"
哗,huā,25,599,69,424,334,8.647840893564105,31.916736427914028,19.335329822896785,25.68600722043356,37.370169430082534,rushing sound
鹆,yù,25,112,15,143,78,8.647840893564105,5.967737028257715,4.203332570194953,8.662969416325469,8.7271653160073,myna
涪,fú,25,367,25,101,105,8.647840893564105,19.55499544080876,7.005554283658255,6.118600776565541,11.748107156163673,river in Sichuan province
瞪,dèng,25,55,8,31,40,8.647840893564105,2.9305851478051275,2.2417773707706417,1.877986376965661,4.475469392824256,stare at
酹,lèi,25,578,155,415,419,8.647840893564105,30.797785735115706,43.434436558681185,25.14078536905643,46.880541889834085,to pour out a libation
允,yǔn,25,297,49,435,85,8.647840893564105,15.825159798147688,13.730886395970181,26.352389483227824,9.510372459751546,"to grant, to allow, to consent"
摵,shè,25,190,33,136,73,8.647840893564105,10.123839601508623,9.247331654428898,8.23890797636548,8.167731641904268,"(Cant.) to pull, lift up"
侔,móu,25,442,63,225,142,8.647840893564105,23.55124791508848,17.653996794818802,13.630546284428185,15.88791634452611,equal
霎,shà,24,339,46,155,538,8.30192725782154,18.063061183744335,12.89021988193119,9.389931884828306,60.195063333486246,"light rain, drizzle"
婀,ē,24,92,28,132,145,8.30192725782154,4.902069701783123,7.846220797697247,7.996587153531202,16.22357654898793,"be beautiful, be graceful"
纩,kuàng,24,186,14,148,58,8.30192725782154,9.910706136213705,3.9231103988486233,8.965870444868317,6.489430619595171,cotton
蔟,cù,24,31,4,41,15,8.30192725782154,1.6517843560356174,1.1208886853853208,2.483788434051358,1.6783010223090962,frame on which silkworms spin
该,gāi,24,233,18,96,95,8.30192725782154,12.415024353428995,5.043999084233944,5.815699748022692,10.629239807957608,"should, ought to, need to"
躔,chán,24,523,74,297,128,8.30192725782154,27.867200587310577,20.736440679628434,17.992321095445206,14.32150205703762,"follow in, imitate"
斓,lán,24,337,70,234,155,8.30192725782154,17.956494451096873,19.615551994243116,14.175768135805312,17.342443897193995,multicolored
笄,jī,24,121,25,89,87,8.30192725782154,6.447287325171281,7.005554283658255,5.391638308062705,9.734145929392758,a hairpin
汩,gǔ,24,535,90,201,130,8.30192725782154,28.506600983195334,25.21999542116972,12.176621347422511,14.545275526678834,run swiftly
剌,lá,24,167,47,168,84,8.30192725782154,8.898322176062841,13.17044205327752,10.177474559039712,9.398485724930937,"slash, cut in two"
搦,nuò,24,116,15,135,101,8.30192725782154,6.180870493552633,4.203332570194953,8.178327770656912,11.300560216881246,"grasp, seize, take in hand"
捻,niǎn,24,299,33,88,150,8.30192725782154,15.931726530795148,9.247331654428898,5.331058102354135,16.78301022309096,to twist or nip with the fingers
鞚,kòng,24,177,46,168,102,8.30192725782154,9.43115583930014,12.89021988193119,10.177474559039712,11.412446951701854,bridle
旎,nǐ,24,91,51,159,121,8.30192725782154,4.848786335459392,14.291330738662841,9.632252707662584,13.538294913293374,fluttering of flag
涅,niè,24,237,26,120,63,8.30192725782154,12.628157818723913,7.285776455004585,7.269624685028366,7.0488642936982036,blacken
缲,qiāo,24,136,33,78,18,8.30192725782154,7.246537820027225,9.247331654428898,4.725256045268438,2.0139612267709155,to reel
蝗,huáng,24,281,34,131,70,8.30192725782154,14.972625936968015,9.527553825775227,7.936006947822633,7.8320714374424485,kind of locust
痾,ē,24,263,23,164,38,8.30192725782154,14.013525343140882,6.445109940965595,9.935153736205432,4.251695923183043,chronic illness
悭,qiān,24,1275,147,392,285,8.30192725782154,67.93629206275523,41.19265918791054,23.74744063775933,31.887719423872824,"miserly, parsimonious, stingy"
诜,shēn,24,230,30,68,7,8.30192725782154,12.255174254457806,8.406665140389906,4.11945398818274,0.7832071437442448,"inquire, question"
鳏,guān,24,185,23,96,85,8.30192725782154,9.857422769889974,6.445109940965595,5.815699748022692,9.510372459751546,huge fish
勖,xù,24,97,68,360,120,8.30192725782154,5.1684865334017704,19.055107651550454,21.808874055085095,13.42640817847277,"enjoin, advise, preach to"
晼,wǎn,24,118,6,28,51,8.30192725782154,6.287437226200092,1.6813330280779812,1.696245759839952,5.706223475850927,sunset
靴,xuē,24,424,75,153,200,8.30192725782154,22.592147321261347,21.016662850974768,9.268771473411165,22.377346964121283,boots
矩,jǔ,24,376,47,268,123,8.30192725782154,20.03454573772233,13.17044205327752,16.235495129896684,13.762068382934586,"carpenter's square, ruler, rule"
扼,è,24,133,41,212,212,8.30192725782154,7.086687721056036,11.48910902519954,12.84300361021678,23.719987781968555,"grasp, clutch"
茯,fú,24,164,96,143,50,8.30192725782154,8.738472077091654,26.9013284492477,8.662969416325469,5.594336741030321,China root
篪,chí,24,278,39,281,102,8.30192725782154,14.812775837996826,10.928664682506879,17.02303780410809,11.412446951701854,a bamboo flute with seven holes
拯,zhěng,24,139,46,168,93,8.30192725782154,7.406387918998413,12.89021988193119,10.177474559039712,10.405466338316394,"help, save, aid"
溃,kuì,24,201,50,187,156,8.30192725782154,10.709956631069648,14.01110856731651,11.328498467502536,17.4543306320146,flooding river
駮,bó,24,95,8,19,36,8.30192725782154,5.061919800754311,2.2417773707706417,1.1510239084628244,4.027922453541831,a kind of fierce animal
蛤,há,24,174,22,132,118,8.30192725782154,9.271305740328948,6.1648877696192645,7.996587153531202,13.202634708831555,clam
缤,bīn,24,280,76,376,180,8.30192725782154,14.919342570644286,21.2968850223211,22.778157346422212,20.139612267709154,"flourishing, thriving, abundant"
襞,bì,24,88,7,37,24,8.30192725782154,4.688936236488204,1.9615551994243117,2.2414676112170793,2.6852816356945537,"fold, pleat, crease"
励,lì,24,174,28,283,184,8.30192725782154,9.271305740328948,7.846220797697247,17.14419821552523,20.58715920699158,strive
栀,zhī,24,124,12,35,87,8.30192725782154,6.607137424142469,3.3626660561559625,2.1203071997999396,9.734145929392758,gardenia
狮,shī,24,327,57,322,316,8.30192725782154,17.423660787859575,15.972663766740823,19.506826238159444,35.356208203311624,lion
弛,chí,23,244,65,208,127,7.9560136220789754,13.00114138299002,18.214441137511464,12.6006827873825,14.209615322217013,"loosen, relax, unstring a bow"
柝,tuò,23,218,77,486,299,7.9560136220789754,11.61577385857305,21.57710719366743,29.44197997436488,33.454133711361315,watchman's rattle
琯,guǎn,23,140,29,150,94,7.9560136220789754,7.459671285322143,8.126442969043577,9.087030856285457,10.517353073137002,a jade tube used as an instrument
芡,qiàn,23,206,19,85,49,7.9560136220789754,10.976373462688297,5.324221255580275,5.149317485228426,5.482450006209714,plant allied to the waterlily
苜,mù,23,265,125,509,146,7.9560136220789754,14.120092075788342,35.02777141829128,30.835324705661982,16.335463283808537,clover
蜿,wān,23,350,100,356,215,7.9560136220789754,18.64917821330536,28.02221713463302,21.56655323225082,24.05564798643038,"creep, crawl"
垫,diàn,23,211,25,83,82,7.9560136220789754,11.242790294306943,7.005554283658255,5.028157073811286,9.174712255289725,"advance money, pay for another"
埏,shān,23,99,28,196,59,7.9560136220789754,5.2750532660492295,7.846220797697247,11.873720318879665,6.6013173544157775,"a boundary, a limit"
惺,xīng,23,521,219,265,361,7.9560136220789754,27.76063385466312,61.36865552484632,16.053754512770976,40.391111270238916,"intelligent, clever, astute"
褷,shī,23,49,12,36,41,7.9560136220789754,2.6108849498627498,3.3626660561559625,2.1808874055085097,4.5873561276448624,-
睦,mù,23,235,23,100,43,7.9560136220789754,12.521591086076455,6.445109940965595,6.058020570856971,4.811129597286075,"friendly, amiable, peaceful"
繻,xū,23,80,19,172,52,7.9560136220789754,4.262669305898367,5.324221255580275,10.41979538187399,5.818110210671533,fine silk gauze
赎,shú,23,244,30,196,164,7.9560136220789754,13.00114138299002,8.406665140389906,11.873720318879665,18.34942451057945,"buy, redeem"
舰,jiàn,23,139,34,183,143,7.9560136220789754,7.406387918998413,9.527553825775227,11.086177644668258,15.999803079346716,warship
黼,fǔ,23,311,64,282,60,7.9560136220789754,16.571126926679906,17.934218966165133,17.083618009816657,6.713204089236385,embroidered official or sacrificial robe
狙,jū,23,278,43,116,90,7.9560136220789754,14.812775837996826,12.0495533678922,7.027303862194087,10.069806133854577,"an ape, monkey"
雹,báo,23,321,40,75,60,7.9560136220789754,17.1039605899172,11.20888685385321,4.543515428142729,6.713204089236385,hail
鄠,hù,23,34,6,37,19,7.9560136220789754,1.8116344550068062,1.6813330280779812,2.2414676112170793,2.1258479615915213,county in Shanxi province
伟,wěi,23,1042,165,635,342,7.9560136220789754,55.52126770932624,46.23665827214449,38.46843062494177,38.26526330864739,"great, robust"
黩,dú,23,53,13,32,51,7.9560136220789754,2.8240184151576684,3.6428882275022927,1.9385665826742307,5.706223475850927,"to dishonor, defile, corrupt"
穫,huò,23,338,48,194,51,7.9560136220789754,18.009777817420602,13.45066422462385,11.752559907462523,5.706223475850927,"harvest, cut grain"
贲,bēn,23,322,52,430,129,7.9560136220789754,17.15724395624093,14.57155291000917,26.049488454684976,14.433388791858226,forge ahead
玫,méi,23,44,14,48,77,7.9560136220789754,2.344468118244102,3.9231103988486233,2.907849874011346,8.615278581186693,rose
柰,nài,23,491,157,615,156,7.9560136220789754,26.16213286495123,43.99488090137385,37.256826510770374,17.4543306320146,crab-apple tree
肚,dù,23,238,31,36,66,7.9560136220789754,12.681441185047643,8.686887311736237,2.1808874055085097,7.384524498160023,belly
徨,huáng,23,178,73,631,247,7.9560136220789754,9.484439205623866,20.456218508282106,38.22610980210749,27.63602350068978,"doubtful, irresolute, vacillating"
綦,qí,23,116,14,173,75,7.9560136220789754,6.180870493552633,3.9231103988486233,10.480375587582559,8.39150511154548,dark grey. variegated. superlative
磔,zhé,23,272,60,114,151,7.9560136220789754,14.49307564005445,16.813330280779812,6.9061434507769475,16.89489695791157,"to dismember, tear apart"
螀,jiāng,23,233,61,199,160,7.9560136220789754,12.415024353428995,17.093552452126143,12.055460936005373,17.901877571297025,kind of cicada
糵,niè,23,133,14,29,9,7.9560136220789754,7.086687721056036,3.9231103988486233,1.7568259655485217,1.0069806133854577,fermenting grain
鸊,pì,23,25,10,79,21,7.9560136220789754,1.3320841580932397,2.8022217134633025,4.785836250977008,2.3496214312327344,"little grebe, dabchick (Tachybaptus ruficollis)"
镛,yōng,23,116,18,119,49,7.9560136220789754,6.180870493552633,5.043999084233944,7.209044479319796,5.482450006209714,large bell used as musical instrument
徭,yáo,23,86,56,147,47,7.9560136220789754,4.582369503840745,15.692441595394493,8.905290239159747,5.258676536568501,"conscript labor, compulsory labor"
删,shān,23,380,47,428,433,7.9560136220789754,20.247679203017245,13.17044205327752,25.928328043267836,48.44695617732257,to cut
蝙,biān,23,59,7,63,83,7.9560136220789754,3.143718613100046,1.9615551994243117,3.816552959639892,9.286598990110331,bat
祐,yòu,23,762,54,158,124,7.9560136220789754,40.60192513868195,15.131997252701833,9.571672501954016,13.873955117755195,"divine intervention, protection"
贬,biǎn,23,206,19,60,89,7.9560136220789754,10.976373462688297,5.324221255580275,3.634812342514183,9.957919399033969,"decrease, lower"
绘,huì,23,390,73,442,467,7.9560136220789754,20.780512866254544,20.456218508282106,26.776450923187813,52.251105161223194,"draw, sketch, paint"
侮,wǔ,23,289,51,203,157,7.9560136220789754,15.398892867557853,14.291330738662841,12.297781758839653,17.566217366835204,"insult, ridicule, disgrace"
柿,shì,23,256,48,147,91,7.9560136220789754,13.640541778874775,13.45066422462385,8.905290239159747,10.181692868675182,persimmon
槔,gāo,23,182,26,256,103,7.9560136220789754,9.697572670918785,7.285776455004585,15.508532661393845,11.524333686522459,"well sweep, water pulley"
腑,fǔ,23,282,61,221,151,7.9560136220789754,15.025909303291746,17.093552452126143,13.388225461593906,16.89489695791157,"bowels, entrails, internal organs"
滤,lǜ,23,25,2,11,16,7.9560136220789754,1.3320841580932397,0.5604443426926604,0.6663822627942668,1.7901877571297025,"strain out, filter"
胫,jìng,23,208,35,146,93,7.9560136220789754,11.082940195335755,9.807775997121558,8.844710033451179,10.405466338316394,shinbone
鸲,qú,23,121,20,136,74,7.9560136220789754,6.447287325171281,5.604443426926605,8.23890797636548,8.279618376724873,mynah
坳,ào,23,312,67,271,214,7.9560136220789754,16.62441029300363,18.774885480204123,16.417235747022392,23.94376125160977,"a hollow in the ground, a cavity, depression"
括,kuò,23,273,66,264,189,7.9560136220789754,14.546359006378179,18.494663308857795,15.993174307062404,21.146592881094612,"include, embrace, enclose"
篦,bì,23,223,15,51,42,7.9560136220789754,11.882190690191699,4.203332570194953,3.0895904911370553,4.699242862465469,fine-toothed comb
麇,jūn,23,134,33,84,46,7.9560136220789754,7.139971087379766,9.247331654428898,5.088737279519856,5.146789801747895,general name for hornless deer
确,què,22,302,55,105,182,7.610099986336412,16.091576629766337,15.412219424048162,6.36092159939982,20.363385737350363,"sure, certain"
详,xiáng,22,456,83,244,403,7.610099986336412,24.297215043620696,23.25844022174541,14.78157019289101,45.09035413270438,"detailed, complete, thorough"
荦,luò,22,346,72,206,231,7.610099986336412,18.43604474801044,20.175996336935775,12.47952237596536,25.845835743560077,brindled ox
雰,fēn,22,42,4,41,21,7.610099986336412,2.237901385596643,1.1208886853853208,2.483788434051358,2.3496214312327344,atmosphere
呻,shēn,22,377,31,155,142,7.610099986336412,20.087829104046055,8.686887311736237,9.389931884828306,15.88791634452611,"groan, moan"
桁,héng,22,89,12,108,227,7.610099986336412,4.742219602811933,3.3626660561559625,6.542662216525529,25.39828880427765,cross-beams of roof
婕,jié,22,29,10,24,13,7.610099986336412,1.5452176233881583,2.8022217134633025,1.453924937005673,1.4545275526678831,handsome
钳,qián,22,278,24,77,99,7.610099986336412,14.812775837996826,6.725332112311925,4.664675839559868,11.076786747240034,"pincers, pliers, tongs"
葆,bǎo,22,344,54,226,161,7.610099986336412,18.32947801536298,15.131997252701833,13.691126490136755,18.013764306117633,"reserve, preserve"
瘼,mò,22,219,40,205,32,7.610099986336412,11.66905722489678,11.20888685385321,12.418942170256791,3.580375514259405,sickness
娲,wā,22,194,65,177,231,7.610099986336412,10.336973066803541,18.214441137511464,10.72269641041684,25.845835743560077,"a goddess, the mythological sister and successor to Fuxi"
霅,zhà,22,427,50,211,99,7.610099986336412,22.751997420232538,14.01110856731651,12.78242340450821,11.076786747240034,thunder
畎,quǎn,22,292,80,210,59,7.610099986336412,15.55874296652904,22.41777370770642,12.72184319879964,6.6013173544157775,"a drain between fields, irrigation"
脐,qí,22,304,32,84,79,7.610099986336412,16.198143362413795,8.967109483082567,5.088737279519856,8.839052050827906,abdominal area of crab
蓿,xu,22,267,125,501,148,7.610099986336412,14.2266588084358,35.02777141829128,30.350683059993425,16.559236753449746,"clover, lucerne"
茑,niǎo,22,47,14,109,63,7.610099986336412,2.504318217215291,3.9231103988486233,6.603242422234098,7.0488642936982036,"Convolvulus, bindweed"
聿,yù,22,210,32,183,42,7.610099986336412,11.189506927983215,8.967109483082567,11.086177644668258,4.699242862465469,"writing brush, pencil"
妤,yú,22,30,10,30,13,7.610099986336412,1.5985009897118876,2.8022217134633025,1.8174061712570915,1.4545275526678831,"beautiful, fair, handsome"
诃,hē,22,354,51,164,140,7.610099986336412,18.86231167860028,14.291330738662841,9.935153736205432,15.664142874884897,"scold loudly, curse, abuse"
谛,dì,22,265,10,142,147,7.610099986336412,14.120092075788342,2.8022217134633025,8.6023892106169,16.44735001862914,"careful, attentive"
翣,shà,22,114,10,31,8,7.610099986336412,6.074303760905174,2.8022217134633025,1.877986376965661,0.8950938785648512,feathers used decorate coffin
罝,jū,22,114,9,92,13,7.610099986336412,6.074303760905174,2.521999542116972,5.573378925188414,1.4545275526678831,net for catching rabbits
糊,hú,22,558,155,487,653,7.610099986336412,29.732118408641114,43.434436558681185,29.50256018007345,73.06203783785598,"paste, stick on with paste"
霤,liù,22,82,14,39,32,7.610099986336412,4.369236038545827,3.9231103988486233,2.362628022634219,3.580375514259405,drip
饫,yù,22,340,39,163,104,7.610099986336412,18.116344550068064,10.928664682506879,9.874573530496864,11.636220421343065,"surfeited, satiated"
殒,yǔn,22,224,46,230,63,7.610099986336412,11.93547405651543,12.89021988193119,13.933447312971033,7.0488642936982036,"die, perish"
珉,mín,22,293,36,121,82,7.610099986336412,15.612026332852771,10.087998168467887,7.330204890736935,9.174712255289725,stone resembling jade
拊,fǔ,22,499,61,352,168,7.610099986336412,26.58839979554107,17.093552452126143,21.32423240941654,18.796971449861875,slap
铩,shā,22,88,40,105,64,7.610099986336412,4.688936236488204,11.20888685385321,6.36092159939982,7.16075102851881,moult
丙,bǐng,22,352,47,192,161,7.610099986336412,18.755744945952816,13.17044205327752,11.631399496045384,18.013764306117633,third
忿,fèn,22,197,29,80,77,7.610099986336412,10.49682316577473,8.126442969043577,4.846416456685577,8.615278581186693,get angry
葫,hú,22,175,44,88,106,7.610099986336412,9.32458910665268,12.329775539238529,5.331058102354135,11.859993890984278,bottle-gourd
桔,jú,22,181,24,264,120,7.610099986336412,9.644289304595057,6.725332112311925,15.993174307062404,13.42640817847277,Chinese bellflower
毯,tǎn,22,44,12,11,32,7.610099986336412,2.344468118244102,3.3626660561559625,0.6663822627942668,3.580375514259405,"rug, carpet, blanket"
纂,zuǎn,22,147,58,161,95,7.610099986336412,7.83265484958825,16.252885938087154,9.753413119079722,10.629239807957608,"edit, compile"
伞,sǎn,22,320,26,64,115,7.610099986336412,17.050677223593468,7.285776455004585,3.8771331653484613,12.866974504369738,"umbrella, parasol, parachute"
硎,xíng,22,128,32,115,65,7.610099986336412,6.820270889437388,8.967109483082567,6.966723656485517,7.272637763339417,whetstone
批,pī,22,278,28,224,107,7.610099986336412,14.812775837996826,7.846220797697247,13.569966078719617,11.971880625804886,"comment, criticize"
壕,háo,22,95,20,81,54,7.610099986336412,5.061919800754311,5.604443426926605,4.906996662394147,6.041883680312745,"trench, ditch, channel, moat"
酪,lào,22,357,68,155,80,7.610099986336412,19.022161777571466,19.055107651550454,9.389931884828306,8.950938785648512,"cream, cheese"
娆,ráo,22,197,33,163,75,7.610099986336412,10.49682316577473,9.247331654428898,9.874573530496864,8.39150511154548,"graceful, charming, fascinating"
啧,zé,22,145,36,126,97,7.610099986336412,7.72608811694079,10.087998168467887,7.633105919279784,10.853013277598821,interjection of approval or admiration
矰,zēng,22,105,32,142,58,7.610099986336412,5.594753463991608,8.967109483082567,8.6023892106169,6.489430619595171,arrow with attached silk cord
痊,quán,22,139,16,78,36,7.610099986336412,7.406387918998413,4.483554741541283,4.725256045268438,4.027922453541831,"be healed, be cured"
琤,chēng,22,207,27,110,145,7.610099986336412,11.029656829012024,7.5659986263509165,6.663822627942668,16.22357654898793,jade of jade being
亢,kàng,22,202,44,217,104,7.610099986336412,10.763239997393377,12.329775539238529,13.145904638759628,11.636220421343065,"high, proud"
悒,yì,22,84,23,71,32,7.610099986336412,4.475802771193286,6.445109940965595,4.30119460530845,3.580375514259405,"sorrowful, depressed, unhappy"
硬,yìng,22,361,61,102,127,7.610099986336412,19.235295242866385,17.093552452126143,6.179180982274111,14.209615322217013,"hard, firm, strong"
蝠,fú,22,86,12,76,110,7.610099986336412,4.582369503840745,3.3626660561559625,4.604095633851298,12.307540830266705,bat
騃,ái,22,106,7,21,34,7.610099986336412,5.648036830315337,1.9615551994243117,1.272184319879964,3.8041489839006175,stupid
偿,cháng,21,697,81,441,509,7.264186350593847,37.138506327639526,22.697995879052748,26.71587071747924,56.95034802368866,"repay, recompense"
酂,cuó,21,77,11,44,16,7.264186350593847,4.102819206927179,3.0824438848096323,2.6655290511770673,1.7901877571297025,collect
挛,luán,21,207,16,57,42,7.264186350593847,11.029656829012024,4.483554741541283,3.4530717253884737,4.699242862465469,tangled
遘,gòu,21,67,28,312,122,7.264186350593847,3.569985543689883,7.846220797697247,18.90102418107375,13.650181648113982,to meet
忉,dāo,21,149,17,138,69,7.264186350593847,7.939221582235708,4.7637769128876135,8.36006838778262,7.720184702621841,grieved
撤,chè,21,125,23,152,159,7.264186350593847,6.660420790466199,6.445109940965595,9.208191267702595,17.78999083647642,omit
埙,xūn,21,262,38,245,72,7.264186350593847,13.960241976817153,10.64844251116055,14.84215039859958,8.055844907083662,instrument
牌,pái,21,228,35,183,156,7.264186350593847,12.148607521810348,9.807775997121558,11.086177644668258,17.4543306320146,"signboard, placard"
罳,sī,21,26,18,99,70,7.264186350593847,1.3853675244169694,5.043999084233944,5.997440365148401,7.8320714374424485,wooden screen
愬,sù,21,91,16,63,26,7.264186350593847,4.848786335459392,4.483554741541283,3.816552959639892,2.9090551053357663,accuse
闵,mǐn,21,389,33,162,76,7.264186350593847,20.72722949993081,9.247331654428898,9.813993324788294,8.503391846366085,"mourn, grieve"
哥,gē,21,182,73,242,372,7.264186350593847,9.697572670918785,20.456218508282106,14.66040978147387,41.62186535326558,elder brother
蒺,jí,21,86,37,57,22,7.264186350593847,4.582369503840745,10.368220339814217,3.4530717253884737,2.4615081660533407,furze
嵓,yán,21,54,31,88,15,7.264186350593847,2.877301781481398,8.686887311736237,5.331058102354135,1.6783010223090962,-
沁,qìn,21,188,61,314,409,7.264186350593847,10.017272868861165,17.093552452126143,19.022184592490888,45.76167454162802,"soak into, seep in, percolate"
矗,chù,21,424,95,553,444,7.264186350593847,22.592147321261347,26.621106277901372,33.50085375683905,49.677710260349244,"straight, upright, erect, lofty"
鳣,zhān,21,169,30,190,44,7.264186350593847,9.004888908710301,8.406665140389906,11.510239084628244,4.923016332106681,sturgeon
虿,chài,21,135,19,60,75,7.264186350593847,7.193254453703495,5.324221255580275,3.634812342514183,8.39150511154548,a kind of scorpion
栎,lì,21,257,62,184,86,7.264186350593847,13.693825145198506,17.373774623472475,11.146757850376828,9.62225919457215,chestnut-leaved oak
坻,chí,21,117,13,72,27,7.264186350593847,6.234153859876362,3.6428882275022927,4.361774811017019,3.0209418401563726,"an islet, a rock in a river"
夐,xiòng,21,159,31,188,73,7.264186350593847,8.472055245473006,8.686887311736237,11.389078673211106,8.167731641904268,"long, faraway"
勘,kān,21,440,66,160,111,7.264186350593847,23.44468118244102,18.494663308857795,9.692832913371154,12.419427565087311,investigate
圜,huán,21,350,61,323,122,7.264186350593847,18.64917821330536,17.093552452126143,19.567406443868016,13.650181648113982,"circle, surround"
褊,biǎn,21,157,10,60,52,7.264186350593847,8.365488512825547,2.8022217134633025,3.634812342514183,5.818110210671533,"cramped, narrow, crowded"
肿,zhǒng,21,111,21,47,66,7.264186350593847,5.914453661933985,5.884665598272935,2.8472696683027765,7.384524498160023,swell
荥,xíng,21,70,13,76,39,7.264186350593847,3.7298356426610715,3.6428882275022927,4.604095633851298,4.36358265800365,a county in Henan
拽,zhuāi,21,216,30,80,30,7.264186350593847,11.509207125925592,8.406665140389906,4.846416456685577,3.3566020446181923,"drag, tow"
衒,xuàn,21,205,52,80,33,7.264186350593847,10.923090096364566,14.57155291000917,4.846416456685577,3.6922622490800117,brag
皙,xī,21,19,9,27,15,7.264186350593847,1.0123839601508622,2.521999542116972,1.6356655541313823,1.6783010223090962,white
菽,shū,21,405,89,442,227,7.264186350593847,21.579763361110487,24.93977324982339,26.776450923187813,25.39828880427765,"beans and peas, collectively"
敧,jī,21,356,52,43,46,7.264186350593847,18.968878411247733,14.57155291000917,2.6049488454684977,5.146789801747895,to pick up thing with chopsticks or pincers.
祜,hù,21,110,16,74,45,7.264186350593847,5.861170295610255,4.483554741541283,4.4829352224341585,5.0349030669272885,"blessing, happiness, prosperity"
疟,nüè,21,123,17,38,36,7.264186350593847,6.55385405781874,4.7637769128876135,2.302047816925649,4.027922453541831,intermittent fever
蛄,gū,21,55,30,122,89,7.264186350593847,2.9305851478051275,8.406665140389906,7.390785096445505,9.957919399033969,mole cricket
逻,luó,21,123,36,128,79,7.264186350593847,6.55385405781874,10.087998168467887,7.754266330696923,8.839052050827906,patrol
庑,wǔ,21,236,31,155,207,7.264186350593847,12.574874452400184,8.686887311736237,9.389931884828306,23.160554107865526,"corridor, hallway"
袒,tǎn,21,110,35,169,110,7.264186350593847,5.861170295610255,9.807775997121558,10.23805476474828,12.307540830266705,strip
緌,ruí,21,84,4,54,19,7.264186350593847,4.475802771193286,1.1208886853853208,3.2713311082627645,2.1258479615915213,tassels hanging from hat
币,bì,21,344,69,160,150,7.264186350593847,18.32947801536298,19.335329822896785,9.692832913371154,16.78301022309096,"currency, coins, legal tender"
枻,yì,21,140,41,304,88,7.264186350593847,7.459671285322143,11.48910902519954,18.41638253540519,9.846032664213363,"long oar, sweep"
喈,jiē,21,107,37,175,52,7.264186350593847,5.701320196639067,10.368220339814217,10.601535998999701,5.818110210671533,music
薙,tì,21,107,19,91,61,7.264186350593847,5.701320196639067,5.324221255580275,5.512798719479844,6.825090824056991,weed
耦,ǒu,21,263,28,262,165,7.264186350593847,14.013525343140882,7.846220797697247,15.872013895645265,18.461311245400058,plow side by side
佣,yōng,21,101,21,140,196,7.264186350593847,5.381619998696689,5.884665598272935,8.481228799199759,21.929800024838855,commission fee
饧,táng,21,183,10,78,218,7.264186350593847,9.750856037242515,2.8022217134633025,4.725256045268438,24.391308190892197,"sugar, syrup"
炫,xuàn,21,178,85,332,206,7.264186350593847,9.484439205623866,23.81888456443807,20.112628295245145,23.048667373044918,"shine, glitter"
缰,jiāng,21,257,73,217,100,7.264186350593847,13.693825145198506,20.456218508282106,13.145904638759628,11.188673482060642,"reins, bridle"
揄,yú,21,213,25,138,102,7.264186350593847,11.349357026954404,7.005554283658255,8.36006838778262,11.412446951701854,"lift, raise"
蛸,shāo,20,41,39,65,41,6.918272714851283,2.1846180192729134,10.928664682506879,3.9377133710570313,4.5873561276448624,long legged spider
忏,chàn,20,61,7,77,266,6.918272714851283,3.250285345747505,1.9615551994243117,4.664675839559868,29.761871462281302,"regret, repent"
绍,shào,20,572,59,409,171,6.918272714851283,30.478085537173328,16.533108109433485,24.77730413480501,19.132631654323696,"continue, carry on"
驮,tuó,20,95,80,155,140,6.918272714851283,5.061919800754311,22.41777370770642,9.389931884828306,15.664142874884897,carry on back
惘,wǎng,20,238,73,351,434,6.918272714851283,12.681441185047643,20.456218508282106,21.263652203707966,48.55884291214318,"disconcerted, dejected, discouraged"
蟪,huì,20,49,25,102,74,6.918272714851283,2.6108849498627498,7.005554283658255,6.179180982274111,8.279618376724873,a kind of cicada
咤,zhà,20,169,40,186,117,6.918272714851283,9.004888908710301,11.20888685385321,11.267918261793966,13.09074797401095,"scold, bellow, shout at, roar"
毅,yì,20,200,33,187,147,6.918272714851283,10.656673264745917,9.247331654428898,11.328498467502536,16.44735001862914,"resolute, decisive, firm, persist"
愠,yùn,20,386,35,132,56,6.918272714851283,20.567379400959624,9.807775997121558,7.996587153531202,6.265657149953959,angry
斐,fěi,20,104,16,121,52,6.918272714851283,5.541470097667878,4.483554741541283,7.330204890736935,5.818110210671533,"graceful, elegant, beautiful"
彬,bīn,20,115,28,150,58,6.918272714851283,6.127587127228903,7.846220797697247,9.087030856285457,6.489430619595171,"cultivated, well-bred"
璠,fán,20,181,40,203,50,6.918272714851283,9.644289304595057,11.20888685385321,12.297781758839653,5.594336741030321,a piece of precious jade
圻,qí,20,94,14,133,40,6.918272714851283,5.008636434430582,3.9231103988486233,8.057167359239772,4.475469392824256,"border, boundary"
纭,yún,20,349,90,336,225,6.918272714851283,18.595894846981626,25.21999542116972,20.354949118079425,25.174515334636443,"confused, in disorder"
欧,ōu,20,550,86,346,497,6.918272714851283,29.305851478051277,24.0991067357844,20.960751175165118,55.607707205841386,translit.: Europe
汇,huì,20,361,87,447,197,6.918272714851283,19.235295242866385,24.37932890713073,27.07935195173066,22.04168675965946,concourse
伥,chāng,20,104,71,83,101,6.918272714851283,5.541470097667878,19.895774165589444,5.028157073811286,11.300560216881246,ghost of one devoured by tiger
呕,ǒu,20,240,30,95,161,6.918272714851283,12.7880079176951,8.406665140389906,5.755119542314122,18.013764306117633,vomit
菼,tǎn,20,45,20,133,38,6.918272714851283,2.3977514845678316,5.604443426926605,8.057167359239772,4.251695923183043,rush or sedge
芥,jiè,20,571,90,261,192,6.918272714851283,30.4248021708496,25.21999542116972,15.811433689936694,21.48225308555643,mustard plant
衅,xìn,20,117,26,109,127,6.918272714851283,6.234153859876362,7.285776455004585,6.603242422234098,14.209615322217013,consecrate sacrificial vessels by smearing blood
樾,yuè,20,285,78,291,123,6.918272714851283,15.185759402262933,21.857329365013758,17.628839861193786,13.762068382934586,the shade of trees
沄,yún,20,284,101,181,72,6.918272714851283,15.132476035939204,28.30243930597935,10.965017233251118,8.055844907083662,billows
瘗,yì,20,164,39,228,149,6.918272714851283,8.738472077091654,10.928664682506879,13.812286901553895,16.671123488270354,"bury, inter"
舶,bó,20,188,55,293,212,6.918272714851283,10.017272868861165,15.412219424048162,17.750000272610926,23.719987781968555,"large, ocean-going vessel"
罽,jì,20,44,40,56,86,6.918272714851283,2.344468118244102,11.20888685385321,3.392491519679904,9.62225919457215,a kind of woolen fabric
褚,chǔ,20,133,22,43,56,6.918272714851283,7.086687721056036,6.1648877696192645,2.6049488454684977,6.265657149953959,"bag, valise"
纠,jiū,20,187,52,249,133,6.918272714851283,9.963989502537434,14.57155291000917,15.084471221433859,14.880935731140651,"investigate, inspect"
铦,xiān,20,157,28,87,44,6.918272714851283,8.365488512825547,7.846220797697247,5.270477896645565,4.923016332106681,"sharp, keen-edged"
妥,tuǒ,20,212,56,117,190,6.918272714851283,11.296073660630674,15.692441595394493,7.087884067902656,21.258479615915217,"satisfactory, appropriate"
缦,màn,20,47,23,56,105,6.918272714851283,2.504318217215291,6.445109940965595,3.392491519679904,11.748107156163673,plain silk
凑,còu,20,170,27,69,73,6.918272714851283,9.058172275034032,7.5659986263509165,4.18003419389131,8.167731641904268,"piece together, assemble"
薝,zhān,20,213,40,126,17,6.918272714851283,11.349357026954404,11.20888685385321,7.633105919279784,1.9020744919503088,-
迭,dié,20,321,88,436,227,6.918272714851283,17.1039605899172,24.659551078477058,26.412969688936393,25.39828880427765,"repeatedly, frequently"
魈,xiāo,20,31,6,56,42,6.918272714851283,1.6517843560356174,1.6813330280779812,3.392491519679904,4.699242862465469,"mischievous, one footed spirit that dwells in the mountains"
荃,quán,20,158,31,173,171,6.918272714851283,8.418771879149276,8.686887311736237,10.480375587582559,19.132631654323696,aromatic herb
汭,ruì,20,61,11,57,18,6.918272714851283,3.250285345747505,3.0824438848096323,3.4530717253884737,2.0139612267709155,confluence of two streams
盱,xū,20,129,21,102,68,6.918272714851283,6.873554255761118,5.884665598272935,6.179180982274111,7.608297967801235,wide open eyes
沣,fēng,20,6,1,12,14,6.918272714851283,0.3197001979423776,0.2802221713463302,0.7269624685028365,1.5664142874884897,river in Shanxi province
蕣,shùn,20,32,7,46,16,6.918272714851283,1.705067722359347,1.9615551994243117,2.786689462594207,1.7901877571297025,hibiscus
址,zhǐ,20,241,64,211,194,6.918272714851283,12.841291284018832,17.934218966165133,12.78242340450821,21.706026555197642,"site, location, land for house"
恕,shù,20,299,33,156,125,6.918272714851283,15.931726530795148,9.247331654428898,9.450512090536876,13.9858418525758,"forgive, excuse, show mercy"
苡,yǐ,20,142,29,194,50,6.918272714851283,7.566238017969602,8.126442969043577,11.752559907462523,5.594336741030321,barley
鹑,chún,20,239,48,228,141,6.918272714851283,12.734724551371373,13.45066422462385,13.812286901553895,15.776029609705501,quail
菑,zāi,20,146,40,248,70,6.918272714851283,7.77937148326452,11.20888685385321,15.023891015725289,7.8320714374424485,to weed grass
抢,qiǎng,20,116,39,122,51,6.918272714851283,6.180870493552633,10.928664682506879,7.390785096445505,5.706223475850927,"plunder, rob, take by force"
旖,yǐ,20,75,31,145,116,6.918272714851283,3.9962524742797196,8.686887311736237,8.784129827742607,12.978861239190342,romantic
厢,xiāng,20,219,38,140,95,6.918272714851283,11.66905722489678,10.64844251116055,8.481228799199759,10.629239807957608,"side-room, wing"
骍,xīng,19,59,8,32,12,6.572359079108718,3.143718613100046,2.2417773707706417,1.9385665826742307,1.3426408178472768,"red, brown, bay"
媸,chī,19,110,33,105,78,6.572359079108718,5.861170295610255,9.247331654428898,6.36092159939982,8.7271653160073,an ugly woman
镆,mò,19,95,8,57,22,6.572359079108718,5.061919800754311,2.2417773707706417,3.4530717253884737,2.4615081660533407,sword
釜,fǔ,19,812,125,483,318,6.572359079108718,43.26609345486843,35.02777141829128,29.260239357239172,35.57998167295284,"cauldron, pot, kettle"
淄,zī,19,123,32,182,75,6.572359079108718,6.55385405781874,8.967109483082567,11.025597438959688,8.39150511154548,river in Shandong province
滉,huàng,19,133,39,108,46,6.572359079108718,7.086687721056036,10.928664682506879,6.542662216525529,5.146789801747895,deep
汍,wán,19,114,11,71,68,6.572359079108718,6.074303760905174,3.0824438848096323,4.30119460530845,7.608297967801235,weep
蟏,xiāo,19,38,36,52,40,6.572359079108718,2.0247679203017244,10.087998168467887,3.150170696845625,4.475469392824256,a kind of spider with long legs
窱,tiǎo,19,34,6,61,47,6.572359079108718,1.8116344550068062,1.6813330280779812,3.6953925482227525,5.258676536568501,-
饲,sì,19,89,35,122,140,6.572359079108718,4.742219602811933,9.807775997121558,7.390785096445505,15.664142874884897,raise animals
齑,jī,19,737,93,252,192,6.572359079108718,39.26984098058871,26.06066193520871,15.266211838559569,21.48225308555643,"break or smash into pieces, pulverize"
璀,cuǐ,19,269,33,144,80,6.572359079108718,14.33322554108326,9.247331654428898,8.723549622034039,8.950938785648512,lustre of gems
谀,yú,19,296,42,151,107,6.572359079108718,15.77187643182396,11.76933119654587,9.147611061994027,11.971880625804886,"flatter, truckle"
皪,lì,19,262,44,60,27,6.572359079108718,13.960241976817153,12.329775539238529,3.634812342514183,3.0209418401563726,-
粹,cuì,19,503,56,137,74,6.572359079108718,26.801533260835985,15.692441595394493,8.29948818207405,8.279618376724873,pure
谔,è,19,101,21,87,32,6.572359079108718,5.381619998696689,5.884665598272935,5.270477896645565,3.580375514259405,"honest speech, straightforward"
燔,fán,19,214,32,124,86,6.572359079108718,11.402640393278134,8.967109483082567,7.511945507862644,9.62225919457215,to roast
櫜,gāo,19,171,39,151,39,6.572359079108718,9.11145564135776,10.928664682506879,9.147611061994027,4.36358265800365,quiver (case for arrows)
肖,xiào,19,383,39,213,220,6.572359079108718,20.407529301988436,10.928664682506879,12.903583815925348,24.61508166053341,"look like, resemble, be like"
噎,yē,19,114,17,30,31,6.572359079108718,6.074303760905174,4.7637769128876135,1.8174061712570915,3.4684887794387986,choke
啮,niè,19,156,37,218,188,6.572359079108718,8.312205146501816,10.368220339814217,13.206484844468196,21.034706146274004,"bite, gnaw"
撇,piē,19,116,39,120,212,6.572359079108718,6.180870493552633,10.928664682506879,7.269624685028366,23.719987781968555,"discard, abandon, throw away"
娼,chāng,19,30,33,73,14,6.572359079108718,1.5985009897118876,9.247331654428898,4.422355016725589,1.5664142874884897,"prostitute, harlot"
椹,shèn,19,97,12,36,18,6.572359079108718,5.1684865334017704,3.3626660561559625,2.1808874055085097,2.0139612267709155,a chopping board
谨,jǐn,19,846,154,297,180,6.572359079108718,45.077727909875236,43.15421438733486,17.992321095445206,20.139612267709154,"prudent, cautious"
琰,yǎn,19,211,45,222,23,6.572359079108718,11.242790294306943,12.60999771058486,13.448805667302477,2.5733949008739474,"jewel, gem"
潨,cóng,19,18,8,28,7,6.572359079108718,0.9591005938271328,2.2417773707706417,1.696245759839952,0.7832071437442448,gather
衽,rèn,19,216,29,146,81,6.572359079108718,11.509207125925592,8.126442969043577,8.844710033451179,9.062825520469119,lapel
廨,xiè,19,48,10,80,60,6.572359079108718,2.5576015835390207,2.8022217134633025,4.846416456685577,6.713204089236385,"government office, public office"
飓,jù,19,87,33,141,124,6.572359079108718,4.635652870164474,9.247331654428898,8.541809004908329,13.873955117755195,"cyclone, typhoon, gale"
鞯,jiān,19,308,74,213,106,6.572359079108718,16.411276827708715,20.736440679628434,12.903583815925348,11.859993890984278,saddle blanket
怠,dài,19,150,37,141,58,6.572359079108718,7.992504948559439,10.368220339814217,8.541809004908329,6.489430619595171,"idle, remiss, negligent"
矧,shěn,19,415,112,340,199,6.572359079108718,22.11259702434778,31.384883190788987,20.597269940913705,22.265460229300675,"much more, still more"
縻,mí,19,297,75,215,117,6.572359079108718,15.825159798147688,21.016662850974768,13.024744227342488,13.09074797401095,halter for ox
棼,fén,19,104,14,76,68,6.572359079108718,5.541470097667878,3.9231103988486233,4.604095633851298,7.608297967801235,beams in the roof of a house
蕲,qí,19,252,37,121,81,6.572359079108718,13.427408313579857,10.368220339814217,7.330204890736935,9.062825520469119,variety of Artemisia
霈,pèi,19,222,12,104,17,6.572359079108718,11.82890732386797,3.3626660561559625,6.30034139369125,1.9020744919503088,"torrential rains, flow of water"
絪,yīn,19,57,29,131,38,6.572359079108718,3.037151880452587,8.126442969043577,7.936006947822633,4.251695923183043,matting
琛,chēn,19,117,29,116,50,6.572359079108718,6.234153859876362,8.126442969043577,7.027303862194087,5.594336741030321,"treasure, valuables"
籞,yù,19,169,21,95,13,6.572359079108718,9.004888908710301,5.884665598272935,5.755119542314122,1.4545275526678831,a fence
刖,yuè,19,103,24,134,42,6.572359079108718,5.488186731344149,6.725332112311925,8.117747564948342,4.699242862465469,cutting off feet as form of punishment
畚,běn,19,100,26,96,65,6.572359079108718,5.328336632372959,7.285776455004585,5.815699748022692,7.272637763339417,"straw basket, hamper"
莠,yǒu,19,132,34,102,86,6.572359079108718,7.033404354732307,9.527553825775227,6.179180982274111,9.62225919457215,"weeds, tares"
鞬,jiān,19,130,30,134,37,6.572359079108718,6.926837622084847,8.406665140389906,8.117747564948342,4.139809188362436,a quiver on a horse
兜,dōu,19,410,107,254,426,6.572359079108718,21.846180192729133,29.983772334057335,15.387372249976707,47.66374903357833,pouch
纫,rèn,19,419,100,354,146,6.572359079108718,22.3257304896427,28.02221713463302,21.44539282083368,16.335463283808537,"thread needle, sew stitch, string"
瀍,chán,19,54,9,57,14,6.572359079108718,2.877301781481398,2.521999542116972,3.4530717253884737,1.5664142874884897,river in Henan province
薏,yì,18,158,38,234,76,6.2264454433661545,8.418771879149276,10.64844251116055,14.175768135805312,8.503391846366085,seed of Job's tears
歼,jiān,18,105,19,145,113,6.2264454433661545,5.594753463991608,5.324221255580275,8.784129827742607,12.643201034728524,"annihilate, wipe out, kill off"
伛,yǔ,18,141,30,77,63,6.2264454433661545,7.512954651645873,8.406665140389906,4.664675839559868,7.0488642936982036,humpback
棚,péng,18,184,66,137,206,6.2264454433661545,9.804139403566246,18.494663308857795,8.29948818207405,23.048667373044918,"tent, awning"
锷,è,18,59,21,167,76,6.2264454433661545,3.143718613100046,5.884665598272935,10.116894353331142,8.503391846366085,"high, lofty"
槭,qī,18,99,12,73,90,6.2264454433661545,5.2750532660492295,3.3626660561559625,4.422355016725589,10.069806133854577,maple
呶,náo,18,84,25,52,45,6.2264454433661545,4.475802771193286,7.005554283658255,3.150170696845625,5.0349030669272885,talkative
锯,jù,18,126,10,41,44,6.2264454433661545,6.7137041567899285,2.8022217134633025,2.483788434051358,4.923016332106681,a saw
寨,zhài,18,100,38,142,58,6.2264454433661545,5.328336632372959,10.64844251116055,8.6023892106169,6.489430619595171,"stockade, stronghold, outpost"
捋,lǚ,18,167,15,67,63,6.2264454433661545,8.898322176062841,4.203332570194953,4.058873782474171,7.0488642936982036,to pluck
仝,tóng,18,173,33,82,28,6.2264454433661545,9.21802237400522,9.247331654428898,4.967576868102716,3.1328285749769793,"together, same"
赀,zī,18,209,26,142,143,6.2264454433661545,11.136223561659484,7.285776455004585,8.6023892106169,15.999803079346716,property
售,shòu,18,345,47,251,98,6.2264454433661545,18.38276138168671,13.17044205327752,15.205631632850997,10.964900012419427,sell
柁,duò,18,314,80,251,194,6.2264454433661545,16.730977025651093,22.41777370770642,15.205631632850997,21.706026555197642,large tie-beams
蓦,mò,18,476,63,179,583,6.2264454433661545,25.362882370095285,17.653996794818802,10.84385682183398,65.22996640041353,"suddenly, quickly, abruptly"
绎,yì,18,249,58,238,172,6.2264454433661545,13.267558214608668,16.252885938087154,14.418088958639592,19.2445183891443,to unravel or unreel silk
萃,cuì,18,382,91,369,269,6.2264454433661545,20.354245935664704,25.50021759251605,22.354095906462224,30.097531666743123,"dense, thick, close-set"
輶,yóu,18,83,11,151,70,6.2264454433661545,4.422519404869557,3.0824438848096323,9.147611061994027,7.8320714374424485,light carriage
朕,zhèn,18,150,3,65,57,6.2264454433661545,7.992504948559439,0.8406665140389906,3.9377133710570313,6.377543884774565,pronoun 'I'
龂,yín,18,25,2,30,61,6.2264454433661545,1.3320841580932397,0.5604443426926604,1.8174061712570915,6.825090824056991,gums (of the teeth)
偻,lóu,18,183,38,90,122,6.2264454433661545,9.750856037242515,10.64844251116055,5.452218513771274,13.650181648113982,humpback
鹫,jiù,18,249,54,350,107,6.2264454433661545,13.267558214608668,15.131997252701833,21.203071997999402,11.971880625804886,"condor, vulture"
麛,mí,18,28,14,50,15,6.2264454433661545,1.4919342570644287,3.9231103988486233,3.0290102854284857,1.6783010223090962,fawn
燮,xiè,18,207,44,226,54,6.2264454433661545,11.029656829012024,12.329775539238529,13.691126490136755,6.041883680312745,"harmonize, blend"
歊,xiāo,18,190,35,110,43,6.2264454433661545,10.123839601508623,9.807775997121558,6.663822627942668,4.811129597286075,sigh
秤,chèng,18,205,18,30,13,6.2264454433661545,10.923090096364566,5.043999084233944,1.8174061712570915,1.4545275526678831,"balance, scale, steelyard"
嶙,lín,18,293,70,535,246,6.2264454433661545,15.612026332852771,19.615551994243116,32.41041005408479,27.524136765869173,precipitous
捍,hàn,18,189,17,96,84,6.2264454433661545,10.070556235184892,4.7637769128876135,5.815699748022692,9.398485724930937,"ward off, guard against, defend"
悍,hàn,18,167,43,121,127,6.2264454433661545,8.898322176062841,12.0495533678922,7.330204890736935,14.209615322217013,"courageous, brave"
楂,zhā,18,100,14,52,53,6.2264454433661545,5.328336632372959,3.9231103988486233,3.150170696845625,5.929996945492139,"a raft, to hew, to fell trees"
俘,fú,18,138,34,141,68,6.2264454433661545,7.353104552674684,9.527553825775227,8.541809004908329,7.608297967801235,prisoner of war
撒,sā,18,471,77,186,173,6.2264454433661545,25.09646553847664,21.57710719366743,11.267918261793966,19.356405123964908,"release, cast away, let go"
黾,mǐn,18,237,60,242,167,6.2264454433661545,12.628157818723913,16.813330280779812,14.66040978147387,18.685084715041267,to strive
鎗,qiāng,18,114,31,117,22,6.2264454433661545,6.074303760905174,8.686887311736237,7.087884067902656,2.4615081660533407,"rifle, small arms, hand gun"
蝀,dōng,18,74,40,138,42,6.2264454433661545,3.94296910795599,11.20888685385321,8.36006838778262,4.699242862465469,rainbow
舳,zhú,18,124,20,142,75,6.2264454433661545,6.607137424142469,5.604443426926605,8.6023892106169,8.39150511154548,stern of ship
岌,jí,18,387,48,112,79,6.2264454433661545,20.620662767283353,13.45066422462385,6.784983039359808,8.839052050827906,"perilous, hazardous"
羿,yì,18,101,19,85,59,6.2264454433661545,5.381619998696689,5.324221255580275,5.149317485228426,6.6013173544157775,legendary archer
殇,shāng,18,113,24,242,196,6.2264454433661545,6.021020394581444,6.725332112311925,14.66040978147387,21.929800024838855,die young
裯,chóu,18,142,22,157,68,6.2264454433661545,7.566238017969602,6.1648877696192645,9.511092296245444,7.608297967801235,coverlet
琊,yá,18,81,15,218,74,6.2264454433661545,4.315952672222097,4.203332570194953,13.206484844468196,8.279618376724873,a place in eastern Shandong
奂,huàn,18,119,9,48,20,6.2264454433661545,6.340720592523821,2.521999542116972,2.907849874011346,2.237734696412128,"be numerous, brilliant"
舐,shì,18,181,18,106,71,6.2264454433661545,9.644289304595057,5.043999084233944,6.42150180510839,7.943958172263055,lick with tongue
蚃,xiǎng,18,102,22,52,25,6.2264454433661545,5.434903365020419,6.1648877696192645,3.150170696845625,2.7971683705151604,"larvae, grubs"
阱,jǐng,18,270,41,96,57,6.2264454433661545,14.38650890740699,11.48910902519954,5.815699748022692,6.377543884774565,"pitfall, trap, snare"
鹇,xián,18,84,26,158,44,6.2264454433661545,4.475802771193286,7.285776455004585,9.571672501954016,4.923016332106681,"silver pheasant, Lophura nycthemera"
葑,fēng,18,193,36,124,60,6.2264454433661545,10.283689700479812,10.087998168467887,7.511945507862644,6.713204089236385,the rape-turnip
醁,lù,18,249,64,171,96,6.2264454433661545,13.267558214608668,17.934218966165133,10.35921517616542,10.741126542778215,a kind of green-colored wine
裀,yīn,18,136,34,123,38,6.2264454433661545,7.246537820027225,9.527553825775227,7.451365302154074,4.251695923183043,"mat, coverlet"
綍,fú,18,60,12,109,21,6.2264454433661545,3.197001979423775,3.3626660561559625,6.603242422234098,2.3496214312327344,rope
哦,ó,18,1565,176,447,307,6.2264454433661545,83.38846829663682,49.319102156954116,27.07935195173066,34.349227589926166,oh? really? is that so?
靓,jìng,18,355,47,202,294,6.2264454433661545,18.915595044924007,13.17044205327752,12.237201553131081,32.89470003725828,make up face
驳,bó,18,112,11,102,103,6.2264454433661545,5.967737028257715,3.0824438848096323,6.179180982274111,11.524333686522459,"varicolored, variegated"
吻,wěn,18,450,80,200,71,6.2264454433661545,23.977514845678318,22.41777370770642,12.116041141713943,7.943958172263055,kiss
敖,áo,18,139,35,196,108,6.2264454433661545,7.406387918998413,9.807775997121558,11.873720318879665,12.08376736062549,"ramble, play about"
隽,juàn,18,612,34,218,110,6.2264454433661545,32.609420190122506,9.527553825775227,13.206484844468196,12.307540830266705,"superior, outstanding, talented"
谥,shì,18,168,11,72,72,6.2264454433661545,8.951605542386572,3.0824438848096323,4.361774811017019,8.055844907083662,to confer posthumous titles
懊,ào,17,186,34,225,256,5.880531807623591,9.910706136213705,9.527553825775227,13.630546284428185,28.64300411407524,"vexed, worried, nervous"
撮,cuō,17,158,15,47,58,5.880531807623591,8.418771879149276,4.203332570194953,2.8472696683027765,6.489430619595171,"little bit, small amount, pinch"
螮,dì,17,62,37,81,15,5.880531807623591,3.3035687120712347,10.368220339814217,4.906996662394147,1.6783010223090962,rainbow
雒,luò,17,99,15,213,89,5.880531807623591,5.2750532660492295,4.203332570194953,12.903583815925348,9.957919399033969,black horse with white mane
沚,zhǐ,17,102,32,193,59,5.880531807623591,5.434903365020419,8.967109483082567,11.691979701753954,6.6013173544157775,islet in stream
涴,wò,17,492,77,203,299,5.880531807623591,26.21541623127496,21.57710719366743,12.297781758839653,33.454133711361315,daub
础,chǔ,17,199,49,79,81,5.880531807623591,10.60338989842219,13.730886395970181,4.785836250977008,9.062825520469119,"foundation stone, plinth"
馋,chán,17,296,39,115,120,5.880531807623591,15.77187643182396,10.928664682506879,6.966723656485517,13.42640817847277,"gluttonous, greedy"
帕,pà,17,192,60,127,321,5.880531807623591,10.230406334156083,16.813330280779812,7.6936861249883535,35.91564187741466,"turban, kerchief, veil"
弼,bì,17,231,34,170,52,5.880531807623591,12.308457620781535,9.527553825775227,10.298634970456852,5.818110210671533,"aid, assist, help"
騄,lù,17,102,20,80,20,5.880531807623591,5.434903365020419,5.604443426926605,4.846416456685577,2.237734696412128,name of a legendary swift horse
楣,méi,17,114,24,118,80,5.880531807623591,6.074303760905174,6.725332112311925,7.148464273611227,8.950938785648512,crossbeam above or under gate
粝,lì,17,159,36,110,44,5.880531807623591,8.472055245473006,10.087998168467887,6.663822627942668,4.923016332106681,unpolished rice
汰,tài,17,124,9,124,79,5.880531807623591,6.607137424142469,2.521999542116972,7.511945507862644,8.839052050827906,excessive
喽,lóu,17,7,4,12,4,5.880531807623591,0.3729835642661072,1.1208886853853208,0.7269624685028365,0.4475469392824256,used in onomatopoetic expressions
峄,yì,17,99,29,161,57,5.880531807623591,5.2750532660492295,8.126442969043577,9.753413119079722,6.377543884774565,a range of peaks in Shandong and Jiangsu
艎,huáng,17,144,10,45,39,5.880531807623591,7.672804750617062,2.8022217134633025,2.726109256885637,4.36358265800365,fast boat
肸,xī,17,120,24,59,34,5.880531807623591,6.39400395884755,6.725332112311925,3.5742321368056134,3.8041489839006175,spread out
纮,hóng,17,99,15,89,23,5.880531807623591,5.2750532660492295,4.203332570194953,5.391638308062705,2.5733949008739474,string
絜,jié,17,70,8,45,25,5.880531807623591,3.7298356426610715,2.2417773707706417,2.726109256885637,2.7971683705151604,a marking line
炮,pào,17,184,39,171,308,5.880531807623591,9.804139403566246,10.928664682506879,10.35921517616542,34.461114324746774,"large gun, cannon"
滹,hū,17,48,44,217,74,5.880531807623591,2.5576015835390207,12.329775539238529,13.145904638759628,8.279618376724873,the bank of a steam
褕,yú,17,53,12,58,17,5.880531807623591,2.8240184151576684,3.3626660561559625,3.5136519310970433,1.9020744919503088,shirt
棂,líng,17,322,90,350,345,5.880531807623591,17.15724395624093,25.21999542116972,21.203071997999402,38.60092351310921,carved or patterned window sills
摛,chī,17,282,57,201,66,5.880531807623591,15.025909303291746,15.972663766740823,12.176621347422511,7.384524498160023,"to spread (name, news)"
匐,fú,17,40,18,129,37,5.880531807623591,2.1313346529491835,5.043999084233944,7.8148465364054935,4.139809188362436,fall prostrate
轓,fān,17,359,22,80,9,5.880531807623591,19.128728510218924,6.1648877696192645,4.846416456685577,1.0069806133854577,-
禺,yú,17,117,27,282,43,5.880531807623591,6.234153859876362,7.5659986263509165,17.083618009816657,4.811129597286075,district
獠,liáo,17,133,29,116,65,5.880531807623591,7.086687721056036,8.126442969043577,7.027303862194087,7.272637763339417,to hunt at night by torches
郗,xī,17,34,9,40,16,5.880531807623591,1.8116344550068062,2.521999542116972,2.4232082283427885,1.7901877571297025,surname
戊,wù,17,144,25,115,107,5.880531807623591,7.672804750617062,7.005554283658255,6.966723656485517,11.971880625804886,5th heavenly stem
裸,luǒ,17,152,31,106,143,5.880531807623591,8.099071681206897,8.686887311736237,6.42150180510839,15.999803079346716,"bare, nude"
骡,luó,17,91,47,120,92,5.880531807623591,4.848786335459392,13.17044205327752,7.269624685028366,10.29357960349579,mule
谶,chèn,17,226,30,170,192,5.880531807623591,12.042040789162888,8.406665140389906,10.298634970456852,21.48225308555643,"prophecy, hint, omen"
酉,yǒu,17,154,51,250,106,5.880531807623591,8.205638413854357,14.291330738662841,15.145051427142429,11.859993890984278,a wine vessel
澧,lǐ,17,73,24,151,50,5.880531807623591,3.88968574163226,6.725332112311925,9.147611061994027,5.594336741030321,river in northern Hunan province
啁,zhāo,17,144,31,176,116,5.880531807623591,7.672804750617062,8.686887311736237,10.66211620470827,12.978861239190342,"chirp, twitter, twittering"
胁,xié,17,250,25,80,87,5.880531807623591,13.320841580932399,7.005554283658255,4.846416456685577,9.734145929392758,"ribs, armpits"
僭,jiàn,17,120,20,41,28,5.880531807623591,6.39400395884755,5.604443426926605,2.483788434051358,3.1328285749769793,"assume, usurp"
痒,yǎng,17,342,37,108,100,5.880531807623591,18.22291128271552,10.368220339814217,6.542662216525529,11.188673482060642,itch
琨,kūn,17,114,22,86,62,5.880531807623591,6.074303760905174,6.1648877696192645,5.209897690936995,6.936977558877597,"beautiful jade, precious stones"
苫,shān,17,78,21,50,21,5.880531807623591,4.156102573250908,5.884665598272935,3.0290102854284857,2.3496214312327344,rush or straw matting
髡,kūn,17,136,11,143,157,5.880531807623591,7.246537820027225,3.0824438848096323,8.662969416325469,17.566217366835204,to shave the head as a punishment
恂,xún,17,147,28,146,29,5.880531807623591,7.83265484958825,7.846220797697247,8.844710033451179,3.2447153097975856,"careful, sincere, honest"
擞,sǒu,17,217,17,93,47,5.880531807623591,11.562490492249323,4.7637769128876135,5.633959130896983,5.258676536568501,"shake, tremble, quake"
球,qiú,17,335,72,260,335,5.880531807623591,17.84992771844941,20.175996336935775,15.750853484228125,37.48205616490314,"ball, sphere, globe"
淤,yū,17,144,24,80,87,5.880531807623591,7.672804750617062,6.725332112311925,4.846416456685577,9.734145929392758,"mud, sediment"
募,mù,17,68,19,132,64,5.880531807623591,3.6232689100136124,5.324221255580275,7.996587153531202,7.16075102851881,"levy, raise"
揉,róu,17,263,30,81,128,5.880531807623591,14.013525343140882,8.406665140389906,4.906996662394147,14.32150205703762,"rub, massage"
貅,xiū,17,255,79,275,92,5.880531807623591,13.587258412551046,22.13755153636009,16.65955656985667,10.29357960349579,"brave, fierce, courageous"
忒,tè,17,185,46,102,222,5.880531807623591,9.857422769889974,12.89021988193119,6.179180982274111,24.838855130174622,excessive
荼,tú,17,444,81,318,289,5.880531807623591,23.65781464773594,22.697995879052748,19.264505415325168,32.33526636315525,"thistle, sowthistle"
餔,bù,17,128,14,140,53,5.880531807623591,6.820270889437388,3.9231103988486233,8.481228799199759,5.929996945492139,eat
猊,ní,16,267,66,153,166,5.534618171881027,14.2266588084358,18.494663308857795,9.268771473411165,18.573197980220662,lion
悰,cóng,16,234,44,208,170,5.534618171881027,12.468307719752724,12.329775539238529,12.6006827873825,19.02074491950309,"enjoy, amuse, please"
懵,měng,16,125,17,80,87,5.534618171881027,6.660420790466199,4.7637769128876135,4.846416456685577,9.734145929392758,"stupid, ignorant, dull"
嘿,hēi,16,145,7,154,20,5.534618171881027,7.72608811694079,1.9615551994243117,9.329351679119736,2.237734696412128,"be silent, be quiet"
吒,zhā,16,162,12,37,46,5.534618171881027,8.631905344444194,3.3626660561559625,2.2414676112170793,5.146789801747895,"shout, roar, bellow"
狒,fèi,16,5,6,8,11,5.534618171881027,0.26641683161864793,1.6813330280779812,0.48464164566855766,1.2307540830266703,baboon
歈,yú,16,73,19,121,66,5.534618171881027,3.88968574163226,5.324221255580275,7.330204890736935,7.384524498160023,songs
磐,pán,16,163,45,225,129,5.534618171881027,8.685188710767923,12.60999771058486,13.630546284428185,14.433388791858226,"large rock, boulder"
匼,kē,16,43,21,29,33,5.534618171881027,2.2911847519203725,5.884665598272935,1.7568259655485217,3.6922622490800117,"place in Ruìchéng county, Shānxī"
澥,xiè,16,96,33,121,58,5.534618171881027,5.115203167078041,9.247331654428898,7.330204890736935,6.489430619595171,a blocked stream
寔,shí,16,71,18,123,25,5.534618171881027,3.783119008984801,5.043999084233944,7.451365302154074,2.7971683705151604,"real, true, solid, honest"
桀,jié,16,176,15,112,71,5.534618171881027,9.377872472976408,4.203332570194953,6.784983039359808,7.943958172263055,chicken roost
貊,mò,16,88,8,67,17,5.534618171881027,4.688936236488204,2.2417773707706417,4.058873782474171,1.9020744919503088,leopard
冱,hù,16,133,36,149,116,5.534618171881027,7.086687721056036,10.087998168467887,9.026450650576887,12.978861239190342,freezing
绨,tí,16,208,33,385,82,5.534618171881027,11.082940195335755,9.247331654428898,23.32337919779934,9.174712255289725,"coarse pongee, kind of heavy silk"
骁,xiāo,16,82,45,130,69,5.534618171881027,4.369236038545827,12.60999771058486,7.875426742114063,7.720184702621841,excellent horse
砻,lóng,16,243,28,130,104,5.534618171881027,12.947858016666292,7.846220797697247,7.875426742114063,11.636220421343065,"grind, sharpen"
叮,dīng,16,132,33,134,107,5.534618171881027,7.033404354732307,9.247331654428898,8.117747564948342,11.971880625804886,exhort or enjoin repeatedly
昴,mǎo,16,164,12,46,28,5.534618171881027,8.738472077091654,3.3626660561559625,2.786689462594207,3.1328285749769793,"18th lunar mansion, determinative star 17 Tauri (Electra)"
脾,pí,16,428,49,177,154,5.534618171881027,22.805280786556267,13.730886395970181,10.72269641041684,17.230557162373387,"spleen, pancreas"
泞,nìng,16,97,21,70,45,5.534618171881027,5.1684865334017704,5.884665598272935,4.240614399599879,5.0349030669272885,mud
苛,kē,16,208,24,136,130,5.534618171881027,11.082940195335755,6.725332112311925,8.23890797636548,14.545275526678834,"small, petty"
描,miáo,16,326,67,344,729,5.534618171881027,17.370377421535846,18.774885480204123,20.83959076374798,81.56542968422207,"copy, trace, sketch"
葡,pú,16,146,115,412,193,5.534618171881027,7.77937148326452,32.225549704827976,24.95904475193072,21.594139820377034,grapes
缛,rù,16,95,14,75,46,5.534618171881027,5.061919800754311,3.9231103988486233,4.543515428142729,5.146789801747895,"decorative, adorned, elegant"
蒐,sōu,16,78,22,133,88,5.534618171881027,4.156102573250908,6.1648877696192645,8.057167359239772,9.846032664213363,"collect, gather, assemble"
惋,wǎn,16,91,17,92,98,5.534618171881027,4.848786335459392,4.7637769128876135,5.573378925188414,10.964900012419427,"regret, be sorry"
煞,shā,16,146,75,156,940,5.534618171881027,7.77937148326452,21.016662850974768,9.450512090536876,105.17353073137002,malignant deity
殢,tì,16,303,39,154,272,5.534618171881027,16.14485999609007,10.928664682506879,9.329351679119736,30.43319187120494,"be in great difficulty, greatly"
爆,bào,16,226,27,181,243,5.534618171881027,12.042040789162888,7.5659986263509165,10.965017233251118,27.188476561407356,"crackle, pop, burst, explode"
脔,luán,16,173,31,85,43,5.534618171881027,9.21802237400522,8.686887311736237,5.149317485228426,4.811129597286075,small lump of meat
耜,sì,16,166,29,139,62,5.534618171881027,8.845038809739114,8.126442969043577,8.42064859349119,6.936977558877597,spade-shaped tool
玙,yú,16,171,37,210,45,5.534618171881027,9.11145564135776,10.368220339814217,12.72184319879964,5.0349030669272885,beautiful jade
玦,jué,16,176,53,207,129,5.534618171881027,9.377872472976408,14.851775081355502,12.540102581673931,14.433388791858226,broken piece of jade
毙,bì,16,113,37,95,61,5.534618171881027,6.021020394581444,10.368220339814217,5.755119542314122,6.825090824056991,kill
抉,jué,16,261,54,131,191,5.534618171881027,13.906958610493424,15.131997252701833,7.936006947822633,21.37036635073582,"choose, select"
孚,fú,16,281,40,266,97,5.534618171881027,14.972625936968015,11.20888685385321,16.114334718479544,10.853013277598821,brood over eggs
瞢,méng,16,173,31,85,185,5.534618171881027,9.21802237400522,8.686887311736237,5.149317485228426,20.699045941812187,eyesight obscured
蠖,huò,16,134,20,165,95,5.534618171881027,7.139971087379766,5.604443426926605,9.995733941914002,10.629239807957608,inch-worm
丱,guàn,16,94,14,72,44,5.534618171881027,5.008636434430582,3.9231103988486233,4.361774811017019,4.923016332106681,child's hairstyle bound in two tufts
趫,qiáo,16,30,2,24,19,5.534618171881027,1.5985009897118876,0.5604443426926604,1.453924937005673,2.1258479615915213,nimble
屧,xiè,16,267,66,285,302,5.534618171881027,14.2266588084358,18.494663308857795,17.265358626942366,33.78979391582314,"wooden shoes, clogs"
舠,dāo,16,256,43,339,131,5.534618171881027,13.640541778874775,12.0495533678922,20.536689735205133,14.657162261499439,"long, narrow, knife-shaped boat"
貙,chū,16,35,26,28,55,5.534618171881027,1.8649178213305357,7.285776455004585,1.696245759839952,6.153770415133352,a kind of animal like a tiger
晰,xī,16,83,22,145,40,5.534618171881027,4.422519404869557,6.1648877696192645,8.784129827742607,4.475469392824256,"clear, evident"
圄,yǔ,16,73,10,54,19,5.534618171881027,3.88968574163226,2.8022217134633025,3.2713311082627645,2.1258479615915213,"prison, jail"
鹞,yào,16,105,9,81,46,5.534618171881027,5.594753463991608,2.521999542116972,4.906996662394147,5.146789801747895,sparrow hawk
嫣,yān,16,327,41,274,350,5.534618171881027,17.423660787859575,11.48910902519954,16.5989763641481,39.16035718721224,"charming, fascinating"
欷,xī,16,294,53,197,191,5.534618171881027,15.6653096991765,14.851775081355502,11.934300524588233,21.37036635073582,sob
踉,liáng,16,78,37,90,52,5.534618171881027,4.156102573250908,10.368220339814217,5.452218513771274,5.818110210671533,"hop, jump"
鹖,hé,16,55,31,200,17,5.534618171881027,2.9305851478051275,8.686887311736237,12.116041141713943,1.9020744919503088,"crossbill, species of nightingale"
裕,yù,16,308,28,154,116,5.534618171881027,16.411276827708715,7.846220797697247,9.329351679119736,12.978861239190342,"abundant, rich, plentiful"
蓊,wěng,16,120,31,95,55,5.534618171881027,6.39400395884755,8.686887311736237,5.755119542314122,6.153770415133352,luxuriant vegetation
邢,xíng,16,87,9,129,79,5.534618171881027,4.635652870164474,2.521999542116972,7.8148465364054935,8.839052050827906,surname
椰,yē,16,72,42,183,96,5.534618171881027,3.836402375308531,11.76933119654587,11.086177644668258,10.741126542778215,"palm tree, coconut palm"
刬,chǎn,16,279,29,81,139,5.534618171881027,14.866059204320557,8.126442969043577,4.906996662394147,15.55225614006429,to level off
阏,è,16,96,18,132,30,5.534618171881027,5.115203167078041,5.043999084233944,7.996587153531202,3.3566020446181923,"block, obstruct, stop up"
晻,àn,16,143,41,129,65,5.534618171881027,7.619521384293332,11.48910902519954,7.8148465364054935,7.272637763339417,unclear
劬,qú,16,231,74,284,119,5.534618171881027,12.308457620781535,20.736440679628434,17.2047784212338,13.314521443652161,"be diligent, toil, endeavor"
糺,jiū,16,8,4,18,11,5.534618171881027,0.4262669305898367,1.1208886853853208,1.0904437027542548,1.2307540830266703,to collaborate
蘧,qú,16,508,62,381,242,5.534618171881027,27.067950092454634,17.373774623472475,23.08105837496506,27.076589826586748,Dianthus superbus
诳,kuáng,16,285,16,53,43,5.534618171881027,15.185759402262933,4.483554741541283,3.210750902554195,4.811129597286075,"deceive, lie, delude, cheat"
囧,jiǒng,16,67,7,49,15,5.534618171881027,3.569985543689883,1.9615551994243117,2.968430079719916,1.6783010223090962,-
旸,yáng,16,324,48,288,107,5.534618171881027,17.263810688888388,13.45066422462385,17.447099244068077,11.971880625804886,rising sun
揣,chuāi,16,207,30,118,90,5.534618171881027,11.029656829012024,8.406665140389906,7.148464273611227,10.069806133854577,put things under clothes
酆,fēng,16,38,24,13,11,5.534618171881027,2.0247679203017244,6.725332112311925,0.7875426742114062,1.2307540830266703,Zhou-era state in modern Sichuan
诠,quán,16,166,26,240,114,5.534618171881027,8.845038809739114,7.285776455004585,14.539249370056732,12.75508776954913,"explain, expound, comment on"
崭,zhǎn,16,184,44,90,64,5.534618171881027,9.804139403566246,12.329775539238529,5.452218513771274,7.16075102851881,"high, steep, precipitous"
黻,fú,16,110,38,172,52,5.534618171881027,5.861170295610255,10.64844251116055,10.41979538187399,5.818110210671533,special pattern of embroidery
稗,bài,16,172,24,91,77,5.534618171881027,9.16473900768149,6.725332112311925,5.512798719479844,8.615278581186693,"darnels, weeds, tares small"
舣,yǐ,16,541,109,297,228,5.534618171881027,28.82630118113771,30.544216676749993,17.992321095445206,25.51017553909826,to moor a boat to the bank
蛬,qióng,16,44,9,7,13,5.534618171881027,2.344468118244102,2.521999542116972,0.424061439959988,1.4545275526678831,-
铘,yé,16,68,6,41,14,5.534618171881027,3.6232689100136124,1.6813330280779812,2.483788434051358,1.5664142874884897,sword
铨,quán,15,159,37,233,36,5.188704536138462,8.472055245473006,10.368220339814217,14.115187930096743,4.027922453541831,"weigh, measure"
翚,huī,15,248,38,123,37,5.188704536138462,13.214274848284939,10.64844251116055,7.451365302154074,4.139809188362436,pheasant
舲,líng,15,152,39,306,189,5.188704536138462,8.099071681206897,10.928664682506879,18.53754294682233,21.146592881094612,small boat with windows
猫,māo,15,275,30,113,110,5.188704536138462,14.652925739025639,8.406665140389906,6.845563245068377,12.307540830266705,cat
榱,cuī,15,141,22,108,45,5.188704536138462,7.512954651645873,6.1648877696192645,6.542662216525529,5.0349030669272885,rafter
扳,bān,15,156,45,484,44,5.188704536138462,8.312205146501816,12.60999771058486,29.32081956294774,4.923016332106681,pull
嫠,lí,15,139,33,145,89,5.188704536138462,7.406387918998413,9.247331654428898,8.784129827742607,9.957919399033969,a widow
鹴,shuāng,15,65,27,233,72,5.188704536138462,3.4634188110424233,7.5659986263509165,14.115187930096743,8.055844907083662,eagle
蘩,fán,15,88,12,144,50,5.188704536138462,4.688936236488204,3.3626660561559625,8.723549622034039,5.594336741030321,Artemisia stelleriana
蒜,suàn,15,47,5,58,143,5.188704536138462,2.504318217215291,1.4011108567316513,3.5136519310970433,15.999803079346716,garlic
喣,xǔ,15,50,14,26,3,5.188704536138462,2.6641683161864793,3.9231103988486233,1.5750853484228124,0.3356602044618192,to breathe upon
髑,dú,15,296,86,122,92,5.188704536138462,15.77187643182396,24.0991067357844,7.390785096445505,10.29357960349579,skull
剉,cuò,15,40,7,21,13,5.188704536138462,2.1313346529491835,1.9615551994243117,1.272184319879964,1.4545275526678831,"cut, file, trim"
核,hé,15,235,37,211,101,5.188704536138462,12.521591086076455,10.368220339814217,12.78242340450821,11.300560216881246,"seed, kernel, core, nut"
蹠,zhí,15,234,26,138,96,5.188704536138462,12.468307719752724,7.285776455004585,8.36006838778262,10.741126542778215,"step on, tread on"
谠,dǎng,15,138,8,73,41,5.188704536138462,7.353104552674684,2.2417773707706417,4.422355016725589,4.5873561276448624,"counsel, advice"
茭,jiāo,15,87,28,73,82,5.188704536138462,4.635652870164474,7.846220797697247,4.422355016725589,9.174712255289725,"Zizania latifolia, Manchurian wild rice"
揶,yé,15,156,13,101,86,5.188704536138462,8.312205146501816,3.6428882275022927,6.118600776565541,9.62225919457215,"make fun of, ridicule"
锻,duàn,15,219,108,102,95,5.188704536138462,11.66905722489678,30.263994505403666,6.179180982274111,10.629239807957608,forge metal
塼,zhuān,15,42,8,5,7,5.188704536138462,2.237901385596643,2.2417773707706417,0.30290102854284856,0.7832071437442448,brick
它,tā,15,1321,37,333,357,5.188704536138462,70.38732691364679,10.368220339814217,20.173208500953713,39.943564330956484,it
瘁,cuì,15,298,57,271,271,5.188704536138462,15.878443164471417,15.972663766740823,16.417235747022392,30.321305136384336,"feel tired, be weary, be worn out"
灺,xiè,15,95,31,67,218,5.188704536138462,5.061919800754311,8.686887311736237,4.058873782474171,24.391308190892197,candle-end
盎,àng,15,696,66,261,277,5.188704536138462,37.08522296131579,18.494663308857795,15.811433689936694,30.992625545307973,cup
搢,jìn,15,201,9,32,23,5.188704536138462,10.709956631069648,2.521999542116972,1.9385665826742307,2.5733949008739474,to stick into
饴,yí,15,220,33,248,144,5.188704536138462,11.72234059122051,9.247331654428898,15.023891015725289,16.111689814167324,sweet-meats
匍,pú,15,42,18,130,38,5.188704536138462,2.237901385596643,5.043999084233944,7.875426742114063,4.251695923183043,crawl
掺,càn,15,245,28,76,88,5.188704536138462,13.05442474931375,7.846220797697247,4.604095633851298,9.846032664213363,"mix, blend, adulterate"
皛,xiǎo,15,47,22,138,37,5.188704536138462,2.504318217215291,6.1648877696192645,8.36006838778262,4.139809188362436,-
俜,pīng,15,118,17,62,159,5.188704536138462,6.287437226200092,4.7637769128876135,3.755972753931322,17.78999083647642,to trust to
譊,náo,15,108,14,16,19,5.188704536138462,5.754603562962796,3.9231103988486233,0.9692832913371153,2.1258479615915213,wrangling
殳,shū,15,55,22,71,42,5.188704536138462,2.9305851478051275,6.1648877696192645,4.30119460530845,4.699242862465469,name of old weapon
撰,zhuàn,15,187,18,155,157,5.188704536138462,9.963989502537434,5.043999084233944,9.389931884828306,17.566217366835204,"compose, write, compile"
键,jiàn,15,84,19,36,64,5.188704536138462,4.475802771193286,5.324221255580275,2.1808874055085097,7.16075102851881,"door bolt, lock bolt"
粢,zī,15,124,16,33,13,5.188704536138462,6.607137424142469,4.483554741541283,1.9991467883828005,1.4545275526678831,grain offered in ritual sacrifice
醯,xī,15,286,33,119,61,5.188704536138462,15.239042768586664,9.247331654428898,7.209044479319796,6.825090824056991,vinegar
恺,kǎi,15,130,16,114,45,5.188704536138462,6.926837622084847,4.483554741541283,6.9061434507769475,5.0349030669272885,"enjoy, be contented, joyful"
殽,xiáo,15,213,41,143,34,5.188704536138462,11.349357026954404,11.48910902519954,8.662969416325469,3.8041489839006175,"mixed up, confused"
肴,yáo,15,383,52,185,87,5.188704536138462,20.407529301988436,14.57155291000917,11.207338056085396,9.734145929392758,cooked or prepared meat
暍,yē,15,156,29,60,27,5.188704536138462,8.312205146501816,8.126442969043577,3.634812342514183,3.0209418401563726,sunstroke
媛,yuàn,15,64,22,127,91,5.188704536138462,3.410135444718694,6.1648877696192645,7.6936861249883535,10.181692868675182,"beauty, beautiful woman"
鬯,chàng,15,118,10,88,40,5.188704536138462,6.287437226200092,2.8022217134633025,5.331058102354135,4.475469392824256,sacrificial wine
袷,jiá,15,37,8,127,131,5.188704536138462,1.971484553977995,2.2417773707706417,7.6936861249883535,14.657162261499439,lined garment
督,dū,15,502,74,358,242,5.188704536138462,26.748249894512256,20.736440679628434,21.68771364366796,27.076589826586748,"supervise, oversee, direct"
剔,tī,15,320,94,231,378,5.188704536138462,17.050677223593468,26.34088410655504,13.994027518679603,42.293185762189225,pick out
钲,zhēng,15,198,28,133,111,5.188704536138462,10.550106532098459,7.846220797697247,8.057167359239772,12.419427565087311,kind of gong used in ancient times by troops on the march
觱,bì,15,56,20,109,61,5.188704536138462,2.9838685141288575,5.604443426926605,6.603242422234098,6.825090824056991,tartar horn
跛,bǒ,15,354,38,120,98,5.188704536138462,18.86231167860028,10.64844251116055,7.269624685028366,10.964900012419427,lame
贩,fàn,15,177,87,130,138,5.188704536138462,9.43115583930014,24.37932890713073,7.875426742114063,15.440369405243683,"peddler, hawker, street merchant"
囹,líng,15,77,9,57,23,5.188704536138462,4.102819206927179,2.521999542116972,3.4530717253884737,2.5733949008739474,"prison, enclosure"
崤,xiáo,15,51,13,100,39,5.188704536138462,2.7174516825102093,3.6428882275022927,6.058020570856971,4.36358265800365,mountain in Henan
酱,jiàng,15,173,17,65,96,5.188704536138462,9.21802237400522,4.7637769128876135,3.9377133710570313,10.741126542778215,any jam-like or paste-like food
糜,mí,15,361,55,268,181,5.188704536138462,19.235295242866385,15.412219424048162,16.235495129896684,20.25149900252976,"rice gruel, congee"
桄,guāng,15,107,18,161,90,5.188704536138462,5.701320196639067,5.043999084233944,9.753413119079722,10.069806133854577,a coir-palm
薨,hōng,15,64,16,44,23,5.188704536138462,3.410135444718694,4.483554741541283,2.6655290511770673,2.5733949008739474,death of prince
蚓,yǐn,15,349,47,138,120,5.188704536138462,18.595894846981626,13.17044205327752,8.36006838778262,13.42640817847277,earthworm
篚,fěi,15,104,20,125,38,5.188704536138462,5.541470097667878,5.604443426926605,7.572525713571214,4.251695923183043,round or oval covered-baskets with short legs
诲,huì,15,254,20,144,56,5.188704536138462,13.533975046227317,5.604443426926605,8.723549622034039,6.265657149953959,"teach, instruct"
詹,zhān,15,121,11,143,88,5.188704536138462,6.447287325171281,3.0824438848096323,8.662969416325469,9.846032664213363,surname
庠,xiáng,15,300,43,132,47,5.188704536138462,15.985009897118879,12.0495533678922,7.996587153531202,5.258676536568501,village school
镬,huò,15,169,14,55,35,5.188704536138462,9.004888908710301,3.9231103988486233,3.331911313971334,3.9160357187212242,"cauldron, large iron pot"
庳,bì,15,36,5,15,12,5.188704536138462,1.9182011876542655,1.4011108567316513,0.9087030856285457,1.3426408178472768,a low-built house
槲,hú,15,94,29,47,45,5.188704536138462,5.008636434430582,8.126442969043577,2.8472696683027765,5.0349030669272885,type of oak
髅,lóu,15,323,130,156,117,5.188704536138462,17.21052732256466,36.42888227502293,9.450512090536876,13.09074797401095,skull
嘻,xī,15,227,24,154,149,5.188704536138462,12.095324155486617,6.725332112311925,9.329351679119736,16.671123488270354,"mirthful, happy"
枰,píng,15,475,49,384,223,5.188704536138462,25.309599003771556,13.730886395970181,23.26279899209077,24.950741864995226,smooth board
鹔,sù,15,46,21,199,42,5.188704536138462,2.4510348508915616,5.884665598272935,12.055460936005373,4.699242862465469,turquoise kingfisher
倜,tì,15,64,22,92,54,5.188704536138462,3.410135444718694,6.1648877696192645,5.573378925188414,6.041883680312745,raise high
樛,jiū,15,167,36,153,51,5.188704536138462,8.898322176062841,10.087998168467887,9.268771473411165,5.706223475850927,"bending branches, bent limbs"
鸧,cāng,15,57,11,74,29,5.188704536138462,3.037151880452587,3.0824438848096323,4.4829352224341585,3.2447153097975856,oriole
堡,bǎo,15,47,22,91,77,5.188704536138462,2.504318217215291,6.1648877696192645,5.512798719479844,8.615278581186693,"fort, fortress"
醲,nóng,15,172,23,84,54,5.188704536138462,9.16473900768149,6.445109940965595,5.088737279519856,6.041883680312745,strong wine
胼,pián,15,45,16,70,44,5.188704536138462,2.3977514845678316,4.483554741541283,4.240614399599879,4.923016332106681,"callus, calluses"
蓐,rù,15,132,23,87,47,5.188704536138462,7.033404354732307,6.445109940965595,5.270477896645565,5.258676536568501,straw bed mat
琮,cóng,14,160,22,97,80,4.842790900395898,8.525338611796734,6.1648877696192645,5.876279953731261,8.950938785648512,octagonal piece of jade with hole in middle
芃,péng,14,142,56,219,61,4.842790900395898,7.566238017969602,15.692441595394493,13.267065050176768,6.825090824056991,luxuriant growth
湔,jiān,14,320,41,118,223,4.842790900395898,17.050677223593468,11.48910902519954,7.148464273611227,24.950741864995226,"wash, cleanse"
澶,chán,14,79,8,51,38,4.842790900395898,4.209385939574638,2.2417773707706417,3.0895904911370553,4.251695923183043,"still water, placid, tranquil"
玠,jiè,14,36,4,36,19,4.842790900395898,1.9182011876542655,1.1208886853853208,2.1808874055085097,2.1258479615915213,large jade tablet used by officials at court to indicate their ranks
椠,qiàn,14,125,22,130,91,4.842790900395898,6.660420790466199,6.1648877696192645,7.875426742114063,10.181692868675182,wooden tablet
氐,dī,14,56,7,47,34,4.842790900395898,2.9838685141288575,1.9615551994243117,2.8472696683027765,3.8041489839006175,name of an ancient tribe
纁,xūn,14,38,8,93,22,4.842790900395898,2.0247679203017244,2.2417773707706417,5.633959130896983,2.4615081660533407,"light red, pink"
俪,lì,14,136,33,134,95,4.842790900395898,7.246537820027225,9.247331654428898,8.117747564948342,10.629239807957608,"spouse, couple, pair"
侪,chái,14,684,86,292,491,4.842790900395898,36.44582256543104,24.0991067357844,17.689420066902358,54.93638679691774,"a company, companion"
姨,yí,14,124,39,150,174,4.842790900395898,6.607137424142469,10.928664682506879,9.087030856285457,19.468291858785516,mother/wife's sister
挝,wō,14,274,85,281,197,4.842790900395898,14.599642372701908,23.81888456443807,17.02303780410809,22.04168675965946,to beat
璿,xuán,14,88,15,102,24,4.842790900395898,4.688936236488204,4.203332570194953,6.179180982274111,2.6852816356945537,fine jade
殄,tiǎn,14,188,40,106,80,4.842790900395898,10.017272868861165,11.20888685385321,6.42150180510839,8.950938785648512,to end
醨,lí,14,163,10,52,32,4.842790900395898,8.685188710767923,2.8022217134633025,3.150170696845625,3.580375514259405,dregs of wine
菹,jū,14,176,26,79,49,4.842790900395898,9.377872472976408,7.285776455004585,4.785836250977008,5.482450006209714,salted or pickled vegetables
赜,zé,14,44,9,34,7,4.842790900395898,2.344468118244102,2.521999542116972,2.05972699409137,0.7832071437442448,"abstruse, deep, profound"
轗,kǎn,14,35,14,54,42,4.842790900395898,1.8649178213305357,3.9231103988486233,3.2713311082627645,4.699242862465469,fail
掞,shàn,14,70,14,82,28,4.842790900395898,3.7298356426610715,3.9231103988486233,4.967576868102716,3.1328285749769793,"easy, smooth"
跹,xiān,14,240,54,287,151,4.842790900395898,12.7880079176951,15.131997252701833,17.38651903835951,16.89489695791157,"wander about, walk around"
泚,cǐ,14,498,77,242,97,4.842790900395898,26.535116429217336,21.57710719366743,14.66040978147387,10.853013277598821,clear
耄,mào,14,388,37,144,125,4.842790900395898,20.673946133607082,10.368220339814217,8.723549622034039,13.9858418525758,elderly person
僶,mǐn,14,16,10,31,2,4.842790900395898,0.8525338611796734,2.8022217134633025,1.877986376965661,0.2237734696412128,forcefully
叵,pǒ,14,257,43,215,122,4.842790900395898,13.693825145198506,12.0495533678922,13.024744227342488,13.650181648113982,"cannot, be unable do, improbable"
咛,níng,14,111,25,116,82,4.842790900395898,5.914453661933985,7.005554283658255,7.027303862194087,9.174712255289725,"enjoin, instruct"
傞,suō,14,41,12,44,19,4.842790900395898,2.1846180192729134,3.3626660561559625,2.6655290511770673,2.1258479615915213,unsteady
澡,zǎo,14,159,19,43,54,4.842790900395898,8.472055245473006,5.324221255580275,2.6049488454684977,6.041883680312745,"wash, bathe"
柑,gān,14,381,80,380,254,4.842790900395898,20.300962569340975,22.41777370770642,23.02047816925649,28.419230644434027,"tangerine, loose-skinned orange"
恽,yùn,14,62,1,11,32,4.842790900395898,3.3035687120712347,0.2802221713463302,0.6663822627942668,3.580375514259405,"devise, plan, deliberate"
蔑,miè,14,106,22,109,53,4.842790900395898,5.648036830315337,6.1648877696192645,6.603242422234098,5.929996945492139,"disdain, disregard"
钤,qián,14,87,22,138,128,4.842790900395898,4.635652870164474,6.1648877696192645,8.36006838778262,14.32150205703762,"lock, latch"
纥,gē,14,19,27,74,62,4.842790900395898,1.0123839601508622,7.5659986263509165,4.4829352224341585,6.936977558877597,inferior silk
跌,diē,14,260,26,165,209,4.842790900395898,13.853675244169693,7.285776455004585,9.995733941914002,23.38432757750674,"stumble, slip, fall down"
雘,wò,14,62,13,46,22,4.842790900395898,3.3035687120712347,3.6428882275022927,2.786689462594207,2.4615081660533407,dye made from red soil
锢,gù,14,75,24,117,95,4.842790900395898,3.9962524742797196,6.725332112311925,7.087884067902656,10.629239807957608,run metal into cracks
詈,lì,14,37,11,53,66,4.842790900395898,1.971484553977995,3.0824438848096323,3.210750902554195,7.384524498160023,"scold, abuse verbally, curse"
籯,yíng,14,204,15,95,45,4.842790900395898,10.869806730040837,4.203332570194953,5.755119542314122,5.0349030669272885,bamboo chest
嗢,wà,14,12,4,5,9,4.842790900395898,0.6394003958847552,1.1208886853853208,0.30290102854284856,1.0069806133854577,"a loud, prolonged laugh"
脯,pú,14,203,59,251,126,4.842790900395898,10.816523363717108,16.533108109433485,15.205631632850997,14.097728587396407,dried meat
穟,suì,14,100,9,16,14,4.842790900395898,5.328336632372959,2.521999542116972,0.9692832913371153,1.5664142874884897,ear of grain
昃,zè,14,108,23,123,49,4.842790900395898,5.754603562962796,6.445109940965595,7.451365302154074,5.482450006209714,afternoon
筜,dāng,14,109,59,207,64,4.842790900395898,5.807886929286525,16.533108109433485,12.540102581673931,7.16075102851881,tall bamboo
孛,bèi,14,32,5,29,25,4.842790900395898,1.705067722359347,1.4011108567316513,1.7568259655485217,2.7971683705151604,comet
栴,zhān,14,52,2,15,16,4.842790900395898,2.770735048833939,0.5604443426926604,0.9087030856285457,1.7901877571297025,sandalwood
髫,tiáo,14,159,40,241,181,4.842790900395898,8.472055245473006,11.20888685385321,14.5998295757653,20.25149900252976,children's hair style
鈇,fū,14,46,12,37,12,4.842790900395898,2.4510348508915616,3.3626660561559625,2.2414676112170793,1.3426408178472768,an ax
犒,kào,14,44,7,52,38,4.842790900395898,2.344468118244102,1.9615551994243117,3.150170696845625,4.251695923183043,entertain victorious soldiers
筼,yún,14,117,66,204,75,4.842790900395898,6.234153859876362,18.494663308857795,12.358361964548221,8.39150511154548,tall bamboo
噤,jìn,14,216,25,101,129,4.842790900395898,11.509207125925592,7.005554283658255,6.118600776565541,14.433388791858226,close
訾,zī,14,87,14,103,86,4.842790900395898,4.635652870164474,3.9231103988486233,6.23976118798268,9.62225919457215,bad-mouth
哢,lòng,14,165,17,84,51,4.842790900395898,8.791755443415383,4.7637769128876135,5.088737279519856,5.706223475850927,syllable
牝,pìn,14,136,92,235,74,4.842790900395898,7.246537820027225,25.78043976386238,14.236348341513882,8.279618376724873,female of species
琚,jū,14,198,44,187,69,4.842790900395898,10.550106532098459,12.329775539238529,11.328498467502536,7.720184702621841,girdle ornaments
浒,hǔ,14,148,48,263,67,4.842790900395898,7.88593821591198,13.45066422462385,15.932594101353835,7.496411232980629,"riverbank, shore"
睽,kuí,14,144,27,105,71,4.842790900395898,7.672804750617062,7.5659986263509165,6.36092159939982,7.943958172263055,to squint
矍,jué,14,272,61,168,136,4.842790900395898,14.49307564005445,17.093552452126143,10.177474559039712,15.21659593560247,look about in fright or alarm
铗,jiá,14,375,88,590,216,4.842790900395898,19.981262371398596,24.659551078477058,35.74232136805613,24.16753472125098,"tongs, pincers"
绻,quǎn,14,171,48,348,141,4.842790900395898,9.11145564135776,13.45066422462385,21.08191158658226,15.776029609705501,"affectionate, solicitous"
谖,xuān,14,70,27,186,30,4.842790900395898,3.7298356426610715,7.5659986263509165,11.267918261793966,3.3566020446181923,forget
饬,chì,14,121,25,127,53,4.842790900395898,6.447287325171281,7.005554283658255,7.6936861249883535,5.929996945492139,order
妪,yù,14,185,37,126,109,4.842790900395898,9.857422769889974,10.368220339814217,7.633105919279784,12.195654095446098,"old woman, hag"
唼,shà,14,50,19,92,78,4.842790900395898,2.6641683161864793,5.324221255580275,5.573378925188414,8.7271653160073,speaking evil
黥,qíng,14,120,20,30,32,4.842790900395898,6.39400395884755,5.604443426926605,1.8174061712570915,3.580375514259405,to tattoo
斿,yóu,14,69,13,90,28,4.842790900395898,3.676552276337342,3.6428882275022927,5.452218513771274,3.1328285749769793,to swim
豗,huī,14,174,26,127,115,4.842790900395898,9.271305740328948,7.285776455004585,7.6936861249883535,12.866974504369738,clamor
菅,jiān,14,206,49,110,57,4.842790900395898,10.976373462688297,13.730886395970181,6.663822627942668,6.377543884774565,"coarse grass, Themedia forskalii"
挲,sā,14,688,153,435,557,4.842790900395898,36.65895603072596,42.87399221598852,26.352389483227824,62.32091129507777,to feel or fondle with the fingers
侏,zhū,14,175,30,137,101,4.842790900395898,9.32458910665268,8.406665140389906,8.29948818207405,11.300560216881246,"small, little, tiny, dwarf"
桷,jué,14,128,11,85,42,4.842790900395898,6.820270889437388,3.0824438848096323,5.149317485228426,4.699242862465469,rafter
瘳,chōu,14,275,35,120,41,4.842790900395898,14.652925739025639,9.807775997121558,7.269624685028366,4.5873561276448624,to be healed
需,xū,14,375,103,610,291,4.842790900395898,19.981262371398596,28.86288364867201,36.953925482227525,32.559039832796465,"need, require, must"
摈,bìn,13,65,8,49,26,4.496877264653334,3.4634188110424233,2.2417773707706417,2.968430079719916,2.9090551053357663,"exclude, expel, reject"
莅,lì,13,60,14,78,65,4.496877264653334,3.197001979423775,3.9231103988486233,4.725256045268438,7.272637763339417,"attend, be present"
湎,miǎn,13,48,9,64,19,4.496877264653334,2.5576015835390207,2.521999542116972,3.8771331653484613,2.1258479615915213,"flushed with drink, drunk"
嶓,bō,13,50,3,36,21,4.496877264653334,2.6641683161864793,0.8406665140389906,2.1808874055085097,2.3496214312327344,"Boshan, mountain in Shaanxi"
摭,zhí,13,49,10,24,29,4.496877264653334,2.6108849498627498,2.8022217134633025,1.453924937005673,3.2447153097975856,"pick up, gather"
秧,yāng,13,936,95,249,311,4.496877264653334,49.8732308790109,26.621106277901372,15.084471221433859,34.79677452920859,"rice seedlings, young rice plants"
渑,miǎn,13,158,40,249,60,4.496877264653334,8.418771879149276,11.20888685385321,15.084471221433859,6.713204089236385,name of a river in Shandong
簏,lù,13,49,5,39,64,4.496877264653334,2.6108849498627498,1.4011108567316513,2.362628022634219,7.16075102851881,"a box, a basket"
鲠,gěng,13,181,18,62,42,4.496877264653334,9.644289304595057,5.043999084233944,3.755972753931322,4.699242862465469,fish bones
麑,ní,13,52,12,45,7,4.496877264653334,2.770735048833939,3.3626660561559625,2.726109256885637,0.7832071437442448,"fawn, young deer"
畤,zhì,13,80,23,126,35,4.496877264653334,4.262669305898367,6.445109940965595,7.633105919279784,3.9160357187212242,place for worshipping heaven
鼐,nài,13,201,29,121,39,4.496877264653334,10.709956631069648,8.126442969043577,7.330204890736935,4.36358265800365,incense tripod
漕,cáo,13,242,63,286,68,4.496877264653334,12.894574650342562,17.653996794818802,17.325938832650937,7.608297967801235,transport by water
纽,niǔ,13,122,41,121,97,4.496877264653334,6.50057069149501,11.48910902519954,7.330204890736935,10.853013277598821,knot
璅,suǒ,13,9,2,26,25,4.496877264653334,0.4795502969135664,0.5604443426926604,1.5750853484228124,2.7971683705151604,gem
筏,fá,13,79,11,193,76,4.496877264653334,4.209385939574638,3.0824438848096323,11.691979701753954,8.503391846366085,raft
洟,tì,13,81,5,44,35,4.496877264653334,4.315952672222097,1.4011108567316513,2.6655290511770673,3.9160357187212242,"snivel, mucus from nose"
韭,jiǔ,13,387,76,229,172,4.496877264653334,20.620662767283353,21.2968850223211,13.872867107262465,19.2445183891443,"scallion, leek"
很,hěn,13,32,7,8,24,4.496877264653334,1.705067722359347,1.9615551994243117,0.48464164566855766,2.6852816356945537,"very, quite, much"
腓,féi,13,52,15,85,26,4.496877264653334,2.770735048833939,4.203332570194953,5.149317485228426,2.9090551053357663,calf
阇,dū,13,137,18,73,46,4.496877264653334,7.299821186350954,5.043999084233944,4.422355016725589,5.146789801747895,a Buddhist high priest
瘢,bān,13,136,14,62,78,4.496877264653334,7.246537820027225,3.9231103988486233,3.755972753931322,8.7271653160073,"scar, mole"
捩,liè,13,169,28,115,65,4.496877264653334,9.004888908710301,7.846220797697247,6.966723656485517,7.272637763339417,twist with hands
悖,bèi,13,61,19,55,34,4.496877264653334,3.250285345747505,5.324221255580275,3.331911313971334,3.8041489839006175,"be contradictory to, go counter"
璁,cōng,13,77,15,26,42,4.496877264653334,4.102819206927179,4.203332570194953,1.5750853484228124,4.699242862465469,turquoise
簦,dēng,13,81,23,75,40,4.496877264653334,4.315952672222097,6.445109940965595,4.543515428142729,4.475469392824256,"large umbrella with a long handle, used for street stalls"
篥,lì,13,9,13,83,72,4.496877264653334,0.4795502969135664,3.6428882275022927,5.028157073811286,8.055844907083662,bugle
艅,yú,13,30,1,26,14,4.496877264653334,1.5985009897118876,0.2802221713463302,1.5750853484228124,1.5664142874884897,a despatch boat
企,qǐ,13,229,61,268,142,4.496877264653334,12.201890888134075,17.093552452126143,16.235495129896684,15.88791634452611,plan a project
鬃,zōng,13,44,12,65,28,4.496877264653334,2.344468118244102,3.3626660561559625,3.9377133710570313,3.1328285749769793,mane
醢,hǎi,13,100,34,73,71,4.496877264653334,5.328336632372959,9.527553825775227,4.422355016725589,7.943958172263055,minced pickled meat
剸,tuán,13,130,20,59,29,4.496877264653334,6.926837622084847,5.604443426926605,3.5742321368056134,3.2447153097975856,cut
偪,bī,13,219,33,99,102,4.496877264653334,11.66905722489678,9.247331654428898,5.997440365148401,11.412446951701854,"compel, pressure, force"
菉,lù,13,25,11,139,35,4.496877264653334,1.3320841580932397,3.0824438848096323,8.42064859349119,3.9160357187212242,the green bamboo
隧,suì,13,132,28,116,44,4.496877264653334,7.033404354732307,7.846220797697247,7.027303862194087,4.923016332106681,"tunnel, underground passageway, path to a tomb"
橛,jué,13,189,10,49,30,4.496877264653334,10.070556235184892,2.8022217134633025,2.968430079719916,3.3566020446181923,"a post, a stake"
陁,tuó,13,69,17,28,12,4.496877264653334,3.676552276337342,4.7637769128876135,1.696245759839952,1.3426408178472768,"a steep bank, a declivity"
钜,jù,13,295,65,282,155,4.496877264653334,15.718593065500231,18.214441137511464,17.083618009816657,17.342443897193995,"steel, iron"
咀,jǔ,13,331,39,127,72,4.496877264653334,17.636794253154495,10.928664682506879,7.6936861249883535,8.055844907083662,suck
戡,kān,13,60,20,71,96,4.496877264653334,3.197001979423775,5.604443426926605,4.30119460530845,10.741126542778215,"subjugate, subdue, quell"
膊,bó,13,105,10,54,51,4.496877264653334,5.594753463991608,2.8022217134633025,3.2713311082627645,5.706223475850927,"shoulders, upper arms"
豳,bīn,13,197,30,142,93,4.496877264653334,10.49682316577473,8.406665140389906,8.6023892106169,10.405466338316394,a Zhou-dynasty state
喙,huì,13,340,39,144,89,4.496877264653334,18.116344550068064,10.928664682506879,8.723549622034039,9.957919399033969,"beak, bill, snout"
丕,pī,13,297,41,110,37,4.496877264653334,15.825159798147688,11.48910902519954,6.663822627942668,4.139809188362436,"great, grand, glorious, distinguished"
诟,gòu,13,90,12,57,53,4.496877264653334,4.795502969135663,3.3626660561559625,3.4530717253884737,5.929996945492139,"abuse, scold, berate, insult"
筛,shāi,13,272,30,96,158,4.496877264653334,14.49307564005445,8.406665140389906,5.815699748022692,17.678104101655812,"sieve, filter, screen"
搭,dā,13,216,30,52,51,4.496877264653334,11.509207125925592,8.406665140389906,3.150170696845625,5.706223475850927,"join together, attach to"
瘠,jí,13,380,44,171,173,4.496877264653334,20.247679203017245,12.329775539238529,10.35921517616542,19.356405123964908,"thin, emaciated"
禳,ráng,13,114,18,42,46,4.496877264653334,6.074303760905174,5.043999084233944,2.544368639759928,5.146789801747895,"pray or sacrifice, exorcise"
摽,biāo,13,55,5,95,22,4.496877264653334,2.9305851478051275,1.4011108567316513,5.755119542314122,2.4615081660533407,throw out
砑,yà,13,61,13,72,152,4.496877264653334,3.250285345747505,3.6428882275022927,4.361774811017019,17.00678369273217,"to grind, to calender, to polish"
矮,ǎi,13,352,77,210,204,4.496877264653334,18.755744945952816,21.57710719366743,12.72184319879964,22.82489390340371,"short, dwarf"
箠,chuí,13,293,57,87,53,4.496877264653334,15.612026332852771,15.972663766740823,5.270477896645565,5.929996945492139,horse whip
莳,shí,13,177,19,65,64,4.496877264653334,9.43115583930014,5.324221255580275,3.9377133710570313,7.16075102851881,transplant
瀁,yàng,13,40,29,63,42,4.496877264653334,2.1313346529491835,8.126442969043577,3.816552959639892,4.699242862465469,"waves, ripples, rapids"
疋,pǐ,13,170,35,301,23,4.496877264653334,9.058172275034032,9.807775997121558,18.234641918279483,2.5733949008739474,"roll, bolt of cloth"
捽,zuó,13,40,4,4,8,4.496877264653334,2.1313346529491835,1.1208886853853208,0.24232082283427883,0.8950938785648512,"clutch, grasp"
缱,qiǎn,13,163,46,302,132,4.496877264653334,8.685188710767923,12.89021988193119,18.295222123988054,14.769048996320047,"attached to, inseparable"
檠,qíng,13,858,90,293,366,4.496877264653334,45.717128305759985,25.21999542116972,17.750000272610926,40.95054494434194,stand for lamp
猾,huá,13,78,16,43,33,4.496877264653334,4.156102573250908,4.483554741541283,2.6049488454684977,3.6922622490800117,"crafty, cunning, shrewd"
镰,lián,13,201,24,110,58,4.496877264653334,10.709956631069648,6.725332112311925,6.663822627942668,6.489430619595171,sickle
颉,jié,13,233,50,210,121,4.496877264653334,12.415024353428995,14.01110856731651,12.72184319879964,13.538294913293374,"fly upward, soar"
靃,huò,13,7,3,2,6,4.496877264653334,0.3729835642661072,0.8406665140389906,0.12116041141713942,0.6713204089236384,-
叆,ài,13,78,24,114,69,4.496877264653334,4.156102573250908,6.725332112311925,6.9061434507769475,7.720184702621841,cloudy sky
糁,sǎn,13,592,47,137,188,4.496877264653334,31.54375286364792,13.17044205327752,8.29948818207405,21.034706146274004,a grain of rice
觚,gū,13,394,90,301,303,4.496877264653334,20.99364633154946,25.21999542116972,18.234641918279483,33.90168065064374,"jug, winecup, goblet"
赩,xì,13,18,9,21,23,4.496877264653334,0.9591005938271328,2.521999542116972,1.272184319879964,2.5733949008739474,-
隤,tuí,13,138,6,77,50,4.496877264653334,7.353104552674684,1.6813330280779812,4.664675839559868,5.594336741030321,to fall in ruins
技,jì,13,576,107,565,421,4.496877264653334,30.691219002468248,29.983772334057335,34.22781622534189,47.1043153594753,"skill, ability, talent, ingenuity"
浍,huì,13,115,19,47,27,4.496877264653334,6.127587127228903,5.324221255580275,2.8472696683027765,3.0209418401563726,"irrigation ditch, trench"
壬,rén,12,196,33,109,83,4.15096362891077,10.443539799450999,9.247331654428898,6.603242422234098,9.286598990110331,ninth heavenly stem
溥,pǔ,12,143,39,108,59,4.15096362891077,7.619521384293332,10.928664682506879,6.542662216525529,6.6013173544157775,"big, great, vast, wide"
靸,sǎ,12,18,2,10,9,4.15096362891077,0.9591005938271328,0.5604443426926604,0.6058020570856971,1.0069806133854577,a child's shoes
涿,zhuō,12,40,21,92,32,4.15096362891077,2.1313346529491835,5.884665598272935,5.573378925188414,3.580375514259405,"drip, dribble, trickle"
搓,cuō,12,79,8,40,214,4.15096362891077,4.209385939574638,2.2417773707706417,2.4232082283427885,23.94376125160977,to rub or roll between the hands
龉,yǔ,12,181,14,54,41,4.15096362891077,9.644289304595057,3.9231103988486233,3.2713311082627645,4.5873561276448624,uneven teeth
轶,yì,12,183,29,183,171,4.15096362891077,9.750856037242515,8.126442969043577,11.086177644668258,19.132631654323696,rush forth
繄,yī,12,225,33,130,82,4.15096362891077,11.988757422839159,9.247331654428898,7.875426742114063,9.174712255289725,be
酋,qiú,12,147,26,193,127,4.15096362891077,7.83265484958825,7.285776455004585,11.691979701753954,14.209615322217013,"chief of tribe, chieftain"
龊,chuò,12,249,15,181,77,4.15096362891077,13.267558214608668,4.203332570194953,10.965017233251118,8.615278581186693,"narrow, small"
踠,wǎn,12,30,4,29,69,4.15096362891077,1.5985009897118876,1.1208886853853208,1.7568259655485217,7.720184702621841,"to writhe, struggle, squirm, wriggle"
缔,dì,12,131,18,162,119,4.15096362891077,6.980120988408577,5.043999084233944,9.813993324788294,13.314521443652161,"tie, join, connect"
抡,lūn,12,124,28,232,62,4.15096362891077,6.607137424142469,7.846220797697247,14.054607724388173,6.936977558877597,"swing, brandish, flourish"
郴,chēn,12,133,3,44,15,4.15096362891077,7.086687721056036,0.8406665140389906,2.6655290511770673,1.6783010223090962,county in Hunan province
憨,hān,12,234,54,192,220,4.15096362891077,12.468307719752724,15.131997252701833,11.631399496045384,24.61508166053341,"foolish, silly, coquettish"
蚯,qiū,12,103,10,34,21,4.15096362891077,5.488186731344149,2.8022217134633025,2.05972699409137,2.3496214312327344,earthworm
蝎,xiē,12,90,8,53,115,4.15096362891077,4.795502969135663,2.2417773707706417,3.210750902554195,12.866974504369738,scorpion
骘,zhì,12,51,9,25,19,4.15096362891077,2.7174516825102093,2.521999542116972,1.5145051427142429,2.1258479615915213,stallion
邴,bǐng,12,75,2,68,28,4.15096362891077,3.9962524742797196,0.5604443426926604,4.11945398818274,3.1328285749769793,"name of a city in the ancient state of Song, in what is now Shandong"
怖,bù,12,240,17,155,147,4.15096362891077,12.7880079176951,4.7637769128876135,9.389931884828306,16.44735001862914,"terror, fear"
瞒,mán,12,606,68,182,197,4.15096362891077,32.28971999218014,19.055107651550454,11.025597438959688,22.04168675965946,"deceive, lie"
勍,qíng,12,129,18,70,15,4.15096362891077,6.873554255761118,5.043999084233944,4.240614399599879,1.6783010223090962,"strong, powerful, mighty"
骕,sù,12,53,15,66,15,4.15096362891077,2.8240184151576684,4.203332570194953,3.998293576765601,1.6783010223090962,name of a famous horse
垦,kěn,12,102,28,60,44,4.15096362891077,5.434903365020419,7.846220797697247,3.634812342514183,4.923016332106681,"cultivate, reclaim, to farm land"
泡,pào,12,167,10,158,147,4.15096362891077,8.898322176062841,2.8022217134633025,9.571672501954016,16.44735001862914,"bubbles, suds"
鷇,kòu,12,38,19,63,35,4.15096362891077,2.0247679203017244,5.324221255580275,3.816552959639892,3.9160357187212242,"chicks, fledglings"
栝,guā,12,66,24,82,75,4.15096362891077,3.5167021773661533,6.725332112311925,4.967576868102716,8.39150511154548,a builder's frame for measuring
醽,líng,12,190,31,123,94,4.15096362891077,10.123839601508623,8.686887311736237,7.451365302154074,10.517353073137002,kind of wine
槟,bīn,12,107,51,205,125,4.15096362891077,5.701320196639067,14.291330738662841,12.418942170256791,13.9858418525758,"betel-nut, areca nut"
盻,xì,12,53,26,368,37,4.15096362891077,2.8240184151576684,7.285776455004585,22.293515700753655,4.139809188362436,glare
届,jiè,12,87,9,195,142,4.15096362891077,4.635652870164474,2.521999542116972,11.813140113171094,15.88791634452611,"numerary adjunct for time, term"
峋,xún,12,275,68,528,232,4.15096362891077,14.652925739025639,19.055107651550454,31.986348614124807,25.957722478380685,ranges of hills stretching on beyond another irregular peaks
跗,fū,12,100,13,31,39,4.15096362891077,5.328336632372959,3.6428882275022927,1.877986376965661,4.36358265800365,the instep
吮,shǔn,12,69,18,76,105,4.15096362891077,3.676552276337342,5.043999084233944,4.604095633851298,11.748107156163673,"suck with mouth, sip, lick"
簴,jù,12,44,14,31,9,4.15096362891077,2.344468118244102,3.9231103988486233,1.877986376965661,1.0069806133854577,-
顼,xū,12,12,9,16,17,4.15096362891077,0.6394003958847552,2.521999542116972,0.9692832913371153,1.9020744919503088,grieved
颣,lèi,12,90,2,6,5,4.15096362891077,4.795502969135663,0.5604443426926604,0.36348123425141826,0.559433674103032,knot
掊,póu,12,26,9,29,28,4.15096362891077,1.3853675244169694,2.521999542116972,1.7568259655485217,3.1328285749769793,to extract
啅,zhuó,12,85,2,30,29,4.15096362891077,4.529086137517016,0.5604443426926604,1.8174061712570915,3.2447153097975856,-
脏,zàng,12,261,41,198,75,4.15096362891077,13.906958610493424,11.48910902519954,11.994880730296803,8.39150511154548,"internal organs, viscera"
溽,rù,12,202,44,197,102,4.15096362891077,10.763239997393377,12.329775539238529,11.934300524588233,11.412446951701854,"moist, humid, muggy"
眦,zì,12,148,33,168,108,4.15096362891077,7.88593821591198,9.247331654428898,10.177474559039712,12.08376736062549,"corner of the eyes, eye sockets"
硗,qiāo,12,135,23,70,52,4.15096362891077,7.193254453703495,6.445109940965595,4.240614399599879,5.818110210671533,barren land
蟒,mǎng,12,42,7,61,47,4.15096362891077,2.237901385596643,1.9615551994243117,3.6953925482227525,5.258676536568501,"python, boa constrictor"
炜,wěi,12,157,21,69,15,4.15096362891077,8.365488512825547,5.884665598272935,4.18003419389131,1.6783010223090962,brilliant red
骦,shuāng,12,58,15,68,19,4.15096362891077,3.0904352467763165,4.203332570194953,4.11945398818274,2.1258479615915213,horse
嵫,zī,12,62,9,84,53,4.15096362891077,3.3035687120712347,2.521999542116972,5.088737279519856,5.929996945492139,a hill in Shantung
惫,bèi,12,166,11,95,71,4.15096362891077,8.845038809739114,3.0824438848096323,5.755119542314122,7.943958172263055,"tired, weary, fatigued"
伧,cāng,12,131,18,59,100,4.15096362891077,6.980120988408577,5.043999084233944,3.5742321368056134,11.188673482060642,"vulgar person, country man"
苴,jū,12,233,38,159,89,4.15096362891077,12.415024353428995,10.64844251116055,9.632252707662584,9.957919399033969,sackcloth
袋,dài,12,316,22,59,55,4.15096362891077,16.83754375829855,6.1648877696192645,3.5742321368056134,6.153770415133352,"pocket, bag, sack, pouch"
纣,zhòu,12,47,5,34,20,4.15096362891077,2.504318217215291,1.4011108567316513,2.05972699409137,2.237734696412128,name of an emperor
膜,mó,12,193,17,41,59,4.15096362891077,10.283689700479812,4.7637769128876135,2.483788434051358,6.6013173544157775,membrane
娩,miǎn,12,110,18,38,24,4.15096362891077,5.861170295610255,5.043999084233944,2.302047816925649,2.6852816356945537,give birth child
蔫,niān,12,91,13,33,70,4.15096362891077,4.848786335459392,3.6428882275022927,1.9991467883828005,7.8320714374424485,"withered, faded, decayed"
嚇,xià,12,162,15,115,52,4.15096362891077,8.631905344444194,4.203332570194953,6.966723656485517,5.818110210671533,"scare, frighten"
瓷,cí,12,176,15,91,166,4.15096362891077,9.377872472976408,4.203332570194953,5.512798719479844,18.573197980220662,"crockery, porcelain, chinaware"
秕,bǐ,12,193,26,121,116,4.15096362891077,10.283689700479812,7.285776455004585,7.330204890736935,12.978861239190342,"empty grain or rice husk, chaff"
縆,gēng,12,36,16,33,60,4.15096362891077,1.9182011876542655,4.483554741541283,1.9991467883828005,6.713204089236385,a rope
媪,ǎo,12,309,67,141,108,4.15096362891077,16.464560194032444,18.774885480204123,8.541809004908329,12.08376736062549,old woman
讫,qì,12,104,13,45,38,4.15096362891077,5.541470097667878,3.6428882275022927,2.726109256885637,4.251695923183043,finish
沔,miǎn,12,112,15,106,56,4.15096362891077,5.967737028257715,4.203332570194953,6.42150180510839,6.265657149953959,flood
霢,mài,12,67,12,92,33,4.15096362891077,3.569985543689883,3.3626660561559625,5.573378925188414,3.6922622490800117,dust
慊,qiàn,12,85,20,80,19,4.15096362891077,4.529086137517016,5.604443426926605,4.846416456685577,2.1258479615915213,to resent
恙,yàng,12,652,132,755,902,4.15096362891077,34.74075484307169,36.98932661771559,45.738055309970136,100.92183480818697,"illness, sickness"
迓,yà,12,189,41,338,162,4.15096362891077,10.070556235184892,11.48910902519954,20.47610952949656,18.125651040938237,"to go to meet, to receive, as a guest"
肓,huāng,12,296,42,137,67,4.15096362891077,15.77187643182396,11.76933119654587,8.29948818207405,7.496411232980629,region between heart and diaphragm
瞽,gǔ,12,154,31,72,59,4.15096362891077,8.205638413854357,8.686887311736237,4.361774811017019,6.6013173544157775,blind
堙,yīn,12,114,13,62,46,4.15096362891077,6.074303760905174,3.6428882275022927,3.755972753931322,5.146789801747895,bury
胃,wèi,12,141,21,51,41,4.15096362891077,7.512954651645873,5.884665598272935,3.0895904911370553,4.5873561276448624,stomach
螂,láng,12,93,15,79,59,4.15096362891077,4.955353068106852,4.203332570194953,4.785836250977008,6.6013173544157775,"mantis, dung beetle"
阯,zhǐ,12,19,6,27,8,4.15096362891077,1.0123839601508622,1.6813330280779812,1.6356655541313823,0.8950938785648512,foundation
螟,míng,12,239,30,120,78,4.15096362891077,12.734724551371373,8.406665140389906,7.269624685028366,8.7271653160073,snout moth's larva
篾,miè,12,111,9,27,46,4.15096362891077,5.914453661933985,2.521999542116972,1.6356655541313823,5.146789801747895,bamboo splints or slats
仔,zǎi,12,118,27,113,157,4.15096362891077,6.287437226200092,7.5659986263509165,6.845563245068377,17.566217366835204,"small thing, child"
赘,zhuì,12,202,20,150,107,4.15096362891077,10.763239997393377,5.604443426926605,9.087030856285457,11.971880625804886,"unnecessary, superfluous"
硉,lù,12,57,10,31,23,4.15096362891077,3.037151880452587,2.8022217134633025,1.877986376965661,2.5733949008739474,bones of a thin horse
徬,páng,12,79,18,304,177,4.15096362891077,4.209385939574638,5.043999084233944,18.41638253540519,19.803952063247333,"to wander about, walk along side of"
睐,lài,12,26,5,79,54,4.15096362891077,1.3853675244169694,1.4011108567316513,4.785836250977008,6.041883680312745,squint at
洑,fú,12,56,8,64,28,4.15096362891077,2.9838685141288575,2.2417773707706417,3.8771331653484613,3.1328285749769793,"whirlpool, undercurrent"
苹,píng,12,170,19,79,76,4.15096362891077,9.058172275034032,5.324221255580275,4.785836250977008,8.503391846366085,artemisia
噀,xùn,12,139,14,68,101,4.15096362891077,7.406387918998413,3.9231103988486233,4.11945398818274,11.300560216881246,spurt out of the mouth
楯,dùn,12,126,16,65,38,4.15096362891077,6.7137041567899285,4.483554741541283,3.9377133710570313,4.251695923183043,shield
袄,ǎo,12,66,31,54,72,4.15096362891077,3.5167021773661533,8.686887311736237,3.2713311082627645,8.055844907083662,outer garments
狷,juàn,12,62,16,46,50,4.15096362891077,3.3035687120712347,4.483554741541283,2.786689462594207,5.594336741030321,"rash, impetuous, impulsive"
悁,yuān,12,116,40,111,17,4.15096362891077,6.180870493552633,11.20888685385321,6.724402833651238,1.9020744919503088,"irritable, nervous, impatient"
楷,kǎi,12,223,37,89,107,4.15096362891077,11.882190690191699,10.368220339814217,5.391638308062705,11.971880625804886,model style of Chinese writing
殡,bìn,11,82,25,79,71,3.805049993168206,4.369236038545827,7.005554283658255,4.785836250977008,7.943958172263055,encoffin
梏,gù,11,63,12,64,35,3.805049993168206,3.3568520783949642,3.3626660561559625,3.8771331653484613,3.9160357187212242,"handcuffs, manacles, fetters"
砀,dàng,11,64,35,140,39,3.805049993168206,3.410135444718694,9.807775997121558,8.481228799199759,4.36358265800365,brilliantly colored stone with veined patterns in it
颛,zhuān,11,132,22,85,31,3.805049993168206,7.033404354732307,6.1648877696192645,5.149317485228426,3.4684887794387986,"good, honest"
灸,jiǔ,11,36,9,22,9,3.805049993168206,1.9182011876542655,2.521999542116972,1.3327645255885336,1.0069806133854577,cauterize with moxa
螫,shì,11,59,19,63,42,3.805049993168206,3.143718613100046,5.324221255580275,3.816552959639892,4.699242862465469,poison
霂,mù,11,67,10,81,31,3.805049993168206,3.569985543689883,2.8022217134633025,4.906996662394147,3.4684887794387986,"fine rain, drizzle"
侃,kǎn,11,83,51,183,72,3.805049993168206,4.422519404869557,14.291330738662841,11.086177644668258,8.055844907083662,upright and strong
裒,póu,11,64,10,77,30,3.805049993168206,3.410135444718694,2.8022217134633025,4.664675839559868,3.3566020446181923,"collect, gather, assemble"
辑,jí,11,98,13,109,85,3.805049993168206,5.2217698997254995,3.6428882275022927,6.603242422234098,9.510372459751546,"gather up, collect"
崛,jué,11,290,31,140,113,3.805049993168206,15.45217623388158,8.686887311736237,8.481228799199759,12.643201034728524,"towering, eminent"
愀,qiǎo,11,38,4,56,21,3.805049993168206,2.0247679203017244,1.1208886853853208,3.392491519679904,2.3496214312327344,"to change one's countenance, be anxious"
襆,fú,11,156,17,81,60,3.805049993168206,8.312205146501816,4.7637769128876135,4.906996662394147,6.713204089236385,hood or cowl
烜,xuǎn,11,154,16,78,17,3.805049993168206,8.205638413854357,4.483554741541283,4.725256045268438,1.9020744919503088,light of the sun
稊,tí,11,92,27,48,79,3.805049993168206,4.902069701783123,7.5659986263509165,2.907849874011346,8.839052050827906,"darnels, tares"
拶,zā,11,211,3,4,2,3.805049993168206,11.242790294306943,0.8406665140389906,0.24232082283427883,0.2237734696412128,"press, squeeze hard"
卨,xiè,11,39,1,9,1,3.805049993168206,2.078051286625454,0.2802221713463302,0.5452218513771274,0.1118867348206064,used in old names
蕺,jí,11,38,10,29,11,3.805049993168206,2.0247679203017244,2.8022217134633025,1.7568259655485217,1.2307540830266703,"Houttuynia cordata, fish mint"
柢,dǐ,11,107,20,55,55,3.805049993168206,5.701320196639067,5.604443426926605,3.331911313971334,6.153770415133352,"root, base"
栩,xǔ,11,392,35,153,218,3.805049993168206,20.887079598901998,9.807775997121558,9.268771473411165,24.391308190892197,species of oak
缋,huì,11,30,3,13,31,3.805049993168206,1.5985009897118876,0.8406665140389906,0.7875426742114062,3.4684887794387986,"draw, sketch, paint"
欸,āi,11,248,60,221,120,3.805049993168206,13.214274848284939,16.813330280779812,13.388225461593906,13.42640817847277,sigh
殆,dài,11,543,48,147,105,3.805049993168206,28.93286791378517,13.45066422462385,8.905290239159747,11.748107156163673,"dangerous, perilous"
霪,yín,11,92,11,83,41,3.805049993168206,4.902069701783123,3.0824438848096323,5.028157073811286,4.5873561276448624,long and heavy rain
绤,xì,11,126,23,97,35,3.805049993168206,6.7137041567899285,6.445109940965595,5.876279953731261,3.9160357187212242,cloth
氎,dié,11,82,14,52,22,3.805049993168206,4.369236038545827,3.9231103988486233,3.150170696845625,2.4615081660533407,fine cotton cloth
跬,kuǐ,11,229,33,109,47,3.805049993168206,12.201890888134075,9.247331654428898,6.603242422234098,5.258676536568501,to step
嫫,mó,11,59,3,33,14,3.805049993168206,3.143718613100046,0.8406665140389906,1.9991467883828005,1.5664142874884897,Huangdi's ugly concubine
瓴,líng,11,135,26,110,102,3.805049993168206,7.193254453703495,7.285776455004585,6.663822627942668,11.412446951701854,concave channels of tiling a long-necked jar
疴,kē,11,202,37,236,149,3.805049993168206,10.763239997393377,10.368220339814217,14.296928547222453,16.671123488270354,"illness, sickness, disease"
踬,zhì,11,48,24,79,50,3.805049993168206,2.5576015835390207,6.725332112311925,4.785836250977008,5.594336741030321,"stumble, totter"
榾,gǔ,11,126,20,109,45,3.805049993168206,6.7137041567899285,5.604443426926605,6.603242422234098,5.0349030669272885,pieces of wood
爬,pá,11,201,32,64,115,3.805049993168206,10.709956631069648,8.967109483082567,3.8771331653484613,12.866974504369738,"crawl, creep"
撝,huī,11,48,12,45,13,3.805049993168206,2.5576015835390207,3.3626660561559625,2.726109256885637,1.4545275526678831,"wave, brandish"
歔,xū,11,251,47,200,160,3.805049993168206,13.374124947256128,13.17044205327752,12.116041141713943,17.901877571297025,"blow through nose, snort"
悚,sǒng,11,45,10,39,53,3.805049993168206,2.3977514845678316,2.8022217134633025,2.362628022634219,5.929996945492139,"afraid, scared, frightened"
蜴,yì,11,43,9,60,33,3.805049993168206,2.2911847519203725,2.521999542116972,3.634812342514183,3.6922622490800117,lizard
壈,lǎn,11,86,15,53,40,3.805049993168206,4.582369503840745,4.203332570194953,3.210750902554195,4.475469392824256,disappointed
棨,qǐ,11,43,18,100,39,3.805049993168206,2.2911847519203725,5.043999084233944,6.058020570856971,4.36358265800365,tally or wooden pass
珩,háng,11,66,14,56,27,3.805049993168206,3.5167021773661533,3.9231103988486233,3.392491519679904,3.0209418401563726,the top gem of a pendant
赉,lài,11,95,15,156,38,3.805049993168206,5.061919800754311,4.203332570194953,9.450512090536876,4.251695923183043,"give, present, confer"
暨,jì,11,195,26,116,120,3.805049993168206,10.390256433127272,7.285776455004585,7.027303862194087,13.42640817847277,and
溷,hùn,11,184,30,184,263,3.805049993168206,9.804139403566246,8.406665140389906,11.146757850376828,29.426211257819485,"privy, latrine"
儋,dān,11,163,28,81,50,3.805049993168206,8.685188710767923,7.846220797697247,4.906996662394147,5.594336741030321,a small jar
悌,tì,11,148,14,84,24,3.805049993168206,7.88593821591198,3.9231103988486233,5.088737279519856,2.6852816356945537,"brotherly, respectful"
礴,bó,11,348,81,231,133,3.805049993168206,18.542611480657897,22.697995879052748,13.994027518679603,14.880935731140651,"fill, extend"
乂,yì,11,74,19,78,29,3.805049993168206,3.94296910795599,5.324221255580275,4.725256045268438,3.2447153097975856,"govern, control, manage"
闬,hàn,11,141,18,110,37,3.805049993168206,7.512954651645873,5.043999084233944,6.663822627942668,4.139809188362436,village
阒,qù,11,258,72,290,101,3.805049993168206,13.747108511522235,20.175996336935775,17.568259655485214,11.300560216881246,alone
陉,xíng,11,54,26,75,50,3.805049993168206,2.877301781481398,7.285776455004585,4.543515428142729,5.594336741030321,"defile, mountain pass, gorge"
桦,huà,11,28,5,27,59,3.805049993168206,1.4919342570644287,1.4011108567316513,1.6356655541313823,6.6013173544157775,type of birch
奫,yūn,11,60,9,24,4,3.805049993168206,3.197001979423775,2.521999542116972,1.453924937005673,0.4475469392824256,deep and broad (expanse of water)
慝,tè,11,72,11,87,40,3.805049993168206,3.836402375308531,3.0824438848096323,5.270477896645565,4.475469392824256,do evil in secret
蒯,kuǎi,11,104,22,216,78,3.805049993168206,5.541470097667878,6.1648877696192645,13.085324433051058,8.7271653160073,a rush
聃,dān,11,281,31,109,34,3.805049993168206,14.972625936968015,8.686887311736237,6.603242422234098,3.8041489839006175,ears without rims
鳅,qiū,11,91,24,52,16,3.805049993168206,4.848786335459392,6.725332112311925,3.150170696845625,1.7901877571297025,loach
垤,dié,11,142,35,94,78,3.805049993168206,7.566238017969602,9.807775997121558,5.694539336605553,8.7271653160073,"ant-hill, small mound"
搥,chuí,11,96,23,53,21,3.805049993168206,5.115203167078041,6.445109940965595,3.210750902554195,2.3496214312327344,"beat, pound, strike, throw"
祟,suì,11,265,17,125,49,3.805049993168206,14.120092075788342,4.7637769128876135,7.572525713571214,5.482450006209714,evil spirit
瘤,liú,11,18,10,18,12,3.805049993168206,0.9591005938271328,2.8022217134633025,1.0904437027542548,1.3426408178472768,"tumor, lump, goiter"
奼,chà,11,11,1,5,26,3.805049993168206,0.5861170295610255,0.2802221713463302,0.30290102854284856,2.9090551053357663,"beautiful, colorful"
訇,hōng,11,10,12,26,72,3.805049993168206,0.5328336632372959,3.3626660561559625,1.5750853484228124,8.055844907083662,the sound of a crash
铉,xuàn,11,124,8,82,9,3.805049993168206,6.607137424142469,2.2417773707706417,4.967576868102716,1.0069806133854577,device for carrying a tripod
苻,fú,11,70,10,44,95,3.805049993168206,3.7298356426610715,2.8022217134633025,2.6655290511770673,10.629239807957608,Angelica anomala
赡,shàn,11,115,23,63,55,3.805049993168206,6.127587127228903,6.445109940965595,3.816552959639892,6.153770415133352,"support, aid"
洳,rù,11,115,30,87,34,3.805049993168206,6.127587127228903,8.406665140389906,5.270477896645565,3.8041489839006175,"damp, boggy, marshy"
轘,huán,11,26,3,15,7,3.805049993168206,1.3853675244169694,0.8406665140389906,0.9087030856285457,0.7832071437442448,tear asunder between chariots
剿,jiǎo,11,45,26,39,61,3.805049993168206,2.3977514845678316,7.285776455004585,2.362628022634219,6.825090824056991,"destroy, exterminate, annihilate"
戌,xū,11,102,8,119,127,3.805049993168206,5.434903365020419,2.2417773707706417,7.209044479319796,14.209615322217013,eleventh earthly branch
荄,gāi,11,248,53,180,87,3.805049993168206,13.214274848284939,14.851775081355502,10.904437027542548,9.734145929392758,roots of grasses
彪,biāo,11,115,9,83,49,3.805049993168206,6.127587127228903,2.521999542116972,5.028157073811286,5.482450006209714,tiger
炰,páo,11,64,28,50,23,3.805049993168206,3.410135444718694,7.846220797697247,3.0290102854284857,2.5733949008739474,"roast, broil"
榕,róng,11,210,74,474,251,3.805049993168206,11.189506927983215,20.736440679628434,28.715017505862043,28.083570439972206,banyan tree
狈,bèi,11,54,11,23,55,3.805049993168206,2.877301781481398,3.0824438848096323,1.3933447312971035,6.153770415133352,a legendary animal with short forelegs which rode a wolf
埼,qí,11,60,24,30,54,3.805049993168206,3.197001979423775,6.725332112311925,1.8174061712570915,6.041883680312745,headland
螗,táng,11,66,3,43,55,3.805049993168206,3.5167021773661533,0.8406665140389906,2.6049488454684977,6.153770415133352,cicadas of the genus Tanna
刓,wán,11,86,10,46,42,3.805049993168206,4.582369503840745,2.8022217134633025,2.786689462594207,4.699242862465469,trim
硖,xiá,11,76,3,11,26,3.805049993168206,4.049535840603449,0.8406665140389906,0.6663822627942668,2.9090551053357663,(archaic) town in Hebei province
抖,dǒu,11,231,17,117,56,3.805049993168206,12.308457620781535,4.7637769128876135,7.087884067902656,6.265657149953959,"tremble, shake, rouse"
雊,gòu,11,37,17,68,29,3.805049993168206,1.971484553977995,4.7637769128876135,4.11945398818274,3.2447153097975856,the crow of a male pheasant
茝,chǎi,11,148,29,141,68,3.805049993168206,7.88593821591198,8.126442969043577,8.541809004908329,7.608297967801235,(archaic) an aromatic grass
桎,zhì,11,41,11,53,18,3.805049993168206,2.1846180192729134,3.0824438848096323,3.210750902554195,2.0139612267709155,"fetters, shackles, handcuffs"
猬,wèi,11,142,27,108,77,3.805049993168206,7.566238017969602,7.5659986263509165,6.542662216525529,8.615278581186693,vulgar
坱,yǎng,11,63,21,40,29,3.805049993168206,3.3568520783949642,5.884665598272935,2.4232082283427885,3.2447153097975856,dust
绚,xuàn,11,211,80,416,188,3.805049993168206,11.242790294306943,22.41777370770642,25.201365574765,21.034706146274004,"variegated, adorned"
貉,háo,11,119,19,85,77,3.805049993168206,6.340720592523821,5.324221255580275,5.149317485228426,8.615278581186693,badger
瑀,yǔ,11,13,4,30,13,3.805049993168206,0.6926837622084847,1.1208886853853208,1.8174061712570915,1.4545275526678831,stone resembling jade
陔,gāi,11,184,8,104,112,3.805049993168206,9.804139403566246,2.2417773707706417,6.30034139369125,12.531314299907917,"a step, a terrace, a grade a ledge"
筲,shāo,11,56,3,27,21,3.805049993168206,2.9838685141288575,0.8406665140389906,1.6356655541313823,2.3496214312327344,"basket, bucket"
孳,zī,11,84,27,112,42,3.805049993168206,4.475802771193286,7.5659986263509165,6.784983039359808,4.699242862465469,breed in large numbers
昉,fǎng,11,50,12,28,43,3.805049993168206,2.6641683161864793,3.3626660561559625,1.696245759839952,4.811129597286075,"bright dawn, daybreak"
潾,lín,11,13,2,40,23,3.805049993168206,0.6926837622084847,0.5604443426926604,2.4232082283427885,2.5733949008739474,clear water
跧,quán,10,132,17,21,16,3.4591363574256415,7.033404354732307,4.7637769128876135,1.272184319879964,1.7901877571297025,crouch
鬒,zhěn,10,63,16,125,26,3.4591363574256415,3.3568520783949642,4.483554741541283,7.572525713571214,2.9090551053357663,"black, glossy hair"
栱,gǒng,10,53,16,48,19,3.4591363574256415,2.8240184151576684,4.483554741541283,2.907849874011346,2.1258479615915213,"large peg, stake"
縢,téng,10,121,8,81,39,3.4591363574256415,6.447287325171281,2.2417773707706417,4.906996662394147,4.36358265800365,"bind, tie up, restrain"
逖,tì,10,75,25,129,59,3.4591363574256415,3.9962524742797196,7.005554283658255,7.8148465364054935,6.6013173544157775,"far, distant"
洎,jì,10,88,6,33,41,3.4591363574256415,4.688936236488204,1.6813330280779812,1.9991467883828005,4.5873561276448624,until
鲔,wěi,10,50,12,41,26,3.4591363574256415,2.6641683161864793,3.3626660561559625,2.483788434051358,2.9090551053357663,"kind of sturgeon, tuna"
谲,jué,10,71,18,45,90,3.4591363574256415,3.783119008984801,5.043999084233944,2.726109256885637,10.069806133854577,"cunning, crafty, sly, wily"
矿,kuàng,10,97,32,48,51,3.4591363574256415,5.1684865334017704,8.967109483082567,2.907849874011346,5.706223475850927,mine
彴,zhuó,10,191,18,22,101,3.4591363574256415,10.177122967832352,5.043999084233944,1.3327645255885336,11.300560216881246,bridge
剽,piāo,10,109,34,66,81,3.4591363574256415,5.807886929286525,9.527553825775227,3.998293576765601,9.062825520469119,"rob, plunder"
懔,lǐn,10,71,1,28,91,3.4591363574256415,3.783119008984801,0.2802221713463302,1.696245759839952,10.181692868675182,"be afraid of, to be in awe of"
簌,sù,10,247,59,204,341,3.4591363574256415,13.16099148196121,16.533108109433485,12.358361964548221,38.15337657382678,(of flower petals) falling
绷,bēng,10,108,40,76,28,3.4591363574256415,5.754603562962796,11.20888685385321,4.604095633851298,3.1328285749769793,"bind, draw firmly, strap"
洸,guāng,10,33,2,49,29,3.4591363574256415,1.7583510886830767,0.5604443426926604,2.968430079719916,3.2447153097975856,"sparkle, glitter"
狻,suān,10,90,25,46,32,3.4591363574256415,4.795502969135663,7.005554283658255,2.786689462594207,3.580375514259405,a fabulous beast
胯,kuà,10,99,25,25,30,3.4591363574256415,5.2750532660492295,7.005554283658255,1.5145051427142429,3.3566020446181923,pelvis
詶,zhòu,10,3,2,40,1,3.4591363574256415,0.1598500989711888,0.5604443426926604,2.4232082283427885,0.1118867348206064,-
皦,jiǎo,10,183,41,191,54,3.4591363574256415,9.750856037242515,11.48910902519954,11.570819290336816,6.041883680312745,bright white
雇,gù,10,21,5,21,12,3.4591363574256415,1.1189506927983215,1.4011108567316513,1.272184319879964,1.3426408178472768,"employ, to hire"
洏,ér,10,33,9,48,26,3.4591363574256415,1.7583510886830767,2.521999542116972,2.907849874011346,2.9090551053357663,tears
尅,kè,10,36,3,13,3,3.4591363574256415,1.9182011876542655,0.8406665140389906,0.7875426742114062,0.3356602044618192,"subdue, destroy, overcome"
踣,bó,10,74,28,73,42,3.4591363574256415,3.94296910795599,7.846220797697247,4.422355016725589,4.699242862465469,to stumble and fall prone
猥,wěi,10,115,15,56,48,3.4591363574256415,6.127587127228903,4.203332570194953,3.392491519679904,5.370563271389107,"vulgar, low, cheap"
跕,diǎn,10,171,25,68,74,3.4591363574256415,9.11145564135776,7.005554283658255,4.11945398818274,8.279618376724873,"shuffle, limp"
佑,yòu,10,272,10,109,90,3.4591363574256415,14.49307564005445,2.8022217134633025,6.603242422234098,10.069806133854577,"help, protect, bless"
盍,hé,10,1013,103,469,142,3.4591363574256415,53.97605008593808,28.86288364867201,28.412116477319195,15.88791634452611,what? why not?
姒,sì,10,98,6,80,52,3.4591363574256415,5.2217698997254995,1.6813330280779812,4.846416456685577,5.818110210671533,wife of elder brother
覈,hé,10,58,17,40,32,3.4591363574256415,3.0904352467763165,4.7637769128876135,2.4232082283427885,3.580375514259405,"investigate, consider, examine"
舛,chuǎn,10,66,11,55,49,3.4591363574256415,3.5167021773661533,3.0824438848096323,3.331911313971334,5.482450006209714,"oppose, deviate, be contrary to"
煤,méi,10,305,50,168,165,3.4591363574256415,16.251426728737524,14.01110856731651,10.177474559039712,18.461311245400058,"coal, coke, charcoal, carbon"
杷,pá,10,111,55,88,139,3.4591363574256415,5.914453661933985,15.412219424048162,5.331058102354135,15.55225614006429,loquat
搰,hú,10,35,1,37,13,3.4591363574256415,1.8649178213305357,0.2802221713463302,2.2414676112170793,1.4545275526678831,dig
阂,hé,10,28,5,20,12,3.4591363574256415,1.4919342570644287,1.4011108567316513,1.2116041141713942,1.3426408178472768,blocked or separated
痏,wěi,10,49,14,29,25,3.4591363574256415,2.6108849498627498,3.9231103988486233,1.7568259655485217,2.7971683705151604,a bruise or contusion
逤,suò,10,7,3,2,20,3.4591363574256415,0.3729835642661072,0.8406665140389906,0.12116041141713942,2.237734696412128,-
蜒,yán,10,280,88,314,190,3.4591363574256415,14.919342570644286,24.659551078477058,19.022184592490888,21.258479615915217,millipede
枌,fén,10,204,31,163,95,3.4591363574256415,10.869806730040837,8.686887311736237,9.874573530496864,10.629239807957608,variety of elm with small seeds
娅,yà,10,81,10,34,30,3.4591363574256415,4.315952672222097,2.8022217134633025,2.05972699409137,3.3566020446181923,mutual term of address used by sons-in-law
豢,huàn,10,226,27,139,70,3.4591363574256415,12.042040789162888,7.5659986263509165,8.42064859349119,7.8320714374424485,domestic animals
徯,xī,10,81,14,29,17,3.4591363574256415,4.315952672222097,3.9231103988486233,1.7568259655485217,1.9020744919503088,"wait for, await, expect, hope"
巑,cuán,10,195,33,170,72,3.4591363574256415,10.390256433127272,9.247331654428898,10.298634970456852,8.055844907083662,-
蓧,diào,10,27,10,35,9,3.4591363574256415,1.438650890740699,2.8022217134633025,2.1203071997999396,1.0069806133854577,bamboo basket
赆,jìn,10,47,6,29,29,3.4591363574256415,2.504318217215291,1.6813330280779812,1.7568259655485217,3.2447153097975856,farewell present
塌,tā,10,61,17,85,52,3.4591363574256415,3.250285345747505,4.7637769128876135,5.149317485228426,5.818110210671533,"fall in ruins, collapse"
騣,zōng,10,35,16,40,6,3.4591363574256415,1.8649178213305357,4.483554741541283,2.4232082283427885,0.6713204089236384,mane
觋,xí,10,38,9,23,16,3.4591363574256415,2.0247679203017244,2.521999542116972,1.3933447312971035,1.7901877571297025,wizard
鄢,yān,10,6,8,30,12,3.4591363574256415,0.3197001979423776,2.2417773707706417,1.8174061712570915,1.3426408178472768,name of a district in Honan
串,chuàn,10,114,34,123,224,3.4591363574256415,6.074303760905174,9.527553825775227,7.451365302154074,25.062628599815834,string
膂,lǚ,10,96,22,97,29,3.4591363574256415,5.115203167078041,6.1648877696192645,5.876279953731261,3.2447153097975856,"backbone, spinal column"
儗,nǐ,10,49,82,410,74,3.4591363574256415,2.6108849498627498,22.97821805039908,24.837884340513583,8.279618376724873,"compare with, draw analogy with"
橦,tóng,10,20,3,21,27,3.4591363574256415,1.0656673264745917,0.8406665140389906,1.272184319879964,3.0209418401563726,tree
擐,huàn,10,31,6,39,24,3.4591363574256415,1.6517843560356174,1.6813330280779812,2.362628022634219,2.6852816356945537,to put on
粼,lín,10,340,164,435,246,3.4591363574256415,18.116344550068064,45.95643610079816,26.352389483227824,27.524136765869173,clear like water
辋,wǎng,10,251,92,361,149,3.4591363574256415,13.374124947256128,25.78043976386238,21.869454260793667,16.671123488270354,"exterior rim of wheel, felly"
喁,yóng,10,97,20,88,222,3.4591363574256415,5.1684865334017704,5.604443426926605,5.331058102354135,24.838855130174622,"the mouth of a fish at the surface of the water, gasping for breath"
觇,chān,10,177,25,80,79,3.4591363574256415,9.43115583930014,7.005554283658255,4.846416456685577,8.839052050827906,peek
鲋,fù,10,96,21,91,33,3.4591363574256415,5.115203167078041,5.884665598272935,5.512798719479844,3.6922622490800117,"carp, Carassius auratus"
鳃,sāi,10,17,4,13,9,3.4591363574256415,0.9058172275034031,1.1208886853853208,0.7875426742114062,1.0069806133854577,fish gills
溘,kè,10,47,5,75,35,3.4591363574256415,2.504318217215291,1.4011108567316513,4.543515428142729,3.9160357187212242,"abruptly, suddenly, unexpectedly"
龃,jǔ,10,177,14,50,46,3.4591363574256415,9.43115583930014,3.9231103988486233,3.0290102854284857,5.146789801747895,irregular teeth
纺,fǎng,10,69,26,80,73,3.4591363574256415,3.676552276337342,7.285776455004585,4.846416456685577,8.167731641904268,"spin, reel, weave"
胞,bāo,10,110,15,88,59,3.4591363574256415,5.861170295610255,4.203332570194953,5.331058102354135,6.6013173544157775,"womb, placenta, fetal membrane"
崚,léng,10,148,54,315,188,3.4591363574256415,7.88593821591198,15.131997252701833,19.08276479819946,21.034706146274004,"hilly, steep, rugged"
贸,mào,10,107,32,56,54,3.4591363574256415,5.701320196639067,8.967109483082567,3.392491519679904,6.041883680312745,"trade, barter"
瘥,chài,10,49,13,25,28,3.4591363574256415,2.6108849498627498,3.6428882275022927,1.5145051427142429,3.1328285749769793,to recover from any disease
肋,lē,10,191,20,127,66,3.4591363574256415,10.177122967832352,5.604443426926605,7.6936861249883535,7.384524498160023,ribs
巂,guī,10,19,6,56,13,3.4591363574256415,1.0123839601508622,1.6813330280779812,3.392491519679904,1.4545275526678831,place name
裈,kūn,10,109,6,75,64,3.4591363574256415,5.807886929286525,1.6813330280779812,4.543515428142729,7.16075102851881,"trousers, pants, shorts, drawers"
撄,yīng,10,144,12,123,121,3.4591363574256415,7.672804750617062,3.3626660561559625,7.451365302154074,13.538294913293374,"oppose, offend, run counter to"
痹,bì,10,64,9,27,9,3.4591363574256415,3.410135444718694,2.521999542116972,1.6356655541313823,1.0069806133854577,"paralysis, numbness"
榇,chèn,10,42,13,143,54,3.4591363574256415,2.237901385596643,3.6428882275022927,8.662969416325469,6.041883680312745,coffin
剜,wān,10,150,24,67,69,3.4591363574256415,7.992504948559439,6.725332112311925,4.058873782474171,7.720184702621841,"cut, cut out, pick out, scoop out"
疹,zhěn,10,27,3,11,5,3.4591363574256415,1.438650890740699,0.8406665140389906,0.6663822627942668,0.559433674103032,measles
笞,chī,10,226,39,102,95,3.4591363574256415,12.042040789162888,10.928664682506879,6.179180982274111,10.629239807957608,bamboo rod used for beatings
阛,huán,10,154,31,123,91,3.4591363574256415,8.205638413854357,8.686887311736237,7.451365302154074,10.181692868675182,wall around market place
啬,sè,10,148,23,73,52,3.4591363574256415,7.88593821591198,6.445109940965595,4.422355016725589,5.818110210671533,"miserly, thrifty"
杆,gān,10,90,19,124,237,3.4591363574256415,4.795502969135663,5.324221255580275,7.511945507862644,26.517156152483718,pole
挞,tà,10,67,9,55,79,3.4591363574256415,3.569985543689883,2.521999542116972,3.331911313971334,8.839052050827906,"flog, whip"
鲊,zhǎ,10,107,19,78,84,3.4591363574256415,5.701320196639067,5.324221255580275,4.725256045268438,9.398485724930937,minced and salted fish
嚚,yín,10,45,11,23,9,3.4591363574256415,2.3977514845678316,3.0824438848096323,1.3933447312971035,1.0069806133854577,"argumentative, talkative"
魇,yǎn,10,42,2,15,25,3.4591363574256415,2.237901385596643,0.5604443426926604,0.9087030856285457,2.7971683705151604,"nightmare, bad dreams"
龌,wò,10,91,10,128,57,3.4591363574256415,4.848786335459392,2.8022217134633025,7.754266330696923,6.377543884774565,"narrow, small"
濮,pú,10,97,23,175,65,3.4591363574256415,5.1684865334017704,6.445109940965595,10.601535998999701,7.272637763339417,county in Henan province
瓒,zàn,10,117,23,62,15,3.4591363574256415,6.234153859876362,6.445109940965595,3.755972753931322,1.6783010223090962,ceremonial libation cup
雩,yú,10,404,59,305,31,3.4591363574256415,21.526479994786754,16.533108109433485,18.476962741113763,3.4684887794387986,offer sacrifice for rain
騧,guā,10,39,32,129,28,3.4591363574256415,2.078051286625454,8.967109483082567,7.8148465364054935,3.1328285749769793,tan or piebald horse
洿,wū,10,38,8,11,8,3.4591363574256415,2.0247679203017244,2.2417773707706417,0.6663822627942668,0.8950938785648512,stagnant water
耋,dié,10,120,19,113,50,3.4591363574256415,6.39400395884755,5.324221255580275,6.845563245068377,5.594336741030321,aged
虮,jǐ,10,118,27,68,70,3.4591363574256415,6.287437226200092,7.5659986263509165,4.11945398818274,7.8320714374424485,"louse eggs, nits"
屩,juē,10,194,38,180,120,3.4591363574256415,10.336973066803541,10.64844251116055,10.904437027542548,13.42640817847277,straw sandals
菟,tú,10,483,88,297,112,3.4591363574256415,25.735865934361392,24.659551078477058,17.992321095445206,12.531314299907917,dodder
郛,fú,10,79,15,32,23,3.4591363574256415,4.209385939574638,4.203332570194953,1.9385665826742307,2.5733949008739474,outer walls of city
藟,lěi,10,53,17,55,39,3.4591363574256415,2.8240184151576684,4.7637769128876135,3.331911313971334,4.36358265800365,"vine, creeper"
浼,měi,10,95,16,39,37,3.4591363574256415,5.061919800754311,4.483554741541283,2.362628022634219,4.139809188362436,to request
愕,è,10,176,38,112,100,3.4591363574256415,9.377872472976408,10.64844251116055,6.784983039359808,11.188673482060642,"startled, alarmed, astonished"
歉,qiàn,10,220,30,145,89,3.4591363574256415,11.72234059122051,8.406665140389906,8.784129827742607,9.957919399033969,"deficient, lacking, insufficient"
殖,zhí,9,273,27,128,104,3.1132227216830772,14.546359006378179,7.5659986263509165,7.754266330696923,11.636220421343065,"breed, spawn"
陴,pí,9,41,9,80,86,3.1132227216830772,2.1846180192729134,2.521999542116972,4.846416456685577,9.62225919457215,a parapet on a city wall
嶒,céng,9,159,51,311,184,3.1132227216830772,8.472055245473006,14.291330738662841,18.840443975365183,20.58715920699158,"towering, lofty, steep"
驔,diàn,9,27,3,68,8,3.1132227216830772,1.438650890740699,0.8406665140389906,4.11945398818274,0.8950938785648512,black horse
啰,luō,9,132,120,11,20,3.1132227216830772,7.033404354732307,33.626660561559625,0.6663822627942668,2.237734696412128,phonetic
郅,zhì,9,25,7,42,32,3.1132227216830772,1.3320841580932397,1.9615551994243117,2.544368639759928,3.580375514259405,to go up to
饔,yōng,9,51,13,79,79,3.1132227216830772,2.7174516825102093,3.6428882275022927,4.785836250977008,8.839052050827906,breakfast
圹,kuàng,9,38,8,38,35,3.1132227216830772,2.0247679203017244,2.2417773707706417,2.302047816925649,3.9160357187212242,"tomb, grave: prairie"
伉,kàng,9,33,12,73,56,3.1132227216830772,1.7583510886830767,3.3626660561559625,4.422355016725589,6.265657149953959,"compare, match"
鳊,biān,9,73,15,52,19,3.1132227216830772,3.88968574163226,4.203332570194953,3.150170696845625,2.1258479615915213,bream
癸,guǐ,9,105,39,95,120,3.1132227216830772,5.594753463991608,10.928664682506879,5.755119542314122,13.42640817847277,10th heavenly stem
亟,jí,9,617,70,259,274,3.1132227216830772,32.875837021741155,19.615551994243116,15.690273278519555,30.656965340846153,"urgently, immediately, extremely"
颡,sǎng,9,127,22,90,56,3.1132227216830772,6.7669875231136585,6.1648877696192645,5.452218513771274,6.265657149953959,the forehead
笭,líng,9,95,7,32,41,3.1132227216830772,5.061919800754311,1.9615551994243117,1.9385665826742307,4.5873561276448624,bamboo screen
煨,wēi,9,405,36,195,108,3.1132227216830772,21.579763361110487,10.087998168467887,11.813140113171094,12.08376736062549,"to stew, simmer"
购,gòu,9,83,37,135,145,3.1132227216830772,4.422519404869557,10.368220339814217,8.178327770656912,16.22357654898793,"buy, purchase"
簳,gǎn,9,14,1,19,4,3.1132227216830772,0.7459671285322144,0.2802221713463302,1.1510239084628244,0.4475469392824256,-
枷,jiā,9,54,33,7,23,3.1132227216830772,2.877301781481398,9.247331654428898,0.424061439959988,2.5733949008739474,cangue scaffold
莞,guǎn,9,132,12,186,45,3.1132227216830772,7.033404354732307,3.3626660561559625,11.267918261793966,5.0349030669272885,smiling
韫,yùn,9,203,32,118,65,3.1132227216830772,10.816523363717108,8.967109483082567,7.148464273611227,7.272637763339417,"secrete, hide, conceal"
阪,bǎn,9,93,21,194,124,3.1132227216830772,4.955353068106852,5.884665598272935,11.752559907462523,13.873955117755195,hillside farmland
叇,dài,9,40,12,66,54,3.1132227216830772,2.1313346529491835,3.3626660561559625,3.998293576765601,6.041883680312745,cloudy sky
晁,cháo,9,286,12,26,44,3.1132227216830772,15.239042768586664,3.3626660561559625,1.5750853484228124,4.923016332106681,"morning, dawn"
芗,xiāng,9,262,15,104,62,3.1132227216830772,13.960241976817153,4.203332570194953,6.30034139369125,6.936977558877597,fragrant smell of grain
丐,gài,9,239,19,50,69,3.1132227216830772,12.734724551371373,5.324221255580275,3.0290102854284857,7.720184702621841,beggar
疫,yì,9,87,8,39,63,3.1132227216830772,4.635652870164474,2.2417773707706417,2.362628022634219,7.0488642936982036,"epidemic, plague, pestilence"
榈,lǘ,9,67,10,39,31,3.1132227216830772,3.569985543689883,2.8022217134633025,2.362628022634219,3.4684887794387986,palm
岏,wán,9,181,38,229,79,3.1132227216830772,9.644289304595057,10.64844251116055,13.872867107262465,8.839052050827906,-
曀,yì,9,100,36,63,26,3.1132227216830772,5.328336632372959,10.087998168467887,3.816552959639892,2.9090551053357663,stormy
莸,yóu,9,147,27,68,47,3.1132227216830772,7.83265484958825,7.5659986263509165,4.11945398818274,5.258676536568501,Caryopteris divaricata
渟,tíng,9,114,22,99,59,3.1132227216830772,6.074303760905174,6.1648877696192645,5.997440365148401,6.6013173544157775,(of water) not flowing
矹,wù,9,41,6,23,19,3.1132227216830772,2.1846180192729134,1.6813330280779812,1.3933447312971035,2.1258479615915213,-
箵,xīng,9,92,9,31,35,3.1132227216830772,4.902069701783123,2.521999542116972,1.877986376965661,3.9160357187212242,bamboo screen used in fishing
觊,jì,9,154,29,72,62,3.1132227216830772,8.205638413854357,8.126442969043577,4.361774811017019,6.936977558877597,"covet, long for, desire"
砢,kē,9,118,20,111,80,3.1132227216830772,6.287437226200092,5.604443426926605,6.724402833651238,8.950938785648512,pile of stones
奎,kuí,9,474,159,525,108,3.1132227216830772,25.256315637447827,44.5553252440665,31.804607996999096,12.08376736062549,stride of man
毋,wú,9,1310,306,1415,886,3.1132227216830772,69.80120988408576,85.74798443197705,85.72099107762615,99.13164705105727,do not
甬,yǒng,9,107,40,62,36,3.1132227216830772,5.701320196639067,11.20888685385321,3.755972753931322,4.027922453541831,path
诙,huī,9,122,11,106,77,3.1132227216830772,6.50057069149501,3.0824438848096323,6.42150180510839,8.615278581186693,"tease, joke with"
艑,biàn,9,52,6,57,21,3.1132227216830772,2.770735048833939,1.6813330280779812,3.4530717253884737,2.3496214312327344,small boat
爚,yuè,9,35,2,25,24,3.1132227216830772,1.8649178213305357,0.5604443426926604,1.5145051427142429,2.6852816356945537,bright
雎,jū,9,132,34,96,29,3.1132227216830772,7.033404354732307,9.527553825775227,5.815699748022692,3.2447153097975856,"osprey, fishhawk"
渗,shèn,9,130,14,54,54,3.1132227216830772,6.926837622084847,3.9231103988486233,3.2713311082627645,6.041883680312745,"soak through, infiltrate"
蝮,fù,9,31,10,32,25,3.1132227216830772,1.6517843560356174,2.8022217134633025,1.9385665826742307,2.7971683705151604,"venomous snake, viper"
彀,gòu,9,143,32,92,136,3.1132227216830772,7.619521384293332,8.967109483082567,5.573378925188414,15.21659593560247,"enough, adequate fully, quite"
俚,lǐ,9,223,14,59,65,3.1132227216830772,11.882190690191699,3.9231103988486233,3.5742321368056134,7.272637763339417,"rustic, vulgar, unpolished"
嗥,háo,9,59,19,50,66,3.1132227216830772,3.143718613100046,5.324221255580275,3.0290102854284857,7.384524498160023,"roar, call out, wail"
懋,mào,9,71,11,105,37,3.1132227216830772,3.783119008984801,3.0824438848096323,6.36092159939982,4.139809188362436,"splendid, grand, majestic"
侨,qiáo,9,145,21,83,87,3.1132227216830772,7.72608811694079,5.884665598272935,5.028157073811286,9.734145929392758,"sojourn, lodge"
殂,cú,9,39,12,61,11,3.1132227216830772,2.078051286625454,3.3626660561559625,3.6953925482227525,1.2307540830266703,to die
恧,nǜ,9,50,8,58,36,3.1132227216830772,2.6641683161864793,2.2417773707706417,3.5136519310970433,4.027922453541831,ashamed
枇,pí,9,73,33,85,135,3.1132227216830772,3.88968574163226,9.247331654428898,5.149317485228426,15.104709200781866,loquat
黮,dǎn,9,48,8,32,32,3.1132227216830772,2.5576015835390207,2.2417773707706417,1.9385665826742307,3.580375514259405,"black, dark"
璈,áo,9,93,12,154,71,3.1132227216830772,4.955353068106852,3.3626660561559625,9.329351679119736,7.943958172263055,ancient musical instrument
噞,yǎn,9,61,13,19,18,3.1132227216830772,3.250285345747505,3.6428882275022927,1.1510239084628244,2.0139612267709155,the movement of a fish's mouth at the surface of the water
挍,jiào,9,4,9,10,1,3.1132227216830772,0.21313346529491836,2.521999542116972,0.6058020570856971,0.1118867348206064,collate
蝥,máo,9,22,4,37,35,3.1132227216830772,1.172234059122051,1.1208886853853208,2.2414676112170793,3.9160357187212242,Chinese blister beetle
爻,yáo,9,290,49,129,93,3.1132227216830772,15.45217623388158,13.730886395970181,7.8148465364054935,10.405466338316394,diagrams for divination
簋,guǐ,9,75,13,54,27,3.1132227216830772,3.9962524742797196,3.6428882275022927,3.2713311082627645,3.0209418401563726,a square basket of bamboo for holding grain used at sacrifices
怵,chù,9,69,14,73,54,3.1132227216830772,3.676552276337342,3.9231103988486233,4.422355016725589,6.041883680312745,"fear, be afraid"
黳,yī,9,28,4,5,2,3.1132227216830772,1.4919342570644287,1.1208886853853208,0.30290102854284856,0.2237734696412128,-
呷,gā,9,67,7,27,27,3.1132227216830772,3.569985543689883,1.9615551994243117,1.6356655541313823,3.0209418401563726,"suck, swallow, drink"
篘,chōu,9,392,45,146,50,3.1132227216830772,20.887079598901998,12.60999771058486,8.844710033451179,5.594336741030321,a utensil used to filter wine
鄜,fū,9,42,5,17,8,3.1132227216830772,2.237901385596643,1.4011108567316513,1.029863497045685,0.8950938785648512,county in Shanxi province
曚,méng,9,23,5,11,5,3.1132227216830772,1.2255174254457808,1.4011108567316513,0.6663822627942668,0.559433674103032,twilight just before sun rises
厮,sī,9,219,46,93,170,3.1132227216830772,11.66905722489678,12.89021988193119,5.633959130896983,19.02074491950309,servant
崟,yín,9,82,31,94,36,3.1132227216830772,4.369236038545827,8.686887311736237,5.694539336605553,4.027922453541831,cliffs
骼,gé,9,76,9,47,34,3.1132227216830772,4.049535840603449,2.521999542116972,2.8472696683027765,3.8041489839006175,bone
琏,liǎn,9,78,31,102,18,3.1132227216830772,4.156102573250908,8.686887311736237,6.179180982274111,2.0139612267709155,vessel used to hold grain offerings
狴,bì,9,33,6,45,23,3.1132227216830772,1.7583510886830767,1.6813330280779812,2.726109256885637,2.5733949008739474,a kind of tapir
诧,chà,9,639,89,582,281,3.1132227216830772,34.04807108086321,24.93977324982339,35.25767972238757,31.440172484590395,"be surprised, be shocked"
欻,chuā,9,253,16,91,96,3.1132227216830772,13.480691679903588,4.483554741541283,5.512798719479844,10.741126542778215,"sudden, abrupt, quick"
锧,zhì,9,28,7,18,14,3.1132227216830772,1.4919342570644287,1.9615551994243117,1.0904437027542548,1.5664142874884897,"chopping block, executioner's block"
枨,chéng,9,84,10,18,213,3.1132227216830772,4.475802771193286,2.8022217134633025,1.0904437027542548,23.831874516789163,"door stop, door jam"
谍,dié,9,65,6,49,27,3.1132227216830772,3.4634188110424233,1.6813330280779812,2.968430079719916,3.0209418401563726,an intelligence report
髀,bì,9,262,39,219,137,3.1132227216830772,13.960241976817153,10.928664682506879,13.267065050176768,15.328482670423076,buttocks
缶,fǒu,9,246,59,236,154,3.1132227216830772,13.10770811563748,16.533108109433485,14.296928547222453,17.230557162373387,earthen crock or jar
隩,ào,9,48,17,51,22,3.1132227216830772,2.5576015835390207,4.7637769128876135,3.0895904911370553,2.4615081660533407,"profound, subtle"
篡,cuàn,9,44,7,38,43,3.1132227216830772,2.344468118244102,1.9615551994243117,2.302047816925649,4.811129597286075,usurp
酢,cù,9,208,26,109,69,3.1132227216830772,11.082940195335755,7.285776455004585,6.603242422234098,7.720184702621841,toast one's host with wine
邠,bīn,9,52,2,29,35,3.1132227216830772,2.770735048833939,0.5604443426926604,1.7568259655485217,3.9160357187212242,county in Shaanxi province
圈,quān,9,211,34,142,110,3.1132227216830772,11.242790294306943,9.527553825775227,8.6023892106169,12.307540830266705,to circle
祅,yāo,9,19,5,10,16,3.1132227216830772,1.0123839601508622,1.4011108567316513,0.6058020570856971,1.7901877571297025,"calamities, disasters"
噭,jiào,9,30,28,165,25,3.1132227216830772,1.5985009897118876,7.846220797697247,9.995733941914002,2.7971683705151604,shout
嶪,yè,9,167,33,119,62,3.1132227216830772,8.898322176062841,9.247331654428898,7.209044479319796,6.936977558877597,-
皖,wǎn,9,112,10,81,159,3.1132227216830772,5.967737028257715,2.8022217134633025,4.906996662394147,17.78999083647642,Anhui province
鞶,pán,9,43,18,75,31,3.1132227216830772,2.2911847519203725,5.043999084233944,4.543515428142729,3.4684887794387986,big leather belt
驩,huān,9,247,43,207,42,3.1132227216830772,13.16099148196121,12.0495533678922,12.540102581673931,4.699242862465469,"happy, pleased, glad"
谆,zhūn,9,319,43,178,84,3.1132227216830772,16.99739385726974,12.0495533678922,10.78327661612541,9.398485724930937,"patient, earnest"
捞,lāo,9,96,18,28,54,3.1132227216830772,5.115203167078041,5.043999084233944,1.696245759839952,6.041883680312745,scoop out of water
锱,zī,9,199,19,73,57,3.1132227216830772,10.60338989842219,5.324221255580275,4.422355016725589,6.377543884774565,an ancient unit of weight (one-eighth of a tael)
裌,jiá,9,92,10,25,12,3.1132227216830772,4.902069701783123,2.8022217134633025,1.5145051427142429,1.3426408178472768,lined garment
玞,fū,8,58,6,30,11,2.7673090859405134,3.0904352467763165,1.6813330280779812,1.8174061712570915,1.2307540830266703,an inferior agate
蔌,sù,8,467,30,105,54,2.7673090859405134,24.88333207318172,8.406665140389906,6.36092159939982,6.041883680312745,vegetables
罡,gāng,8,42,21,131,147,2.7673090859405134,2.237901385596643,5.884665598272935,7.936006947822633,16.44735001862914,"the stars making up the handle of the Big Dipper (Alkaid, Mizar, and Alioth)"
港,gǎng,8,448,76,314,367,2.7673090859405134,23.87094811303086,21.2968850223211,19.022184592490888,41.06243167916255,"port, harbor"
棒,bàng,8,548,14,80,54,2.7673090859405134,29.199284745403816,3.9231103988486233,4.846416456685577,6.041883680312745,"stick, club, truncheon"
燬,huǐ,8,52,15,43,25,2.7673090859405134,2.770735048833939,4.203332570194953,2.6049488454684977,2.7971683705151604,burn down
貐,yǔ,8,6,10,24,25,2.7673090859405134,0.3197001979423776,2.8022217134633025,1.453924937005673,2.7971683705151604,䝟貐 a legendary man-eating monster
兑,duì,8,102,23,44,26,2.7673090859405134,5.434903365020419,6.445109940965595,2.6655290511770673,2.9090551053357663,cash
徉,yáng,8,430,75,397,171,2.7673090859405134,22.911847519203725,21.016662850974768,24.050341666302177,19.132631654323696,"wonder, rove, stray"
訚,yín,8,38,10,26,4,2.7673090859405134,2.0247679203017244,2.8022217134633025,1.5750853484228124,0.4475469392824256,speak gently
幨,chān,8,25,3,47,22,2.7673090859405134,1.3320841580932397,0.8406665140389906,2.8472696683027765,2.4615081660533407,curtain
荟,huì,8,83,15,45,52,2.7673090859405134,4.422519404869557,4.203332570194953,2.726109256885637,5.818110210671533,"luxuriant, flourishing, abundant"
澎,pēng,8,105,15,61,244,2.7673090859405134,5.594753463991608,4.203332570194953,3.6953925482227525,27.300363296227964,splatter
郦,lì,8,49,20,39,50,2.7673090859405134,2.6108849498627498,5.604443426926605,2.362628022634219,5.594336741030321,place in today's Henan province
佚,yì,8,281,26,89,102,2.7673090859405134,14.972625936968015,7.285776455004585,5.391638308062705,11.412446951701854,indulge in pleasures
桹,láng,8,36,2,8,2,2.7673090859405134,1.9182011876542655,0.5604443426926604,0.48464164566855766,0.2237734696412128,palm
轹,lì,8,66,15,28,26,2.7673090859405134,3.5167021773661533,4.203332570194953,1.696245759839952,2.9090551053357663,run over something with vehicle
宕,dàng,8,165,31,289,279,2.7673090859405134,8.791755443415383,8.686887311736237,17.507679449776646,31.21639901494919,stone quarry
癫,diān,8,21,4,10,22,2.7673090859405134,1.1189506927983215,1.1208886853853208,0.6058020570856971,2.4615081660533407,"crazy, mad"
苌,cháng,8,29,11,66,74,2.7673090859405134,1.5452176233881583,3.0824438848096323,3.998293576765601,8.279618376724873,"star fruit, Averrhoa carambola"
缫,sāo,8,183,44,100,106,2.7673090859405134,9.750856037242515,12.329775539238529,6.058020570856971,11.859993890984278,"draw, reel"
嫱,qiáng,8,81,7,42,17,2.7673090859405134,4.315952672222097,1.9615551994243117,2.544368639759928,1.9020744919503088,lady
汧,qiān,8,40,9,25,16,2.7673090859405134,2.1313346529491835,2.521999542116972,1.5145051427142429,1.7901877571297025,name of a river in Shangdong
轭,è,8,56,4,76,27,2.7673090859405134,2.9838685141288575,1.1208886853853208,4.604095633851298,3.0209418401563726,"yoke, collar"
琬,wǎn,8,131,24,182,27,2.7673090859405134,6.980120988408577,6.725332112311925,11.025597438959688,3.0209418401563726,the virtue of a gentleman
瑙,nǎo,8,78,62,111,22,2.7673090859405134,4.156102573250908,17.373774623472475,6.724402833651238,2.4615081660533407,agate
槠,zhū,8,25,5,12,5,2.7673090859405134,1.3320841580932397,1.4011108567316513,0.7269624685028365,0.559433674103032,Oak
褫,chǐ,8,132,13,72,59,2.7673090859405134,7.033404354732307,3.6428882275022927,4.361774811017019,6.6013173544157775,"strip, tear off, undress"
陡,dǒu,8,261,50,201,358,2.7673090859405134,13.906958610493424,14.01110856731651,12.176621347422511,40.05545106577709,"steep, sloping"
赂,lù,8,34,13,46,36,2.7673090859405134,1.8116344550068062,3.6428882275022927,2.786689462594207,4.027922453541831,bribe
妩,wǔ,8,451,69,159,508,2.7673090859405134,24.030798212002043,19.335329822896785,9.632252707662584,56.838461288868054,"charming, enchanting"
胚,pēi,8,141,22,69,73,2.7673090859405134,7.512954651645873,6.1648877696192645,4.18003419389131,8.167731641904268,embryo
辒,wēn,8,19,4,11,11,2.7673090859405134,1.0123839601508622,1.1208886853853208,0.6663822627942668,1.2307540830266703,hearse
铲,chǎn,8,54,23,64,72,2.7673090859405134,2.877301781481398,6.445109940965595,3.8771331653484613,8.055844907083662,"spade, shovel, trowel, scoop"
嘴,zuǐ,8,182,35,157,131,2.7673090859405134,9.697572670918785,9.807775997121558,9.511092296245444,14.657162261499439,"mouth, lips"
玛,mǎ,8,75,62,112,38,2.7673090859405134,3.9962524742797196,17.373774623472475,6.784983039359808,4.251695923183043,agate
淝,féi,8,125,13,102,22,2.7673090859405134,6.660420790466199,3.6428882275022927,6.179180982274111,2.4615081660533407,name of an affluent of the Poyang Lake
阓,huì,8,116,19,90,42,2.7673090859405134,6.180870493552633,5.324221255580275,5.452218513771274,4.699242862465469,gate of a market
栲,kǎo,8,18,7,12,10,2.7673090859405134,0.9591005938271328,1.9615551994243117,0.7269624685028365,1.118867348206064,mangrove
汁,zhī,8,200,35,199,121,2.7673090859405134,10.656673264745917,9.807775997121558,12.055460936005373,13.538294913293374,"juice, liquor, fluid, sap, gravy, sauce"
颤,chàn,8,156,31,109,303,2.7673090859405134,8.312205146501816,8.686887311736237,6.603242422234098,33.90168065064374,"shiver, tremble"
尰,zhǒng,8,2,1,4,2,2.7673090859405134,0.10656673264745918,0.2802221713463302,0.24232082283427883,0.2237734696412128,"swell, swelling of the legs"
砰,pēng,8,35,12,61,42,2.7673090859405134,1.8649178213305357,3.3626660561559625,3.6953925482227525,4.699242862465469,"sound of crashing stones, bang!"
辐,fú,8,94,20,62,56,2.7673090859405134,5.008636434430582,5.604443426926605,3.755972753931322,6.265657149953959,spokes of wheel
疣,yóu,8,75,4,66,31,2.7673090859405134,3.9962524742797196,1.1208886853853208,3.998293576765601,3.4684887794387986,wart
牂,zāng,8,52,13,232,77,2.7673090859405134,2.770735048833939,3.6428882275022927,14.054607724388173,8.615278581186693,"female sheep, ewe"
赧,nǎn,8,63,17,56,40,2.7673090859405134,3.3568520783949642,4.7637769128876135,3.392491519679904,4.475469392824256,"blush, turn red"
鞲,gōu,8,55,32,103,40,2.7673090859405134,2.9305851478051275,8.967109483082567,6.23976118798268,4.475469392824256,leather arm guard
皞,hào,8,87,23,186,40,2.7673090859405134,4.635652870164474,6.445109940965595,11.267918261793966,4.475469392824256,"bright, brilliant"
蹐,jí,8,75,14,111,81,2.7673090859405134,3.9962524742797196,3.9231103988486233,6.724402833651238,9.062825520469119,take short steps
璘,lín,8,42,12,55,35,2.7673090859405134,2.237901385596643,3.3626660561559625,3.331911313971334,3.9160357187212242,luster of jade
疼,téng,8,17,8,16,16,2.7673090859405134,0.9058172275034031,2.2417773707706417,0.9692832913371153,1.7901877571297025,"aches, pains"
荛,ráo,8,97,26,95,33,2.7673090859405134,5.1684865334017704,7.285776455004585,5.755119542314122,3.6922622490800117,"fuel, firewood"
咳,ké,8,203,30,111,105,2.7673090859405134,10.816523363717108,8.406665140389906,6.724402833651238,11.748107156163673,cough
诋,dǐ,8,162,8,69,79,2.7673090859405134,8.631905344444194,2.2417773707706417,4.18003419389131,8.839052050827906,"slander, condemn, reproach"
漼,cuǐ,8,21,2,17,3,2.7673090859405134,1.1189506927983215,0.5604443426926604,1.029863497045685,0.3356602044618192,having the appearance of depth
酽,yàn,8,169,7,33,84,2.7673090859405134,9.004888908710301,1.9615551994243117,1.9991467883828005,9.398485724930937,"thick, strong (beverage)"
楮,chǔ,8,444,114,224,149,2.7673090859405134,23.65781464773594,31.945327533481645,13.569966078719617,16.671123488270354,mulberry
鲫,jì,8,123,19,73,88,2.7673090859405134,6.55385405781874,5.324221255580275,4.422355016725589,9.846032664213363,"Carassius auratus, crucian carp"
跣,xiǎn,8,117,17,89,68,2.7673090859405134,6.234153859876362,4.7637769128876135,5.391638308062705,7.608297967801235,bare footed
勌,juàn,8,9,6,13,10,2.7673090859405134,0.4795502969135664,1.6813330280779812,0.7875426742114062,1.118867348206064,to labor
圯,yí,8,130,20,144,53,2.7673090859405134,6.926837622084847,5.604443426926605,8.723549622034039,5.929996945492139,"bridge, bank"
捶,chuí,8,36,13,50,50,2.7673090859405134,1.9182011876542655,3.6428882275022927,3.0290102854284857,5.594336741030321,"strike with stick, lash, beat"
惛,hūn,8,39,6,15,15,2.7673090859405134,2.078051286625454,1.6813330280779812,0.9087030856285457,1.6783010223090962,"confused, stupid, dull, senile"
帼,guó,8,37,5,54,99,2.7673090859405134,1.971484553977995,1.4011108567316513,3.2713311082627645,11.076786747240034,women's headgear
靳,jìn,8,224,22,88,81,2.7673090859405134,11.93547405651543,6.1648877696192645,5.331058102354135,9.062825520469119,strap on a horse's breast
杠,gāng,8,53,17,77,23,2.7673090859405134,2.8240184151576684,4.7637769128876135,4.664675839559868,2.5733949008739474,"lever, pole, crowbar"
趯,tì,8,88,3,33,21,2.7673090859405134,4.688936236488204,0.8406665140389906,1.9991467883828005,2.3496214312327344,jump
傩,nuó,8,88,29,50,27,2.7673090859405134,4.688936236488204,8.126442969043577,3.0290102854284857,3.0209418401563726,rich
摴,chū,8,31,14,36,23,2.7673090859405134,1.6517843560356174,3.9231103988486233,2.1808874055085097,2.5733949008739474,"to stretch out, to unroll"
鬇,zhēng,8,2,2,5,5,2.7673090859405134,0.10656673264745918,0.5604443426926604,0.30290102854284856,0.559433674103032,-
妲,dá,8,13,3,12,4,2.7673090859405134,0.6926837622084847,0.8406665140389906,0.7269624685028365,0.4475469392824256,concubine of last ruler of the Shang dynasty
婪,lán,8,54,39,47,121,2.7673090859405134,2.877301781481398,10.928664682506879,2.8472696683027765,13.538294913293374,covet
惴,zhuì,8,80,17,56,71,2.7673090859405134,4.262669305898367,4.7637769128876135,3.392491519679904,7.943958172263055,"afraid, apprehensive, nervous"
焘,dào,8,23,9,8,5,2.7673090859405134,1.2255174254457808,2.521999542116972,0.48464164566855766,0.559433674103032,"shine, illuminate"
侥,jiǎo,8,97,14,38,91,2.7673090859405134,5.1684865334017704,3.9231103988486233,2.302047816925649,10.181692868675182,be lucky
脰,dòu,8,72,13,51,59,2.7673090859405134,3.836402375308531,3.6428882275022927,3.0895904911370553,6.6013173544157775,the neck
獒,áo,8,35,13,36,25,2.7673090859405134,1.8649178213305357,3.6428882275022927,2.1808874055085097,2.7971683705151604,"mastiff, large fierce dog"
獐,zhāng,8,114,27,49,56,2.7673090859405134,6.074303760905174,7.5659986263509165,2.968430079719916,6.265657149953959,"roebuck, hornless river deer"
拉,lā,8,120,34,207,123,2.7673090859405134,6.39400395884755,9.527553825775227,12.540102581673931,13.762068382934586,"pull, drag"
墩,dūn,8,97,36,250,206,2.7673090859405134,5.1684865334017704,10.087998168467887,15.145051427142429,23.048667373044918,"heap, mound, block of stone"
痼,gù,8,189,39,93,92,2.7673090859405134,10.070556235184892,10.928664682506879,5.633959130896983,10.29357960349579,chronic disease
躧,xǐ,8,25,2,35,5,2.7673090859405134,1.3320841580932397,0.5604443426926604,2.1203071997999396,0.559433674103032,sandal
椅,yǐ,8,44,19,41,21,2.7673090859405134,2.344468118244102,5.324221255580275,2.483788434051358,2.3496214312327344,"chair, seat"
漙,tuán,8,193,86,302,41,2.7673090859405134,10.283689700479812,24.0991067357844,18.295222123988054,4.5873561276448624,dewy
镒,yì,8,47,12,72,14,2.7673090859405134,2.504318217215291,3.3626660561559625,4.361774811017019,1.5664142874884897,measure of weight for gold
沨,fēng,8,11,22,57,15,2.7673090859405134,0.5861170295610255,6.1648877696192645,3.4530717253884737,1.6783010223090962,pleasant sound
殉,xùn,8,77,21,274,318,2.7673090859405134,4.102819206927179,5.884665598272935,16.5989763641481,35.57998167295284,"die for cause, be martyr for"
劾,hé,8,136,17,59,36,2.7673090859405134,7.246537820027225,4.7637769128876135,3.5742321368056134,4.027922453541831,"examine into, impeach, charge"
藐,miǎo,8,197,22,188,193,2.7673090859405134,10.49682316577473,6.1648877696192645,11.389078673211106,21.594139820377034,"disregard, slight, disdain"
磋,cuō,8,116,9,71,48,2.7673090859405134,6.180870493552633,2.521999542116972,4.30119460530845,5.370563271389107,"polish, buff"
胙,zuò,8,72,10,49,11,2.7673090859405134,3.836402375308531,2.8022217134633025,2.968430079719916,1.2307540830266703,meat offered in sacrifice to one's ancestors
绋,fú,8,170,18,48,24,2.7673090859405134,9.058172275034032,5.043999084233944,2.907849874011346,2.6852816356945537,large rope
缡,lí,8,37,12,92,45,2.7673090859405134,1.971484553977995,3.3626660561559625,5.573378925188414,5.0349030669272885,a bridal veil
犷,guǎng,8,36,13,24,21,2.7673090859405134,1.9182011876542655,3.6428882275022927,1.453924937005673,2.3496214312327344,"fierce, rude, uncivilized"
券,quàn,8,246,25,140,166,2.7673090859405134,13.10770811563748,7.005554283658255,8.481228799199759,18.573197980220662,"certificate, ticket"
睒,shǎn,8,13,22,25,69,2.7673090859405134,0.6926837622084847,6.1648877696192645,1.5145051427142429,7.720184702621841,"to glance at, to peep"
漩,xuán,8,50,8,70,33,2.7673090859405134,2.6641683161864793,2.2417773707706417,4.240614399599879,3.6922622490800117,"eddy, whirlpool"
塿,lǒu,8,133,26,64,66,2.7673090859405134,7.086687721056036,7.285776455004585,3.8771331653484613,7.384524498160023,small mound
粽,zòng,8,89,4,14,33,2.7673090859405134,4.742219602811933,1.1208886853853208,0.848122879919976,3.6922622490800117,dumpling made of glutinous rice
厖,páng,8,170,29,68,45,2.7673090859405134,9.058172275034032,8.126442969043577,4.11945398818274,5.0349030669272885,bulky
玖,jiǔ,8,109,25,133,48,2.7673090859405134,5.807886929286525,7.005554283658255,8.057167359239772,5.370563271389107,black-colored jade
朣,tóng,8,77,3,40,7,2.7673090859405134,4.102819206927179,0.8406665140389906,2.4232082283427885,0.7832071437442448,the rising moon
搬,bān,8,75,36,18,23,2.7673090859405134,3.9962524742797196,10.087998168467887,1.0904437027542548,2.5733949008739474,"transfer, move, remove, shift"
抨,pēng,8,46,2,18,15,2.7673090859405134,2.4510348508915616,0.5604443426926604,1.0904437027542548,1.6783010223090962,"impeach, censure"
俞,yú,8,241,38,182,62,2.7673090859405134,12.841291284018832,10.64844251116055,11.025597438959688,6.936977558877597,surname
稿,gǎo,8,330,46,277,633,2.7673090859405134,17.583510886830766,12.89021988193119,16.78071698127381,70.82430314144386,"draft, manuscript, rough copy"
鬡,níng,8,2,1,6,3,2.7673090859405134,0.10656673264745918,0.2802221713463302,0.36348123425141826,0.3356602044618192,-
湃,pài,8,103,18,89,70,2.7673090859405134,5.488186731344149,5.043999084233944,5.391638308062705,7.8320714374424485,sound of waves
箙,fú,8,18,4,19,11,2.7673090859405134,0.9591005938271328,1.1208886853853208,1.1510239084628244,1.2307540830266703,quiver
褓,bǎo,8,66,18,90,88,2.7673090859405134,3.5167021773661533,5.043999084233944,5.452218513771274,9.846032664213363,swaddling cloth
艨,méng,8,19,3,49,84,2.7673090859405134,1.0123839601508622,0.8406665140389906,2.968430079719916,9.398485724930937,long and narrow war-boat
晌,shǎng,8,31,7,58,340,2.7673090859405134,1.6517843560356174,1.9615551994243117,3.5136519310970433,38.04148983900618,"noon, midday"
嵲,niè,8,62,8,105,41,2.7673090859405134,3.3035687120712347,2.2417773707706417,6.36092159939982,4.5873561276448624,towering mountain
稂,láng,8,61,28,62,34,2.7673090859405134,3.250285345747505,7.846220797697247,3.755972753931322,3.8041489839006175,grass
潴,zhū,8,100,18,77,40,2.7673090859405134,5.328336632372959,5.043999084233944,4.664675839559868,4.475469392824256,pond
狺,yín,8,121,10,74,77,2.7673090859405134,6.447287325171281,2.8022217134633025,4.4829352224341585,8.615278581186693,the snarling of dogs
跚,shān,7,156,25,95,67,2.421395450197949,8.312205146501816,7.005554283658255,5.755119542314122,7.496411232980629,"stagger, limp"
荈,chuǎn,7,30,5,16,33,2.421395450197949,1.5985009897118876,1.4011108567316513,0.9692832913371153,3.6922622490800117,-
搒,bàng,7,4,2,9,13,2.421395450197949,0.21313346529491836,0.5604443426926604,0.5452218513771274,1.4545275526678831,pole
毸,sāi,7,71,25,51,14,2.421395450197949,3.783119008984801,7.005554283658255,3.0895904911370553,1.5664142874884897,-
漦,chí,7,9,7,11,16,2.421395450197949,0.4795502969135664,1.9615551994243117,0.6663822627942668,1.7901877571297025,saliva
蛴,qí,7,14,1,34,18,2.421395450197949,0.7459671285322144,0.2802221713463302,2.05972699409137,2.0139612267709155,"maggots, grubs"
漘,chún,7,59,10,33,39,2.421395450197949,3.143718613100046,2.8022217134633025,1.9991467883828005,4.36358265800365,bank
笮,zé,7,53,6,61,45,2.421395450197949,2.8240184151576684,1.6813330280779812,3.6953925482227525,5.0349030669272885,boards which support tiles on roof
褪,tuì,7,331,37,236,395,2.421395450197949,17.636794253154495,10.368220339814217,14.296928547222453,44.19526025413953,"strip, undress"
辎,zī,7,62,13,55,15,2.421395450197949,3.3035687120712347,3.6428882275022927,3.331911313971334,1.6783010223090962,"a supply cart, covered wagon, dray"
淀,diàn,7,43,23,37,62,2.421395450197949,2.2911847519203725,6.445109940965595,2.2414676112170793,6.936977558877597,"shallow water, swamp"
岿,kuī,7,230,29,104,136,2.421395450197949,12.255174254457806,8.126442969043577,6.30034139369125,15.21659593560247,"grand, stately"
踔,chuō,7,80,6,50,63,2.421395450197949,4.262669305898367,1.6813330280779812,3.0290102854284857,7.0488642936982036,to get ahead
鷕,yǎo,7,13,3,7,4,2.421395450197949,0.6926837622084847,0.8406665140389906,0.424061439959988,0.4475469392824256,call
藋,diào,7,102,15,49,14,2.421395450197949,5.434903365020419,4.203332570194953,2.968430079719916,1.5664142874884897,-
鲭,qīng,7,91,15,105,40,2.421395450197949,4.848786335459392,4.203332570194953,6.36092159939982,4.475469392824256,mackerel
僰,bó,7,32,14,88,48,2.421395450197949,1.705067722359347,3.9231103988486233,5.331058102354135,5.370563271389107,ancient aboriginal tribe
闯,chuǎng,7,263,17,67,72,2.421395450197949,14.013525343140882,4.7637769128876135,4.058873782474171,8.055844907083662,"rush in, burst in, charge in"
籀,zhòu,7,101,42,98,90,2.421395450197949,5.381619998696689,11.76933119654587,5.936860159439832,10.069806133854577,"recite, read"
鹙,qiū,7,56,11,63,23,2.421395450197949,2.9838685141288575,3.0824438848096323,3.816552959639892,2.5733949008739474,large waterfowl with naked head
芮,ruì,7,33,3,18,9,2.421395450197949,1.7583510886830767,0.8406665140389906,1.0904437027542548,1.0069806133854577,"tiny, small"
鲧,gǔn,7,35,3,17,9,2.421395450197949,1.8649178213305357,0.8406665140389906,1.029863497045685,1.0069806133854577,giant fish
阨,è,7,141,28,93,55,2.421395450197949,7.512954651645873,7.846220797697247,5.633959130896983,6.153770415133352,in distress
袪,qū,7,153,24,145,50,2.421395450197949,8.152355047530627,6.725332112311925,8.784129827742607,5.594336741030321,sleeves
怿,yì,7,92,21,122,29,2.421395450197949,4.902069701783123,5.884665598272935,7.390785096445505,3.2447153097975856,"enjoy, be glad, be pleased"
毹,shū,7,86,53,179,113,2.421395450197949,4.582369503840745,14.851775081355502,10.84385682183398,12.643201034728524,rug
鸩,zhèn,7,116,24,59,79,2.421395450197949,6.180870493552633,6.725332112311925,3.5742321368056134,8.839052050827906,a bird resembling the secretary falcon
罛,gū,7,19,5,32,14,2.421395450197949,1.0123839601508622,1.4011108567316513,1.9385665826742307,1.5664142874884897,large fishing net
怙,hù,7,84,16,94,62,2.421395450197949,4.475802771193286,4.483554741541283,5.694539336605553,6.936977558877597,"rely on, presume on"
鍪,móu,7,108,39,66,63,2.421395450197949,5.754603562962796,10.928664682506879,3.998293576765601,7.0488642936982036,an iron pan
毓,yù,7,184,24,189,88,2.421395450197949,9.804139403566246,6.725332112311925,11.449658878919676,9.846032664213363,give birth to
牸,zì,7,29,6,17,20,2.421395450197949,1.5452176233881583,1.6813330280779812,1.029863497045685,2.237734696412128,the female of certain animals
铍,pī,7,3,2,5,10,2.421395450197949,0.1598500989711888,0.5604443426926604,0.30290102854284856,1.118867348206064,"beryllium (element 4, Be)"
幛,zhàng,7,50,13,75,82,2.421395450197949,2.6641683161864793,3.6428882275022927,4.543515428142729,9.174712255289725,scroll of silk or cloth bearing a congratulatory message
渼,měi,7,24,4,43,4,2.421395450197949,1.2788007917695103,1.1208886853853208,2.6049488454684977,0.4475469392824256,ripples
摸,mō,7,387,24,81,92,2.421395450197949,20.620662767283353,6.725332112311925,4.906996662394147,10.29357960349579,gently touch with hand
螳,táng,7,109,23,93,101,2.421395450197949,5.807886929286525,6.445109940965595,5.633959130896983,11.300560216881246,mantis
觳,hú,7,130,22,34,32,2.421395450197949,6.926837622084847,6.1648877696192645,2.05972699409137,3.580375514259405,an ancient measure
滢,yíng,7,5,1,16,7,2.421395450197949,0.26641683161864793,0.2802221713463302,0.9692832913371153,0.7832071437442448,"clear, pure water"
祼,guàn,7,78,17,46,9,2.421395450197949,4.156102573250908,4.7637769128876135,2.786689462594207,1.0069806133854577,libation
歙,shè,7,197,20,103,36,2.421395450197949,10.49682316577473,5.604443426926605,6.23976118798268,4.027922453541831,to suck
遝,tà,7,109,37,149,54,2.421395450197949,5.807886929286525,10.368220339814217,9.026450650576887,6.041883680312745,"mixed, abundant, assorted"
侦,zhēn,7,10,12,23,24,2.421395450197949,0.5328336632372959,3.3626660561559625,1.3933447312971035,2.6852816356945537,"spy, reconnoiter"
戺,shì,7,34,15,67,28,2.421395450197949,1.8116344550068062,4.203332570194953,4.058873782474171,3.1328285749769793,stone boarder
饘,zhān,7,113,18,103,55,2.421395450197949,6.021020394581444,5.043999084233944,6.23976118798268,6.153770415133352,gruel
侑,yòu,7,403,47,204,95,2.421395450197949,21.473196628463025,13.17044205327752,12.358361964548221,10.629239807957608,"help, assist, repay kindness"
滇,diān,7,26,24,578,269,2.421395450197949,1.3853675244169694,6.725332112311925,35.01535889955329,30.097531666743123,Yunnan province
跏,jiā,7,171,23,181,67,2.421395450197949,9.11145564135776,6.445109940965595,10.965017233251118,7.496411232980629,sit cross-legged
赣,gàn,7,164,13,152,43,2.421395450197949,8.738472077091654,3.6428882275022927,9.208191267702595,4.811129597286075,Jiangxi province
窸,xī,7,25,3,5,22,2.421395450197949,1.3320841580932397,0.8406665140389906,0.30290102854284856,2.4615081660533407,"faint sound, whisper"
荭,hóng,7,27,1,12,38,2.421395450197949,1.438650890740699,0.2802221713463302,0.7269624685028365,4.251695923183043,herb
摊,tān,7,61,22,294,255,2.421395450197949,3.250285345747505,6.1648877696192645,17.810580478319494,28.531117379254635,"spread out, open"
盾,dùn,7,97,19,93,120,2.421395450197949,5.1684865334017704,5.324221255580275,5.633959130896983,13.42640817847277,"shield, shield-shaped object"
倔,jué,7,71,7,43,87,2.421395450197949,3.783119008984801,1.9615551994243117,2.6049488454684977,9.734145929392758,"stubborn, obstinate, intransigent"
笱,gǒu,7,29,14,55,11,2.421395450197949,1.5452176233881583,3.9231103988486233,3.331911313971334,1.2307540830266703,"a basket trap for fish, placed in the opening of a weir"
凸,tū,7,79,11,25,64,2.421395450197949,4.209385939574638,3.0824438848096323,1.5145051427142429,7.16075102851881,"protrude, bulge out, convex"
骰,tóu,7,29,17,15,21,2.421395450197949,1.5452176233881583,4.7637769128876135,0.9087030856285457,2.3496214312327344,"die, dice"
悢,liàng,7,22,17,33,20,2.421395450197949,1.172234059122051,4.7637769128876135,1.9991467883828005,2.237734696412128,-
岗,gǎng,7,281,31,164,63,2.421395450197949,14.972625936968015,8.686887311736237,9.935153736205432,7.0488642936982036,post
牁,kē,7,33,8,194,48,2.421395450197949,1.7583510886830767,2.2417773707706417,11.752559907462523,5.370563271389107,mooring stake
蔺,lìn,7,87,14,59,22,2.421395450197949,4.635652870164474,3.9231103988486233,3.5742321368056134,2.4615081660533407,rush used for making mats
絙,huán,7,13,6,34,6,2.421395450197949,0.6926837622084847,1.6813330280779812,2.05972699409137,0.6713204089236384,-
倭,wō,7,26,25,181,140,2.421395450197949,1.3853675244169694,7.005554283658255,10.965017233251118,15.664142874884897,dwarf
鐍,jué,7,46,6,17,14,2.421395450197949,2.4510348508915616,1.6813330280779812,1.029863497045685,1.5664142874884897,hasp of a lock
靺,mò,7,13,1,37,19,2.421395450197949,0.6926837622084847,0.2802221713463302,2.2414676112170793,2.1258479615915213,stocking
栌,lú,7,31,7,21,16,2.421395450197949,1.6517843560356174,1.9615551994243117,1.272184319879964,1.7901877571297025,supporting block
哕,huì,7,40,9,80,33,2.421395450197949,2.1313346529491835,2.521999542116972,4.846416456685577,3.6922622490800117,belch
懑,mèn,7,43,13,29,29,2.421395450197949,2.2911847519203725,3.6428882275022927,1.7568259655485217,3.2447153097975856,"be sick at heart, sorrowful, sad"
刎,wěn,7,28,11,49,28,2.421395450197949,1.4919342570644287,3.0824438848096323,2.968430079719916,3.1328285749769793,"behead, cut throat"
畛,zhěn,7,167,14,68,55,2.421395450197949,8.898322176062841,3.9231103988486233,4.11945398818274,6.153770415133352,"border, boundary"
澨,shì,7,36,22,84,46,2.421395450197949,1.9182011876542655,6.1648877696192645,5.088737279519856,5.146789801747895,shore
砉,huò,7,45,16,27,57,2.421395450197949,2.3977514845678316,4.483554741541283,1.6356655541313823,6.377543884774565,"the sound of flaying, separating skin and bone"
毰,péi,7,75,25,47,14,2.421395450197949,3.9962524742797196,7.005554283658255,2.8472696683027765,1.5664142874884897,-
粕,pò,7,129,25,145,56,2.421395450197949,6.873554255761118,7.005554283658255,8.784129827742607,6.265657149953959,"lees, dregs, sediments left after distilling liquor"
阈,yù,7,33,2,24,15,2.421395450197949,1.7583510886830767,0.5604443426926604,1.453924937005673,1.6783010223090962,threshold
搀,chān,7,320,51,88,121,2.421395450197949,17.050677223593468,14.291330738662841,5.331058102354135,13.538294913293374,give helping hand
禖,méi,7,68,3,16,14,2.421395450197949,3.6232689100136124,0.8406665140389906,0.9692832913371153,1.5664142874884897,sacrifice
兖,yǎn,7,27,15,53,29,2.421395450197949,1.438650890740699,4.203332570194953,3.210750902554195,3.2447153097975856,establish
沩,wéi,7,178,7,16,8,2.421395450197949,9.484439205623866,1.9615551994243117,0.9692832913371153,0.8950938785648512,name of a river in Hunan
蓁,zhēn,7,77,19,114,22,2.421395450197949,4.102819206927179,5.324221255580275,6.9061434507769475,2.4615081660533407,"abundant, luxuriant vegetation"
崷,qiú,7,93,8,26,13,2.421395450197949,4.955353068106852,2.2417773707706417,1.5750853484228124,1.4545275526678831,-
诩,xǔ,7,85,13,144,218,2.421395450197949,4.529086137517016,3.6428882275022927,8.723549622034039,24.391308190892197,"boast, brag"
憾,hàn,7,384,31,131,213,2.421395450197949,20.460812668312165,8.686887311736237,7.936006947822633,23.831874516789163,"to regret, remorse"
忸,niǔ,7,41,2,46,17,2.421395450197949,2.1846180192729134,0.5604443426926604,2.786689462594207,1.9020744919503088,"blush, be bashful, be ashamed"
柞,zhà,7,46,8,30,23,2.421395450197949,2.4510348508915616,2.2417773707706417,1.8174061712570915,2.5733949008739474,oak
鶋,jū,7,28,4,8,18,2.421395450197949,1.4919342570644287,1.1208886853853208,0.48464164566855766,2.0139612267709155,a sea-bird with a white breast
壹,yī,7,99,7,46,37,2.421395450197949,5.2750532660492295,1.9615551994243117,2.786689462594207,4.139809188362436,number one
鶢,yuán,7,26,4,9,16,2.421395450197949,1.3853675244169694,1.1208886853853208,0.5452218513771274,1.7901877571297025,a bird which frequents the sea-shore
枋,fāng,7,60,9,90,51,2.421395450197949,3.197001979423775,2.521999542116972,5.452218513771274,5.706223475850927,sandalwood
璆,qiú,7,126,20,100,36,2.421395450197949,6.7137041567899285,5.604443426926605,6.058020570856971,4.027922453541831,beautiful jade
醋,cù,7,96,12,47,55,2.421395450197949,5.115203167078041,3.3626660561559625,2.8472696683027765,6.153770415133352,vinegar
韨,fú,7,20,4,50,54,2.421395450197949,1.0656673264745917,1.1208886853853208,3.0290102854284857,6.041883680312745,a leather knee-pad worn during sacrifices
龆,tiáo,7,32,2,30,12,2.421395450197949,1.705067722359347,0.5604443426926604,1.8174061712570915,1.3426408178472768,lose baby teeth and get adult teeth
彘,zhì,7,115,16,76,62,2.421395450197949,6.127587127228903,4.483554741541283,4.604095633851298,6.936977558877597,swine
唅,hán,7,8,3,3,7,2.421395450197949,0.4262669305898367,0.8406665140389906,0.18174061712570913,0.7832071437442448,a sound
憯,cǎn,7,22,8,43,17,2.421395450197949,1.172234059122051,2.2417773707706417,2.6049488454684977,1.9020744919503088,"sorrowful, sad"
艮,gěn,7,174,37,104,84,2.421395450197949,9.271305740328948,10.368220339814217,6.30034139369125,9.398485724930937,Kangxi radical 138
囝,jiǎn,7,38,10,3,3,2.421395450197949,2.0247679203017244,2.8022217134633025,0.18174061712570913,0.3356602044618192,"baby, infant"
饕,tāo,7,363,53,139,170,2.421395450197949,19.34186197551384,14.851775081355502,8.42064859349119,19.02074491950309,"gluttonous, greedy, covetous"
灂,zhuó,7,21,7,36,11,2.421395450197949,1.1189506927983215,1.9615551994243117,2.1808874055085097,1.2307540830266703,-
诔,lěi,7,123,15,62,69,2.421395450197949,6.55385405781874,4.203332570194953,3.755972753931322,7.720184702621841,"eulogize, praise the dead"
苣,jù,7,33,7,13,36,2.421395450197949,1.7583510886830767,1.9615551994243117,0.7875426742114062,4.027922453541831,kind of lettuce
袿,guī,7,14,1,24,23,2.421395450197949,0.7459671285322144,0.2802221713463302,1.453924937005673,2.5733949008739474,gown
囋,zá,7,22,2,5,6,2.421395450197949,1.172234059122051,0.5604443426926604,0.30290102854284856,0.6713204089236384,-
迕,wù,7,51,9,54,34,2.421395450197949,2.7174516825102093,2.521999542116972,3.2713311082627645,3.8041489839006175,"obstinate, perverse"
跑,pǎo,7,40,12,72,30,2.421395450197949,2.1313346529491835,3.3626660561559625,4.361774811017019,3.3566020446181923,"run, flee, leave in hurry"
甓,pì,7,162,41,123,127,2.421395450197949,8.631905344444194,11.48910902519954,7.451365302154074,14.209615322217013,"glazed tiles, bricks"
纆,mò,7,27,3,40,7,2.421395450197949,1.438650890740699,0.8406665140389906,2.4232082283427885,0.7832071437442448,cord
馘,guó,7,107,20,97,42,2.421395450197949,5.701320196639067,5.604443426926605,5.876279953731261,4.699242862465469,cut off left ear
鳜,guì,7,92,16,93,40,2.421395450197949,4.902069701783123,4.483554741541283,5.633959130896983,4.475469392824256,mandarin fish
璎,yīng,7,83,23,70,69,2.421395450197949,4.422519404869557,6.445109940965595,4.240614399599879,7.720184702621841,a necklace made of precious stones
肮,āng,7,192,31,188,48,2.421395450197949,10.230406334156083,8.686887311736237,11.389078673211106,5.370563271389107,dirty
喟,kuì,7,229,35,142,133,2.421395450197949,12.201890888134075,9.807775997121558,8.6023892106169,14.880935731140651,"heave sigh, sigh"
咋,zǎ,7,32,4,28,37,2.421395450197949,1.705067722359347,1.1208886853853208,1.696245759839952,4.139809188362436,"question-forming particle, why? how? what?"
氂,máo,7,42,18,25,8,2.421395450197949,2.237901385596643,5.043999084233944,1.5145051427142429,0.8950938785648512,tail
瓣,bàn,7,437,52,537,595,2.421395450197949,23.284831083469832,14.57155291000917,32.531570465501936,66.57260721826081,petal
讦,jié,7,36,2,15,12,2.421395450197949,1.9182011876542655,0.5604443426926604,0.9087030856285457,1.3426408178472768,"expose other's secrets, pry"
蜷,quán,7,44,28,83,70,2.421395450197949,2.344468118244102,7.846220797697247,5.028157073811286,7.8320714374424485,creep like a worm
彯,piāo,7,67,2,39,11,2.421395450197949,3.569985543689883,0.5604443426926604,2.362628022634219,1.2307540830266703,-
睟,suì,7,96,7,13,1,2.421395450197949,5.115203167078041,1.9615551994243117,0.7875426742114062,0.1118867348206064,clear-eyed
龁,hé,7,45,18,48,37,2.421395450197949,2.3977514845678316,5.043999084233944,2.907849874011346,4.139809188362436,"gnaw, bite, nibble"
嵽,dié,7,32,3,19,15,2.421395450197949,1.705067722359347,0.8406665140389906,1.1510239084628244,1.6783010223090962,towering
抓,zhuā,7,49,7,5,14,2.421395450197949,2.6108849498627498,1.9615551994243117,0.30290102854284856,1.5664142874884897,scratch
眈,dān,7,187,28,70,55,2.421395450197949,9.963989502537434,7.846220797697247,4.240614399599879,6.153770415133352,"gloat, stare at"
棉,mián,7,33,17,189,311,2.421395450197949,1.7583510886830767,4.7637769128876135,11.449658878919676,34.79677452920859,cotton
眢,yuān,7,55,24,18,43,2.421395450197949,2.9305851478051275,6.725332112311925,1.0904437027542548,4.811129597286075,eyes without brightness
礧,léi,7,63,16,75,27,2.421395450197949,3.3568520783949642,4.483554741541283,4.543515428142729,3.0209418401563726,name of a place in Shanxi province
嗾,sǒu,7,37,3,10,28,2.421395450197949,1.971484553977995,0.8406665140389906,0.6058020570856971,3.1328285749769793,to set a dog on
钢,gāng,7,51,32,53,63,2.421395450197949,2.7174516825102093,8.967109483082567,3.210750902554195,7.0488642936982036,steel
洫,xù,7,17,6,34,25,2.421395450197949,0.9058172275034031,1.6813330280779812,2.05972699409137,2.7971683705151604,to ditch
噆,zǎn,7,20,3,10,5,2.421395450197949,1.0656673264745917,0.8406665140389906,0.6058020570856971,0.559433674103032,to hold in the mouth
歠,chuò,7,39,4,16,18,2.421395450197949,2.078051286625454,1.1208886853853208,0.9692832913371153,2.0139612267709155,"sip, drink, suck"
仿,fǎng,7,259,69,319,699,2.421395450197949,13.800391877845964,19.335329822896785,19.325085621033736,78.20882763960387,"imitate, copy"
蟊,máo,6,66,13,57,17,2.075481814455385,3.5167021773661533,3.6428882275022927,3.4530717253884737,1.9020744919503088,grain-eating grub
捺,nà,6,40,1,11,10,2.075481814455385,2.1313346529491835,0.2802221713463302,0.6663822627942668,1.118867348206064,to press down heavily with the fingers
韡,wěi,6,61,8,71,13,2.075481814455385,3.250285345747505,2.2417773707706417,4.30119460530845,1.4545275526678831,gorgeous
谌,chén,6,56,4,47,11,2.075481814455385,2.9838685141288575,1.1208886853853208,2.8472696683027765,1.2307540830266703,"sincere, faithful"
惝,chǎng,6,87,14,56,99,2.075481814455385,4.635652870164474,3.9231103988486233,3.392491519679904,11.076786747240034,"alarmed, agitated"
籴,dí,6,241,31,42,40,2.075481814455385,12.841291284018832,8.686887311736237,2.544368639759928,4.475469392824256,purchase grains
揎,xuān,6,46,12,6,31,2.075481814455385,2.4510348508915616,3.3626660561559625,0.36348123425141826,3.4684887794387986,to pull up the sleeves and stretch out the arms
糅,róu,6,36,12,17,56,2.075481814455385,1.9182011876542655,3.3626660561559625,1.029863497045685,6.265657149953959,"blend, mix"
腠,còu,6,25,5,8,2,2.075481814455385,1.3320841580932397,1.4011108567316513,0.48464164566855766,0.2237734696412128,the tissue between the skin and the flesh
缵,zuǎn,6,41,5,64,21,2.075481814455385,2.1846180192729134,1.4011108567316513,3.8771331653484613,2.3496214312327344,"continue, carry on, succeed"
嗈,yōng,6,64,14,92,11,2.075481814455385,3.410135444718694,3.9231103988486233,5.573378925188414,1.2307540830266703,the call of a bird
肪,fáng,6,133,40,60,35,2.075481814455385,7.086687721056036,11.20888685385321,3.634812342514183,3.9160357187212242,animal fat
爝,jué,6,74,20,84,41,2.075481814455385,3.94296910795599,5.604443426926605,5.088737279519856,4.5873561276448624,torch
胪,lú,6,175,42,193,83,2.075481814455385,9.32458910665268,11.76933119654587,11.691979701753954,9.286598990110331,arrange in order
怃,wǔ,6,31,9,22,15,2.075481814455385,1.6517843560356174,2.521999542116972,1.3327645255885336,1.6783010223090962,"regretful, disappointed"
钞,chāo,6,122,28,45,190,2.075481814455385,6.50057069149501,7.846220797697247,2.726109256885637,21.258479615915217,"paper money, bank notes"
赳,jiū,6,37,10,51,27,2.075481814455385,1.971484553977995,2.8022217134633025,3.0895904911370553,3.0209418401563726,"grand, valiant"
箑,shà,6,118,10,75,47,2.075481814455385,6.287437226200092,2.8022217134633025,4.543515428142729,5.258676536568501,fan
枸,gǒu,6,54,35,81,21,2.075481814455385,2.877301781481398,9.807775997121558,4.906996662394147,2.3496214312327344,kind of aspen found in Sichuan
殛,jí,6,36,6,33,20,2.075481814455385,1.9182011876542655,1.6813330280779812,1.9991467883828005,2.237734696412128,to put to death to imprison for life
昕,xīn,6,83,23,108,30,2.075481814455385,4.422519404869557,6.445109940965595,6.542662216525529,3.3566020446181923,dawn
躄,bì,6,27,5,24,24,2.075481814455385,1.438650890740699,1.4011108567316513,1.453924937005673,2.6852816356945537,"cripple, lame"
诹,zōu,6,77,16,86,31,2.075481814455385,4.102819206927179,4.483554741541283,5.209897690936995,3.4684887794387986,"consult, confer"
擭,wò,6,10,2,21,2,2.075481814455385,0.5328336632372959,0.5604443426926604,1.272184319879964,0.2237734696412128,"trap catch animals, snare"
鬲,gé,6,87,3,34,58,2.075481814455385,4.635652870164474,0.8406665140389906,2.05972699409137,6.489430619595171,type of caldron with three hollow legs
窖,jiào,6,154,16,95,100,2.075481814455385,8.205638413854357,4.483554741541283,5.755119542314122,11.188673482060642,"pit, cellar"
硙,wéi,6,109,18,25,18,2.075481814455385,5.807886929286525,5.043999084233944,1.5145051427142429,2.0139612267709155,stone mill
嬖,bì,6,59,11,20,16,2.075481814455385,3.143718613100046,3.0824438848096323,1.2116041141713942,1.7901877571297025,favorite
椑,bēi,6,18,1,6,13,2.075481814455385,0.9591005938271328,0.2802221713463302,0.36348123425141826,1.4545275526678831,oval
祧,tiāo,6,53,5,36,35,2.075481814455385,2.8240184151576684,1.4011108567316513,2.1808874055085097,3.9160357187212242,an ancestral hall
麸,fū,6,17,4,9,15,2.075481814455385,0.9058172275034031,1.1208886853853208,0.5452218513771274,1.6783010223090962,bran
娭,āi,6,90,8,6,9,2.075481814455385,4.795502969135663,2.2417773707706417,0.36348123425141826,1.0069806133854577,amuse
氍,qú,6,85,36,163,106,2.075481814455385,4.529086137517016,10.087998168467887,9.874573530496864,11.859993890984278,fine woollen cloth
嗽,sòu,6,55,12,51,28,2.075481814455385,2.9305851478051275,3.3626660561559625,3.0895904911370553,3.1328285749769793,"cough, gargle, clear throat"
鬘,mán,6,17,5,45,183,2.075481814455385,0.9058172275034031,1.4011108567316513,2.726109256885637,20.47527247217097,beautiful hair
葚,rèn,6,53,1,6,17,2.075481814455385,2.8240184151576684,0.2802221713463302,0.36348123425141826,1.9020744919503088,mulberry fruit
鳍,qí,6,18,8,3,7,2.075481814455385,0.9591005938271328,2.2417773707706417,0.18174061712570913,0.7832071437442448,fin
怛,dá,6,143,25,93,62,2.075481814455385,7.619521384293332,7.005554283658255,5.633959130896983,6.936977558877597,"grieved, saddened"
苾,bì,6,113,21,84,22,2.075481814455385,6.021020394581444,5.884665598272935,5.088737279519856,2.4615081660533407,"smell, fragrance, aroma"
蒱,pú,6,29,12,38,24,2.075481814455385,1.5452176233881583,3.3626660561559625,2.302047816925649,2.6852816356945537,gambling game with dice
犍,jiān,6,85,31,70,57,2.075481814455385,4.529086137517016,8.686887311736237,4.240614399599879,6.377543884774565,a bullock
酴,tú,6,566,18,60,100,2.075481814455385,30.15838533923095,5.043999084233944,3.634812342514183,11.188673482060642,"leaven, yeast"
溧,lì,6,100,9,51,13,2.075481814455385,5.328336632372959,2.521999542116972,3.0895904911370553,1.4545275526678831,river in Anhui and Jiangsu provinces
镪,qiāng,6,20,7,47,4,2.075481814455385,1.0656673264745917,1.9615551994243117,2.8472696683027765,0.4475469392824256,"coins, money, wealth"
菂,dì,6,21,18,29,43,2.075481814455385,1.1189506927983215,5.043999084233944,1.7568259655485217,4.811129597286075,lotus seeds
哓,xiāo,6,42,11,47,39,2.075481814455385,2.237901385596643,3.0824438848096323,2.8472696683027765,4.36358265800365,garrulous
蚨,fú,6,38,20,103,56,2.075481814455385,2.0247679203017244,5.604443426926605,6.23976118798268,6.265657149953959,water-beetle
屃,xì,6,118,46,105,66,2.075481814455385,6.287437226200092,12.89021988193119,6.36092159939982,7.384524498160023,gigantic strength
羖,gǔ,6,37,4,40,16,2.075481814455385,1.971484553977995,1.1208886853853208,2.4232082283427885,1.7901877571297025,a black ram
趍,chí,6,24,39,210,2,2.075481814455385,1.2788007917695103,10.928664682506879,12.72184319879964,0.2237734696412128,-
緺,guā,6,28,2,7,15,2.075481814455385,1.4919342570644287,0.5604443426926604,0.424061439959988,1.6783010223090962,"anciently, a blue-green ribbon attached as a seal"
挚,zhì,6,38,7,40,61,2.075481814455385,2.0247679203017244,1.9615551994243117,2.4232082283427885,6.825090824056991,"sincere, warm, cordial"
髽,zhuā,6,46,9,18,16,2.075481814455385,2.4510348508915616,2.521999542116972,1.0904437027542548,1.7901877571297025,to dress the hair
剋,kè,6,15,4,4,9,2.075481814455385,0.7992504948559438,1.1208886853853208,0.24232082283427883,1.0069806133854577,"subdue, overcome"
驸,fù,6,7,3,12,9,2.075481814455385,0.3729835642661072,0.8406665140389906,0.7269624685028365,1.0069806133854577,extra horse
擂,léi,6,40,3,14,16,2.075481814455385,2.1313346529491835,0.8406665140389906,0.848122879919976,1.7901877571297025,"rub, grind"
賨,cóng,6,15,5,13,20,2.075481814455385,0.7992504948559438,1.4011108567316513,0.7875426742114062,2.237734696412128,tribute paid in cloth by the tribes in Szechwan and Yunnan under the Han dynasty
谮,zèn,6,38,2,37,17,2.075481814455385,2.0247679203017244,0.5604443426926604,2.2414676112170793,1.9020744919503088,to slander
湜,shí,6,67,23,68,49,2.075481814455385,3.569985543689883,6.445109940965595,4.11945398818274,5.482450006209714,"transparent, clear"
衩,chǎ,6,15,3,11,62,2.075481814455385,0.7992504948559438,0.8406665140389906,0.6663822627942668,6.936977558877597,the open seam of a garment which allows freedom of movement
斮,cuò,6,26,7,26,17,2.075481814455385,1.3853675244169694,1.9615551994243117,1.5750853484228124,1.9020744919503088,cut off
艓,dié,6,16,6,30,23,2.075481814455385,0.8525338611796734,1.6813330280779812,1.8174061712570915,2.5733949008739474,-
械,xiè,6,199,14,82,85,2.075481814455385,10.60338989842219,3.9231103988486233,4.967576868102716,9.510372459751546,weapons
苶,nié,6,43,1,6,24,2.075481814455385,2.2911847519203725,0.2802221713463302,0.36348123425141826,2.6852816356945537,weary
翙,huì,6,24,11,83,24,2.075481814455385,1.2788007917695103,3.0824438848096323,5.028157073811286,2.6852816356945537,whir
薾,ěr,6,42,7,39,1,2.075481814455385,2.237901385596643,1.9615551994243117,2.362628022634219,0.1118867348206064,luxuriant growth of flower
忖,cǔn,6,47,21,42,56,2.075481814455385,2.504318217215291,5.884665598272935,2.544368639759928,6.265657149953959,"guess, suppose, conjecture"
挤,jǐ,6,110,10,32,56,2.075481814455385,5.861170295610255,2.8022217134633025,1.9385665826742307,6.265657149953959,"crowd, squeeze, push against"
蠕,rú,6,41,10,63,70,2.075481814455385,2.1846180192729134,2.8022217134633025,3.816552959639892,7.8320714374424485,"to squirm, wriggle"
昳,dié,6,27,3,3,2,2.075481814455385,1.438650890740699,0.8406665140389906,0.18174061712570913,0.2237734696412128,the declining sun in the west
髟,biāo,6,5,1,7,3,2.075481814455385,0.26641683161864793,0.2802221713463302,0.424061439959988,0.3356602044618192,hair
嘐,xiāo,6,47,12,43,41,2.075481814455385,2.504318217215291,3.3626660561559625,2.6049488454684977,4.5873561276448624,final exclamatory particle
帱,chóu,6,48,5,68,65,2.075481814455385,2.5576015835390207,1.4011108567316513,4.11945398818274,7.272637763339417,cover up
膋,liáo,6,21,6,17,3,2.075481814455385,1.1189506927983215,1.6813330280779812,1.029863497045685,0.3356602044618192,fat
瑗,yuàn,6,30,3,39,9,2.075481814455385,1.5985009897118876,0.8406665140389906,2.362628022634219,1.0069806133854577,large ring of fine jade
鹒,gēng,6,26,3,23,24,2.075481814455385,1.3853675244169694,0.8406665140389906,1.3933447312971035,2.6852816356945537,oriole
枞,cōng,6,65,7,30,33,2.075481814455385,3.4634188110424233,1.9615551994243117,1.8174061712570915,3.6922622490800117,fir tree
僾,ài,6,27,1,6,13,2.075481814455385,1.438650890740699,0.2802221713463302,0.36348123425141826,1.4545275526678831,like
倅,cuì,6,55,19,52,6,2.075481814455385,2.9305851478051275,5.324221255580275,3.150170696845625,0.6713204089236384,"deputy, vice-"
裋,shù,6,38,8,43,18,2.075481814455385,2.0247679203017244,2.2417773707706417,2.6049488454684977,2.0139612267709155,cotton clothes of a boy servant
町,tīng,6,110,20,84,69,2.075481814455385,5.861170295610255,5.604443426926605,5.088737279519856,7.720184702621841,raised path between fields
柮,duò,6,121,16,107,49,2.075481814455385,6.447287325171281,4.483554741541283,6.482082010816959,5.482450006209714,"flat pieces of wood, scraps of wood"
蠚,hē,6,6,3,2,2,2.075481814455385,0.3197001979423776,0.8406665140389906,0.12116041141713942,0.2237734696412128,to sting
阀,fá,6,197,41,199,67,2.075481814455385,10.49682316577473,11.48910902519954,12.055460936005373,7.496411232980629,powerful and influential group
杕,dì,6,37,6,66,7,2.075481814455385,1.971484553977995,1.6813330280779812,3.998293576765601,0.7832071437442448,alone
笃,dǔ,6,432,78,411,231,2.075481814455385,23.018414251851183,21.857329365013758,24.898464546222154,25.845835743560077,"deep, true, sincere, genuine"
筦,guǎn,6,188,27,90,40,2.075481814455385,10.017272868861165,7.5659986263509165,5.452218513771274,4.475469392824256,a key
璚,qióng,6,56,114,432,87,2.075481814455385,2.9838685141288575,31.945327533481645,26.170648866102116,9.734145929392758,splendid
媾,gòu,6,42,39,45,26,2.075481814455385,2.237901385596643,10.928664682506879,2.726109256885637,2.9090551053357663,marry
疚,jiù,6,59,19,71,38,2.075481814455385,3.143718613100046,5.324221255580275,4.30119460530845,4.251695923183043,"chronic disease, chronic illness"
茁,zhuó,6,399,53,282,212,2.075481814455385,21.260063163168105,14.851775081355502,17.083618009816657,23.719987781968555,"to sprout, flourish"
駉,jiōng,6,26,12,22,1,2.075481814455385,1.3853675244169694,3.3626660561559625,1.3327645255885336,0.1118867348206064,big
滚,gǔn,6,343,139,795,527,2.075481814455385,18.27619464903925,38.9508818171399,48.161263538312916,58.96430925045958,turn
拦,lán,6,148,18,67,88,2.075481814455385,7.88593821591198,5.043999084233944,4.058873782474171,9.846032664213363,"obstruct, impede, bar, hinder"
掎,jǐ,6,31,9,34,21,2.075481814455385,1.6517843560356174,2.521999542116972,2.05972699409137,2.3496214312327344,"drag aside, pull"
凹,āo,6,100,23,37,99,2.075481814455385,5.328336632372959,6.445109940965595,2.2414676112170793,11.076786747240034,"concave, hollow, depressed"
怊,chāo,6,114,8,45,179,2.075481814455385,6.074303760905174,2.2417773707706417,2.726109256885637,20.027725532888546,"sad, disappointed"
諵,nán,6,2,7,22,5,2.075481814455385,0.10656673264745918,1.9615551994243117,1.3327645255885336,0.559433674103032,mutter
趺,fū,6,549,77,499,233,2.075481814455385,29.252568111727545,21.57710719366743,30.229522648576285,26.069609213201293,sit cross-legged
秫,shú,6,504,83,476,135,2.075481814455385,26.854816627159714,23.25844022174541,28.836177917279183,15.104709200781866,glutinous variety of millet
鸤,shī,6,34,16,15,4,2.075481814455385,1.8116344550068062,4.483554741541283,0.9087030856285457,0.4475469392824256,"turtledove, cuckoo"
苋,xiàn,6,190,19,37,28,2.075481814455385,10.123839601508623,5.324221255580275,2.2414676112170793,3.1328285749769793,amaranth
蕈,xùn,6,27,6,12,4,2.075481814455385,1.438650890740699,1.6813330280779812,0.7269624685028365,0.4475469392824256,"mushrooms, fungus"
饤,dìng,6,270,25,73,69,2.075481814455385,14.38650890740699,7.005554283658255,4.422355016725589,7.720184702621841,display food for show only
吭,kēng,6,176,16,110,94,2.075481814455385,9.377872472976408,4.483554741541283,6.663822627942668,10.517353073137002,throat
磅,bàng,6,83,29,126,82,2.075481814455385,4.422519404869557,8.126442969043577,7.633105919279784,9.174712255289725,pound
蟢,xǐ,6,14,4,40,33,2.075481814455385,0.7459671285322144,1.1208886853853208,2.4232082283427885,3.6922622490800117,caulk
洧,wěi,6,81,10,32,37,2.075481814455385,4.315952672222097,2.8022217134633025,1.9385665826742307,4.139809188362436,name of a river in Honan
喋,dié,6,82,20,75,57,2.075481814455385,4.369236038545827,5.604443426926605,4.543515428142729,6.377543884774565,nag
呗,bei,6,82,20,105,78,2.075481814455385,4.369236038545827,5.604443426926605,6.36092159939982,8.7271653160073,final particle of assertion
佺,quán,6,53,13,81,21,2.075481814455385,2.8240184151576684,3.6428882275022927,4.906996662394147,2.3496214312327344,fairy
蚬,xiǎn,6,43,5,76,15,2.075481814455385,2.2911847519203725,1.4011108567316513,4.604095633851298,1.6783010223090962,a variety of bivalves
祆,xiān,6,8,3,2,13,2.075481814455385,0.4262669305898367,0.8406665140389906,0.12116041141713942,1.4545275526678831,"Ormazda, god of the Zoroastrians"
螬,cáo,6,25,6,22,7,2.075481814455385,1.3320841580932397,1.6813330280779812,1.3327645255885336,0.7832071437442448,grubs in fruit
玃,jué,6,17,3,7,16,2.075481814455385,0.9058172275034031,0.8406665140389906,0.424061439959988,1.7901877571297025,a large ape found in western China
臲,niè,6,37,5,19,15,2.075481814455385,1.971484553977995,1.4011108567316513,1.1510239084628244,1.6783010223090962,jumpy
鏦,cōng,6,28,14,32,28,2.075481814455385,1.4919342570644287,3.9231103988486233,1.9385665826742307,3.1328285749769793,a short spear
玻,bō,6,469,144,317,271,2.075481814455385,24.989898805829178,40.35199267387155,19.2039252096166,30.321305136384336,glass
遄,chuán,6,211,38,211,73,2.075481814455385,11.242790294306943,10.64844251116055,12.78242340450821,8.167731641904268,to hurry
桩,zhuāng,6,109,9,27,20,2.075481814455385,5.807886929286525,2.521999542116972,1.6356655541313823,2.237734696412128,"stake, post"
拌,bàn,6,43,4,50,166,2.075481814455385,2.2911847519203725,1.1208886853853208,3.0290102854284857,18.573197980220662,mix
蹻,juē,6,60,18,103,37,2.075481814455385,3.197001979423775,5.043999084233944,6.23976118798268,4.139809188362436,to raise the feet
臕,biāo,6,10,4,9,1,2.075481814455385,0.5328336632372959,1.1208886853853208,0.5452218513771274,0.1118867348206064,fat
阚,hǎn,6,70,18,56,26,2.075481814455385,3.7298356426610715,5.043999084233944,3.392491519679904,2.9090551053357663,"glance, peep"
觿,xī,6,22,4,28,7,2.075481814455385,1.172234059122051,1.1208886853853208,1.696245759839952,0.7832071437442448,"a bodkin made of ivory, horn"
祔,fù,6,58,1,25,9,2.075481814455385,3.0904352467763165,0.2802221713463302,1.5145051427142429,1.0069806133854577,worship one's ancestors
螓,qín,6,10,1,17,19,2.075481814455385,0.5328336632372959,0.2802221713463302,1.029863497045685,2.1258479615915213,a small cicada with a square head
喓,yāo,6,11,12,8,18,2.075481814455385,0.5861170295610255,3.3626660561559625,0.48464164566855766,2.0139612267709155,"chirping, buzzing"
靫,chá,6,12,3,2,9,2.075481814455385,0.6394003958847552,0.8406665140389906,0.12116041141713942,1.0069806133854577,"strong and pliable, resilient"
霶,pāng,6,115,3,20,2,2.075481814455385,6.127587127228903,0.8406665140389906,1.2116041141713942,0.2237734696412128,downpouring of rain
嘷,háo,6,71,14,44,1,2.075481814455385,3.783119008984801,3.9231103988486233,2.6655290511770673,0.1118867348206064,the roaring of wild beasts
哽,gěng,6,67,20,137,129,2.075481814455385,3.569985543689883,5.604443426926605,8.29948818207405,14.433388791858226,choke (with grief)
眙,yí,6,34,2,7,24,2.075481814455385,1.8116344550068062,0.5604443426926604,0.424061439959988,2.6852816356945537,to gaze at
郧,yún,6,28,3,96,18,2.075481814455385,1.4919342570644287,0.8406665140389906,5.815699748022692,2.0139612267709155,county in Hubei province
溱,qín,6,70,7,24,21,2.075481814455385,3.7298356426610715,1.9615551994243117,1.453924937005673,2.3496214312327344,river in Henan
甔,dān,6,71,11,26,15,2.075481814455385,3.783119008984801,3.0824438848096323,1.5750853484228124,1.6783010223090962,big jar
磕,kē,6,94,7,21,35,2.075481814455385,5.008636434430582,1.9615551994243117,1.272184319879964,3.9160357187212242,hit
笆,bā,6,33,6,27,42,2.075481814455385,1.7583510886830767,1.6813330280779812,1.6356655541313823,4.699242862465469,bamboo fence
戋,jiān,6,46,18,53,44,2.075481814455385,2.4510348508915616,5.043999084233944,3.210750902554195,4.923016332106681,"small, narrow, tiny, little"
螽,zhōng,6,61,10,63,24,2.075481814455385,3.250285345747505,2.8022217134633025,3.816552959639892,2.6852816356945537,katydid
嵷,sǒng,5,70,23,140,61,1.7295681787128208,3.7298356426610715,6.445109940965595,8.481228799199759,6.825090824056991,-
穸,xī,5,35,12,33,37,1.7295681787128208,1.8649178213305357,3.3626660561559625,1.9991467883828005,4.139809188362436,the gloom of the grave
蛭,zhì,5,35,11,13,12,1.7295681787128208,1.8649178213305357,3.0824438848096323,0.7875426742114062,1.3426408178472768,leech
蠓,měng,5,45,12,52,35,1.7295681787128208,2.3977514845678316,3.3626660561559625,3.150170696845625,3.9160357187212242,midges
帑,tǎng,5,70,18,86,70,1.7295681787128208,3.7298356426610715,5.043999084233944,5.209897690936995,7.8320714374424485,a treasury
窒,zhì,5,96,13,43,20,1.7295681787128208,5.115203167078041,3.6428882275022927,2.6049488454684977,2.237734696412128,"stop up, obstruct"
擪,yè,5,27,10,4,109,1.7295681787128208,1.438650890740699,2.8022217134633025,0.24232082283427883,12.195654095446098,"to tuck in, to put the finger into, to put in, to stow away"
蟛,péng,5,19,2,9,12,1.7295681787128208,1.0123839601508622,0.5604443426926604,0.5452218513771274,1.3426408178472768,a land-crab
垞,chá,5,8,3,52,67,1.7295681787128208,0.4262669305898367,0.8406665140389906,3.150170696845625,7.496411232980629,small mound
斁,yì,5,107,18,94,14,1.7295681787128208,5.701320196639067,5.043999084233944,5.694539336605553,1.5664142874884897,dislike
悫,què,5,39,6,19,38,1.7295681787128208,2.078051286625454,1.6813330280779812,1.1510239084628244,4.251695923183043,"sincerity, honesty"
嶰,xiè,5,73,28,116,24,1.7295681787128208,3.88968574163226,7.846220797697247,7.027303862194087,2.6852816356945537,gorge
壒,ài,5,28,12,61,63,1.7295681787128208,1.4919342570644287,3.3626660561559625,3.6953925482227525,7.0488642936982036,dust
黤,yǎn,5,19,5,9,15,1.7295681787128208,1.0123839601508622,1.4011108567316513,0.5452218513771274,1.6783010223090962,blue-black
猘,zhì,5,32,7,17,23,1.7295681787128208,1.705067722359347,1.9615551994243117,1.029863497045685,2.5733949008739474,fierce dog
缒,zhuì,5,27,8,18,63,1.7295681787128208,1.438650890740699,2.2417773707706417,1.0904437027542548,7.0488642936982036,climb down rope
髇,xiāo,5,20,5,2,7,1.7295681787128208,1.0656673264745917,1.4011108567316513,0.12116041141713942,0.7832071437442448,-
囤,dùn,5,11,4,7,8,1.7295681787128208,0.5861170295610255,1.1208886853853208,0.424061439959988,0.8950938785648512,"grain basket, bin for grain"
镃,zī,5,22,7,24,23,1.7295681787128208,1.172234059122051,1.9615551994243117,1.453924937005673,2.5733949008739474,hoe
绐,dài,5,36,6,24,26,1.7295681787128208,1.9182011876542655,1.6813330280779812,1.453924937005673,2.9090551053357663,"cheat, fool, pretend"
蟭,jiāo,5,37,1,15,8,1.7295681787128208,1.971484553977995,0.2802221713463302,0.9087030856285457,0.8950938785648512,very small bug
塑,sù,5,84,13,33,28,1.7295681787128208,4.475802771193286,3.6428882275022927,1.9991467883828005,3.1328285749769793,"model in clay, sculpt"
傀,guī,5,63,22,94,132,1.7295681787128208,3.3568520783949642,6.1648877696192645,5.694539336605553,14.769048996320047,"great, gigantic"
腼,miǎn,5,102,9,80,55,1.7295681787128208,5.434903365020419,2.521999542116972,4.846416456685577,6.153770415133352,modest
恁,nèn,5,885,172,156,916,1.7295681787128208,47.15577919650069,48.1982134715688,9.450512090536876,102.48824909567547,"that, like this, thus, so, such"
挨,āi,5,200,34,66,139,1.7295681787128208,10.656673264745917,9.527553825775227,3.998293576765601,15.55225614006429,"near, close by, next to, towards, against"
醭,bú,5,64,1,5,4,1.7295681787128208,3.410135444718694,0.2802221713463302,0.30290102854284856,0.4475469392824256,molds on liquids
做,zuò,5,1169,445,236,675,1.7295681787128208,62.28825523243989,124.69886624911695,14.296928547222453,75.52354600390932,"work, make"
楗,jiàn,5,24,5,39,12,1.7295681787128208,1.2788007917695103,1.4011108567316513,2.362628022634219,1.3426408178472768,"bar of door, bolt of lock"
堇,jǐn,5,69,8,34,23,1.7295681787128208,3.676552276337342,2.2417773707706417,2.05972699409137,2.5733949008739474,yellow loam
秭,zǐ,5,59,9,35,26,1.7295681787128208,3.143718613100046,2.521999542116972,2.1203071997999396,2.9090551053357663,one billion
猃,xiǎn,5,27,1,30,15,1.7295681787128208,1.438650890740699,0.2802221713463302,1.8174061712570915,1.6783010223090962,dog
裆,dāng,5,11,11,66,27,1.7295681787128208,0.5861170295610255,3.0824438848096323,3.998293576765601,3.0209418401563726,crotch or seat of pants
葹,shī,5,7,5,56,35,1.7295681787128208,0.3729835642661072,1.4011108567316513,3.392491519679904,3.9160357187212242,"kind of chrysanthemum, xanthium"
邳,pī,5,44,12,84,21,1.7295681787128208,2.344468118244102,3.3626660561559625,5.088737279519856,2.3496214312327344,"a department in the state of Lu, modern Shandong"
燐,lín,5,84,59,214,165,1.7295681787128208,4.475802771193286,16.533108109433485,12.964164021633918,18.461311245400058,"phosphorus (element 15, P)"
靮,dí,5,25,6,21,17,1.7295681787128208,1.3320841580932397,1.6813330280779812,1.272184319879964,1.9020744919503088,bridle
黧,lí,5,73,15,30,23,1.7295681787128208,3.88968574163226,4.203332570194953,1.8174061712570915,2.5733949008739474,"a dark, yellowish colour"
瓅,lì,5,5,2,5,7,1.7295681787128208,0.26641683161864793,0.5604443426926604,0.30290102854284856,0.7832071437442448,-
赑,bì,5,120,35,79,62,1.7295681787128208,6.39400395884755,9.807775997121558,4.785836250977008,6.936977558877597,strong
鬉,zōng,5,14,23,11,12,1.7295681787128208,0.7459671285322144,6.445109940965595,0.6663822627942668,1.3426408178472768,-
蹂,róu,5,57,21,60,74,1.7295681787128208,3.037151880452587,5.884665598272935,3.634812342514183,8.279618376724873,"trample under foot, tread on"
锼,sōu,5,146,32,74,79,1.7295681787128208,7.77937148326452,8.967109483082567,4.4829352224341585,8.839052050827906,to engrave (metal or wood)
埴,zhí,5,51,10,31,28,1.7295681787128208,2.7174516825102093,2.8022217134633025,1.877986376965661,3.1328285749769793,soil with large clay content
刜,fú,5,13,3,5,8,1.7295681787128208,0.6926837622084847,0.8406665140389906,0.30290102854284856,0.8950938785648512,chop
袨,xuàn,5,21,1,22,7,1.7295681787128208,1.1189506927983215,0.2802221713463302,1.3327645255885336,0.7832071437442448,-
珷,wǔ,5,50,7,20,14,1.7295681787128208,2.6641683161864793,1.9615551994243117,1.2116041141713942,1.5664142874884897,an inferior gem
箩,luó,5,41,3,7,8,1.7295681787128208,2.1846180192729134,0.8406665140389906,0.424061439959988,0.8950938785648512,bamboo basket
劘,mó,5,45,10,32,27,1.7295681787128208,2.3977514845678316,2.8022217134633025,1.9385665826742307,3.0209418401563726,make into mince
潞,lù,5,85,33,472,141,1.7295681787128208,4.529086137517016,9.247331654428898,28.593857094444907,15.776029609705501,a county in Yunnan
撅,juē,5,13,3,12,12,1.7295681787128208,0.6926837622084847,0.8406665140389906,0.7269624685028365,1.3426408178472768,protrude
襫,shì,5,54,12,29,18,1.7295681787128208,2.877301781481398,3.3626660561559625,1.7568259655485217,2.0139612267709155,raincoat
捃,jùn,5,48,5,18,15,1.7295681787128208,2.5576015835390207,1.4011108567316513,1.0904437027542548,1.6783010223090962,"to pick up, collect"
薅,hāo,5,63,13,36,8,1.7295681787128208,3.3568520783949642,3.6428882275022927,2.1808874055085097,0.8950938785648512,to weed
哆,duō,5,122,13,25,23,1.7295681787128208,6.50057069149501,3.6428882275022927,1.5145051427142429,2.5733949008739474,"tremble, shiver, shudder, quiver"
鞿,jī,5,123,18,26,49,1.7295681787128208,6.55385405781874,5.043999084233944,1.5750853484228124,5.482450006209714,-
崱,zè,5,6,12,34,63,1.7295681787128208,0.3197001979423776,3.3626660561559625,2.05972699409137,7.0488642936982036,lofty
沲,tuó,5,45,9,18,23,1.7295681787128208,2.3977514845678316,2.521999542116972,1.0904437027542548,2.5733949008739474,float
圉,yǔ,5,152,53,153,67,1.7295681787128208,8.099071681206897,14.851775081355502,9.268771473411165,7.496411232980629,"stable, corral, enclosure"
饩,xì,5,41,6,20,18,1.7295681787128208,2.1846180192729134,1.6813330280779812,1.2116041141713942,2.0139612267709155,sacrificial victim
嫡,dí,5,123,6,33,24,1.7295681787128208,6.55385405781874,1.6813330280779812,1.9991467883828005,2.6852816356945537,"legal wife, child of legal wife"
寘,zhì,5,116,23,67,13,1.7295681787128208,6.180870493552633,6.445109940965595,4.058873782474171,1.4545275526678831,"put aside, put down"
稹,zhěn,5,16,1,9,11,1.7295681787128208,0.8525338611796734,0.2802221713463302,0.5452218513771274,1.2307540830266703,"detailed, fine"
枘,ruì,5,92,5,55,35,1.7295681787128208,4.902069701783123,1.4011108567316513,3.331911313971334,3.9160357187212242,the handle of tools
瑛,yīng,5,49,38,72,47,1.7295681787128208,2.6108849498627498,10.64844251116055,4.361774811017019,5.258676536568501,luster of gem
睆,huàn,5,60,10,95,43,1.7295681787128208,3.197001979423775,2.8022217134633025,5.755119542314122,4.811129597286075,bright
锅,guō,5,63,21,26,37,1.7295681787128208,3.3568520783949642,5.884665598272935,1.5750853484228124,4.139809188362436,"cooking-pot, saucepan"
揩,kāi,5,231,18,74,147,1.7295681787128208,12.308457620781535,5.043999084233944,4.4829352224341585,16.44735001862914,"rub and wipe, dust, clean"
佶,jí,5,8,3,7,7,1.7295681787128208,0.4262669305898367,0.8406665140389906,0.424061439959988,0.7832071437442448,"strong, robust"
醵,jù,5,43,3,24,50,1.7295681787128208,2.2911847519203725,0.8406665140389906,1.453924937005673,5.594336741030321,contribute for drinks
筤,láng,5,40,20,22,26,1.7295681787128208,2.1313346529491835,5.604443426926605,1.3327645255885336,2.9090551053357663,young bamboo
粔,jù,5,24,6,13,12,1.7295681787128208,1.2788007917695103,1.6813330280779812,0.7875426742114062,1.3426408178472768,cakes made from rice flour twisted into rings
抔,póu,5,165,43,235,205,1.7295681787128208,8.791755443415383,12.0495533678922,14.236348341513882,22.936780638224313,take or hold up in both hands
偲,cāi,5,18,5,30,5,1.7295681787128208,0.9591005938271328,1.4011108567316513,1.8174061712570915,0.559433674103032,talented
臬,niè,5,16,13,60,5,1.7295681787128208,0.8525338611796734,3.6428882275022927,3.634812342514183,0.559433674103032,"law, rule"
瑾,jǐn,5,74,20,106,82,1.7295681787128208,3.94296910795599,5.604443426926605,6.42150180510839,9.174712255289725,brilliance of gems
榷,què,5,121,9,69,74,1.7295681787128208,6.447287325171281,2.521999542116972,4.18003419389131,8.279618376724873,footbridge
瘖,yīn,5,202,17,51,64,1.7295681787128208,10.763239997393377,4.7637769128876135,3.0895904911370553,7.16075102851881,"dumb, mute, unable speak"
仡,gē,5,10,1,16,21,1.7295681787128208,0.5328336632372959,0.2802221713463302,0.9692832913371153,2.3496214312327344,strong
椁,guǒ,5,69,21,49,13,1.7295681787128208,3.676552276337342,5.884665598272935,2.968430079719916,1.4545275526678831,outer-coffin
綖,yán,5,7,2,8,1,1.7295681787128208,0.3729835642661072,0.5604443426926604,0.48464164566855766,0.1118867348206064,the hanging flap in the front of a hat
駬,ěr,5,21,12,58,13,1.7295681787128208,1.1189506927983215,3.3626660561559625,3.5136519310970433,1.4545275526678831,name of a legendary swift horse
齾,yà,5,16,6,4,10,1.7295681787128208,0.8525338611796734,1.6813330280779812,0.24232082283427883,1.118867348206064,-
卼,wù,5,36,4,18,9,1.7295681787128208,1.9182011876542655,1.1208886853853208,1.0904437027542548,1.0069806133854577,unsteady
礿,yuè,5,7,7,24,3,1.7295681787128208,0.3729835642661072,1.9615551994243117,1.453924937005673,0.3356602044618192,sacrifice
郝,hǎo,5,24,11,17,28,1.7295681787128208,1.2788007917695103,3.0824438848096323,1.029863497045685,3.1328285749769793,surname
襁,qiǎng,5,64,20,89,83,1.7295681787128208,3.410135444718694,5.604443426926605,5.391638308062705,9.286598990110331,swaddling clothes
疽,jū,5,50,5,18,12,1.7295681787128208,2.6641683161864793,1.4011108567316513,1.0904437027542548,1.3426408178472768,"ulcer, carbuncle, abscess"
痈,yōng,5,35,4,17,41,1.7295681787128208,1.8649178213305357,1.1208886853853208,1.029863497045685,4.5873561276448624,"carbuncle, sore, ulcer, abscess"
谜,mí,5,4,8,31,43,1.7295681787128208,0.21313346529491836,2.2417773707706417,1.877986376965661,4.811129597286075,"riddle, conundrum"
褧,jiǒng,5,10,3,6,5,1.7295681787128208,0.5328336632372959,0.8406665140389906,0.36348123425141826,0.559433674103032,unlined clothes
荞,qiáo,5,130,12,20,38,1.7295681787128208,6.926837622084847,3.3626660561559625,1.2116041141713942,4.251695923183043,buckwheat
邽,guī,5,12,1,1,4,1.7295681787128208,0.6394003958847552,0.2802221713463302,0.06058020570856971,0.4475469392824256,name of a place in Shaanxi province
坌,bèn,5,121,15,28,34,1.7295681787128208,6.447287325171281,4.203332570194953,1.696245759839952,3.8041489839006175,"dust, earth"
虓,xiāo,5,43,16,48,25,1.7295681787128208,2.2911847519203725,4.483554741541283,2.907849874011346,2.7971683705151604,roar
揾,wèn,5,57,15,12,114,1.7295681787128208,3.037151880452587,4.203332570194953,0.7269624685028365,12.75508776954913,wipe off
悱,fěi,5,37,1,17,50,1.7295681787128208,1.971484553977995,0.2802221713463302,1.029863497045685,5.594336741030321,to be desirous of speaking
顗,yǐ,5,18,2,16,7,1.7295681787128208,0.9591005938271328,0.5604443426926604,0.9692832913371153,0.7832071437442448,quiet
饪,rèn,5,42,6,11,12,1.7295681787128208,2.237901385596643,1.6813330280779812,0.6663822627942668,1.3426408178472768,cooked food
嘏,gǔ,5,98,21,33,46,1.7295681787128208,5.2217698997254995,5.884665598272935,1.9991467883828005,5.146789801747895,"felicity, prosperity"
洙,zhū,5,217,36,192,33,1.7295681787128208,11.562490492249323,10.087998168467887,11.631399496045384,3.6922622490800117,name of a river in Shandong
眊,mào,5,62,3,43,10,1.7295681787128208,3.3035687120712347,0.8406665140389906,2.6049488454684977,1.118867348206064,dim-sighted
醾,mí,5,552,22,66,93,1.7295681787128208,29.412418210698736,6.1648877696192645,3.998293576765601,10.405466338316394,a kind of liquor
觫,sù,5,113,12,36,30,1.7295681787128208,6.021020394581444,3.3626660561559625,2.1808874055085097,3.3566020446181923,"to start, tremble with fear"
簠,fǔ,5,27,6,27,15,1.7295681787128208,1.438650890740699,1.6813330280779812,1.6356655541313823,1.6783010223090962,an ancient vessel used for holding boiled grain
捏,niē,5,172,30,33,24,1.7295681787128208,9.16473900768149,8.406665140389906,1.9991467883828005,2.6852816356945537,pick with fingers
镵,chán,5,336,67,262,166,1.7295681787128208,17.903211084773144,18.774885480204123,15.872013895645265,18.573197980220662,"spade, trowel"
墠,shàn,5,7,2,15,3,1.7295681787128208,0.3729835642661072,0.5604443426926604,0.9087030856285457,0.3356602044618192,"smooth, hard spot made level for sacrificial altar"
芾,fèi,5,148,16,154,21,1.7295681787128208,7.88593821591198,4.483554741541283,9.329351679119736,2.3496214312327344,flower
咂,zā,5,20,9,13,10,1.7295681787128208,1.0656673264745917,2.521999542116972,0.7875426742114062,1.118867348206064,"to suck, to smack the lips"
楖,zhì,5,63,5,30,9,1.7295681787128208,3.3568520783949642,1.4011108567316513,1.8174061712570915,1.0069806133854577,-
俩,liǎ,5,280,20,80,25,1.7295681787128208,14.919342570644286,5.604443426926605,4.846416456685577,2.7971683705151604,"two, pair"
麚,jiā,5,12,4,13,22,1.7295681787128208,0.6394003958847552,1.1208886853853208,0.7875426742114062,2.4615081660533407,-
颃,háng,5,154,39,155,73,1.7295681787128208,8.205638413854357,10.928664682506879,9.389931884828306,8.167731641904268,fly down or downward
蜚,fēi,5,346,48,306,87,1.7295681787128208,18.43604474801044,13.45066422462385,18.53754294682233,9.734145929392758,cockroach
碗,wǎn,5,440,56,308,295,1.7295681787128208,23.44468118244102,15.692441595394493,18.65870335823947,33.00658677207889,"bowl, small dish"
痰,tán,5,24,2,17,5,1.7295681787128208,1.2788007917695103,0.5604443426926604,1.029863497045685,0.559433674103032,"phlegm, mucus, spittle"
橑,lǎo,5,22,4,21,13,1.7295681787128208,1.172234059122051,1.1208886853853208,1.272184319879964,1.4545275526678831,-
篑,kuì,5,117,11,94,48,1.7295681787128208,6.234153859876362,3.0824438848096323,5.694539336605553,5.370563271389107,a bamboo basket for carrying earth
艟,chōng,5,20,3,55,90,1.7295681787128208,1.0656673264745917,0.8406665140389906,3.331911313971334,10.069806133854577,ancient warship
菀,wǎn,5,39,11,117,97,1.7295681787128208,2.078051286625454,3.0824438848096323,7.087884067902656,10.853013277598821,luxuriance of growth
嫭,hù,5,35,2,27,40,1.7295681787128208,1.8649178213305357,0.5604443426926604,1.6356655541313823,4.475469392824256,beautiful woman
杌,wù,5,34,6,25,29,1.7295681787128208,1.8116344550068062,1.6813330280779812,1.5145051427142429,3.2447153097975856,"the stump of a tree, hence, sterility"
棽,shēn,5,3,1,3,1,1.7295681787128208,0.1598500989711888,0.2802221713463302,0.18174061712570913,0.1118867348206064,-
髹,xiū,5,33,9,31,51,1.7295681787128208,1.7583510886830767,2.521999542116972,1.877986376965661,5.706223475850927,red lacquer
鼗,táo,5,17,3,24,7,1.7295681787128208,0.9058172275034031,0.8406665140389906,1.453924937005673,0.7832071437442448,small revolving drum with knobs
媲,pì,5,92,31,84,97,1.7295681787128208,4.902069701783123,8.686887311736237,5.088737279519856,10.853013277598821,"marry off, pair, match"
赃,zāng,5,99,7,4,7,1.7295681787128208,5.2750532660492295,1.9615551994243117,0.24232082283427883,0.7832071437442448,"booty, loot, stolen goods"
蛆,qū,5,126,15,43,25,1.7295681787128208,6.7137041567899285,4.203332570194953,2.6049488454684977,2.7971683705151604,maggots
贿,huì,5,36,11,56,36,1.7295681787128208,1.9182011876542655,3.0824438848096323,3.392491519679904,4.027922453541831,bribe
墐,jìn,5,58,3,39,26,1.7295681787128208,3.0904352467763165,0.8406665140389906,2.362628022634219,2.9090551053357663,"to build with soil, plaster over with mud"
窭,jù,5,149,22,76,59,1.7295681787128208,7.939221582235708,6.1648877696192645,4.604095633851298,6.6013173544157775,"poor, impoverished"
弰,shāo,5,8,7,14,4,1.7295681787128208,0.4262669305898367,1.9615551994243117,0.848122879919976,0.4475469392824256,ends of bow
擿,tī,5,76,10,22,17,1.7295681787128208,4.049535840603449,2.8022217134633025,1.3327645255885336,1.9020744919503088,"to select, to pick out from, to discard"
鹠,liú,5,43,14,63,44,1.7295681787128208,2.2911847519203725,3.9231103988486233,3.816552959639892,4.923016332106681,the owl
恪,kè,5,83,20,68,45,1.7295681787128208,4.422519404869557,5.604443426926605,4.11945398818274,5.0349030669272885,"respectful, reverent"
圮,pǐ,5,74,31,125,123,1.7295681787128208,3.94296910795599,8.686887311736237,7.572525713571214,13.762068382934586,"destroyed, ruined"
辫,biàn,5,20,5,25,35,1.7295681787128208,1.0656673264745917,1.4011108567316513,1.5145051427142429,3.9160357187212242,braid
糇,hóu,5,56,19,63,46,1.7295681787128208,2.9838685141288575,5.324221255580275,3.816552959639892,5.146789801747895,"dried rice, dry provisions"
焜,kūn,5,51,14,39,19,1.7295681787128208,2.7174516825102093,3.9231103988486233,2.362628022634219,2.1258479615915213,"fire, flames"
莩,fú,5,71,13,39,23,1.7295681787128208,3.783119008984801,3.6428882275022927,2.362628022634219,2.5733949008739474,membrane lining inside of reed
俶,chù,5,75,11,78,48,1.7295681787128208,3.9962524742797196,3.0824438848096323,4.725256045268438,5.370563271389107,"start, begin"
讪,shàn,5,56,4,19,26,1.7295681787128208,2.9838685141288575,1.1208886853853208,1.1510239084628244,2.9090551053357663,"abuse, slander"
糗,qiǔ,5,82,16,51,43,1.7295681787128208,4.369236038545827,4.483554741541283,3.0895904911370553,4.811129597286075,parched wheat or rice
褴,lán,5,40,6,16,8,1.7295681787128208,2.1313346529491835,1.6813330280779812,0.9692832913371153,0.8950938785648512,"ragged, tattered, threadbare"
臑,nào,5,15,1,1,1,1.7295681787128208,0.7992504948559438,0.2802221713463302,0.06058020570856971,0.1118867348206064,soft
歃,shà,5,83,20,55,14,1.7295681787128208,4.422519404869557,5.604443426926605,3.331911313971334,1.5664142874884897,smear one's mouth with blood of a victim when taking an oath
綷,cuì,5,28,8,21,18,1.7295681787128208,1.4919342570644287,2.2417773707706417,1.272184319879964,2.0139612267709155,-
筚,bì,5,30,13,64,95,1.7295681787128208,1.5985009897118876,3.6428882275022927,3.8771331653484613,10.629239807957608,"wicker, bamboo"
啑,shà,5,21,7,11,4,1.7295681787128208,1.1189506927983215,1.9615551994243117,0.6663822627942668,0.4475469392824256,to gobble
蠛,miè,5,36,8,42,27,1.7295681787128208,1.9182011876542655,2.2417773707706417,2.544368639759928,3.0209418401563726,"flies, small insects produced in damp places"
岨,qū,5,13,2,18,14,1.7295681787128208,0.6926837622084847,0.5604443426926604,1.0904437027542548,1.5664142874884897,uneven
嘎,gā,5,6,7,9,11,1.7295681787128208,0.3197001979423776,1.9615551994243117,0.5452218513771274,1.2307540830266703,sound of laughter
唏,xī,5,23,6,40,45,1.7295681787128208,1.2255174254457808,1.6813330280779812,2.4232082283427885,5.0349030669272885,weep or sob
袯,bó,5,54,11,27,18,1.7295681787128208,2.877301781481398,3.0824438848096323,1.6356655541313823,2.0139612267709155,raincoat
悸,jì,5,66,17,64,77,1.7295681787128208,3.5167021773661533,4.7637769128876135,3.8771331653484613,8.615278581186693,"fearful, apprehensive, perturbed"
挦,xián,5,12,9,11,18,1.7295681787128208,0.6394003958847552,2.521999542116972,0.6663822627942668,2.0139612267709155,"pull out, pluck"
籹,nǚ,5,23,7,13,13,1.7295681787128208,1.2255174254457808,1.9615551994243117,0.7875426742114062,1.4545275526678831,cake
齰,zé,5,14,1,4,8,1.7295681787128208,0.7459671285322144,0.2802221713463302,0.24232082283427883,0.8950938785648512,to bite
鏖,áo,5,238,43,102,119,1.7295681787128208,12.681441185047643,12.0495533678922,6.179180982274111,13.314521443652161,"to fight to the end, engage in a fierce battle"
昵,nì,5,125,10,125,129,1.7295681787128208,6.660420790466199,2.8022217134633025,7.572525713571214,14.433388791858226,"intimate, close"
蟉,liú,5,20,2,14,25,1.7295681787128208,1.0656673264745917,0.5604443426926604,0.848122879919976,2.7971683705151604,-
躩,jué,5,9,2,14,5,1.7295681787128208,0.4795502969135664,0.5604443426926604,0.848122879919976,0.559433674103032,"take quick, short steps"
篝,gōu,5,439,81,349,456,1.7295681787128208,23.39139781611729,22.697995879052748,21.14249179229083,51.02035107819652,bamboo basket
喑,yīn,5,149,19,103,87,1.7295681787128208,7.939221582235708,5.324221255580275,6.23976118798268,9.734145929392758,to be dumb
癯,qú,4,691,82,300,151,1.3836545429702567,36.818806129697144,22.97821805039908,18.174061712570914,16.89489695791157,"thin, emaciated"
瞠,chēng,4,105,24,41,40,1.3836545429702567,5.594753463991608,6.725332112311925,2.483788434051358,4.475469392824256,"look at, stare at, gaze at"
璪,zǎo,4,14,1,7,3,1.3836545429702567,0.7459671285322144,0.2802221713463302,0.424061439959988,0.3356602044618192,pearl pendants on coronet
怩,ní,4,27,3,31,7,1.3836545429702567,1.438650890740699,0.8406665140389906,1.877986376965661,0.7832071437442448,"shy, timid, bashful"
闿,kǎi,4,30,2,9,8,1.3836545429702567,1.5985009897118876,0.5604443426926604,0.5452218513771274,0.8950938785648512,open
獍,jìng,4,44,32,37,38,1.3836545429702567,2.344468118244102,8.967109483082567,2.2414676112170793,4.251695923183043,a mythical animal that eats its mother when it is born
郐,kuài,4,35,2,10,16,1.3836545429702567,1.8649178213305357,0.5604443426926604,0.6058020570856971,1.7901877571297025,state in today's Henan province
姐,jiě,4,11,8,9,29,1.3836545429702567,0.5861170295610255,2.2417773707706417,0.5452218513771274,3.2447153097975856,"elder sister, young lady"
蚳,chí,4,7,1,1,3,1.3836545429702567,0.3729835642661072,0.2802221713463302,0.06058020570856971,0.3356602044618192,ant eggs
蠙,pín,4,42,13,26,9,1.3836545429702567,2.237901385596643,3.6428882275022927,1.5750853484228124,1.0069806133854577,oyster
媮,tōu,4,36,9,25,10,1.3836545429702567,1.9182011876542655,2.521999542116972,1.5145051427142429,1.118867348206064,"handsome, cheerful"
涝,lào,4,66,13,41,35,1.3836545429702567,3.5167021773661533,3.6428882275022927,2.483788434051358,3.9160357187212242,"inundate, flood"
驲,rì,4,62,13,23,4,1.3836545429702567,3.3035687120712347,3.6428882275022927,1.3933447312971035,0.4475469392824256,"post horse, relay horse"
觎,yú,4,18,9,23,14,1.3836545429702567,0.9591005938271328,2.521999542116972,1.3933447312971035,1.5664142874884897,"desire strongly, covet, long for"
燖,xún,4,41,4,32,28,1.3836545429702567,2.1846180192729134,1.1208886853853208,1.9385665826742307,3.1328285749769793,reheat food
腿,tuǐ,4,67,6,9,14,1.3836545429702567,3.569985543689883,1.6813330280779812,0.5452218513771274,1.5664142874884897,"legs, thighs"
楩,pián,4,98,37,69,26,1.3836545429702567,5.2217698997254995,10.368220339814217,4.18003419389131,2.9090551053357663,tree
灏,hào,4,126,33,251,66,1.3836545429702567,6.7137041567899285,9.247331654428898,15.205631632850997,7.384524498160023,"vast, large, grand, expansive"
椟,dú,4,162,31,102,45,1.3836545429702567,8.631905344444194,8.686887311736237,6.179180982274111,5.0349030669272885,"cabinet, wardrobe"
枹,bāo,4,37,5,25,20,1.3836545429702567,1.971484553977995,1.4011108567316513,1.5145051427142429,2.237734696412128,drumstick
挣,zhēng,4,3,7,7,7,1.3836545429702567,0.1598500989711888,1.9615551994243117,0.424061439959988,0.7832071437442448,"strive, endeavor, struggle"
嚘,yōu,4,40,9,15,12,1.3836545429702567,2.1313346529491835,2.521999542116972,0.9087030856285457,1.3426408178472768,-
缜,zhěn,4,27,4,11,11,1.3836545429702567,1.438650890740699,1.1208886853853208,0.6663822627942668,1.2307540830266703,"detailed, fine"
殍,piǎo,4,43,8,38,14,1.3836545429702567,2.2911847519203725,2.2417773707706417,2.302047816925649,1.5664142874884897,to starve to death
燀,chǎn,4,8,6,18,18,1.3836545429702567,0.4262669305898367,1.6813330280779812,1.0904437027542548,2.0139612267709155,to make a fire
柂,yí,4,186,17,44,6,1.3836545429702567,9.910706136213705,4.7637769128876135,2.6655290511770673,0.6713204089236384,helm
蹩,bié,4,22,8,40,29,1.3836545429702567,1.172234059122051,2.2417773707706417,2.4232082283427885,3.2447153097975856,to limp
烨,yè,4,202,66,538,12,1.3836545429702567,10.763239997393377,18.494663308857795,32.592150671210504,1.3426408178472768,"bright, glorious, splendid, flame"
桠,yā,4,18,2,10,9,1.3836545429702567,0.9591005938271328,0.5604443426926604,0.6058020570856971,1.0069806133854577,the forking branch of a tree
屼,wù,4,36,6,104,34,1.3836545429702567,1.9182011876542655,1.6813330280779812,6.30034139369125,3.8041489839006175,mountain
窑,yáo,4,45,22,61,83,1.3836545429702567,2.3977514845678316,6.1648877696192645,3.6953925482227525,9.286598990110331,kiln
伋,jí,4,35,8,13,14,1.3836545429702567,1.8649178213305357,2.2417773707706417,0.7875426742114062,1.5664142874884897,deceptive
泌,mì,4,56,7,110,62,1.3836545429702567,2.9838685141288575,1.9615551994243117,6.663822627942668,6.936977558877597,"to seep out, excrete"
蝝,yuán,4,22,3,4,1,1.3836545429702567,1.172234059122051,0.8406665140389906,0.24232082283427883,0.1118867348206064,the larva of locust
慅,sāo,4,7,5,10,3,1.3836545429702567,0.3729835642661072,1.4011108567316513,0.6058020570856971,0.3356602044618192,agitated
磥,lěi,4,32,9,23,27,1.3836545429702567,1.705067722359347,2.521999542116972,1.3933447312971035,3.0209418401563726,a heap of stones
燉,dùn,4,19,10,24,8,1.3836545429702567,1.0123839601508622,2.8022217134633025,1.453924937005673,0.8950938785648512,heat with fire
魃,bá,4,202,29,129,50,1.3836545429702567,10.763239997393377,8.126442969043577,7.8148465364054935,5.594336741030321,drought demon
幞,fú,4,37,4,30,15,1.3836545429702567,1.971484553977995,1.1208886853853208,1.8174061712570915,1.6783010223090962,turban
亵,xiè,4,30,12,34,42,1.3836545429702567,1.5985009897118876,3.3626660561559625,2.05972699409137,4.699242862465469,"slight, insult, treat with disrespect"
悛,quān,4,41,5,26,11,1.3836545429702567,2.1846180192729134,1.4011108567316513,1.5750853484228124,1.2307540830266703,"repent, reform"
牷,quán,4,39,5,17,6,1.3836545429702567,2.078051286625454,1.4011108567316513,1.029863497045685,0.6713204089236384,"cow or ox of one color, perfect"
耰,yōu,4,170,17,64,49,1.3836545429702567,9.058172275034032,4.7637769128876135,3.8771331653484613,5.482450006209714,toothless rake for drawing earth over newly sown grain
砭,biān,4,184,20,87,100,1.3836545429702567,9.804139403566246,5.604443426926605,5.270477896645565,11.188673482060642,stone probe
侗,dòng,4,37,92,11,4,1.3836545429702567,1.971484553977995,25.78043976386238,0.6663822627942668,0.4475469392824256,big
赈,zhèn,4,67,17,93,88,1.3836545429702567,3.569985543689883,4.7637769128876135,5.633959130896983,9.846032664213363,"relieve, aid distressed"
缮,shàn,4,59,9,52,38,1.3836545429702567,3.143718613100046,2.521999542116972,3.150170696845625,4.251695923183043,"repair, mend"
柙,xiá,4,50,11,38,31,1.3836545429702567,2.6641683161864793,3.0824438848096323,2.302047816925649,3.4684887794387986,"cage, pen for wild animals"
鬖,sān,4,114,20,136,93,1.3836545429702567,6.074303760905174,5.604443426926605,8.23890797636548,10.405466338316394,wild hair
拚,pàn,4,658,66,678,604,1.3836545429702567,35.06045504101407,18.494663308857795,41.073379470410266,67.57958783164628,"risk, disregard"
扎,zhā,4,30,7,29,12,1.3836545429702567,1.5985009897118876,1.9615551994243117,1.7568259655485217,1.3426408178472768,pull up
搪,táng,4,7,3,7,14,1.3836545429702567,0.3729835642661072,0.8406665140389906,0.424061439959988,1.5664142874884897,"ward off, evade"
豉,shì,4,87,4,39,45,1.3836545429702567,4.635652870164474,1.1208886853853208,2.362628022634219,5.0349030669272885,fermented beans
糈,xǔ,4,36,2,44,33,1.3836545429702567,1.9182011876542655,0.5604443426926604,2.6655290511770673,3.6922622490800117,sacrificial rice
菘,sōng,4,254,51,80,99,1.3836545429702567,13.533975046227317,14.291330738662841,4.846416456685577,11.076786747240034,"celery, cabbage"
嫜,zhāng,4,15,13,69,28,1.3836545429702567,0.7992504948559438,3.6428882275022927,4.18003419389131,3.1328285749769793,husband's father
猰,yà,4,17,13,30,24,1.3836545429702567,0.9058172275034031,3.6428882275022927,1.8174061712570915,2.6852816356945537,a legendary man-eating animal
寖,jìn,4,150,14,9,8,1.3836545429702567,7.992504948559439,3.9231103988486233,0.5452218513771274,0.8950938785648512,"gradually, step by step, little"
羝,dī,4,134,36,119,79,1.3836545429702567,7.139971087379766,10.087998168467887,7.209044479319796,8.839052050827906,"ram, he-goat"
耍,shuǎ,4,32,22,17,25,1.3836545429702567,1.705067722359347,6.1648877696192645,1.029863497045685,2.7971683705151604,"frolic, play, amuse, play with"
糯,nuò,4,35,2,24,16,1.3836545429702567,1.8649178213305357,0.5604443426926604,1.453924937005673,1.7901877571297025,glutinous rice
毚,chán,4,7,1,10,5,1.3836545429702567,0.3729835642661072,0.2802221713463302,0.6058020570856971,0.559433674103032,cunning
凊,qìng,4,60,18,35,17,1.3836545429702567,3.197001979423775,5.043999084233944,2.1203071997999396,1.9020744919503088,surname
哇,wa,4,140,36,71,39,1.3836545429702567,7.459671285322143,10.087998168467887,4.30119460530845,4.36358265800365,vomit
澳,ào,4,69,26,238,82,1.3836545429702567,3.676552276337342,7.285776455004585,14.418088958639592,9.174712255289725,"inlet, bay"
徜,cháng,4,379,71,354,160,1.3836545429702567,20.194395836693516,19.895774165589444,21.44539282083368,17.901877571297025,walking and fro
妫,guī,4,44,8,47,17,1.3836545429702567,2.344468118244102,2.2417773707706417,2.8472696683027765,1.9020744919503088,family name
踦,yǐ,4,30,1,7,22,1.3836545429702567,1.5985009897118876,0.2802221713463302,0.424061439959988,2.4615081660533407,the shin
掐,qiā,4,62,6,17,78,1.3836545429702567,3.3035687120712347,1.6813330280779812,1.029863497045685,8.7271653160073,hold
瓘,guàn,4,22,5,9,5,1.3836545429702567,1.172234059122051,1.4011108567316513,0.5452218513771274,0.559433674103032,jade
佽,cì,4,24,4,30,19,1.3836545429702567,1.2788007917695103,1.1208886853853208,1.8174061712570915,2.1258479615915213,aid
棁,zhuō,4,21,5,18,4,1.3836545429702567,1.1189506927983215,1.4011108567316513,1.0904437027542548,0.4475469392824256,joist
镡,chán,4,42,8,61,26,1.3836545429702567,2.237901385596643,2.2417773707706417,3.6953925482227525,2.9090551053357663,dagger
呱,gū,4,84,29,173,118,1.3836545429702567,4.475802771193286,8.126442969043577,10.480375587582559,13.202634708831555,"wail, crying of child"
忭,biàn,4,9,4,43,28,1.3836545429702567,0.4795502969135664,1.1208886853853208,2.6049488454684977,3.1328285749769793,delighted
粜,tiào,4,57,4,16,25,1.3836545429702567,3.037151880452587,1.1208886853853208,0.9692832913371153,2.7971683705151604,sell grain
璺,wèn,4,10,10,8,10,1.3836545429702567,0.5328336632372959,2.8022217134633025,0.48464164566855766,1.118867348206064,"a crack, as in porcelain"
岣,gǒu,4,55,5,72,36,1.3836545429702567,2.9305851478051275,1.4011108567316513,4.361774811017019,4.027922453541831,a hill in Hunan
芼,mào,4,132,19,37,21,1.3836545429702567,7.033404354732307,5.324221255580275,2.2414676112170793,2.3496214312327344,to choose
鸒,yù,4,21,4,17,1,1.3836545429702567,1.1189506927983215,1.1208886853853208,1.029863497045685,0.1118867348206064,eastern jackdaw
襹,shī,4,4,1,6,1,1.3836545429702567,0.21313346529491836,0.2802221713463302,0.36348123425141826,0.1118867348206064,-
诅,zǔ,4,56,5,46,42,1.3836545429702567,2.9838685141288575,1.4011108567316513,2.786689462594207,4.699242862465469,curse
奭,shì,4,25,2,18,10,1.3836545429702567,1.3320841580932397,0.5604443426926604,1.0904437027542548,1.118867348206064,red
珣,xún,4,26,8,45,18,1.3836545429702567,1.3853675244169694,2.2417773707706417,2.726109256885637,2.0139612267709155,name of a kind of jade
巃,lóng,4,59,25,127,53,1.3836545429702567,3.143718613100046,7.005554283658255,7.6936861249883535,5.929996945492139,lofty
腔,qiāng,4,222,42,364,331,1.3836545429702567,11.82890732386797,11.76933119654587,22.051194877919375,37.034509225620724,chest cavity
髵,ér,4,4,2,4,10,1.3836545429702567,0.21313346529491836,0.5604443426926604,0.24232082283427883,1.118867348206064,"whiskers, bristles on the jaws of an animal"
埭,dài,4,141,15,53,37,1.3836545429702567,7.512954651645873,4.203332570194953,3.210750902554195,4.139809188362436,"a dam, a jock"
犴,àn,4,82,14,70,28,1.3836545429702567,4.369236038545827,3.9231103988486233,4.240614399599879,3.1328285749769793,"a wild dog, a not very large lock-up"
柹,shì,4,5,2,4,7,1.3836545429702567,0.26641683161864793,0.5604443426926604,0.24232082283427883,0.7832071437442448,persimmon
铰,jiǎo,4,4,3,7,6,1.3836545429702567,0.21313346529491836,0.8406665140389906,0.424061439959988,0.6713204089236384,hinge
怎,zěn,4,626,247,109,1107,1.3836545429702567,33.35538731865472,69.21487632254356,6.603242422234098,123.8586154464113,what? why? how?
倢,jié,4,1,2,3,4,1.3836545429702567,0.05328336632372959,0.5604443426926604,0.18174061712570913,0.4475469392824256,"beautiful, handsome"
橤,ruǐ,4,2,3,4,2,1.3836545429702567,0.10656673264745918,0.8406665140389906,0.24232082283427883,0.2237734696412128,stamen
躠,sǎ,4,15,6,26,19,1.3836545429702567,0.7992504948559438,1.6813330280779812,1.5750853484228124,2.1258479615915213,to limp
眯,mī,4,140,30,64,71,1.3836545429702567,7.459671285322143,8.406665140389906,3.8771331653484613,7.943958172263055,be blinded
赒,zhōu,4,46,3,15,23,1.3836545429702567,2.4510348508915616,0.8406665140389906,0.9087030856285457,2.5733949008739474,give for charity
蜥,xī,4,39,7,48,27,1.3836545429702567,2.078051286625454,1.9615551994243117,2.907849874011346,3.0209418401563726,lizard
睚,yá,4,31,10,57,28,1.3836545429702567,1.6517843560356174,2.8022217134633025,3.4530717253884737,3.1328285749769793,corner of eye
屺,qǐ,4,48,9,114,49,1.3836545429702567,2.5576015835390207,2.521999542116972,6.9061434507769475,5.482450006209714,a hill with trees or grass-- some give the opposite meaning
襭,xié,4,17,1,23,14,1.3836545429702567,0.9058172275034031,0.2802221713463302,1.3933447312971035,1.5664142874884897,tuck up hem of garment and wrap
薿,nǐ,4,108,18,54,26,1.3836545429702567,5.754603562962796,5.043999084233944,3.2713311082627645,2.9090551053357663,flower
刲,kuī,4,61,14,77,45,1.3836545429702567,3.250285345747505,3.9231103988486233,4.664675839559868,5.0349030669272885,"cut, slice off"
唁,yàn,4,40,13,35,25,1.3836545429702567,2.1313346529491835,3.6428882275022927,2.1203071997999396,2.7971683705151604,express condolence
纚,lí,4,37,27,47,29,1.3836545429702567,1.971484553977995,7.5659986263509165,2.8472696683027765,3.2447153097975856,long
煴,yūn,4,16,2,11,9,1.3836545429702567,0.8525338611796734,0.5604443426926604,0.6663822627942668,1.0069806133854577,"sultriness, stuffiness"
瓿,bù,4,80,12,55,46,1.3836545429702567,4.262669305898367,3.3626660561559625,3.331911313971334,5.146789801747895,"jar, pot"
虻,méng,4,112,16,31,28,1.3836545429702567,5.967737028257715,4.483554741541283,1.877986376965661,3.1328285749769793,"horsefly, gadfly"
闳,hóng,4,112,13,65,35,1.3836545429702567,5.967737028257715,3.6428882275022927,3.9377133710570313,3.9160357187212242,"gate, barrier"
箦,zé,4,118,12,64,27,1.3836545429702567,6.287437226200092,3.3626660561559625,3.8771331653484613,3.0209418401563726,bed mat
痗,mèi,4,25,5,35,23,1.3836545429702567,1.3320841580932397,1.4011108567316513,2.1203071997999396,2.5733949008739474,ill
寀,cǎi,4,32,5,38,5,1.3836545429702567,1.705067722359347,1.4011108567316513,2.302047816925649,0.559433674103032,feudal estate
琇,xiù,4,4,2,4,2,1.3836545429702567,0.21313346529491836,0.5604443426926604,0.24232082283427883,0.2237734696412128,coarse variety of jasper or jade
窀,zhūn,4,35,10,30,25,1.3836545429702567,1.8649178213305357,2.8022217134633025,1.8174061712570915,2.7971683705151604,to bury
窞,dàn,4,20,13,13,20,1.3836545429702567,1.0656673264745917,3.6428882275022927,0.7875426742114062,2.237734696412128,pit
逑,qiú,4,9,7,25,16,1.3836545429702567,0.4795502969135664,1.9615551994243117,1.5145051427142429,1.7901877571297025,"collect, unite"
趠,chuò,4,29,6,11,20,1.3836545429702567,1.5452176233881583,1.6813330280779812,0.6663822627942668,2.237734696412128,-
羾,gòng,4,24,3,7,12,1.3836545429702567,1.2788007917695103,0.8406665140389906,0.424061439959988,1.3426408178472768,-
阘,dá,4,35,5,13,10,1.3836545429702567,1.8649178213305357,1.4011108567316513,0.7875426742114062,1.118867348206064,upper-story door or window
瞭,liǎo,4,77,1,16,19,1.3836545429702567,4.102819206927179,0.2802221713463302,0.9692832913371153,2.1258479615915213,"bright, clear"
偓,wò,4,41,11,59,21,1.3836545429702567,2.1846180192729134,3.0824438848096323,3.5742321368056134,2.3496214312327344,to fuss
讷,nè,4,102,9,36,17,1.3836545429702567,5.434903365020419,2.521999542116972,2.1808874055085097,1.9020744919503088,slow of speech
惇,dūn,4,77,11,74,24,1.3836545429702567,4.102819206927179,3.0824438848096323,4.4829352224341585,2.6852816356945537,"be kind, cordial, sincere"
桅,wéi,4,117,21,44,46,1.3836545429702567,6.234153859876362,5.884665598272935,2.6655290511770673,5.146789801747895,mast of ship
诐,bì,4,14,3,12,9,1.3836545429702567,0.7459671285322144,0.8406665140389906,0.7269624685028365,1.0069806133854577,argue
痿,wěi,4,47,8,20,3,1.3836545429702567,2.504318217215291,2.2417773707706417,1.2116041141713942,0.3356602044618192,paralysis
邗,hán,4,49,10,113,102,1.3836545429702567,2.6108849498627498,2.8022217134633025,6.845563245068377,11.412446951701854,an ancient place in the state of Wu
圞,luán,4,115,23,150,344,1.3836545429702567,6.127587127228903,6.445109940965595,9.087030856285457,38.4890367782886,"entire, complete"
炱,tái,4,15,1,7,13,1.3836545429702567,0.7992504948559438,0.2802221713463302,0.424061439959988,1.4545275526678831,soot
栳,lǎo,4,12,4,8,6,1.3836545429702567,0.6394003958847552,1.1208886853853208,0.48464164566855766,0.6713204089236384,a basket
堋,péng,4,20,2,7,4,1.3836545429702567,1.0656673264745917,0.5604443426926604,0.424061439959988,0.4475469392824256,bury
纴,rèn,4,23,12,19,15,1.3836545429702567,1.2255174254457808,3.3626660561559625,1.1510239084628244,1.6783010223090962,"weave, lay warp"
秸,jiē,4,66,11,17,17,1.3836545429702567,3.5167021773661533,3.0824438848096323,1.029863497045685,1.9020744919503088,"stalks of millet, corn"
儆,jǐng,4,77,9,53,31,1.3836545429702567,4.102819206927179,2.521999542116972,3.210750902554195,3.4684887794387986,warn
窿,lóng,4,83,24,107,48,1.3836545429702567,4.422519404869557,6.725332112311925,6.482082010816959,5.370563271389107,mine shaft
亳,bó,4,61,17,23,18,1.3836545429702567,3.250285345747505,4.7637769128876135,1.3933447312971035,2.0139612267709155,name of district in Anhui
惄,nì,4,16,12,56,31,1.3836545429702567,0.8525338611796734,3.3626660561559625,3.392491519679904,3.4684887794387986,long for
鲐,tái,4,46,11,19,11,1.3836545429702567,2.4510348508915616,3.0824438848096323,1.1510239084628244,1.2307540830266703,"globefish, tetraodon"
絣,bēng,4,14,1,6,4,1.3836545429702567,0.7459671285322144,0.2802221713463302,0.36348123425141826,0.4475469392824256,to baste for sewing
嫪,lào,4,19,2,1,3,1.3836545429702567,1.0123839601508622,0.5604443426926604,0.06058020570856971,0.3356602044618192,hanker
嗄,á,4,18,1,2,2,1.3836545429702567,0.9591005938271328,0.2802221713463302,0.12116041141713942,0.2237734696412128,hoarse of voice
埤,pí,4,38,10,54,29,1.3836545429702567,2.0247679203017244,2.8022217134633025,3.2713311082627645,3.2447153097975856,"add, increase, attach"
锒,láng,4,2,2,12,31,1.3836545429702567,0.10656673264745918,0.5604443426926604,0.7269624685028365,3.4684887794387986,lock
徕,lái,4,164,36,214,76,1.3836545429702567,8.738472077091654,10.087998168467887,12.964164021633918,8.503391846366085,"induce, encourage to come"
岝,zuò,4,17,5,24,19,1.3836545429702567,0.9058172275034031,1.4011108567316513,1.453924937005673,2.1258479615915213,name of a mountain in Shandong
莘,shēn,4,193,26,177,58,1.3836545429702567,10.283689700479812,7.285776455004585,10.72269641041684,6.489430619595171,long
祃,mà,4,9,4,8,7,1.3836545429702567,0.4795502969135664,1.1208886853853208,0.48464164566855766,0.7832071437442448,a sacrifice at the beginning of a military campaign
翿,dào,4,16,7,19,2,1.3836545429702567,0.8525338611796734,1.9615551994243117,1.1510239084628244,0.2237734696412128,streamer adorned with feathers
颀,qí,4,98,18,30,16,1.3836545429702567,5.2217698997254995,5.043999084233944,1.8174061712570915,1.7901877571297025,tall and slim
咥,xì,4,7,6,34,19,1.3836545429702567,0.3729835642661072,1.6813330280779812,2.05972699409137,2.1258479615915213,sound of a cat
丫,yā,4,150,47,102,164,1.3836545429702567,7.992504948559439,13.17044205327752,6.179180982274111,18.34942451057945,forked
楝,liàn,4,120,34,115,149,1.3836545429702567,6.39400395884755,9.527553825775227,6.966723656485517,16.671123488270354,Melia japonica
黝,yǒu,4,52,23,74,129,1.3836545429702567,2.770735048833939,6.445109940965595,4.4829352224341585,14.433388791858226,black
屴,lì,4,8,12,26,53,1.3836545429702567,0.4262669305898367,3.3626660561559625,1.5750853484228124,5.929996945492139,lofty
贽,zhì,4,125,22,75,39,1.3836545429702567,6.660420790466199,6.1648877696192645,4.543515428142729,4.36358265800365,gift superior
婑,ruí,4,2,1,2,5,1.3836545429702567,0.10656673264745918,0.2802221713463302,0.12116041141713942,0.559433674103032,-
倨,jù,4,24,4,29,18,1.3836545429702567,1.2788007917695103,1.1208886853853208,1.7568259655485217,2.0139612267709155,"arrogant, haughty, rude"
輀,ér,4,84,9,55,25,1.3836545429702567,4.475802771193286,2.521999542116972,3.331911313971334,2.7971683705151604,hearse
枲,xǐ,4,23,9,28,9,1.3836545429702567,1.2255174254457808,2.521999542116972,1.696245759839952,1.0069806133854577,male nettle-hemp
鞴,bèi,4,58,11,20,16,1.3836545429702567,3.0904352467763165,3.0824438848096323,1.2116041141713942,1.7901877571297025,saddle up horse
嵝,lǒu,4,63,8,85,45,1.3836545429702567,3.3568520783949642,2.2417773707706417,5.149317485228426,5.0349030669272885,Goulou mountain peak in Hunan
遛,liú,4,14,2,25,6,1.3836545429702567,0.7459671285322144,0.5604443426926604,1.5145051427142429,0.6713204089236384,"take walk, stroll"
蚍,pí,4,86,6,25,42,1.3836545429702567,4.582369503840745,1.6813330280779812,1.5145051427142429,4.699242862465469,mussels
槚,jiǎ,4,97,12,81,20,1.3836545429702567,5.1684865334017704,3.3626660561559625,4.906996662394147,2.237734696412128,small evergreen shrub
迮,zé,4,56,5,7,6,1.3836545429702567,2.9838685141288575,1.4011108567316513,0.424061439959988,0.6713204089236384,to rise
镗,tāng,4,27,6,29,17,1.3836545429702567,1.438650890740699,1.6813330280779812,1.7568259655485217,1.9020744919503088,boring tool
膴,hū,4,107,30,127,34,1.3836545429702567,5.701320196639067,8.406665140389906,7.6936861249883535,3.8041489839006175,fine
萁,qí,4,142,25,25,39,1.3836545429702567,7.566238017969602,7.005554283658255,1.5145051427142429,4.36358265800365,"beakstalk, stalks of pulse"
纾,shū,4,200,28,153,88,1.3836545429702567,10.656673264745917,7.846220797697247,9.268771473411165,9.846032664213363,"loosen, relax, relieve"
揠,yà,4,53,4,11,11,1.3836545429702567,2.8240184151576684,1.1208886853853208,0.6663822627942668,1.2307540830266703,"to pull up, to eradicate"
爟,guàn,4,18,1,6,4,1.3836545429702567,0.9591005938271328,0.2802221713463302,0.36348123425141826,0.4475469392824256,fire
剂,jì,4,214,25,122,65,1.3836545429702567,11.402640393278134,7.005554283658255,7.390785096445505,7.272637763339417,medicinal preparation
阉,yān,4,37,10,76,55,1.3836545429702567,1.971484553977995,2.8022217134633025,4.604095633851298,6.153770415133352,castrate
霮,dàn,4,22,4,31,8,1.3836545429702567,1.172234059122051,1.1208886853853208,1.877986376965661,0.8950938785648512,-
濞,bì,4,20,5,27,18,1.3836545429702567,1.0656673264745917,1.4011108567316513,1.6356655541313823,2.0139612267709155,a county in Yunnan
歜,chù,4,83,13,28,11,1.3836545429702567,4.422519404869557,3.6428882275022927,1.696245759839952,1.2307540830266703,furious
讟,dú,4,19,2,13,4,1.3836545429702567,1.0123839601508622,0.5604443426926604,0.7875426742114062,0.4475469392824256,"slander, utter evil words"
儡,lěi,4,58,21,82,127,1.3836545429702567,3.0904352467763165,5.884665598272935,4.967576868102716,14.209615322217013,"puppet, dummy"
蛚,liè,4,8,4,10,11,1.3836545429702567,0.4262669305898367,1.1208886853853208,0.6058020570856971,1.2307540830266703,-
蜮,yù,4,66,12,87,53,1.3836545429702567,3.5167021773661533,3.3626660561559625,5.270477896645565,5.929996945492139,a fabulous creature like a turtle
慌,huāng,4,24,1,22,19,1.3836545429702567,1.2788007917695103,0.2802221713463302,1.3327645255885336,2.1258479615915213,"nervous, panicky, frantic"
绞,jiǎo,4,19,1,24,33,1.3836545429702567,1.0123839601508622,0.2802221713463302,1.453924937005673,3.6922622490800117,"twist, wring"
倬,zhuō,4,31,5,37,12,1.3836545429702567,1.6517843560356174,1.4011108567316513,2.2414676112170793,1.3426408178472768,"noticeable, large"
恹,yān,4,82,4,118,760,1.3836545429702567,4.369236038545827,1.1208886853853208,7.148464273611227,85.03391846366087,"feeble, sickly"
笴,gǎn,4,39,6,15,13,1.3836545429702567,2.078051286625454,1.6813330280779812,0.9087030856285457,1.4545275526678831,an arrow shaft
勷,ráng,4,4,10,40,12,1.3836545429702567,0.21313346529491836,2.8022217134633025,2.4232082283427885,1.3426408178472768,urgent
揲,dié,4,18,2,12,15,1.3836545429702567,0.9591005938271328,0.5604443426926604,0.7269624685028365,1.6783010223090962,to sort out the stalks used in divination
炒,chǎo,4,39,10,26,13,1.3836545429702567,2.078051286625454,2.8022217134633025,1.5750853484228124,1.4545275526678831,"fry, saute, roast, boil, cook"
蹁,pián,4,163,22,183,81,1.3836545429702567,8.685188710767923,6.1648877696192645,11.086177644668258,9.062825520469119,to walk with a limp
劄,zhā,4,137,3,71,16,1.3836545429702567,7.299821186350954,0.8406665140389906,4.30119460530845,1.7901877571297025,brief note
铏,xíng,4,38,7,22,7,1.3836545429702567,2.0247679203017244,1.9615551994243117,1.3327645255885336,0.7832071437442448,sacrificial cauldron
籺,hé,4,28,8,17,3,1.3836545429702567,1.4919342570644287,2.2417773707706417,1.029863497045685,0.3356602044618192,-
萑,huán,4,39,10,63,69,1.3836545429702567,2.078051286625454,2.8022217134633025,3.816552959639892,7.720184702621841,grass used for making mats
芣,fú,4,15,5,16,6,1.3836545429702567,0.7992504948559438,1.4011108567316513,0.9692832913371153,0.6713204089236384,medicinal plant
鄣,zhāng,4,43,6,53,30,1.3836545429702567,2.2911847519203725,1.6813330280779812,3.210750902554195,3.3566020446181923,"name of an ancient city in N. Jiangsu, near Shandong"
螾,yǐn,4,26,1,12,7,1.3836545429702567,1.3853675244169694,0.2802221713463302,0.7269624685028365,0.7832071437442448,the earthworm
霙,yīng,4,181,12,63,29,1.3836545429702567,9.644289304595057,3.3626660561559625,3.816552959639892,3.2447153097975856,sleet
黐,chī,4,36,2,3,2,1.3836545429702567,1.9182011876542655,0.5604443426926604,0.18174061712570913,0.2237734696412128,to stick
偬,zǒng,4,82,11,34,29,1.3836545429702567,4.369236038545827,3.0824438848096323,2.05972699409137,3.2447153097975856,urgent
趼,jiǎn,4,93,14,24,27,1.3836545429702567,4.955353068106852,3.9231103988486233,1.453924937005673,3.0209418401563726,callous skin on hands or feet
颾,sōu,4,19,4,19,11,1.3836545429702567,1.0123839601508622,1.1208886853853208,1.1510239084628244,1.2307540830266703,blowing of the wind
駪,shēn,4,6,10,58,9,1.3836545429702567,0.3197001979423776,2.8022217134633025,3.5136519310970433,1.0069806133854577,crowd
暵,hàn,4,76,16,55,15,1.3836545429702567,4.049535840603449,4.483554741541283,3.331911313971334,1.6783010223090962,dry by exposing sun
坯,pī,4,40,9,38,4,1.3836545429702567,2.1313346529491835,2.521999542116972,2.302047816925649,0.4475469392824256,"dam, embankment"
菇,gū,3,4,1,19,20,1.0377409072276924,0.21313346529491836,0.2802221713463302,1.1510239084628244,2.237734696412128,mushrooms
楢,yóu,3,1,3,1,2,1.0377409072276924,0.05328336632372959,0.8406665140389906,0.06058020570856971,0.2237734696412128,tinder
铫,diào,3,73,5,15,38,1.0377409072276924,3.88968574163226,1.4011108567316513,0.9087030856285457,4.251695923183043,large hoe
陊,duò,3,10,8,8,9,1.0377409072276924,0.5328336632372959,2.2417773707706417,0.48464164566855766,1.0069806133854577,-
瑱,zhèn,3,17,4,23,12,1.0377409072276924,0.9058172275034031,1.1208886853853208,1.3933447312971035,1.3426408178472768,a gem used as ear plug
磹,tán,3,8,1,2,8,1.0377409072276924,0.4262669305898367,0.2802221713463302,0.12116041141713942,0.8950938785648512,-
皈,guī,3,44,14,155,83,1.0377409072276924,2.344468118244102,3.9231103988486233,9.389931884828306,9.286598990110331,"follow, comply with"
褶,zhě,3,25,4,48,135,1.0377409072276924,1.3320841580932397,1.1208886853853208,2.907849874011346,15.104709200781866,"pleat, crease, wrinkles"
扌,shou,3,3,1,2,3,1.0377409072276924,0.1598500989711888,0.2802221713463302,0.12116041141713942,0.3356602044618192,hand
蘤,huā,3,117,10,39,13,1.0377409072276924,6.234153859876362,2.8022217134633025,2.362628022634219,1.4545275526678831,"flower, blossoms"
忪,sōng,3,26,6,11,221,1.0377409072276924,1.3853675244169694,1.6813330280779812,0.6663822627942668,24.726968395354014,"quiet, calm, tranquil, peaceful"
倥,kōng,3,92,14,34,27,1.0377409072276924,4.902069701783123,3.9231103988486233,2.05972699409137,3.0209418401563726,"boorish, ignorant"
艚,cáo,3,7,3,33,13,1.0377409072276924,0.3729835642661072,0.8406665140389906,1.9991467883828005,1.4545275526678831,ship
灊,qián,3,81,4,31,23,1.0377409072276924,4.315952672222097,1.1208886853853208,1.877986376965661,2.5733949008739474,-
熔,róng,3,31,2,7,13,1.0377409072276924,1.6517843560356174,0.5604443426926604,0.424061439959988,1.4545275526678831,"melt, smelt, fuse"
垩,è,3,99,18,54,41,1.0377409072276924,5.2750532660492295,5.043999084233944,3.2713311082627645,4.5873561276448624,"holy, sacred, sage"
蒻,ruò,3,59,3,14,20,1.0377409072276924,3.143718613100046,0.8406665140389906,0.848122879919976,2.237734696412128,rushes
搉,què,3,23,1,16,7,1.0377409072276924,1.2255174254457808,0.2802221713463302,0.9692832913371153,0.7832071437442448,knock
篴,dí,3,8,10,123,85,1.0377409072276924,0.4262669305898367,2.8022217134633025,7.451365302154074,9.510372459751546,bamboo flute
坷,kě,3,53,4,64,70,1.0377409072276924,2.8240184151576684,1.1208886853853208,3.8771331653484613,7.8320714374424485,"clod of earth, lump of soil"
窾,kuǎn,3,40,7,28,16,1.0377409072276924,2.1313346529491835,1.9615551994243117,1.696245759839952,1.7901877571297025,hole
尪,wāng,3,107,11,50,40,1.0377409072276924,5.701320196639067,3.0824438848096323,3.0290102854284857,4.475469392824256,lame
讣,fù,3,164,25,201,20,1.0377409072276924,8.738472077091654,7.005554283658255,12.176621347422511,2.237734696412128,obituary
瑳,cuō,3,49,6,7,12,1.0377409072276924,2.6108849498627498,1.6813330280779812,0.424061439959988,1.3426408178472768,luster of gem
睬,cǎi,3,5,1,3,4,1.0377409072276924,0.26641683161864793,0.2802221713463302,0.18174061712570913,0.4475469392824256,notice
硫,liú,3,20,1,13,14,1.0377409072276924,1.0656673264745917,0.2802221713463302,0.7875426742114062,1.5664142874884897,"sulfur (element 16, S)"
郏,jiá,3,34,4,29,6,1.0377409072276924,1.8116344550068062,1.1208886853853208,1.7568259655485217,0.6713204089236384,county in Henan province
褾,biǎo,3,7,4,2,4,1.0377409072276924,0.3729835642661072,1.1208886853853208,0.12116041141713942,0.4475469392824256,-
厂,chǎng,3,25,4,46,107,1.0377409072276924,1.3320841580932397,1.1208886853853208,2.786689462594207,11.971880625804886,"factory, workshop"
鯈,tiáo,3,101,8,49,28,1.0377409072276924,5.381619998696689,2.2417773707706417,2.968430079719916,3.1328285749769793,freshwater minnow
绌,chù,3,21,3,34,40,1.0377409072276924,1.1189506927983215,0.8406665140389906,2.05972699409137,4.475469392824256,"sew, stitch"
躏,lìn,3,20,7,42,52,1.0377409072276924,1.0656673264745917,1.9615551994243117,2.544368639759928,5.818110210671533,"trample down, oppress, overrun"
潆,yíng,3,17,5,124,118,1.0377409072276924,0.9058172275034031,1.4011108567316513,7.511945507862644,13.202634708831555,tiny stream
砦,zhài,3,7,24,45,38,1.0377409072276924,0.3729835642661072,6.725332112311925,2.726109256885637,4.251695923183043,"stockade, fort, military outpost"
楛,hù,3,26,5,29,25,1.0377409072276924,1.3853675244169694,1.4011108567316513,1.7568259655485217,2.7971683705151604,"coarse, crude"
颏,kē,3,5,9,17,15,1.0377409072276924,0.26641683161864793,2.521999542116972,1.029863497045685,1.6783010223090962,chin
郇,huán,3,24,7,38,21,1.0377409072276924,1.2788007917695103,1.9615551994243117,2.302047816925649,2.3496214312327344,an ancient feudal State in Shaanxi
圠,yà,3,36,12,9,6,1.0377409072276924,1.9182011876542655,3.3626660561559625,0.5452218513771274,0.6713204089236384,-
絁,shī,3,13,3,4,19,1.0377409072276924,0.6926837622084847,0.8406665140389906,0.24232082283427883,2.1258479615915213,"rough, indelicate silk"
瓈,lí,3,156,81,130,45,1.0377409072276924,8.312205146501816,22.697995879052748,7.875426742114063,5.0349030669272885,glass
朐,qú,3,25,3,12,12,1.0377409072276924,1.3320841580932397,0.8406665140389906,0.7269624685028365,1.3426408178472768,warm
茄,jiā,3,63,9,70,52,1.0377409072276924,3.3568520783949642,2.521999542116972,4.240614399599879,5.818110210671533,eggplant
墄,cè,3,39,5,18,8,1.0377409072276924,2.078051286625454,1.4011108567316513,1.0904437027542548,0.8950938785648512,the steps of a stairway
姱,kuā,3,70,7,73,29,1.0377409072276924,3.7298356426610715,1.9615551994243117,4.422355016725589,3.2447153097975856,"beautiful, handsome, elegant"
窳,yǔ,3,42,9,24,34,1.0377409072276924,2.237901385596643,2.521999542116972,1.453924937005673,3.8041489839006175,"dirty, useless, weak, powerless"
耎,ruǎn,3,5,1,6,8,1.0377409072276924,0.26641683161864793,0.2802221713463302,0.36348123425141826,0.8950938785648512,"weak, pliable, soft, yielding"
牯,gǔ,3,244,7,34,31,1.0377409072276924,13.00114138299002,1.9615551994243117,2.05972699409137,3.4684887794387986,cow
迪,dí,3,72,23,99,36,1.0377409072276924,3.836402375308531,6.445109940965595,5.997440365148401,4.027922453541831,"enlighten, advance"
竁,cuì,3,21,12,17,11,1.0377409072276924,1.1189506927983215,3.3626660561559625,1.029863497045685,1.2307540830266703,bore
沪,hù,3,12,18,17,103,1.0377409072276924,0.6394003958847552,5.043999084233944,1.029863497045685,11.524333686522459,Shanghai
鳐,yáo,3,9,3,14,4,1.0377409072276924,0.4795502969135664,0.8406665140389906,0.848122879919976,0.4475469392824256,the nautilus
浯,wú,3,245,13,46,45,1.0377409072276924,13.05442474931375,3.6428882275022927,2.786689462594207,5.0349030669272885,name of a river in Shandong
糕,gāo,3,50,10,68,154,1.0377409072276924,2.6641683161864793,2.8022217134633025,4.11945398818274,17.230557162373387,"cakes, pastry"
旓,shāo,3,9,12,22,19,1.0377409072276924,0.4795502969135664,3.3626660561559625,1.3327645255885336,2.1258479615915213,serrated edges on a Chinese flag
輧,píng,3,4,4,8,4,1.0377409072276924,0.21313346529491836,1.1208886853853208,0.48464164566855766,0.4475469392824256,curtained carriage used by women
蛉,líng,3,61,11,63,73,1.0377409072276924,3.250285345747505,3.0824438848096323,3.816552959639892,8.167731641904268,"dragonfly, Libellulidae"
秬,jù,3,30,3,32,9,1.0377409072276924,1.5985009897118876,0.8406665140389906,1.9385665826742307,1.0069806133854577,black millet
碇,dìng,3,27,12,31,23,1.0377409072276924,1.438650890740699,3.3626660561559625,1.877986376965661,2.5733949008739474,anchor
洹,huán,3,24,23,20,22,1.0377409072276924,1.2788007917695103,6.445109940965595,1.2116041141713942,2.4615081660533407,river in Henan province
惷,chǔn,3,13,5,15,1,1.0377409072276924,0.6926837622084847,1.4011108567316513,0.9087030856285457,0.1118867348206064,wriggle
哙,kuài,3,96,14,28,48,1.0377409072276924,5.115203167078041,3.9231103988486233,1.696245759839952,5.370563271389107,"swallow, gulp down"
廖,liào,3,41,7,69,30,1.0377409072276924,2.1846180192729134,1.9615551994243117,4.18003419389131,3.3566020446181923,surname
劻,kuāng,3,3,9,35,9,1.0377409072276924,0.1598500989711888,2.521999542116972,2.1203071997999396,1.0069806133854577,"flurried, be in flurry, zealous"
眨,zhǎ,3,108,4,6,8,1.0377409072276924,5.754603562962796,1.1208886853853208,0.36348123425141826,0.8950938785648512,wink
醄,táo,3,18,6,35,15,1.0377409072276924,0.9591005938271328,1.6813330280779812,2.1203071997999396,1.6783010223090962,drunk
惙,chuò,3,29,8,30,21,1.0377409072276924,1.5452176233881583,2.2417773707706417,1.8174061712570915,2.3496214312327344,"sad, melancholy, grieving, mournful"
瀺,chán,3,17,5,31,12,1.0377409072276924,0.9058172275034031,1.4011108567316513,1.877986376965661,1.3426408178472768,sound
颒,huì,3,48,6,5,7,1.0377409072276924,2.5576015835390207,1.6813330280779812,0.30290102854284856,0.7832071437442448,wash
嵏,zōng,3,4,5,16,3,1.0377409072276924,0.21313346529491836,1.4011108567316513,0.9692832913371153,0.3356602044618192,a mountain in Shenxi
熇,hè,3,49,14,58,20,1.0377409072276924,2.6108849498627498,3.9231103988486233,3.5136519310970433,2.237734696412128,bake
泆,yì,3,6,1,10,1,1.0377409072276924,0.3197001979423776,0.2802221713463302,0.6058020570856971,0.1118867348206064,"licentious, libertine, dissipated"
颅,lú,3,367,77,460,304,1.0377409072276924,19.55499544080876,21.57710719366743,27.866894625942066,34.01356738546434,skull
胛,jiǎ,3,30,8,7,14,1.0377409072276924,1.5985009897118876,2.2417773707706417,0.424061439959988,1.5664142874884897,"the shoulder, shoulder blade"
啐,cuì,3,53,1,14,4,1.0377409072276924,2.8240184151576684,0.2802221713463302,0.848122879919976,0.4475469392824256,"to taste, to sip"
劖,chán,3,47,6,50,36,1.0377409072276924,2.504318217215291,1.6813330280779812,3.0290102854284857,4.027922453541831,make into mince
麰,móu,3,117,3,47,8,1.0377409072276924,6.234153859876362,0.8406665140389906,2.8472696683027765,0.8950938785648512,barley
黕,dǎn,3,24,1,2,13,1.0377409072276924,1.2788007917695103,0.2802221713463302,0.12116041141713942,1.4545275526678831,red
狯,kuài,3,104,19,58,140,1.0377409072276924,5.541470097667878,5.324221255580275,3.5136519310970433,15.664142874884897,"sly, cunning, crafty"
勚,yì,3,9,1,26,15,1.0377409072276924,0.4795502969135664,0.2802221713463302,1.5750853484228124,1.6783010223090962,work hard
骭,gàn,3,64,5,40,43,1.0377409072276924,3.410135444718694,1.4011108567316513,2.4232082283427885,4.811129597286075,shin bone
郯,tán,3,8,14,19,15,1.0377409072276924,0.4262669305898367,3.9231103988486233,1.1510239084628244,1.6783010223090962,a county in Shandong
腷,bì,3,75,9,30,27,1.0377409072276924,3.9962524742797196,2.521999542116972,1.8174061712570915,3.0209418401563726,-
菶,běng,3,20,15,38,7,1.0377409072276924,1.0656673264745917,4.203332570194953,2.302047816925649,0.7832071437442448,species of water plant
毾,tà,3,1,8,11,7,1.0377409072276924,0.05328336632372959,2.2417773707706417,0.6663822627942668,0.7832071437442448,"a coarse, woollen serge"
夬,guài,3,24,1,6,5,1.0377409072276924,1.2788007917695103,0.2802221713463302,0.36348123425141826,0.559433674103032,parted
靶,bǎ,3,26,5,15,14,1.0377409072276924,1.3853675244169694,1.4011108567316513,0.9087030856285457,1.5664142874884897,target
獗,jué,3,21,7,13,15,1.0377409072276924,1.1189506927983215,1.9615551994243117,0.7875426742114062,1.6783010223090962,"unruly, wild, violent, lawless"
岈,yá,3,6,3,38,40,1.0377409072276924,0.3197001979423776,0.8406665140389906,2.302047816925649,4.475469392824256,"嵖岈山, a mountain in Suìpíng county, Hénán"
茇,bá,3,47,4,52,14,1.0377409072276924,2.504318217215291,1.1208886853853208,3.150170696845625,1.5664142874884897,"grass, thatch"
侁,shēn,3,20,7,13,16,1.0377409072276924,1.0656673264745917,1.9615551994243117,0.7875426742114062,1.7901877571297025,crowd
疥,jiè,3,80,4,21,16,1.0377409072276924,4.262669305898367,1.1208886853853208,1.272184319879964,1.7901877571297025,"scabies, itch"
穜,zhǒng,3,18,1,28,8,1.0377409072276924,0.9591005938271328,0.2802221713463302,1.696245759839952,0.8950938785648512,rice
槱,yǒu,3,58,11,31,12,1.0377409072276924,3.0904352467763165,3.0824438848096323,1.877986376965661,1.3426408178472768,firewood for sacrifice
濙,yíng,3,7,1,15,4,1.0377409072276924,0.3729835642661072,0.2802221713463302,0.9087030856285457,0.4475469392824256,to revolve
鳄,è,3,174,54,311,160,1.0377409072276924,9.271305740328948,15.131997252701833,18.840443975365183,17.901877571297025,alligator
卬,áng,3,34,4,48,28,1.0377409072276924,1.8116344550068062,1.1208886853853208,2.907849874011346,3.1328285749769793,lofty
黟,yī,3,78,6,25,11,1.0377409072276924,4.156102573250908,1.6813330280779812,1.5145051427142429,1.2307540830266703,black and shining
莉,lì,3,85,24,168,135,1.0377409072276924,4.529086137517016,6.725332112311925,10.177474559039712,15.104709200781866,white jasmine
俣,yǔ,3,27,2,2,2,1.0377409072276924,1.438650890740699,0.5604443426926604,0.12116041141713942,0.2237734696412128,big
禘,dì,3,9,7,10,3,1.0377409072276924,0.4795502969135664,1.9615551994243117,0.6058020570856971,0.3356602044618192,imperial ancestor worship
堧,ruán,3,62,17,63,40,1.0377409072276924,3.3035687120712347,4.7637769128876135,3.816552959639892,4.475469392824256,adjoin
憬,jǐng,3,13,2,15,12,1.0377409072276924,0.6926837622084847,0.5604443426926604,0.9087030856285457,1.3426408178472768,"rouse, awaken"
愞,nuò,3,25,5,13,16,1.0377409072276924,1.3320841580932397,1.4011108567316513,0.7875426742114062,1.7901877571297025,"timid, apprehensive"
畯,jùn,3,62,5,59,21,1.0377409072276924,3.3035687120712347,1.4011108567316513,3.5742321368056134,2.3496214312327344,rustic
郫,pí,3,69,7,61,43,1.0377409072276924,3.676552276337342,1.9615551994243117,3.6953925482227525,4.811129597286075,a county in Sichuan
垲,kǎi,3,78,7,21,21,1.0377409072276924,4.156102573250908,1.9615551994243117,1.272184319879964,2.3496214312327344,high and dry place
佥,qiān,3,80,10,56,60,1.0377409072276924,4.262669305898367,2.8022217134633025,3.392491519679904,6.713204089236385,"all, together, unanimous"
趄,jū,3,62,15,37,32,1.0377409072276924,3.3035687120712347,4.203332570194953,2.2414676112170793,3.580375514259405,"weak, lame"
媵,yìng,3,14,8,59,71,1.0377409072276924,0.7459671285322144,2.2417773707706417,3.5742321368056134,7.943958172263055,a maid who accompanies bride to her new home
鹁,bó,3,152,25,96,36,1.0377409072276924,8.099071681206897,7.005554283658255,5.815699748022692,4.027922453541831,species of pigeon
砯,pīng,3,4,1,3,5,1.0377409072276924,0.21313346529491836,0.2802221713463302,0.18174061712570913,0.559433674103032,to make a loud sound
腒,jū,3,4,3,2,1,1.0377409072276924,0.21313346529491836,0.8406665140389906,0.12116041141713942,0.1118867348206064,game
滁,chú,3,154,9,213,27,1.0377409072276924,8.205638413854357,2.521999542116972,12.903583815925348,3.0209418401563726,district in Anhui province
隮,jī,3,80,10,43,11,1.0377409072276924,4.262669305898367,2.8022217134633025,2.6049488454684977,1.2307540830266703,to rise up
擉,chuò,3,13,9,1,1,1.0377409072276924,0.6926837622084847,2.521999542116972,0.06058020570856971,0.1118867348206064,to pierce
蠃,luǒ,3,74,4,39,60,1.0377409072276924,3.94296910795599,1.1208886853853208,2.362628022634219,6.713204089236385,the solitary wasp
嗫,niè,3,139,12,43,31,1.0377409072276924,7.406387918998413,3.3626660561559625,2.6049488454684977,3.4684887794387986,move lips as when speaking
焯,chāo,3,13,1,17,8,1.0377409072276924,0.6926837622084847,0.2802221713463302,1.029863497045685,0.8950938785648512,boil vegetables for a very short time
睍,xiàn,3,89,12,83,49,1.0377409072276924,4.742219602811933,3.3626660561559625,5.028157073811286,5.482450006209714,to look at fearfully
酕,máo,3,11,2,28,12,1.0377409072276924,0.5861170295610255,0.5604443426926604,1.696245759839952,1.3426408178472768,drunk
罻,wèi,3,17,3,30,25,1.0377409072276924,0.9058172275034031,0.8406665140389906,1.8174061712570915,2.7971683705151604,net
廌,zhì,3,25,14,61,29,1.0377409072276924,1.3320841580932397,3.9231103988486233,3.6953925482227525,3.2447153097975856,unicorn
衎,kàn,3,88,16,66,18,1.0377409072276924,4.688936236488204,4.483554741541283,3.998293576765601,2.0139612267709155,to give pleasure
黈,tǒu,3,8,6,4,3,1.0377409072276924,0.4262669305898367,1.6813330280779812,0.24232082283427883,0.3356602044618192,yellow
迄,qì,3,161,15,71,141,1.0377409072276924,8.578621978120465,4.203332570194953,4.30119460530845,15.776029609705501,"extend, reach"
嵊,shèng,3,9,3,4,4,1.0377409072276924,0.4795502969135664,0.8406665140389906,0.24232082283427883,0.4475469392824256,"district in Shaohsing, Chekiang"
帨,shuì,3,80,7,85,64,1.0377409072276924,4.262669305898367,1.9615551994243117,5.149317485228426,7.16075102851881,"handkerchief, kerchief, shawl"
笯,nú,3,18,6,24,31,1.0377409072276924,0.9591005938271328,1.6813330280779812,1.453924937005673,3.4684887794387986,a bird-cage
厝,cuò,3,12,4,27,52,1.0377409072276924,0.6394003958847552,1.1208886853853208,1.6356655541313823,5.818110210671533,cut or engrave
浏,liú,3,81,21,81,36,1.0377409072276924,4.315952672222097,5.884665598272935,4.906996662394147,4.027922453541831,clear
韛,bài,3,9,4,4,3,1.0377409072276924,0.4795502969135664,1.1208886853853208,0.24232082283427883,0.3356602044618192,bellows
碨,wèi,3,13,5,19,11,1.0377409072276924,0.6926837622084847,1.4011108567316513,1.1510239084628244,1.2307540830266703,millstone
艖,chā,3,10,6,48,18,1.0377409072276924,0.5328336632372959,1.6813330280779812,2.907849874011346,2.0139612267709155,raft
窌,jiào,3,41,1,16,11,1.0377409072276924,2.1846180192729134,0.2802221713463302,0.9692832913371153,1.2307540830266703,"pit, vault"
捭,bǎi,3,10,3,17,18,1.0377409072276924,0.5328336632372959,0.8406665140389906,1.029863497045685,2.0139612267709155,to open
潬,shàn,3,6,1,4,5,1.0377409072276924,0.3197001979423776,0.2802221713463302,0.24232082283427883,0.559433674103032,a rapid
瘉,yù,3,21,1,10,9,1.0377409072276924,1.1189506927983215,0.2802221713463302,0.6058020570856971,1.0069806133854577,"get well, recover"
跞,lì,3,12,1,13,5,1.0377409072276924,0.6394003958847552,0.2802221713463302,0.7875426742114062,0.559433674103032,"walk, move"
桉,ān,3,55,1,5,9,1.0377409072276924,2.9305851478051275,0.2802221713463302,0.30290102854284856,1.0069806133854577,eucalyptus
庀,pǐ,3,16,2,9,16,1.0377409072276924,0.8525338611796734,0.5604443426926604,0.5452218513771274,1.7901877571297025,to prepare
唫,jìn,3,10,24,184,57,1.0377409072276924,0.5328336632372959,6.725332112311925,11.146757850376828,6.377543884774565,"to hum, to intone, etc. to close, to shut"
黁,nún,3,5,4,2,48,1.0377409072276924,0.26641683161864793,1.1208886853853208,0.12116041141713942,5.370563271389107,-
鞓,tīng,3,65,5,8,18,1.0377409072276924,3.4634188110424233,1.4011108567316513,0.48464164566855766,2.0139612267709155,leather belt
軏,yuè,3,12,3,9,16,1.0377409072276924,0.6394003958847552,0.8406665140389906,0.5452218513771274,1.7901877571297025,cross-bar at the end of the poles of a cart
慆,tāo,3,14,4,8,8,1.0377409072276924,0.7459671285322144,1.1208886853853208,0.48464164566855766,0.8950938785648512,"excessive, dissolute"
蹡,qiāng,3,42,11,34,3,1.0377409072276924,2.237901385596643,3.0824438848096323,2.05972699409137,0.3356602044618192,to limp
抒,shū,3,29,8,111,120,1.0377409072276924,1.5452176233881583,2.2417773707706417,6.724402833651238,13.42640817847277,express
窝,wō,3,385,132,536,339,1.0377409072276924,20.51409603463589,36.98932661771559,32.47099025979337,37.929603104185574,nest
锉,cuò,3,22,14,22,48,1.0377409072276924,1.172234059122051,3.9231103988486233,1.3327645255885336,5.370563271389107,"carpenter's file, file smooth"
骹,qiāo,3,20,1,14,8,1.0377409072276924,1.0656673264745917,0.2802221713463302,0.848122879919976,0.8950938785648512,(Cant.) a joint
栟,bēn,3,47,2,19,7,1.0377409072276924,2.504318217215291,0.5604443426926604,1.1510239084628244,0.7832071437442448,hemp palm
腭,è,3,14,5,22,13,1.0377409072276924,0.7459671285322144,1.4011108567316513,1.3327645255885336,1.4545275526678831,"palate, roof of mouth"
啀,ái,3,4,5,3,1,1.0377409072276924,0.21313346529491836,1.4011108567316513,0.18174061712570913,0.1118867348206064,gnaw
蜞,qí,3,21,5,9,16,1.0377409072276924,1.1189506927983215,1.4011108567316513,0.5452218513771274,1.7901877571297025,a kind of crab
佁,yǐ,3,6,1,4,3,1.0377409072276924,0.3197001979423776,0.2802221713463302,0.24232082283427883,0.3356602044618192,-
玎,dīng,3,19,27,16,9,1.0377409072276924,1.0123839601508622,7.5659986263509165,0.9692832913371153,1.0069806133854577,"jingling, tinkling"
庥,xiū,3,27,3,31,30,1.0377409072276924,1.438650890740699,0.8406665140389906,1.877986376965661,3.3566020446181923,shade
桤,qī,3,54,12,18,9,1.0377409072276924,2.877301781481398,3.3626660561559625,1.0904437027542548,1.0069806133854577,alder
袤,mào,3,50,3,27,36,1.0377409072276924,2.6641683161864793,0.8406665140389906,1.6356655541313823,4.027922453541831,"longitude, lengthwise"
郾,yǎn,3,10,3,7,1,1.0377409072276924,0.5328336632372959,0.8406665140389906,0.424061439959988,0.1118867348206064,county in Henan province
瞎,xiā,3,358,6,10,22,1.0377409072276924,19.075445143895195,1.6813330280779812,0.6058020570856971,2.4615081660533407,"blind, reckless"
酦,pò,3,23,2,5,5,1.0377409072276924,1.2255174254457808,0.5604443426926604,0.30290102854284856,0.559433674103032,"fermentation, brewing"
瞍,sǒu,3,13,1,5,12,1.0377409072276924,0.6926837622084847,0.2802221713463302,0.30290102854284856,1.3426408178472768,blind
骃,yīn,3,19,2,9,12,1.0377409072276924,1.0123839601508622,0.5604443426926604,0.5452218513771274,1.3426408178472768,grey horse
磈,wěi,3,155,36,104,44,1.0377409072276924,8.258921780178088,10.087998168467887,6.30034139369125,4.923016332106681,an uneven rock
痡,fū,3,55,15,54,25,1.0377409072276924,2.9305851478051275,4.203332570194953,3.2713311082627645,2.7971683705151604,a disease
晬,zuì,3,55,3,19,16,1.0377409072276924,2.9305851478051275,0.8406665140389906,1.1510239084628244,1.7901877571297025,first birthday of a child
淦,gàn,3,14,2,40,3,1.0377409072276924,0.7459671285322144,0.5604443426926604,2.4232082283427885,0.3356602044618192,river in Jiangxi province
蚴,yòu,3,15,4,14,17,1.0377409072276924,0.7992504948559438,1.1208886853853208,0.848122879919976,1.9020744919503088,larva
怍,zuò,3,134,20,99,49,1.0377409072276924,7.139971087379766,5.604443426926605,5.997440365148401,5.482450006209714,to be ashamed
牗,yǒu,3,6,5,48,8,1.0377409072276924,0.3197001979423776,1.4011108567316513,2.907849874011346,0.8950938785648512,-
跟,gēn,3,146,6,53,40,1.0377409072276924,7.77937148326452,1.6813330280779812,3.210750902554195,4.475469392824256,heel
鞳,tà,3,23,1,9,23,1.0377409072276924,1.2255174254457808,0.2802221713463302,0.5452218513771274,2.5733949008739474,-
涖,lì,3,24,2,41,7,1.0377409072276924,1.2788007917695103,0.5604443426926604,2.483788434051358,0.7832071437442448,river in Hebei province
嚭,pǐ,3,14,3,13,5,1.0377409072276924,0.7459671285322144,0.8406665140389906,0.7875426742114062,0.559433674103032,"mound, lump"
餗,sù,3,44,15,31,18,1.0377409072276924,2.344468118244102,4.203332570194953,1.877986376965661,2.0139612267709155,a pot of cooked rice
嚄,huō,3,15,2,20,17,1.0377409072276924,0.7992504948559438,0.5604443426926604,1.2116041141713942,1.9020744919503088,roar
氃,tóng,3,4,4,5,8,1.0377409072276924,0.21313346529491836,1.1208886853853208,0.30290102854284856,0.8950938785648512,-
睎,xī,3,121,6,24,13,1.0377409072276924,6.447287325171281,1.6813330280779812,1.453924937005673,1.4545275526678831,to long for
瓤,ráng,3,6,1,18,37,1.0377409072276924,0.3197001979423776,0.2802221713463302,1.0904437027542548,4.139809188362436,"flesh, core, pulp, pith"
懈,xiè,3,56,10,57,37,1.0377409072276924,2.9838685141288575,2.8022217134633025,3.4530717253884737,4.139809188362436,"idle, relaxed, remiss"
檿,yǎn,3,7,8,20,5,1.0377409072276924,0.3729835642661072,2.2417773707706417,1.2116041141713942,0.559433674103032,mulberry
哳,zhā,3,62,7,30,10,1.0377409072276924,3.3035687120712347,1.9615551994243117,1.8174061712570915,1.118867348206064,to twitter
跽,jì,3,21,13,60,35,1.0377409072276924,1.1189506927983215,3.6428882275022927,3.634812342514183,3.9160357187212242,"to kneel for a long time, to go down on hands and knees"
蛀,zhù,3,16,4,15,8,1.0377409072276924,0.8525338611796734,1.1208886853853208,0.9087030856285457,0.8950938785648512,"insects that eat books, clothes"
殪,yì,3,24,17,48,34,1.0377409072276924,1.2788007917695103,4.7637769128876135,2.907849874011346,3.8041489839006175,die
鬅,péng,3,147,23,41,38,1.0377409072276924,7.83265484958825,6.445109940965595,2.483788434051358,4.251695923183043,unkempt hair
鲕,ér,3,11,2,2,12,1.0377409072276924,0.5861170295610255,0.5604443426926604,0.12116041141713942,1.3426408178472768,roe
嚅,rú,3,105,11,47,31,1.0377409072276924,5.594753463991608,3.0824438848096323,2.8472696683027765,3.4684887794387986,talk indistinctly and falteringly
氋,méng,3,3,3,4,10,1.0377409072276924,0.1598500989711888,0.8406665140389906,0.24232082283427883,1.118867348206064,-
楥,xuàn,3,10,7,3,2,1.0377409072276924,0.5328336632372959,1.9615551994243117,0.18174061712570913,0.2237734696412128,a last for making shoes
狠,hěn,3,59,21,20,22,1.0377409072276924,3.143718613100046,5.884665598272935,1.2116041141713942,2.4615081660533407,"vicious, cruel"
噏,xī,3,12,5,48,12,1.0377409072276924,0.6394003958847552,1.4011108567316513,2.907849874011346,1.3426408178472768,"inhale, absorb, imbibe"
呿,qù,3,32,9,12,30,1.0377409072276924,1.705067722359347,2.521999542116972,0.7269624685028365,3.3566020446181923,to yawn
鯹,xīng,3,2,1,10,2,1.0377409072276924,0.10656673264745918,0.2802221713463302,0.6058020570856971,0.2237734696412128,-
茀,fú,3,53,5,50,39,1.0377409072276924,2.8240184151576684,1.4011108567316513,3.0290102854284857,4.36358265800365,"overgrown with grass, weedy"
柩,jiù,3,51,12,46,23,1.0377409072276924,2.7174516825102093,3.3626660561559625,2.786689462594207,2.5733949008739474,coffin which contains corpse
鹬,yù,3,31,9,38,43,1.0377409072276924,1.6517843560356174,2.521999542116972,2.302047816925649,4.811129597286075,"snipe, kingfisher"
搊,chōu,3,17,6,39,28,1.0377409072276924,0.9058172275034031,1.6813330280779812,2.362628022634219,3.1328285749769793,pluck
郿,méi,3,45,18,34,10,1.0377409072276924,2.3977514845678316,5.043999084233944,2.05972699409137,1.118867348206064,county in Shaanxi province
霣,yǔn,3,70,3,20,23,1.0377409072276924,3.7298356426610715,0.8406665140389906,1.2116041141713942,2.5733949008739474,fall
詟,zhé,3,82,15,33,36,1.0377409072276924,4.369236038545827,4.203332570194953,1.9991467883828005,4.027922453541831,fear
鹕,hú,3,10,2,19,4,1.0377409072276924,0.5328336632372959,0.5604443426926604,1.1510239084628244,0.4475469392824256,pelican
唶,zé,3,46,12,116,45,1.0377409072276924,2.4510348508915616,3.3626660561559625,7.027303862194087,5.0349030669272885,"sigh, groan"
狝,xiǎn,3,17,25,26,32,1.0377409072276924,0.9058172275034031,7.005554283658255,1.5750853484228124,3.580375514259405,hunt
摹,mó,3,527,75,170,475,1.0377409072276924,28.080334052605494,21.016662850974768,10.298634970456852,53.146199039788044,"trace, copy, duplicate"
锜,qí,3,19,3,12,32,1.0377409072276924,1.0123839601508622,0.8406665140389906,0.7269624685028365,3.580375514259405,a kind of pen
茉,mò,3,80,24,168,128,1.0377409072276924,4.262669305898367,6.725332112311925,10.177474559039712,14.32150205703762,white jasmine
蝘,yǎn,3,20,5,36,17,1.0377409072276924,1.0656673264745917,1.4011108567316513,2.1808874055085097,1.9020744919503088,"gecko, kind of cicada"
巽,xùn,3,208,25,81,37,1.0377409072276924,11.082940195335755,7.005554283658255,4.906996662394147,4.139809188362436,south-east
弮,quān,3,45,7,5,17,1.0377409072276924,2.3977514845678316,1.9615551994243117,0.30290102854284856,1.9020744919503088,a crossbow which discharged several bolts in succession
岵,hù,3,45,20,111,42,1.0377409072276924,2.3977514845678316,5.604443426926605,6.724402833651238,4.699242862465469,hill
缌,sī,3,6,3,8,1,1.0377409072276924,0.3197001979423776,0.8406665140389906,0.48464164566855766,0.1118867348206064,coarse cotton cloth used for mourning
筥,jǔ,3,63,12,40,29,1.0377409072276924,3.3568520783949642,3.3626660561559625,2.4232082283427885,3.2447153097975856,round-shaped bamboo basket for holding rice
铤,dìng,3,3,4,12,21,1.0377409072276924,0.1598500989711888,1.1208886853853208,0.7269624685028365,2.3496214312327344,"ingots, bars of metal"
漻,liáo,3,24,7,46,18,1.0377409072276924,1.2788007917695103,1.9615551994243117,2.786689462594207,2.0139612267709155,-
硝,xiāo,3,14,2,10,7,1.0377409072276924,0.7459671285322144,0.5604443426926604,0.6058020570856971,0.7832071437442448,"saltpeter, niter"
逭,huàn,3,58,10,30,26,1.0377409072276924,3.0904352467763165,2.8022217134633025,1.8174061712570915,2.9090551053357663,to escape from
珙,gǒng,3,7,4,12,7,1.0377409072276924,0.3729835642661072,1.1208886853853208,0.7269624685028365,0.7832071437442448,precious stone
诎,qū,3,47,14,46,26,1.0377409072276924,2.504318217215291,3.9231103988486233,2.786689462594207,2.9090551053357663,"bend, stoop, crouch"
刿,guì,3,9,3,8,18,1.0377409072276924,0.4795502969135664,0.8406665140389906,0.48464164566855766,2.0139612267709155,"to cut, injure, stab, stick on"
硠,láng,3,2,3,4,44,1.0377409072276924,0.10656673264745918,0.8406665140389906,0.24232082283427883,4.923016332106681,-
羜,zhù,3,47,7,11,7,1.0377409072276924,2.504318217215291,1.9615551994243117,0.6663822627942668,0.7832071437442448,lamb
抶,chì,3,14,3,6,3,1.0377409072276924,0.7459671285322144,0.8406665140389906,0.36348123425141826,0.3356602044618192,beat
崧,sōng,3,257,31,229,49,1.0377409072276924,13.693825145198506,8.686887311736237,13.872867107262465,5.482450006209714,high mountain
鬌,tuǒ,3,30,5,23,31,1.0377409072276924,1.5985009897118876,1.4011108567316513,1.3933447312971035,3.4684887794387986,tufts of hair left on the heads of children after shaving
帢,qià,2,52,3,62,34,0.6918272714851283,2.770735048833939,0.8406665140389906,3.755972753931322,3.8041489839006175,a silk hat worn by ancient scholars
腆,tiǎn,2,39,3,40,21,0.6918272714851283,2.078051286625454,0.8406665140389906,2.4232082283427885,2.3496214312327344,prosperous
饎,chì,2,4,1,5,3,0.6918272714851283,0.21313346529491836,0.2802221713463302,0.30290102854284856,0.3356602044618192,wine and food eaten with wine
摋,sà,2,3,2,7,3,0.6918272714851283,0.1598500989711888,0.5604443426926604,0.424061439959988,0.3356602044618192,to strike with the hand
杮,fèi,2,4,4,27,5,0.6918272714851283,0.21313346529491836,1.1208886853853208,1.6356655541313823,0.559433674103032,wood shavings
扯,chě,2,14,7,20,22,0.6918272714851283,0.7459671285322144,1.9615551994243117,1.2116041141713942,2.4615081660533407,"rip up, tear down"
胀,zhàng,2,35,6,3,3,0.6918272714851283,1.8649178213305357,1.6813330280779812,0.18174061712570913,0.3356602044618192,"swell, inflate, expand"
踆,cūn,2,109,39,41,54,0.6918272714851283,5.807886929286525,10.928664682506879,2.483788434051358,6.041883680312745,squat
胔,zì,2,25,6,17,24,0.6918272714851283,1.3320841580932397,1.6813330280779812,1.029863497045685,2.6852816356945537,rotten meat
蒌,lóu,2,78,15,31,35,0.6918272714851283,4.156102573250908,4.203332570194953,1.877986376965661,3.9160357187212242,Artemisia stelleriana
鷾,yì,2,17,7,7,5,0.6918272714851283,0.9058172275034031,1.9615551994243117,0.424061439959988,0.559433674103032,swallow
筳,tíng,2,26,9,16,19,0.6918272714851283,1.3853675244169694,2.521999542116972,0.9692832913371153,2.1258479615915213,-
蓖,bì,2,3,2,17,5,0.6918272714851283,0.1598500989711888,0.5604443426926604,1.029863497045685,0.559433674103032,"castor-oil plant, Ricinus communis"
瀌,biāo,2,31,6,11,2,0.6918272714851283,1.6517843560356174,1.6813330280779812,0.6663822627942668,0.2237734696412128,plenty
荍,qiáo,2,2,3,2,10,0.6918272714851283,0.10656673264745918,0.8406665140389906,0.12116041141713942,1.118867348206064,buckwheat
稑,lù,2,17,2,15,5,0.6918272714851283,0.9058172275034031,0.5604443426926604,0.9087030856285457,0.559433674103032,rice
喤,huáng,2,37,4,57,5,0.6918272714851283,1.971484553977995,1.1208886853853208,3.4530717253884737,0.559433674103032,ah
轾,zhì,2,39,15,29,22,0.6918272714851283,2.078051286625454,4.203332570194953,1.7568259655485217,2.4615081660533407,low rear portion of cart
拲,gǒng,2,1,2,11,2,0.6918272714851283,0.05328336632372959,0.5604443426926604,0.6663822627942668,0.2237734696412128,-
钮,niǔ,2,37,5,18,25,0.6918272714851283,1.971484553977995,1.4011108567316513,1.0904437027542548,2.7971683705151604,"button, knob"
洚,jiàng,2,39,8,36,13,0.6918272714851283,2.078051286625454,2.2417773707706417,2.1808874055085097,1.4545275526678831,a flood
碱,jiǎn,2,4,2,6,10,0.6918272714851283,0.21313346529491836,0.5604443426926604,0.36348123425141826,1.118867348206064,"alkaline, alkali, lye, salt"
洺,míng,2,17,2,14,13,0.6918272714851283,0.9058172275034031,0.5604443426926604,0.848122879919976,1.4545275526678831,river in Hebei province
症,zhèng,2,6,5,12,14,0.6918272714851283,0.3197001979423776,1.4011108567316513,0.7269624685028365,1.5664142874884897,"disease, illness, ailment"
拷,kǎo,2,4,2,5,5,0.6918272714851283,0.21313346529491836,0.5604443426926604,0.30290102854284856,0.559433674103032,torture and interrogate
匦,guǐ,2,27,3,34,14,0.6918272714851283,1.438650890740699,0.8406665140389906,2.05972699409137,1.5664142874884897,small box
呆,dāi,2,118,33,78,72,0.6918272714851283,6.287437226200092,9.247331654428898,4.725256045268438,8.055844907083662,dull
桕,jiù,2,67,25,77,117,0.6918272714851283,3.569985543689883,7.005554283658255,4.664675839559868,13.09074797401095,tallow tree
尿,niào,2,39,1,1,2,0.6918272714851283,2.078051286625454,0.2802221713463302,0.06058020570856971,0.2237734696412128,urine
渫,xiè,2,37,7,51,25,0.6918272714851283,1.971484553977995,1.9615551994243117,3.0895904911370553,2.7971683705151604,beating of ocean
苢,yǐ,2,10,5,9,1,0.6918272714851283,0.5328336632372959,1.4011108567316513,0.5452218513771274,0.1118867348206064,barley
僇,lù,2,18,1,44,13,0.6918272714851283,0.9591005938271328,0.2802221713463302,2.6655290511770673,1.4545275526678831,humiliate
棫,yù,2,20,9,39,9,0.6918272714851283,1.0656673264745917,2.521999542116972,2.362628022634219,1.0069806133854577,thorny shrub with yellow flowers
蛑,móu,2,25,2,12,5,0.6918272714851283,1.3320841580932397,0.5604443426926604,0.7269624685028365,0.559433674103032,a marine crab
瘆,shèn,2,6,1,5,1,0.6918272714851283,0.3197001979423776,0.2802221713463302,0.30290102854284856,0.1118867348206064,to shiver
咻,xiū,2,70,15,50,44,0.6918272714851283,3.7298356426610715,4.203332570194953,3.0290102854284857,4.923016332106681,shout
肾,shèn,2,109,27,18,25,0.6918272714851283,5.807886929286525,7.5659986263509165,1.0904437027542548,2.7971683705151604,kidneys
籊,tì,2,27,7,27,6,0.6918272714851283,1.438650890740699,1.9615551994243117,1.6356655541313823,0.6713204089236384,long
轪,dài,2,17,1,4,9,0.6918272714851283,0.9058172275034031,0.2802221713463302,0.24232082283427883,1.0069806133854577,a hubcap
矬,cuó,2,7,1,2,23,0.6918272714851283,0.3729835642661072,0.2802221713463302,0.12116041141713942,2.5733949008739474,a dwarf
踧,cù,2,17,11,31,6,0.6918272714851283,0.9058172275034031,3.0824438848096323,1.877986376965661,0.6713204089236384,"level, as a road"
咙,lóng,2,22,5,17,15,0.6918272714851283,1.172234059122051,1.4011108567316513,1.029863497045685,1.6783010223090962,throat
嚱,xì,2,41,6,18,20,0.6918272714851283,2.1846180192729134,1.6813330280779812,1.0904437027542548,2.237734696412128,a shrill noise
鵔,jùn,2,20,2,53,11,0.6918272714851283,1.0656673264745917,0.5604443426926604,3.210750902554195,1.2307540830266703,-
鸸,ér,2,17,7,12,4,0.6918272714851283,0.9058172275034031,1.9615551994243117,0.7269624685028365,0.4475469392824256,swallow
弇,yǎn,2,7,1,143,30,0.6918272714851283,0.3729835642661072,0.2802221713463302,8.662969416325469,3.3566020446181923,"cover over, hide"
狨,róng,2,120,5,19,23,0.6918272714851283,6.39400395884755,1.4011108567316513,1.1510239084628244,2.5733949008739474,monkey with gold-colored hair
蠋,zhú,2,29,2,22,16,0.6918272714851283,1.5452176233881583,0.5604443426926604,1.3327645255885336,1.7901877571297025,caterpillar
皃,mào,2,1,2,8,2,0.6918272714851283,0.05328336632372959,0.5604443426926604,0.48464164566855766,0.2237734696412128,"countenance, appearance"
鍧,hōng,2,35,11,47,18,0.6918272714851283,1.8649178213305357,3.0824438848096323,2.8472696683027765,2.0139612267709155,-
泐,lè,2,62,11,41,64,0.6918272714851283,3.3035687120712347,3.0824438848096323,2.483788434051358,7.16075102851881,to write
抠,kōu,2,145,21,153,35,0.6918272714851283,7.72608811694079,5.884665598272935,9.268771473411165,3.9160357187212242,"raise, lift up"
筴,cè,2,111,10,69,28,0.6918272714851283,5.914453661933985,2.8022217134633025,4.18003419389131,3.1328285749769793,type of grass used in divination
翏,liù,2,6,1,2,8,0.6918272714851283,0.3197001979423776,0.2802221713463302,0.12116041141713942,0.8950938785648512,the sound of the wind
箘,jùn,2,9,5,7,2,0.6918272714851283,0.4795502969135664,1.4011108567316513,0.424061439959988,0.2237734696412128,fine bamboo
汊,chà,2,42,6,28,40,0.6918272714851283,2.237901385596643,1.6813330280779812,1.696245759839952,4.475469392824256,a branching stream
诽,fěi,2,22,3,23,22,0.6918272714851283,1.172234059122051,0.8406665140389906,1.3933447312971035,2.4615081660533407,"slander, vilify, condemn"
簨,sǔn,2,22,3,3,1,0.6918272714851283,1.172234059122051,0.8406665140389906,0.18174061712570913,0.1118867348206064,a beam for hanging bells or drums
薹,tái,2,8,7,11,6,0.6918272714851283,0.4262669305898367,1.9615551994243117,0.6663822627942668,0.6713204089236384,"Cyperus rotundus, nut grass"
癣,xuǎn,2,19,2,9,5,0.6918272714851283,1.0123839601508622,0.5604443426926604,0.5452218513771274,0.559433674103032,ringworms
輠,guǒ,2,27,2,16,23,0.6918272714851283,1.438650890740699,0.5604443426926604,0.9692832913371153,2.5733949008739474,grease pot hung under axle of cart
眚,shěng,2,97,8,32,26,0.6918272714851283,5.1684865334017704,2.2417773707706417,1.9385665826742307,2.9090551053357663,disease of the eyes
殴,ōu,2,8,2,5,9,0.6918272714851283,0.4262669305898367,0.5604443426926604,0.30290102854284856,1.0069806133854577,"beat, fight with fists, hit"
踝,huái,2,27,6,17,28,0.6918272714851283,1.438650890740699,1.6813330280779812,1.029863497045685,3.1328285749769793,ankle
翌,yì,2,25,2,20,10,0.6918272714851283,1.3320841580932397,0.5604443426926604,1.2116041141713942,1.118867348206064,bright
靠,kào,2,217,20,43,99,0.6918272714851283,11.562490492249323,5.604443426926605,2.6049488454684977,11.076786747240034,"lean on, trust, depend on"
窊,wā,2,76,7,13,22,0.6918272714851283,4.049535840603449,1.9615551994243117,0.7875426742114062,2.4615081660533407,"pit, vault"
穾,yào,2,16,1,1,2,0.6918272714851283,0.8525338611796734,0.2802221713463302,0.06058020570856971,0.2237734696412128,-
祺,qí,2,111,4,26,8,0.6918272714851283,5.914453661933985,1.1208886853853208,1.5750853484228124,0.8950938785648512,"good luck, good fortune"
廑,jǐn,2,40,5,75,48,0.6918272714851283,2.1313346529491835,1.4011108567316513,4.543515428142729,5.370563271389107,a hut
矇,méng,2,45,8,35,17,0.6918272714851283,2.3977514845678316,2.2417773707706417,2.1203071997999396,1.9020744919503088,"stupid, ignorant"
紬,chóu,2,228,31,104,22,0.6918272714851283,12.148607521810348,8.686887311736237,6.30034139369125,2.4615081660533407,kind of thin silk
恇,kuāng,2,8,3,7,8,0.6918272714851283,0.4262669305898367,0.8406665140389906,0.424061439959988,0.8950938785648512,fear
哜,jì,2,27,2,7,8,0.6918272714851283,1.438650890740699,0.5604443426926604,0.424061439959988,0.8950938785648512,sip
嫚,mān,2,30,2,35,21,0.6918272714851283,1.5985009897118876,0.5604443426926604,2.1203071997999396,2.3496214312327344,"scorn, despise"
跜,ní,2,3,3,9,12,0.6918272714851283,0.1598500989711888,0.8406665140389906,0.5452218513771274,1.3426408178472768,-
堄,nì,2,16,3,13,13,0.6918272714851283,0.8525338611796734,0.8406665140389906,0.7875426742114062,1.4545275526678831,parapet
餍,yàn,2,204,15,36,105,0.6918272714851283,10.869806730040837,4.203332570194953,2.1808874055085097,11.748107156163673,"be satiated, eat one's full"
轫,rèn,2,124,15,97,24,0.6918272714851283,6.607137424142469,4.203332570194953,5.876279953731261,2.6852816356945537,a block that keeps a wheel from moving
荩,jìn,2,41,6,93,56,0.6918272714851283,2.1846180192729134,1.6813330280779812,5.633959130896983,6.265657149953959,a kind of weed
姞,jí,2,6,2,7,11,0.6918272714851283,0.3197001979423776,0.5604443426926604,0.424061439959988,1.2307540830266703,concubine
鼷,xī,2,38,7,41,10,0.6918272714851283,2.0247679203017244,1.9615551994243117,2.483788434051358,1.118867348206064,a mouse
颟,mān,2,75,4,4,7,0.6918272714851283,3.9962524742797196,1.1208886853853208,0.24232082283427883,0.7832071437442448,dawdling
鞨,hé,2,9,3,31,11,0.6918272714851283,0.4795502969135664,0.8406665140389906,1.877986376965661,1.2307540830266703,tribe
衱,jié,2,8,2,14,19,0.6918272714851283,0.4262669305898367,0.5604443426926604,0.848122879919976,2.1258479615915213,-
鼌,cháo,2,21,8,16,9,0.6918272714851283,1.1189506927983215,2.2417773707706417,0.9692832913371153,1.0069806133854577,-
梼,táo,2,26,4,10,13,0.6918272714851283,1.3853675244169694,1.1208886853853208,0.6058020570856971,1.4545275526678831,block of wood
棰,chuí,2,13,5,17,25,0.6918272714851283,0.6926837622084847,1.4011108567316513,1.029863497045685,2.7971683705151604,"a mallet, bludgeon, pestle"
谹,hóng,2,16,5,2,7,0.6918272714851283,0.8525338611796734,1.4011108567316513,0.12116041141713942,0.7832071437442448,-
佼,jiǎo,2,6,1,6,15,0.6918272714851283,0.3197001979423776,0.2802221713463302,0.36348123425141826,1.6783010223090962,"beautiful, handsome, good-looking"
蕞,zuì,2,66,24,71,48,0.6918272714851283,3.5167021773661533,6.725332112311925,4.30119460530845,5.370563271389107,"little, small, tiny"
呫,tiè,2,31,3,16,9,0.6918272714851283,1.6517843560356174,0.8406665140389906,0.9692832913371153,1.0069806133854577,whisper
蜾,guǒ,2,55,5,34,20,0.6918272714851283,2.9305851478051275,1.4011108567316513,2.05972699409137,2.237734696412128,the solitary wasp
戕,qiāng,2,145,38,152,127,0.6918272714851283,7.72608811694079,10.64844251116055,9.208191267702595,14.209615322217013,"kill, slay"
莛,tíng,2,32,6,17,37,0.6918272714851283,1.705067722359347,1.6813330280779812,1.029863497045685,4.139809188362436,"stalks of grasses, etc."
瘕,jiǎ,2,6,4,9,2,0.6918272714851283,0.3197001979423776,1.1208886853853208,0.5452218513771274,0.2237734696412128,asthma
趵,bào,2,3,6,8,10,0.6918272714851283,0.1598500989711888,1.6813330280779812,0.48464164566855766,1.118867348206064,noise of tramping feet
镔,bīn,2,10,2,8,4,0.6918272714851283,0.5328336632372959,0.5604443426926604,0.48464164566855766,0.4475469392824256,high quality iron
汐,xī,2,90,39,137,203,0.6918272714851283,4.795502969135663,10.928664682506879,8.29948818207405,22.7130071685831,"night tides, evening ebb tide"
剞,jī,2,18,7,13,16,0.6918272714851283,0.9591005938271328,1.9615551994243117,0.7875426742114062,1.7901877571297025,carving or engraving knife
蕝,jué,2,97,14,14,15,0.6918272714851283,5.1684865334017704,3.9231103988486233,0.848122879919976,1.6783010223090962,handful
黴,méi,2,2,1,3,1,0.6918272714851283,0.10656673264745918,0.2802221713463302,0.18174061712570913,0.1118867348206064,"mold, mildew"
圳,zhèn,2,29,1,14,9,0.6918272714851283,1.5452176233881583,0.2802221713463302,0.848122879919976,1.0069806133854577,"furrow in field, small drainage ditch"
壝,wěi,2,35,7,23,7,0.6918272714851283,1.8649178213305357,1.9615551994243117,1.3933447312971035,0.7832071437442448,"a mound, embankment"
鬨,hòng,2,169,10,9,42,0.6918272714851283,9.004888908710301,2.8022217134633025,0.5452218513771274,4.699242862465469,boisterous
酃,líng,2,15,2,14,8,0.6918272714851283,0.7992504948559438,0.5604443426926604,0.848122879919976,0.8950938785648512,a county in Hunan
翀,chōng,2,7,10,52,26,0.6918272714851283,0.3729835642661072,2.8022217134633025,3.150170696845625,2.9090551053357663,fly upward
餫,yùn,2,10,2,1,6,0.6918272714851283,0.5328336632372959,0.5604443426926604,0.06058020570856971,0.6713204089236384,dumpling
鸺,xiū,2,31,15,65,49,0.6918272714851283,1.6517843560356174,4.203332570194953,3.9377133710570313,5.482450006209714,"horned owl, scops chinensis"
畸,jī,2,107,27,99,78,0.6918272714851283,5.701320196639067,7.5659986263509165,5.997440365148401,8.7271653160073,"odd, fractional, remainder, odds"
瑽,cōng,2,15,3,8,41,0.6918272714851283,0.7992504948559438,0.8406665140389906,0.48464164566855766,4.5873561276448624,tinkling of jade pendants
菭,tái,2,6,6,10,95,0.6918272714851283,0.3197001979423776,1.6813330280779812,0.6058020570856971,10.629239807957608,-
暹,xiān,2,24,7,14,25,0.6918272714851283,1.2788007917695103,1.9615551994243117,0.848122879919976,2.7971683705151604,rise
幖,biāo,2,7,3,17,2,0.6918272714851283,0.3729835642661072,0.8406665140389906,1.029863497045685,0.2237734696412128,-
胾,zì,2,53,8,20,12,0.6918272714851283,2.8240184151576684,2.2417773707706417,1.2116041141713942,1.3426408178472768,minced meat
傫,lěi,2,2,1,8,9,0.6918272714851283,0.10656673264745918,0.2802221713463302,0.48464164566855766,1.0069806133854577,"tired, exhausted"
佻,tiāo,2,25,14,40,33,0.6918272714851283,1.3320841580932397,3.9231103988486233,2.4232082283427885,3.6922622490800117,frivolous
韔,chàng,2,15,11,19,4,0.6918272714851283,0.7992504948559438,3.0824438848096323,1.1510239084628244,0.4475469392824256,a wrapper or case for bow
靘,qìng,2,9,2,4,9,0.6918272714851283,0.4795502969135664,0.5604443426926604,0.24232082283427883,1.0069806133854577,-
瀡,suǐ,2,21,1,33,13,0.6918272714851283,1.1189506927983215,0.2802221713463302,1.9991467883828005,1.4545275526678831,"slippery, smooth"
踖,jí,2,15,8,22,2,0.6918272714851283,0.7992504948559438,2.2417773707706417,1.3327645255885336,0.2237734696412128,"trample on, tread on"
矾,fán,2,149,14,44,56,0.6918272714851283,7.939221582235708,3.9231103988486233,2.6655290511770673,6.265657149953959,alum
枑,hù,2,6,1,3,1,0.6918272714851283,0.3197001979423776,0.2802221713463302,0.18174061712570913,0.1118867348206064,"anciently, a wooden fence in front of a yamen"
鎞,bī,2,13,3,21,19,0.6918272714851283,0.6926837622084847,0.8406665140389906,1.272184319879964,2.1258479615915213,plowshare
瀹,yuè,2,336,50,188,117,0.6918272714851283,17.903211084773144,14.01110856731651,11.389078673211106,13.09074797401095,to boil
膑,bìn,2,29,1,9,14,0.6918272714851283,1.5452176233881583,0.2802221713463302,0.5452218513771274,1.5664142874884897,the kneecap
鳗,mán,2,30,11,10,8,0.6918272714851283,1.5985009897118876,3.0824438848096323,0.6058020570856971,0.8950938785648512,eel
焮,xìn,2,27,7,1,4,0.6918272714851283,1.438650890740699,1.9615551994243117,0.06058020570856971,0.4475469392824256,"heat, radiate heat"
虩,xì,2,16,5,36,22,0.6918272714851283,0.8525338611796734,1.4011108567316513,2.1808874055085097,2.4615081660533407,fright
騊,táo,2,2,4,33,4,0.6918272714851283,0.10656673264745918,1.1208886853853208,1.9991467883828005,0.4475469392824256,-
幪,méng,2,81,17,83,39,0.6918272714851283,4.315952672222097,4.7637769128876135,5.028157073811286,4.36358265800365,"cover, shelter, screen"
泅,qiú,2,22,7,14,17,0.6918272714851283,1.172234059122051,1.9615551994243117,0.848122879919976,1.9020744919503088,"swim, float, wade"
搽,chá,2,22,2,5,3,0.6918272714851283,1.172234059122051,0.5604443426926604,0.30290102854284856,0.3356602044618192,smear
珈,jiā,2,45,6,40,20,0.6918272714851283,2.3977514845678316,1.6813330280779812,2.4232082283427885,2.237734696412128,an ornament attached to a woman's hairpin
嚏,tì,2,47,1,13,22,0.6918272714851283,2.504318217215291,0.2802221713463302,0.7875426742114062,2.4615081660533407,sneeze
苯,běn,2,18,2,1,4,0.6918272714851283,0.9591005938271328,0.5604443426926604,0.06058020570856971,0.4475469392824256,benzene
愡,zǒng,2,9,1,2,2,0.6918272714851283,0.4795502969135664,0.2802221713463302,0.12116041141713942,0.2237734696412128,"absent-minded, confused"
鞺,tāng,2,18,1,4,17,0.6918272714851283,0.9591005938271328,0.2802221713463302,0.24232082283427883,1.9020744919503088,the sound of drums
叚,jiǎ,2,4,1,14,3,0.6918272714851283,0.21313346529491836,0.2802221713463302,0.848122879919976,0.3356602044618192,false
盩,zhōu,2,6,2,7,5,0.6918272714851283,0.3197001979423776,0.5604443426926604,0.424061439959988,0.559433674103032,callus
剺,lí,2,10,2,15,14,0.6918272714851283,0.5328336632372959,0.5604443426926604,0.9087030856285457,1.5664142874884897,mark
绉,zhòu,2,83,3,50,119,0.6918272714851283,4.422519404869557,0.8406665140389906,3.0290102854284857,13.314521443652161,"crepe, crape, wrinkles, creases"
幮,chú,2,55,4,11,46,0.6918272714851283,2.9305851478051275,1.1208886853853208,0.6663822627942668,5.146789801747895,a screen used to make a temporary kitchen
纑,lú,2,8,10,24,13,0.6918272714851283,0.4262669305898367,2.8022217134633025,1.453924937005673,1.4545275526678831,to soften hemp by boiling
髬,pī,2,3,1,3,1,0.6918272714851283,0.1598500989711888,0.2802221713463302,0.18174061712570913,0.1118867348206064,-
脝,hēng,2,25,1,5,1,0.6918272714851283,1.3320841580932397,0.2802221713463302,0.30290102854284856,0.1118867348206064,distend
輗,ní,2,9,2,11,2,0.6918272714851283,0.4795502969135664,0.5604443426926604,0.6663822627942668,0.2237734696412128,the cross-bar at the end of a carriage pole
掫,zhōu,2,5,5,2,5,0.6918272714851283,0.26641683161864793,1.4011108567316513,0.12116041141713942,0.559433674103032,be on night watch
澍,shù,2,68,16,81,37,0.6918272714851283,3.6232689100136124,4.483554741541283,4.906996662394147,4.139809188362436,"timely rain, life-giving rain"
怦,pēng,2,27,6,127,65,0.6918272714851283,1.438650890740699,1.6813330280779812,7.6936861249883535,7.272637763339417,"eager, ardent, impulsive"
駼,tú,2,2,4,34,4,0.6918272714851283,0.10656673264745918,1.1208886853853208,2.05972699409137,0.4475469392824256,-
萚,tuò,2,12,2,20,32,0.6918272714851283,0.6394003958847552,0.5604443426926604,1.2116041141713942,3.580375514259405,falling leaves and barks
薋,cí,2,11,1,38,7,0.6918272714851283,0.5861170295610255,0.2802221713463302,2.302047816925649,0.7832071437442448,-
粻,zhāng,2,12,5,11,6,0.6918272714851283,0.6394003958847552,1.4011108567316513,0.6663822627942668,0.6713204089236384,provisions
综,zōng,2,66,13,81,63,0.6918272714851283,3.5167021773661533,3.6428882275022927,4.906996662394147,7.0488642936982036,arrange threads for weaving
泜,zhī,2,12,1,6,7,0.6918272714851283,0.6394003958847552,0.2802221713463302,0.36348123425141826,0.7832071437442448,a river in Hebei province
闑,niè,2,18,1,12,6,0.6918272714851283,0.9591005938271328,0.2802221713463302,0.7269624685028365,0.6713204089236384,the doorsill
鞟,kuò,2,6,6,10,7,0.6918272714851283,0.3197001979423776,1.6813330280779812,0.6058020570856971,0.7832071437442448,skin
槜,zuì,2,37,11,66,18,0.6918272714851283,1.971484553977995,3.0824438848096323,3.998293576765601,2.0139612267709155,wooden rammer or pestle
吷,xuè,2,63,1,24,29,0.6918272714851283,3.3568520783949642,0.2802221713463302,1.453924937005673,3.2447153097975856,a soft sound made by blowing through the mouth
垛,duǒ,2,40,12,11,16,0.6918272714851283,2.1313346529491835,3.3626660561559625,0.6663822627942668,1.7901877571297025,"heap, pile"
蹢,dí,2,12,2,25,6,0.6918272714851283,0.6394003958847552,0.5604443426926604,1.5145051427142429,0.6713204089236384,pig's hoof
龀,chèn,2,54,13,48,30,0.6918272714851283,2.877301781481398,3.6428882275022927,2.907849874011346,3.3566020446181923,lose baby teeth and get adult teeth
恚,huì,2,36,10,25,19,0.6918272714851283,1.9182011876542655,2.8022217134633025,1.5145051427142429,2.1258479615915213,"anger, rage"
淰,niǎn,2,23,20,60,69,0.6918272714851283,1.2255174254457808,5.604443426926605,3.634812342514183,7.720184702621841,fish
伾,pī,2,23,5,31,14,0.6918272714851283,1.2255174254457808,1.4011108567316513,1.877986376965661,1.5664142874884897,mighty
盒,hé,2,7,6,49,107,0.6918272714851283,0.3729835642661072,1.6813330280779812,2.968430079719916,11.971880625804886,small box or case
筈,kuò,2,35,10,13,18,0.6918272714851283,1.8649178213305357,2.8022217134633025,0.7875426742114062,2.0139612267709155,arrow end
瘃,zhú,2,25,4,13,13,0.6918272714851283,1.3320841580932397,1.1208886853853208,0.7875426742114062,1.4545275526678831,sores from cold
抆,wěn,2,67,7,51,10,0.6918272714851283,3.569985543689883,1.9615551994243117,3.0895904911370553,1.118867348206064,"wipe, rub off"
劭,shào,2,69,3,28,20,0.6918272714851283,3.676552276337342,0.8406665140389906,1.696245759839952,2.237734696412128,encourage
咷,táo,2,14,3,20,21,0.6918272714851283,0.7459671285322144,0.8406665140389906,1.2116041141713942,2.3496214312327344,"howl, cry loudly"
镏,liú,2,2,5,9,7,0.6918272714851283,0.10656673264745918,1.4011108567316513,0.5452218513771274,0.7832071437442448,distil
鲑,guī,2,116,12,50,34,0.6918272714851283,6.180870493552633,3.3626660561559625,3.0290102854284857,3.8041489839006175,salmon
呴,xǔ,2,24,3,32,55,0.6918272714851283,1.2788007917695103,0.8406665140389906,1.9385665826742307,6.153770415133352,breathe on
劂,jué,2,22,8,18,19,0.6918272714851283,1.172234059122051,2.2417773707706417,1.0904437027542548,2.1258479615915213,chisel for engraving
谂,shěn,2,77,7,23,28,0.6918272714851283,4.102819206927179,1.9615551994243117,1.3933447312971035,3.1328285749769793,"consult carefully with, counsel"
熛,biāo,2,16,9,18,19,0.6918272714851283,0.8525338611796734,2.521999542116972,1.0904437027542548,2.1258479615915213,blaze
梃,tǐng,2,29,7,17,50,0.6918272714851283,1.5452176233881583,1.9615551994243117,1.029863497045685,5.594336741030321,a club
祏,shí,2,35,8,20,10,0.6918272714851283,1.8649178213305357,2.2417773707706417,1.2116041141713942,1.118867348206064,shrine
塈,jì,2,26,5,8,6,0.6918272714851283,1.3853675244169694,1.4011108567316513,0.48464164566855766,0.6713204089236384,"paint, decorate"
儜,níng,2,1,1,4,7,0.6918272714851283,0.05328336632372959,0.2802221713463302,0.24232082283427883,0.7832071437442448,weak
鲟,xún,2,22,1,15,8,0.6918272714851283,1.172234059122051,0.2802221713463302,0.9087030856285457,0.8950938785648512,sturgeon
蔯,chén,2,2,1,7,3,0.6918272714851283,0.10656673264745918,0.2802221713463302,0.424061439959988,0.3356602044618192,a variety of artemisia
瀵,fèn,2,12,4,19,8,0.6918272714851283,0.6394003958847552,1.1208886853853208,1.1510239084628244,0.8950938785648512,-
蝤,qiú,2,30,2,39,20,0.6918272714851283,1.5985009897118876,0.5604443426926604,2.362628022634219,2.237734696412128,"grub, maggot"
拇,mǔ,2,20,6,20,39,0.6918272714851283,1.0656673264745917,1.6813330280779812,1.2116041141713942,4.36358265800365,thumb
洵,xún,2,40,4,196,136,0.6918272714851283,2.1313346529491835,1.1208886853853208,11.873720318879665,15.21659593560247,"true, real, truly, really"
楦,xuàn,2,47,4,9,12,0.6918272714851283,2.504318217215291,1.1208886853853208,0.5452218513771274,1.3426408178472768,a last for making shoes
撺,cuān,2,27,8,9,2,0.6918272714851283,1.438650890740699,2.2417773707706417,0.5452218513771274,0.2237734696412128,hurry
禼,xiè,2,5,1,1,1,0.6918272714851283,0.26641683161864793,0.2802221713463302,0.06058020570856971,0.1118867348206064,used in personal names
姣,jiāo,2,29,8,69,33,0.6918272714851283,1.5452176233881583,2.2417773707706417,4.18003419389131,3.6922622490800117,"beautiful, handsome, pretty"
膈,gé,2,62,3,63,50,0.6918272714851283,3.3035687120712347,0.8406665140389906,3.816552959639892,5.594336741030321,diaphragm
嗉,sù,2,10,4,24,4,0.6918272714851283,0.5328336632372959,1.1208886853853208,1.453924937005673,0.4475469392824256,bird's crop
禜,yǒng,2,17,1,9,1,0.6918272714851283,0.9058172275034031,0.2802221713463302,0.5452218513771274,0.1118867348206064,sacrifice
汛,xùn,2,84,16,84,42,0.6918272714851283,4.475802771193286,4.483554741541283,5.088737279519856,4.699242862465469,"high water, flood tides"
饾,dòu,2,98,5,28,35,0.6918272714851283,5.2217698997254995,1.4011108567316513,1.696245759839952,3.9160357187212242,food item set out for show only
卺,jǐn,2,12,1,37,12,0.6918272714851283,0.6394003958847552,0.2802221713463302,2.2414676112170793,1.3426408178472768,(nuptial) winecups
欂,bó,2,1,3,6,3,0.6918272714851283,0.05328336632372959,0.8406665140389906,0.36348123425141826,0.3356602044618192,-
齁,hōu,2,197,13,38,13,0.6918272714851283,10.49682316577473,3.6428882275022927,2.302047816925649,1.4545275526678831,snore loudly
犄,jī,2,4,2,21,40,0.6918272714851283,0.21313346529491836,0.5604443426926604,1.272184319879964,4.475469392824256,animal horns
袽,rú,2,15,2,22,6,0.6918272714851283,0.7992504948559438,0.5604443426926604,1.3327645255885336,0.6713204089236384,clothes
舵,duò,2,37,31,150,173,0.6918272714851283,1.971484553977995,8.686887311736237,9.087030856285457,19.356405123964908,"rudder, helm"
盬,gǔ,2,27,5,31,16,0.6918272714851283,1.438650890740699,1.4011108567316513,1.877986376965661,1.7901877571297025,salt pit
辣,là,2,77,14,63,85,0.6918272714851283,4.102819206927179,3.9231103988486233,3.816552959639892,9.510372459751546,"peppery, pungent, hot"
泂,jiǒng,2,15,4,20,4,0.6918272714851283,0.7992504948559438,1.1208886853853208,1.2116041141713942,0.4475469392824256,clear and deep (of water)
俳,pái,2,90,3,55,46,0.6918272714851283,4.795502969135663,0.8406665140389906,3.331911313971334,5.146789801747895,actor
榉,jǔ,2,19,8,11,2,0.6918272714851283,1.0123839601508622,2.2417773707706417,0.6663822627942668,0.2237734696412128,type of elm
谽,hān,2,83,20,53,50,0.6918272714851283,4.422519404869557,5.604443426926605,3.210750902554195,5.594336741030321,a mouth or opening
嵂,lǜ,2,84,25,149,33,0.6918272714851283,4.475802771193286,7.005554283658255,9.026450650576887,3.6922622490800117,lofty
杙,yì,2,38,8,11,14,0.6918272714851283,2.0247679203017244,2.2417773707706417,0.6663822627942668,1.5664142874884897,a tiny wooden post
腯,tú,2,55,16,19,4,0.6918272714851283,2.9305851478051275,4.483554741541283,1.1510239084628244,0.4475469392824256,strong
忾,kài,2,26,11,81,45,0.6918272714851283,1.3853675244169694,3.0824438848096323,4.906996662394147,5.0349030669272885,"anger, wrath, hatred, enmity"
彖,tuàn,2,30,7,17,7,0.6918272714851283,1.5985009897118876,1.9615551994243117,1.029863497045685,0.7832071437442448,a hog
娣,dì,2,26,16,31,37,0.6918272714851283,1.3853675244169694,4.483554741541283,1.877986376965661,4.139809188362436,"younger sister, sister-in-law"
濉,suī,2,37,2,12,4,0.6918272714851283,1.971484553977995,0.5604443426926604,0.7269624685028365,0.4475469392824256,a river in Anui
仳,pǐ,2,18,5,86,27,0.6918272714851283,0.9591005938271328,1.4011108567316513,5.209897690936995,3.0209418401563726,"separate, part company"
跱,zhì,2,5,1,20,10,0.6918272714851283,0.26641683161864793,0.2802221713463302,1.2116041141713942,1.118867348206064,stop
埂,gěng,2,5,2,2,7,0.6918272714851283,0.26641683161864793,0.5604443426926604,0.12116041141713942,0.7832071437442448,ditches for irrigation
蟫,yín,2,49,9,27,111,0.6918272714851283,2.6108849498627498,2.521999542116972,1.6356655541313823,12.419427565087311,silverfish
耇,gǒu,2,23,3,60,44,0.6918272714851283,1.2255174254457808,0.8406665140389906,3.634812342514183,4.923016332106681,wrinkled face of the elderly
癃,lóng,2,61,36,103,25,0.6918272714851283,3.250285345747505,10.087998168467887,6.23976118798268,2.7971683705151604,"weakness, infirmity retention of urine"
躨,kuí,2,5,5,9,11,0.6918272714851283,0.26641683161864793,1.4011108567316513,0.5452218513771274,1.2307540830266703,-
箐,qìng,2,23,7,65,95,0.6918272714851283,1.2255174254457808,1.9615551994243117,3.9377133710570313,10.629239807957608,to draw a bamboo bow or crossbow
簉,zào,2,122,18,105,7,0.6918272714851283,6.50057069149501,5.043999084233944,6.36092159939982,0.7832071437442448,"deputy, subordinate"
杻,chǒu,2,26,16,7,20,0.6918272714851283,1.3853675244169694,4.483554741541283,0.424061439959988,2.237734696412128,"Ligustrum sinense, tree"
杈,chā,2,31,7,7,48,0.6918272714851283,1.6517843560356174,1.9615551994243117,0.424061439959988,5.370563271389107,fork of a tree
襕,lán,2,84,6,42,34,0.6918272714851283,4.475802771193286,1.6813330280779812,2.544368639759928,3.8041489839006175,a one-piece garment
矼,gāng,2,53,31,28,31,0.6918272714851283,2.8240184151576684,8.686887311736237,1.696245759839952,3.4684887794387986,stone bridge
絇,qú,2,74,3,11,5,0.6918272714851283,3.94296910795599,0.8406665140389906,0.6663822627942668,0.559433674103032,-
髧,dàn,2,59,8,19,4,0.6918272714851283,3.143718613100046,2.2417773707706417,1.1510239084628244,0.4475469392824256,long hair
鴐,gē,2,14,32,44,11,0.6918272714851283,0.7459671285322144,8.967109483082567,2.6655290511770673,1.2307540830266703,-
纼,zhèn,2,3,5,1,7,0.6918272714851283,0.1598500989711888,1.4011108567316513,0.06058020570856971,0.7832071437442448,a rope for leading cattle or horse
阽,diàn,2,39,5,24,14,0.6918272714851283,2.078051286625454,1.4011108567316513,1.453924937005673,1.5664142874884897,wall ready to fall
邬,wū,2,17,1,16,1,0.6918272714851283,0.9058172275034031,0.2802221713463302,0.9692832913371153,0.1118867348206064,various place names
蟺,shàn,2,19,7,12,10,0.6918272714851283,1.0123839601508622,1.9615551994243117,0.7269624685028365,1.118867348206064,earthworm
蕾,lěi,2,166,37,98,52,0.6918272714851283,8.845038809739114,10.368220339814217,5.936860159439832,5.818110210671533,"buds, unopened flowers"
埘,shí,2,25,9,17,18,0.6918272714851283,1.3320841580932397,2.521999542116972,1.029863497045685,2.0139612267709155,roost
凘,sī,2,33,4,19,10,0.6918272714851283,1.7583510886830767,1.1208886853853208,1.1510239084628244,1.118867348206064,ice floating in freshly-melted water
忱,chén,2,99,9,94,83,0.6918272714851283,5.2750532660492295,2.521999542116972,5.694539336605553,9.286598990110331,"truth, sincerity"
煅,duàn,2,88,11,23,19,0.6918272714851283,4.688936236488204,3.0824438848096323,1.3933447312971035,2.1258479615915213,forge metal
轕,gé,2,49,6,25,22,0.6918272714851283,2.6108849498627498,1.6813330280779812,1.5145051427142429,2.4615081660533407,great array of spears and chariots
醥,piǎo,2,46,3,13,28,0.6918272714851283,2.4510348508915616,0.8406665140389906,0.7875426742114062,3.1328285749769793,-
啴,chǎn,2,9,4,16,13,0.6918272714851283,0.4795502969135664,1.1208886853853208,0.9692832913371153,1.4545275526678831,pant
鬙,sēng,2,138,20,44,33,0.6918272714851283,7.353104552674684,5.604443426926605,2.6655290511770673,3.6922622490800117,matted hair
馑,jǐn,2,71,18,65,18,0.6918272714851283,3.783119008984801,5.043999084233944,3.9377133710570313,2.0139612267709155,time of famine or crop failure
惣,zǒng,2,2,1,6,1,0.6918272714851283,0.10656673264745918,0.2802221713463302,0.36348123425141826,0.1118867348206064,overall [questionable variant]
砍,kǎn,2,17,4,42,29,0.6918272714851283,0.9058172275034031,1.1208886853853208,2.544368639759928,3.2447153097975856,"hack, chop, cut, fell"
敔,yǔ,2,17,4,22,9,0.6918272714851283,0.9058172275034031,1.1208886853853208,1.3327645255885336,1.0069806133854577,gavel
煽,shān,2,47,16,65,69,0.6918272714851283,2.504318217215291,4.483554741541283,3.9377133710570313,7.720184702621841,"stir up, incite, agitate, provoke"
趑,zī,2,58,15,37,33,0.6918272714851283,3.0904352467763165,4.203332570194953,2.2414676112170793,3.6922622490800117,can't move
阄,jiū,2,22,8,59,24,0.6918272714851283,1.172234059122051,2.2417773707706417,3.5742321368056134,2.6852816356945537,lots (to be drawn)
僩,xiàn,2,18,2,6,1,0.6918272714851283,0.9591005938271328,0.5604443426926604,0.36348123425141826,0.1118867348206064,courageous
箾,shuò,2,17,5,33,5,0.6918272714851283,0.9058172275034031,1.4011108567316513,1.9991467883828005,0.559433674103032,"musical instrument like pan-pipes, bamboo flute"
铠,kǎi,2,50,15,55,45,0.6918272714851283,2.6641683161864793,4.203332570194953,3.331911313971334,5.0349030669272885,"armor, chain mail"
祊,bēng,2,36,1,19,5,0.6918272714851283,1.9182011876542655,0.2802221713463302,1.1510239084628244,0.559433674103032,river in Shāndōng
郜,gào,2,13,2,4,5,0.6918272714851283,0.6926837622084847,0.5604443426926604,0.24232082283427883,0.559433674103032,surname
峞,wéi,2,3,3,10,6,0.6918272714851283,0.1598500989711888,0.8406665140389906,0.6058020570856971,0.6713204089236384,high and uneven
鼟,tēng,2,5,2,3,7,0.6918272714851283,0.26641683161864793,0.5604443426926604,0.18174061712570913,0.7832071437442448,"onomatopoeic, drumming sound"
禧,xǐ,2,163,26,66,12,0.6918272714851283,8.685188710767923,7.285776455004585,3.998293576765601,1.3426408178472768,happiness
焱,yàn,2,20,5,20,8,0.6918272714851283,1.0656673264745917,1.4011108567316513,1.2116041141713942,0.8950938785648512,flames
黉,hóng,2,76,24,142,71,0.6918272714851283,4.049535840603449,6.725332112311925,8.6023892106169,7.943958172263055,school
狃,niǔ,2,29,1,7,33,0.6918272714851283,1.5452176233881583,0.2802221713463302,0.424061439959988,3.6922622490800117,to covet
劼,jié,2,3,1,2,1,0.6918272714851283,0.1598500989711888,0.2802221713463302,0.12116041141713942,0.1118867348206064,"be discreet, prudent, cautious"
膨,péng,2,39,2,3,3,0.6918272714851283,2.078051286625454,0.5604443426926604,0.18174061712570913,0.3356602044618192,to swell
枒,yā,2,35,17,60,86,0.6918272714851283,1.8649178213305357,4.7637769128876135,3.634812342514183,9.62225919457215,the coconut tree
莪,é,2,147,51,364,96,0.6918272714851283,7.83265484958825,14.291330738662841,22.051194877919375,10.741126542778215,artemisia
綟,lì,2,1,2,8,3,0.6918272714851283,0.05328336632372959,0.5604443426926604,0.48464164566855766,0.3356602044618192,-
靷,yǐn,2,11,6,22,20,0.6918272714851283,0.5861170295610255,1.6813330280779812,1.3327645255885336,2.237734696412128,the leather belt that connects a horse with a cart
鳀,tí,2,1,1,7,15,0.6918272714851283,0.05328336632372959,0.2802221713463302,0.424061439959988,1.6783010223090962,anchovy
瞀,mào,2,50,2,28,38,0.6918272714851283,2.6641683161864793,0.5604443426926604,1.696245759839952,4.251695923183043,to look at closely
馗,kuí,2,37,23,14,21,0.6918272714851283,1.971484553977995,6.445109940965595,0.848122879919976,2.3496214312327344,cheekbone
涬,xìng,2,39,22,46,19,0.6918272714851283,2.078051286625454,6.1648877696192645,2.786689462594207,2.1258479615915213,watery expanse
璟,jǐng,2,12,2,21,12,0.6918272714851283,0.6394003958847552,0.5604443426926604,1.272184319879964,1.3426408178472768,luster of gem
黪,cǎn,2,16,4,12,7,0.6918272714851283,0.8525338611796734,1.1208886853853208,0.7269624685028365,0.7832071437442448,grey black
挐,ná,2,80,31,53,35,0.6918272714851283,4.262669305898367,8.686887311736237,3.210750902554195,3.9160357187212242,drag
蒀,yūn,2,2,4,5,1,0.6918272714851283,0.10656673264745918,1.1208886853853208,0.30290102854284856,0.1118867348206064,-
愎,bì,2,16,6,8,6,0.6918272714851283,0.8525338611796734,1.6813330280779812,0.48464164566855766,0.6713204089236384,"obstinate, stubborn, headstrong"
猢,hú,2,29,3,7,10,0.6918272714851283,1.5452176233881583,0.8406665140389906,0.424061439959988,1.118867348206064,a kind of monkey found in western China
怫,fú,2,23,5,22,20,0.6918272714851283,1.2255174254457808,1.4011108567316513,1.3327645255885336,2.237734696412128,"sorry, anxious"
憸,xiān,2,63,7,30,7,0.6918272714851283,3.3568520783949642,1.9615551994243117,1.8174061712570915,0.7832071437442448,to flatter
骜,ào,2,28,10,23,16,0.6918272714851283,1.4919342570644287,2.8022217134633025,1.3933447312971035,1.7901877571297025,"wild horse, mustang"
憝,duì,2,10,2,12,17,0.6918272714851283,0.5328336632372959,0.5604443426926604,0.7269624685028365,1.9020744919503088,"to dislike, to abhor, to hate"
辊,gǔn,2,211,15,4,19,0.6918272714851283,11.242790294306943,4.203332570194953,0.24232082283427883,2.1258479615915213,"turn round, revolve"
怗,tiē,2,19,6,6,1,0.6918272714851283,1.0123839601508622,1.6813330280779812,0.36348123425141826,0.1118867348206064,observant
撕,sī,2,61,2,11,16,0.6918272714851283,3.250285345747505,0.5604443426926604,0.6663822627942668,1.7901877571297025,"rip, tear"
踸,chěn,2,50,3,7,12,0.6918272714851283,2.6641683161864793,0.8406665140389906,0.424061439959988,1.3426408178472768,-
胖,pàng,2,75,4,13,8,0.6918272714851283,3.9962524742797196,1.1208886853853208,0.7875426742114062,0.8950938785648512,"fat, obese"
酗,xù,2,16,13,13,7,0.6918272714851283,0.8525338611796734,3.6428882275022927,0.7875426742114062,0.7832071437442448,"drunk, to become violent under the influence of alcohol"
紊,wěn,2,30,11,11,21,0.6918272714851283,1.5985009897118876,3.0824438848096323,0.6663822627942668,2.3496214312327344,"confused, disorder"
狵,máng,2,2,1,2,3,0.6918272714851283,0.10656673264745918,0.2802221713463302,0.12116041141713942,0.3356602044618192,blend
蹒,pán,2,125,22,55,60,0.6918272714851283,6.660420790466199,6.1648877696192645,3.331911313971334,6.713204089236385,to jump over
馌,yè,2,124,18,103,56,0.6918272714851283,6.607137424142469,5.043999084233944,6.23976118798268,6.265657149953959,carry meal to workers in field
鸹,guā,2,13,4,10,5,0.6918272714851283,0.6926837622084847,1.1208886853853208,0.6058020570856971,0.559433674103032,the crow
噱,jué,2,78,8,55,40,0.6918272714851283,4.156102573250908,2.2417773707706417,3.331911313971334,4.475469392824256,"laugh heartily, laugh aloud"
梐,bì,2,5,1,5,3,0.6918272714851283,0.26641683161864793,0.2802221713463302,0.30290102854284856,0.3356602044618192,fence
檞,jiě,2,3,1,7,5,0.6918272714851283,0.1598500989711888,0.2802221713463302,0.424061439959988,0.559433674103032,a kind of oak
飂,liù,2,24,7,28,17,0.6918272714851283,1.2788007917695103,1.9615551994243117,1.696245759839952,1.9020744919503088,wind in high places
窆,biǎn,2,88,13,11,27,0.6918272714851283,4.688936236488204,3.6428882275022927,0.6663822627942668,3.0209418401563726,to put a coffin in a grave
糒,bèi,2,6,2,9,6,0.6918272714851283,0.3197001979423776,0.5604443426926604,0.5452218513771274,0.6713204089236384,food for a journey
玼,cǐ,2,24,4,8,9,0.6918272714851283,1.2788007917695103,1.1208886853853208,0.48464164566855766,1.0069806133854577,beautiful color of gem
鸨,bǎo,2,14,8,19,11,0.6918272714851283,0.7459671285322144,2.2417773707706417,1.1510239084628244,1.2307540830266703,bustard
滆,gé,2,2,4,4,10,0.6918272714851283,0.10656673264745918,1.1208886853853208,0.24232082283427883,1.118867348206064,a lake in Jiangxu
鲨,shā,2,9,5,13,18,0.6918272714851283,0.4795502969135664,1.4011108567316513,0.7875426742114062,2.0139612267709155,shark
幺,yāo,2,55,10,23,137,0.6918272714851283,2.9305851478051275,2.8022217134633025,1.3933447312971035,15.328482670423076,one
煼,chǎo,2,11,1,3,3,0.6918272714851283,0.5861170295610255,0.2802221713463302,0.18174061712570913,0.3356602044618192,"to fry, sauté"
奰,bì,2,2,7,14,4,0.6918272714851283,0.10656673264745918,1.9615551994243117,0.848122879919976,0.4475469392824256,anger
噩,è,2,52,12,75,94,0.6918272714851283,2.770735048833939,3.3626660561559625,4.543515428142729,10.517353073137002,"bad, ill-omened, unlucky"
轿,jiào,2,113,6,32,32,0.6918272714851283,6.021020394581444,1.6813330280779812,1.9385665826742307,3.580375514259405,"sedan-chair, palanquin"
奡,ào,2,21,1,8,32,0.6918272714851283,1.1189506927983215,0.2802221713463302,0.48464164566855766,3.580375514259405,arrogant
镈,bó,2,34,3,20,18,0.6918272714851283,1.8116344550068062,0.8406665140389906,1.2116041141713942,2.0139612267709155,large bell
虙,fú,2,7,1,3,5,0.6918272714851283,0.3729835642661072,0.2802221713463302,0.18174061712570913,0.559433674103032,-
扛,káng,2,193,24,85,55,0.6918272714851283,10.283689700479812,6.725332112311925,5.149317485228426,6.153770415133352,carry on shoulders
顸,hān,2,82,4,4,1,0.6918272714851283,4.369236038545827,1.1208886853853208,0.24232082283427883,0.1118867348206064,"large face, flat face"
眶,kuàng,2,15,5,39,31,0.6918272714851283,0.7992504948559438,1.4011108567316513,2.362628022634219,3.4684887794387986,eye socket
弑,shì,2,18,2,27,15,0.6918272714851283,0.9591005938271328,0.5604443426926604,1.6356655541313823,1.6783010223090962,to kill one's superior
滦,luán,2,6,193,111,40,0.6918272714851283,0.3197001979423776,54.08287906984174,6.724402833651238,4.475469392824256,river and county in Hebei province
榰,zhī,2,13,5,6,2,0.6918272714851283,0.6926837622084847,1.4011108567316513,0.36348123425141826,0.2237734696412128,-
惔,tán,2,47,7,23,10,0.6918272714851283,2.504318217215291,1.9615551994243117,1.3933447312971035,1.118867348206064,cheerful
茙,róng,2,10,2,10,1,0.6918272714851283,0.5328336632372959,0.5604443426926604,0.6058020570856971,0.1118867348206064,-
痔,zhì,2,32,2,10,3,0.6918272714851283,1.705067722359347,0.5604443426926604,0.6058020570856971,0.3356602044618192,"hemorrhoids, piles"
帤,rú,2,8,1,1,1,0.6918272714851283,0.4262669305898367,0.2802221713463302,0.06058020570856971,0.1118867348206064,-
搂,lǒu,2,32,3,30,3,0.6918272714851283,1.705067722359347,0.8406665140389906,1.8174061712570915,0.3356602044618192,"hug, embrace"
莴,wō,2,11,6,10,1,0.6918272714851283,0.5861170295610255,1.6813330280779812,0.6058020570856971,0.1118867348206064,lettuce
狲,sūn,2,19,1,6,12,0.6918272714851283,1.0123839601508622,0.2802221713463302,0.36348123425141826,1.3426408178472768,monkey
僦,jiù,2,97,33,81,40,0.6918272714851283,5.1684865334017704,9.247331654428898,4.906996662394147,4.475469392824256,to heir
蓺,yì,2,45,6,24,18,0.6918272714851283,2.3977514845678316,1.6813330280779812,1.453924937005673,2.0139612267709155,art
錞,chún,1,4,1,4,4,0.3459136357425642,0.21313346529491836,0.2802221713463302,0.24232082283427883,0.4475469392824256,instrument
礒,yǐ,1,2,2,2,2,0.3459136357425642,0.10656673264745918,0.5604443426926604,0.12116041141713942,0.2237734696412128,-
欬,kài,1,99,12,56,68,0.3459136357425642,5.2750532660492295,3.3626660561559625,3.392491519679904,7.608297967801235,cough
甒,wǔ,1,9,1,3,9,0.3459136357425642,0.4795502969135664,0.2802221713463302,0.18174061712570913,1.0069806133854577,jar
芑,qǐ,1,44,5,51,11,0.3459136357425642,2.344468118244102,1.4011108567316513,3.0895904911370553,1.2307540830266703,white millet
碻,què,1,1,2,2,6,0.3459136357425642,0.05328336632372959,0.5604443426926604,0.12116041141713942,0.6713204089236384,solid
肄,yì,1,48,6,52,63,0.3459136357425642,2.5576015835390207,1.6813330280779812,3.150170696845625,7.0488642936982036,"learn, practice, study"
阼,zuò,1,19,5,16,7,0.3459136357425642,1.0123839601508622,1.4011108567316513,0.9692832913371153,0.7832071437442448,the steps leading to the eastern door
猺,yáo,1,9,28,54,35,0.3459136357425642,0.4795502969135664,7.846220797697247,3.2713311082627645,3.9160357187212242,jackal
憺,dàn,1,60,13,88,57,0.3459136357425642,3.197001979423775,3.6428882275022927,5.331058102354135,6.377543884774565,peace
摺,zhé,1,131,15,85,142,0.3459136357425642,6.980120988408577,4.203332570194953,5.149317485228426,15.88791634452611,"fold, bend"
犗,jiè,1,37,8,10,14,0.3459136357425642,1.971484553977995,2.2417773707706417,0.6058020570856971,1.5664142874884897,castrated bull
拮,jié,1,24,3,61,27,0.3459136357425642,1.2788007917695103,0.8406665140389906,3.6953925482227525,3.0209418401563726,"laboring hard, occupied"
緉,liǎng,1,32,9,11,15,0.3459136357425642,1.705067722359347,2.521999542116972,0.6663822627942668,1.6783010223090962,a pair
渰,yǎn,1,43,8,32,10,0.3459136357425642,2.2911847519203725,2.2417773707706417,1.9385665826742307,1.118867348206064,(of cloud) forming or rising
蝌,kē,1,40,15,98,88,0.3459136357425642,2.1313346529491835,4.203332570194953,5.936860159439832,9.846032664213363,tadpole
簬,lù,1,5,2,6,7,0.3459136357425642,0.26641683161864793,0.5604443426926604,0.36348123425141826,0.7832071437442448,-
脁,tiǎo,1,9,2,17,6,0.3459136357425642,0.4795502969135664,0.5604443426926604,1.029863497045685,0.6713204089236384,to offer flesh in sacrifice
瑿,yī,1,10,2,2,1,0.3459136357425642,0.5328336632372959,0.5604443426926604,0.12116041141713942,0.1118867348206064,a black stone like jade
噂,zǔn,1,16,5,15,19,0.3459136357425642,0.8525338611796734,1.4011108567316513,0.9087030856285457,2.1258479615915213,meet
掴,guāi,1,28,4,4,6,0.3459136357425642,1.4919342570644287,1.1208886853853208,0.24232082283427883,0.6713204089236384,"box one's ears, slap"
侲,zhèn,1,7,3,4,3,0.3459136357425642,0.3729835642661072,0.8406665140389906,0.24232082283427883,0.3356602044618192,-
槩,gài,1,260,57,305,15,0.3459136357425642,13.853675244169693,15.972663766740823,18.476962741113763,1.6783010223090962,"generally, approximately"
氄,rǒng,1,26,4,18,9,0.3459136357425642,1.3853675244169694,1.1208886853853208,1.0904437027542548,1.0069806133854577,down
蝈,guō,1,39,8,21,8,0.3459136357425642,2.078051286625454,2.2417773707706417,1.272184319879964,0.8950938785648512,small green frog
螃,páng,1,39,1,18,9,0.3459136357425642,2.078051286625454,0.2802221713463302,1.0904437027542548,1.0069806133854577,crab
戳,chuō,1,17,3,6,11,0.3459136357425642,0.9058172275034031,0.8406665140389906,0.36348123425141826,1.2307540830266703,"prick, stab"
臄,jué,1,3,1,2,1,0.3459136357425642,0.1598500989711888,0.2802221713463302,0.12116041141713942,0.1118867348206064,palate
駏,jù,1,11,6,12,40,0.3459136357425642,0.5861170295610255,1.6813330280779812,0.7269624685028365,4.475469392824256,offspring of a stallion and a she-mule
甋,dì,1,3,3,13,10,0.3459136357425642,0.1598500989711888,0.8406665140389906,0.7875426742114062,1.118867348206064,a jar without ears
鳝,shàn,1,45,11,32,4,0.3459136357425642,2.3977514845678316,3.0824438848096323,1.9385665826742307,0.4475469392824256,eel
韅,xiǎn,1,4,2,8,1,0.3459136357425642,0.21313346529491836,0.5604443426926604,0.48464164566855766,0.1118867348206064,harness
羵,fén,1,2,3,6,8,0.3459136357425642,0.10656673264745918,0.8406665140389906,0.36348123425141826,0.8950938785648512,spirit
蟨,jué,1,4,2,6,15,0.3459136357425642,0.21313346529491836,0.5604443426926604,0.36348123425141826,1.6783010223090962,the Siberian jerboa
嵎,yú,1,36,12,61,48,0.3459136357425642,1.9182011876542655,3.3626660561559625,3.6953925482227525,5.370563271389107,mountain recess
礰,lì,1,2,1,1,3,0.3459136357425642,0.10656673264745918,0.2802221713463302,0.06058020570856971,0.3356602044618192,-
匌,gé,1,3,2,1,1,0.3459136357425642,0.1598500989711888,0.5604443426926604,0.06058020570856971,0.1118867348206064,-
溔,yǎo,1,4,6,19,9,0.3459136357425642,0.21313346529491836,1.6813330280779812,1.1510239084628244,1.0069806133854577,-
酖,zhèn,1,24,9,26,21,0.3459136357425642,1.2788007917695103,2.521999542116972,1.5750853484228124,2.3496214312327344,wine with bird poison added
濊,huì,1,24,16,49,16,0.3459136357425642,1.2788007917695103,4.483554741541283,2.968430079719916,1.7901877571297025,"vast, expansive, deep"
蚝,háo,1,41,5,35,34,0.3459136357425642,2.1846180192729134,1.4011108567316513,2.1203071997999396,3.8041489839006175,oyster
矐,huò,1,1,2,4,9,0.3459136357425642,0.05328336632372959,0.5604443426926604,0.24232082283427883,1.0069806133854577,-
坨,tuó,1,7,2,5,5,0.3459136357425642,0.3729835642661072,0.5604443426926604,0.30290102854284856,0.559433674103032,"a lump, heap"
綀,shū,1,63,15,10,10,0.3459136357425642,3.3568520783949642,4.203332570194953,0.6058020570856971,1.118867348206064,a kind of sackcloth
礜,yù,1,5,1,1,1,0.3459136357425642,0.26641683161864793,0.2802221713463302,0.06058020570856971,0.1118867348206064,-
邱,qiū,1,496,72,721,731,0.3459136357425642,26.428549696569878,20.175996336935775,43.67832831587876,81.78920315386328,surname
禨,jī,1,20,1,8,7,0.3459136357425642,1.0656673264745917,0.2802221713463302,0.48464164566855766,0.7832071437442448,pray for good fortune
轵,zhǐ,1,7,11,23,18,0.3459136357425642,0.3729835642661072,3.0824438848096323,1.3933447312971035,2.0139612267709155,end of axle
龈,kěn,1,51,7,32,24,0.3459136357425642,2.7174516825102093,1.9615551994243117,1.9385665826742307,2.6852816356945537,gums
愐,miǎn,1,2,1,3,2,0.3459136357425642,0.10656673264745918,0.2802221713463302,0.18174061712570913,0.2237734696412128,bashful
畇,yún,1,10,9,43,30,0.3459136357425642,0.5328336632372959,2.521999542116972,2.6049488454684977,3.3566020446181923,land
皲,jūn,1,38,9,14,22,0.3459136357425642,2.0247679203017244,2.521999542116972,0.848122879919976,2.4615081660533407,"crack, chap"
鲇,nián,1,44,6,18,27,0.3459136357425642,2.344468118244102,1.6813330280779812,1.0904437027542548,3.0209418401563726,"sheatfish, Parasilurus asotus"
蓣,yù,1,17,9,16,19,0.3459136357425642,0.9058172275034031,2.521999542116972,0.9692832913371153,2.1258479615915213,yam
祎,yī,1,19,4,9,6,0.3459136357425642,1.0123839601508622,1.1208886853853208,0.5452218513771274,0.6713204089236384,excellent
剁,duò,1,3,3,4,6,0.3459136357425642,0.1598500989711888,0.8406665140389906,0.24232082283427883,0.6713204089236384,"chop by pounding, mince, hash"
霔,zhù,1,50,4,2,3,0.3459136357425642,2.6641683161864793,1.1208886853853208,0.12116041141713942,0.3356602044618192,-
鎝,dā,1,2,1,6,2,0.3459136357425642,0.10656673264745918,0.2802221713463302,0.36348123425141826,0.2237734696412128,"(TC) technetium (element 43, Tc)"
脽,shuí,1,21,2,1,15,0.3459136357425642,1.1189506927983215,0.5604443426926604,0.06058020570856971,1.6783010223090962,(Cant.) a child's penis
鴥,yù,1,10,3,5,2,0.3459136357425642,0.5328336632372959,0.8406665140389906,0.30290102854284856,0.2237734696412128,swoop
蚿,xián,1,51,5,43,19,0.3459136357425642,2.7174516825102093,1.4011108567316513,2.6049488454684977,2.1258479615915213,millipede
鼾,hān,1,126,9,77,76,0.3459136357425642,6.7137041567899285,2.521999542116972,4.664675839559868,8.503391846366085,snore loudly
尨,máng,1,49,13,27,40,0.3459136357425642,2.6108849498627498,3.6428882275022927,1.6356655541313823,4.475469392824256,shaggy haired dog
盝,lù,1,4,5,10,25,0.3459136357425642,0.21313346529491836,1.4011108567316513,0.6058020570856971,2.7971683705151604,drip
琫,běng,1,3,6,16,2,0.3459136357425642,0.1598500989711888,1.6813330280779812,0.9692832913371153,0.2237734696412128,ornament
蓻,zí,1,8,2,2,2,0.3459136357425642,0.4262669305898367,0.5604443426926604,0.12116041141713942,0.2237734696412128,(Cant.) classifier for hair
嶭,niè,1,29,2,24,11,0.3459136357425642,1.5452176233881583,0.5604443426926604,1.453924937005673,1.2307540830266703,"elevated, lofty"
跫,qióng,1,112,20,66,76,0.3459136357425642,5.967737028257715,5.604443426926605,3.998293576765601,8.503391846366085,sound of footsteps
韧,rèn,1,6,1,10,12,0.3459136357425642,0.3197001979423776,0.2802221713463302,0.6058020570856971,1.3426408178472768,"strong and pliable, resilient"
羑,yǒu,1,23,10,21,1,0.3459136357425642,1.2255174254457808,2.8022217134633025,1.272184319879964,0.1118867348206064,a guide to goodness
扅,yí,1,74,13,53,14,0.3459136357425642,3.94296910795599,3.6428882275022927,3.210750902554195,1.5664142874884897,"gate bar, bolt"
舕,tàn,1,2,3,4,4,0.3459136357425642,0.10656673264745918,0.8406665140389906,0.24232082283427883,0.4475469392824256,to stick out the tongue
擦,cā,1,8,3,10,5,0.3459136357425642,0.4262669305898367,0.8406665140389906,0.6058020570856971,0.559433674103032,"wipe, scrub, rub, scour"
哨,shào,1,56,9,44,24,0.3459136357425642,2.9838685141288575,2.521999542116972,2.6655290511770673,2.6852816356945537,"whistle, blow whistle"
窎,diào,1,8,1,3,9,0.3459136357425642,0.4262669305898367,0.2802221713463302,0.18174061712570913,1.0069806133854577,deep
瀩,duì,1,5,1,1,3,0.3459136357425642,0.26641683161864793,0.2802221713463302,0.06058020570856971,0.3356602044618192,-
驵,zǎng,1,36,7,5,25,0.3459136357425642,1.9182011876542655,1.9615551994243117,0.30290102854284856,2.7971683705151604,"excellent horse, noble steed"
僛,qī,1,74,8,19,17,0.3459136357425642,3.94296910795599,2.2417773707706417,1.1510239084628244,1.9020744919503088,tipsy reel
谡,sù,1,56,33,212,268,0.3459136357425642,2.9838685141288575,9.247331654428898,12.84300361021678,29.985644931922515,rise up
蘙,yì,1,12,1,9,2,0.3459136357425642,0.6394003958847552,0.2802221713463302,0.5452218513771274,0.2237734696412128,-
骴,cī,1,8,2,9,14,0.3459136357425642,0.4262669305898367,0.5604443426926604,0.5452218513771274,1.5664142874884897,a putrid carcase
嘬,chuài,1,65,6,18,20,0.3459136357425642,3.4634188110424233,1.6813330280779812,1.0904437027542548,2.237734696412128,to lap
绖,dié,1,22,6,20,22,0.3459136357425642,1.172234059122051,1.6813330280779812,1.2116041141713942,2.4615081660533407,white hempen cloth worn by mourners
铚,zhì,1,20,3,14,7,0.3459136357425642,1.0656673264745917,0.8406665140389906,0.848122879919976,0.7832071437442448,a sickle
黡,yǎn,1,7,1,4,4,0.3459136357425642,0.3729835642661072,0.2802221713463302,0.24232082283427883,0.4475469392824256,"mole, scar, blemish"
篓,lǒu,1,4,1,10,11,0.3459136357425642,0.21313346529491836,0.2802221713463302,0.6058020570856971,1.2307540830266703,bamboo basket
剟,duō,1,6,2,6,5,0.3459136357425642,0.3197001979423776,0.5604443426926604,0.36348123425141826,0.559433674103032,to prick
馏,liú,1,10,2,4,4,0.3459136357425642,0.5328336632372959,0.5604443426926604,0.24232082283427883,0.4475469392824256,"distill, distillation"
蛹,yǒng,1,38,7,7,25,0.3459136357425642,2.0247679203017244,1.9615551994243117,0.424061439959988,2.7971683705151604,"chrysalis, larva"
妷,zhí,1,1,4,4,1,0.3459136357425642,0.05328336632372959,1.1208886853853208,0.24232082283427883,0.1118867348206064,brother's child
罼,bì,1,5,1,7,3,0.3459136357425642,0.26641683161864793,0.2802221713463302,0.424061439959988,0.3356602044618192,-
糖,táng,1,51,7,39,77,0.3459136357425642,2.7174516825102093,1.9615551994243117,2.362628022634219,8.615278581186693,sugar
漰,pēng,1,11,2,16,20,0.3459136357425642,0.5861170295610255,0.5604443426926604,0.9692832913371153,2.237734696412128,roar
矱,yuē,1,21,6,23,7,0.3459136357425642,1.1189506927983215,1.6813330280779812,1.3933447312971035,0.7832071437442448,"measure, standard, criterion"
僝,chán,1,80,10,29,113,0.3459136357425642,4.262669305898367,2.8022217134633025,1.7568259655485217,12.643201034728524,to revile
焄,xūn,1,34,8,24,5,0.3459136357425642,1.8116344550068062,2.2417773707706417,1.453924937005673,0.559433674103032,rising flames or fumes
柬,jiǎn,1,60,3,70,64,0.3459136357425642,3.197001979423775,0.8406665140389906,4.240614399599879,7.16075102851881,"letter, invitation"
韎,mèi,1,7,2,38,10,0.3459136357425642,0.3729835642661072,0.5604443426926604,2.302047816925649,1.118867348206064,red
悝,kuī,1,6,1,3,2,0.3459136357425642,0.3197001979423776,0.2802221713463302,0.18174061712570913,0.2237734696412128,to laugh at to pity
瀜,róng,1,7,2,26,29,0.3459136357425642,0.3729835642661072,0.5604443426926604,1.5750853484228124,3.2447153097975856,-
娴,xián,1,32,5,38,113,0.3459136357425642,1.705067722359347,1.4011108567316513,2.302047816925649,12.643201034728524,"elegant, refined"
逌,yōu,1,15,3,19,9,0.3459136357425642,0.7992504948559438,0.8406665140389906,1.1510239084628244,1.0069806133854577,please
璊,mén,1,3,11,7,4,0.3459136357425642,0.1598500989711888,3.0824438848096323,0.424061439959988,0.4475469392824256,reddish
覼,luó,1,9,4,13,29,0.3459136357425642,0.4795502969135664,1.1208886853853208,0.7875426742114062,3.2447153097975856,to explain in detail
碯,nǎo,1,8,6,7,1,0.3459136357425642,0.4262669305898367,1.6813330280779812,0.424061439959988,0.1118867348206064,"agate, cornelian"
滀,chù,1,27,2,9,6,0.3459136357425642,1.438650890740699,0.5604443426926604,0.5452218513771274,0.6713204089236384,a body of water
鹾,cuó,1,24,12,46,15,0.3459136357425642,1.2788007917695103,3.3626660561559625,2.786689462594207,1.6783010223090962,salty
璐,lù,1,43,6,9,11,0.3459136357425642,2.2911847519203725,1.6813330280779812,0.5452218513771274,1.2307540830266703,beautiful variety of jade
蛣,qī,1,10,1,8,11,0.3459136357425642,0.5328336632372959,0.2802221713463302,0.48464164566855766,1.2307540830266703,(dung) beetle
舋,xìn,1,9,2,3,1,0.3459136357425642,0.4795502969135664,0.5604443426926604,0.18174061712570913,0.1118867348206064,split
廿,niàn,1,78,53,1028,1285,0.3459136357425642,4.156102573250908,14.851775081355502,62.27645146840967,143.77445424447924,"twenty, twentieth"
斨,qiāng,1,7,5,26,10,0.3459136357425642,0.3729835642661072,1.4011108567316513,1.5750853484228124,1.118867348206064,axe
扩,kuò,1,44,17,71,47,0.3459136357425642,2.344468118244102,4.7637769128876135,4.30119460530845,5.258676536568501,"expand, enlarge, stretch"
觯,zhì,1,28,3,19,13,0.3459136357425642,1.4919342570644287,0.8406665140389906,1.1510239084628244,1.4545275526678831,wine goblet made from horn
趟,tàng,1,1,1,1,3,0.3459136357425642,0.05328336632372959,0.2802221713463302,0.06058020570856971,0.3356602044618192,"time, occasion"
龠,yuè,1,25,7,6,7,0.3459136357425642,1.3320841580932397,1.9615551994243117,0.36348123425141826,0.7832071437442448,flute
駃,jué,1,80,5,18,13,0.3459136357425642,4.262669305898367,1.4011108567316513,1.0904437027542548,1.4545275526678831,gallop
狶,xī,1,23,1,9,4,0.3459136357425642,1.2255174254457808,0.2802221713463302,0.5452218513771274,0.4475469392824256,-
蛜,yī,1,11,2,12,5,0.3459136357425642,0.5861170295610255,0.5604443426926604,0.7269624685028365,0.559433674103032,-
襮,bó,1,24,7,12,13,0.3459136357425642,1.2788007917695103,1.9615551994243117,0.7269624685028365,1.4545275526678831,collar
刌,cǔn,1,1,1,2,7,0.3459136357425642,0.05328336632372959,0.2802221713463302,0.12116041141713942,0.7832071437442448,cut up small
螵,piāo,1,5,1,5,2,0.3459136357425642,0.26641683161864793,0.2802221713463302,0.30290102854284856,0.2237734696412128,a chrysalis
噍,jiào,1,53,6,9,8,0.3459136357425642,2.8240184151576684,1.6813330280779812,0.5452218513771274,0.8950938785648512,chew
洌,liè,1,32,6,52,14,0.3459136357425642,1.705067722359347,1.6813330280779812,3.150170696845625,1.5664142874884897,clear
屝,fèi,1,7,1,2,5,0.3459136357425642,0.3729835642661072,0.2802221713463302,0.12116041141713942,0.559433674103032,straw shoes
榝,shā,1,10,1,5,4,0.3459136357425642,0.5328336632372959,0.2802221713463302,0.30290102854284856,0.4475469392824256,-
軨,líng,1,8,7,12,6,0.3459136357425642,0.4262669305898367,1.9615551994243117,0.7269624685028365,0.6713204089236384,wooden cross-piece on front inside of carriage box
髿,suō,1,45,7,18,16,0.3459136357425642,2.3977514845678316,1.9615551994243117,1.0904437027542548,1.7901877571297025,-
絓,guà,1,28,2,79,27,0.3459136357425642,1.4919342570644287,0.5604443426926604,4.785836250977008,3.0209418401563726,obstructed
佪,huí,1,17,7,31,16,0.3459136357425642,0.9058172275034031,1.9615551994243117,1.877986376965661,1.7901877571297025,hesitate
樕,sù,1,43,17,27,2,0.3459136357425642,2.2911847519203725,4.7637769128876135,1.6356655541313823,0.2237734696412128,shrub
僖,xī,1,54,1,24,8,0.3459136357425642,2.877301781481398,0.2802221713463302,1.453924937005673,0.8950938785648512,"joy, gladness, delight"
隃,shù,1,41,5,44,42,0.3459136357425642,2.1846180192729134,1.4011108567316513,2.6655290511770673,4.699242862465469,to exceed
韣,dú,1,11,1,5,3,0.3459136357425642,0.5861170295610255,0.2802221713463302,0.30290102854284856,0.3356602044618192,bow-bag
琲,bèi,1,90,9,35,45,0.3459136357425642,4.795502969135663,2.521999542116972,2.1203071997999396,5.0349030669272885,necklace
餮,tiè,1,45,6,24,45,0.3459136357425642,2.3977514845678316,1.6813330280779812,1.453924937005673,5.0349030669272885,a legendary animal
洴,píng,1,19,2,23,11,0.3459136357425642,1.0123839601508622,0.5604443426926604,1.3933447312971035,1.2307540830266703,sound
锹,qiāo,1,47,4,16,6,0.3459136357425642,2.504318217215291,1.1208886853853208,0.9692832913371153,0.6713204089236384,shovel
戽,hù,1,53,4,3,16,0.3459136357425642,2.8240184151576684,1.1208886853853208,0.18174061712570913,1.7901877571297025,to bale out water
旺,wàng,1,63,8,28,27,0.3459136357425642,3.3568520783949642,2.2417773707706417,1.696245759839952,3.0209418401563726,prosper
鮹,shāo,1,6,4,13,3,0.3459136357425642,0.3197001979423776,1.1208886853853208,0.7875426742114062,0.3356602044618192,"an octopus, devilfish"
偾,fèn,1,36,10,16,16,0.3459136357425642,1.9182011876542655,2.8022217134633025,0.9692832913371153,1.7901877571297025,"ruin, cause fail"
蓓,bèi,1,140,17,66,28,0.3459136357425642,7.459671285322143,4.7637769128876135,3.998293576765601,3.1328285749769793,bud
痁,shān,1,32,4,15,7,0.3459136357425642,1.705067722359347,1.1208886853853208,0.9087030856285457,0.7832071437442448,chronic malaria
赶,gǎn,1,55,30,19,19,0.3459136357425642,2.9305851478051275,8.406665140389906,1.1510239084628244,2.1258479615915213,"pursue, follow"
缢,yì,1,5,2,6,11,0.3459136357425642,0.26641683161864793,0.5604443426926604,0.36348123425141826,1.2307540830266703,"hang, strangle"
峿,yǔ,1,8,1,4,11,0.3459136357425642,0.4262669305898367,0.2802221713463302,0.24232082283427883,1.2307540830266703,mountain
怔,zhēng,1,14,2,32,5,0.3459136357425642,0.7459671285322144,0.5604443426926604,1.9385665826742307,0.559433674103032,a disease resembling neurosis
滍,zhì,1,18,1,5,4,0.3459136357425642,0.9591005938271328,0.2802221713463302,0.30290102854284856,0.4475469392824256,place in Henan
柈,bàn,1,53,19,43,20,0.3459136357425642,2.8240184151576684,5.324221255580275,2.6049488454684977,2.237734696412128,container
皠,cuǐ,1,2,1,5,7,0.3459136357425642,0.10656673264745918,0.2802221713463302,0.30290102854284856,0.7832071437442448,-
麂,jǐ,1,25,5,7,16,0.3459136357425642,1.3320841580932397,1.4011108567316513,0.424061439959988,1.7901877571297025,"muntjac, barking deer"
榑,fú,1,3,21,46,54,0.3459136357425642,0.1598500989711888,5.884665598272935,2.786689462594207,6.041883680312745,-
犨,chōu,1,1,1,1,3,0.3459136357425642,0.05328336632372959,0.2802221713463302,0.06058020570856971,0.3356602044618192,panting of cow
枮,xiān,1,8,6,17,4,0.3459136357425642,0.4262669305898367,1.6813330280779812,1.029863497045685,0.4475469392824256,-
綮,qǐ,1,43,11,27,9,0.3459136357425642,2.2911847519203725,3.0824438848096323,1.6356655541313823,1.0069806133854577,embroidered banner
拼,pīn,1,152,3,73,182,0.3459136357425642,8.099071681206897,0.8406665140389906,4.422355016725589,20.363385737350363,"join together, link, incorporate"
釂,jiào,1,277,4,35,23,0.3459136357425642,14.759492471673097,1.1208886853853208,2.1203071997999396,2.5733949008739474,drain
曭,tǎng,1,4,1,2,1,0.3459136357425642,0.21313346529491836,0.2802221713463302,0.12116041141713942,0.1118867348206064,overcast day
巀,jié,1,59,17,169,49,0.3459136357425642,3.143718613100046,4.7637769128876135,10.23805476474828,5.482450006209714,-
磁,cí,1,55,14,111,78,0.3459136357425642,2.9305851478051275,3.9231103988486233,6.724402833651238,8.7271653160073,magnetic
阋,xì,1,7,4,23,10,0.3459136357425642,0.3729835642661072,1.1208886853853208,1.3933447312971035,1.118867348206064,"feud, fight, quarrel"
晛,xiàn,1,27,4,9,14,0.3459136357425642,1.438650890740699,1.1208886853853208,0.5452218513771274,1.5664142874884897,sunlight
蔀,bù,1,91,17,101,40,0.3459136357425642,4.848786335459392,4.7637769128876135,6.118600776565541,4.475469392824256,screen
鬔,péng,1,7,2,4,4,0.3459136357425642,0.3729835642661072,0.5604443426926604,0.24232082283427883,0.4475469392824256,-
蔿,wěi,1,51,1,7,7,0.3459136357425642,2.7174516825102093,0.2802221713463302,0.424061439959988,0.7832071437442448,surname
椤,luó,1,4,10,12,14,0.3459136357425642,0.21313346529491836,2.8022217134633025,0.7269624685028365,1.5664142874884897,tree
眹,zhèn,1,21,3,7,2,0.3459136357425642,1.1189506927983215,0.8406665140389906,0.424061439959988,0.2237734696412128,pupil
櫑,léi,1,42,5,18,7,0.3459136357425642,2.237901385596643,1.4011108567316513,1.0904437027542548,0.7832071437442448,-
懂,dǒng,1,32,13,6,24,0.3459136357425642,1.705067722359347,3.6428882275022927,0.36348123425141826,2.6852816356945537,"understand, comprehend"
楔,xiē,1,61,7,53,41,0.3459136357425642,3.250285345747505,1.9615551994243117,3.210750902554195,4.5873561276448624,wedge
珞,luò,1,70,23,51,74,0.3459136357425642,3.7298356426610715,6.445109940965595,3.0895904911370553,8.279618376724873,kind of necklace
蓛,cè,1,6,3,7,4,0.3459136357425642,0.3197001979423776,0.8406665140389906,0.424061439959988,0.4475469392824256,-
矑,lú,1,20,4,14,22,0.3459136357425642,1.0656673264745917,1.1208886853853208,0.848122879919976,2.4615081660533407,the pupil of the eye
棓,bàng,1,5,2,6,9,0.3459136357425642,0.26641683161864793,0.5604443426926604,0.36348123425141826,1.0069806133854577,"hit, strike"
櫩,yán,1,25,14,30,19,0.3459136357425642,1.3320841580932397,3.9231103988486233,1.8174061712570915,2.1258479615915213,-
韺,yīng,1,23,3,9,5,0.3459136357425642,1.2255174254457808,0.8406665140389906,0.5452218513771274,0.559433674103032,music
昶,chǎng,1,12,1,7,7,0.3459136357425642,0.6394003958847552,0.2802221713463302,0.424061439959988,0.7832071437442448,a long day. bright. extended. clear
鬋,jiǎn,1,11,1,12,16,0.3459136357425642,0.5861170295610255,0.2802221713463302,0.7269624685028365,1.7901877571297025,"forelock, bangs"
懡,mǒ,1,44,1,1,1,0.3459136357425642,2.344468118244102,0.2802221713463302,0.06058020570856971,0.1118867348206064,-
眴,xuàn,1,19,4,9,28,0.3459136357425642,1.0123839601508622,1.1208886853853208,0.5452218513771274,3.1328285749769793,dazzled
袗,zhěn,1,19,2,17,4,0.3459136357425642,1.0123839601508622,0.5604443426926604,1.029863497045685,0.4475469392824256,unlined garments
跷,qiāo,1,13,2,6,9,0.3459136357425642,0.6926837622084847,0.5604443426926604,0.36348123425141826,1.0069806133854577,raise one's foot
胏,zǐ,1,4,1,7,2,0.3459136357425642,0.21313346529491836,0.2802221713463302,0.424061439959988,0.2237734696412128,meat
藷,shǔ,1,21,4,2,15,0.3459136357425642,1.1189506927983215,1.1208886853853208,0.12116041141713942,1.6783010223090962,"yam, tuber, potato"
莆,pú,1,158,22,117,17,0.3459136357425642,8.418771879149276,6.1648877696192645,7.087884067902656,1.9020744919503088,a kind of legendary tree
蚑,qí,1,2,1,5,5,0.3459136357425642,0.10656673264745918,0.2802221713463302,0.30290102854284856,0.559433674103032,tip-toe
滫,xiǔ,1,27,6,34,18,0.3459136357425642,1.438650890740699,1.6813330280779812,2.05972699409137,2.0139612267709155,water in which rice has been boiled
桶,tǒng,1,120,8,13,24,0.3459136357425642,6.39400395884755,2.2417773707706417,0.7875426742114062,2.6852816356945537,"pail, bucket, tub"
斌,bīn,1,8,1,23,6,0.3459136357425642,0.4262669305898367,0.2802221713463302,1.3933447312971035,0.6713204089236384,"refined, having both appearance"
钁,jué,1,77,21,29,7,0.3459136357425642,4.102819206927179,5.884665598272935,1.7568259655485217,0.7832071437442448,a mattock
陜,xiá,1,50,4,59,3,0.3459136357425642,2.6641683161864793,1.1208886853853208,3.5742321368056134,0.3356602044618192,narrow
蝛,wēi,1,13,2,15,4,0.3459136357425642,0.6926837622084847,0.5604443426926604,0.9087030856285457,0.4475469392824256,"the sow-bug, wood-louse"
姆,mǔ,1,25,12,37,20,0.3459136357425642,1.3320841580932397,3.3626660561559625,2.2414676112170793,2.237734696412128,child's governess
簜,dàng,1,53,13,16,23,0.3459136357425642,2.8240184151576684,3.6428882275022927,0.9692832913371153,2.5733949008739474,bamboo
碡,dú,1,7,3,2,18,0.3459136357425642,0.3729835642661072,0.8406665140389906,0.12116041141713942,2.0139612267709155,stone roller used to level fields
磝,áo,1,22,4,6,10,0.3459136357425642,1.172234059122051,1.1208886853853208,0.36348123425141826,1.118867348206064,-
鄞,yín,1,173,28,73,12,0.3459136357425642,9.21802237400522,7.846220797697247,4.422355016725589,1.3426408178472768,county in Zhejiang province
诪,zhōu,1,13,2,19,15,0.3459136357425642,0.6926837622084847,0.5604443426926604,1.1510239084628244,1.6783010223090962,"deceive, cheat"
泖,mǎo,1,19,50,179,110,0.3459136357425642,1.0123839601508622,14.01110856731651,10.84385682183398,12.307540830266705,still waters
镠,liú,1,24,5,20,30,0.3459136357425642,1.2788007917695103,1.4011108567316513,1.2116041141713942,3.3566020446181923,pure gold
嫄,yuán,1,8,1,4,2,0.3459136357425642,0.4262669305898367,0.2802221713463302,0.24232082283427883,0.2237734696412128,"an ancient emperor's mother's name, Qiang Yuan, consort to Gu"
餦,zhāng,1,8,3,11,13,0.3459136357425642,0.4262669305898367,0.8406665140389906,0.6663822627942668,1.4545275526678831,"candy, pastry"
谳,yàn,1,29,13,47,15,0.3459136357425642,1.5452176233881583,3.6428882275022927,2.8472696683027765,1.6783010223090962,"to decide, judge"
涞,lái,1,1,2,4,10,0.3459136357425642,0.05328336632372959,0.5604443426926604,0.24232082283427883,1.118867348206064,river in Hebei province
谫,jiǎn,1,24,6,43,7,0.3459136357425642,1.2788007917695103,1.6813330280779812,2.6049488454684977,0.7832071437442448,shallow
鄯,shàn,1,6,2,5,1,0.3459136357425642,0.3197001979423776,0.5604443426926604,0.30290102854284856,0.1118867348206064,district in Gansu during the Tang dynasty
媠,tuǒ,1,10,1,1,12,0.3459136357425642,0.5328336632372959,0.2802221713463302,0.06058020570856971,1.3426408178472768,-
倕,chuí,1,15,3,23,24,0.3459136357425642,0.7992504948559438,0.8406665140389906,1.3933447312971035,2.6852816356945537,-
蔂,léi,1,14,3,18,9,0.3459136357425642,0.7459671285322144,0.8406665140389906,1.0904437027542548,1.0069806133854577,"basket, hod"
芄,wán,1,5,2,18,9,0.3459136357425642,0.26641683161864793,0.5604443426926604,1.0904437027542548,1.0069806133854577,a sedgy plant
蝓,yú,1,3,5,5,5,0.3459136357425642,0.1598500989711888,1.4011108567316513,0.30290102854284856,0.559433674103032,snail
憍,jiāo,1,41,2,8,5,0.3459136357425642,2.1846180192729134,0.5604443426926604,0.48464164566855766,0.559433674103032,"be haughty, proud, arrogant"
禬,guì,1,12,3,2,2,0.3459136357425642,0.6394003958847552,0.8406665140389906,0.12116041141713942,0.2237734696412128,-
煜,yù,1,167,23,247,46,0.3459136357425642,8.898322176062841,6.445109940965595,14.963310810016718,5.146789801747895,"bright, shining, brilliant"
舔,tiǎn,1,2,2,6,1,0.3459136357425642,0.10656673264745918,0.5604443426926604,0.36348123425141826,0.1118867348206064,lick with tongue
臈,là,1,56,17,108,5,0.3459136357425642,2.9838685141288575,4.7637769128876135,6.542662216525529,0.559433674103032,year end sacrifice
埳,kǎn,1,3,1,4,3,0.3459136357425642,0.1598500989711888,0.2802221713463302,0.24232082283427883,0.3356602044618192,"a pit, a hole, a snare, a danger"
瞆,kuì,1,10,6,42,22,0.3459136357425642,0.5328336632372959,1.6813330280779812,2.544368639759928,2.4615081660533407,dim
銙,kuǎ,1,14,2,5,6,0.3459136357425642,0.7459671285322144,0.5604443426926604,0.30290102854284856,0.6713204089236384,-
忲,tài,1,4,2,2,1,0.3459136357425642,0.21313346529491836,0.5604443426926604,0.12116041141713942,0.1118867348206064,extravagant
蜇,zhē,1,6,1,5,2,0.3459136357425642,0.3197001979423776,0.2802221713463302,0.30290102854284856,0.2237734696412128,jellyfish
揵,qián,1,10,5,8,9,0.3459136357425642,0.5328336632372959,1.4011108567316513,0.48464164566855766,1.0069806133854577,carry
缞,cuī,1,20,3,10,11,0.3459136357425642,1.0656673264745917,0.8406665140389906,0.6058020570856971,1.2307540830266703,sackcloth worn on breast during
殣,jìn,1,10,2,5,6,0.3459136357425642,0.5328336632372959,0.5604443426926604,0.30290102854284856,0.6713204089236384,die
舚,tiàn,1,1,2,1,4,0.3459136357425642,0.05328336632372959,0.5604443426926604,0.06058020570856971,0.4475469392824256,to put out the tongue
羚,líng,1,35,3,120,23,0.3459136357425642,1.8649178213305357,0.8406665140389906,7.269624685028366,2.5733949008739474,species of antelope
冁,chǎn,1,36,3,16,21,0.3459136357425642,1.9182011876542655,0.8406665140389906,0.9692832913371153,2.3496214312327344,smile
柤,zhā,1,12,2,6,10,0.3459136357425642,0.6394003958847552,0.5604443426926604,0.36348123425141826,1.118867348206064,hawthorn
疢,chèn,1,73,13,68,33,0.3459136357425642,3.88968574163226,3.6428882275022927,4.11945398818274,3.6922622490800117,"aching of limbs, muscular pains"
豝,bā,1,11,2,5,10,0.3459136357425642,0.5861170295610255,0.5604443426926604,0.30290102854284856,1.118867348206064,sow (female pig)
瀔,gǔ,1,2,1,14,2,0.3459136357425642,0.10656673264745918,0.2802221713463302,0.848122879919976,0.2237734696412128,river name in Henan province
碟,dié,1,5,1,9,9,0.3459136357425642,0.26641683161864793,0.2802221713463302,0.5452218513771274,1.0069806133854577,"small dish, plate"
榄,lǎn,1,86,35,75,17,0.3459136357425642,4.582369503840745,9.807775997121558,4.543515428142729,1.9020744919503088,olive
澴,huán,1,3,1,5,9,0.3459136357425642,0.1598500989711888,0.2802221713463302,0.30290102854284856,1.0069806133854577,river in Hubei province
宄,guǐ,1,31,14,17,26,0.3459136357425642,1.6517843560356174,3.9231103988486233,1.029863497045685,2.9090551053357663,a traitor
谞,xū,1,14,2,7,8,0.3459136357425642,0.7459671285322144,0.5604443426926604,0.424061439959988,0.8950938785648512,knowledge
罐,guàn,1,12,9,33,13,0.3459136357425642,0.6394003958847552,2.521999542116972,1.9991467883828005,1.4545275526678831,"jar, jug, pitcher, pot"
哤,máng,1,16,7,9,11,0.3459136357425642,0.8525338611796734,1.9615551994243117,0.5452218513771274,1.2307540830266703,jargon
姤,gòu,1,30,7,24,10,0.3459136357425642,1.5985009897118876,1.9615551994243117,1.453924937005673,1.118867348206064,mate
膰,fán,1,40,10,21,5,0.3459136357425642,2.1313346529491835,2.8022217134633025,1.272184319879964,0.559433674103032,to cook meat for a sacrifice or offering
滏,fǔ,1,8,4,26,16,0.3459136357425642,0.4262669305898367,1.1208886853853208,1.5750853484228124,1.7901877571297025,river in Hebei
咦,yí,1,74,1,1,3,0.3459136357425642,3.94296910795599,0.2802221713463302,0.06058020570856971,0.3356602044618192,exclamation of surprise
鲰,zōu,1,54,17,42,89,0.3459136357425642,2.877301781481398,4.7637769128876135,2.544368639759928,9.957919399033969,small fish
鼛,gāo,1,23,4,10,14,0.3459136357425642,1.2255174254457808,1.1208886853853208,0.6058020570856971,1.5664142874884897,drum
罦,fú,1,15,4,14,13,0.3459136357425642,0.7992504948559438,1.1208886853853208,0.848122879919976,1.4545275526678831,net
礌,léi,1,10,8,11,42,0.3459136357425642,0.5328336632372959,2.2417773707706417,0.6663822627942668,4.699242862465469,roll a stone downhill
廋,sōu,1,34,1,12,24,0.3459136357425642,1.8116344550068062,0.2802221713463302,0.7269624685028365,2.6852816356945537,"conceal, hide"
喊,hǎn,1,33,5,5,13,0.3459136357425642,1.7583510886830767,1.4011108567316513,0.30290102854284856,1.4545275526678831,"shout, call out, yell"
捡,jiǎn,1,39,8,52,28,0.3459136357425642,2.078051286625454,2.2417773707706417,3.150170696845625,3.1328285749769793,to pick up
咈,fú,1,30,1,31,9,0.3459136357425642,1.5985009897118876,0.2802221713463302,1.877986376965661,1.0069806133854577,oppose
嘑,hū,1,11,2,9,11,0.3459136357425642,0.5861170295610255,0.5604443426926604,0.5452218513771274,1.2307540830266703,to menace
芿,rèng,1,12,1,1,2,0.3459136357425642,0.6394003958847552,0.2802221713463302,0.06058020570856971,0.2237734696412128,grass which has been cut and regrown
磾,dī,1,9,6,9,8,0.3459136357425642,0.4795502969135664,1.6813330280779812,0.5452218513771274,0.8950938785648512,dyestuff (black-colored mineral)
竣,jùn,1,34,9,34,16,0.3459136357425642,1.8116344550068062,2.521999542116972,2.05972699409137,1.7901877571297025,"terminate, end, finish"
滃,wēng,1,79,28,68,54,0.3459136357425642,4.209385939574638,7.846220797697247,4.11945398818274,6.041883680312745,"swelling, rising, dispersing"
浟,yóu,1,10,9,35,4,0.3459136357425642,0.5328336632372959,2.521999542116972,2.1203071997999396,0.4475469392824256,-
烱,jiǒng,1,265,34,218,8,0.3459136357425642,14.120092075788342,9.527553825775227,13.206484844468196,0.8950938785648512,"bright, brilliant, clear"
窬,yú,1,49,6,13,5,0.3459136357425642,2.6108849498627498,1.6813330280779812,0.7875426742114062,0.559433674103032,a small door or window
躐,liè,1,59,7,21,14,0.3459136357425642,3.143718613100046,1.9615551994243117,1.272184319879964,1.5664142874884897,to stride over
蜑,dàn,1,103,18,36,70,0.3459136357425642,5.488186731344149,5.043999084233944,2.1808874055085097,7.8320714374424485,egg
疃,tuǎn,1,42,25,53,13,0.3459136357425642,2.237901385596643,7.005554283658255,3.210750902554195,1.4545275526678831,hamlet
轇,jiāo,1,34,4,28,24,0.3459136357425642,1.8116344550068062,1.1208886853853208,1.696245759839952,2.6852816356945537,"complicated, confused"
绒,róng,1,19,31,91,135,0.3459136357425642,1.0123839601508622,8.686887311736237,5.512798719479844,15.104709200781866,"silk, cotton, or woolen fabric"
馒,mán,1,36,2,10,9,0.3459136357425642,1.9182011876542655,0.5604443426926604,0.6058020570856971,1.0069806133854577,steamed bread
篯,jiān,1,30,12,60,39,0.3459136357425642,1.5985009897118876,3.3626660561559625,3.634812342514183,4.36358265800365,surname
蔘,shēn,1,11,2,26,17,0.3459136357425642,0.5861170295610255,0.5604443426926604,1.5750853484228124,1.9020744919503088,ginseng
壸,kǔn,1,60,7,61,27,0.3459136357425642,3.197001979423775,1.9615551994243117,3.6953925482227525,3.0209418401563726,palace corridor or passageway
硪,wò,1,2,1,2,6,0.3459136357425642,0.10656673264745918,0.2802221713463302,0.12116041141713942,0.6713204089236384,a tool for making rammed earth
憁,còng,1,18,1,1,3,0.3459136357425642,0.9591005938271328,0.2802221713463302,0.06058020570856971,0.3356602044618192,-
呰,zǐ,1,3,3,3,4,0.3459136357425642,0.1598500989711888,0.8406665140389906,0.18174061712570913,0.4475469392824256,"to slander, revile"
诂,gǔ,1,49,8,20,48,0.3459136357425642,2.6108849498627498,2.2417773707706417,1.2116041141713942,5.370563271389107,"exegesis, explanation"
澼,pì,1,28,6,27,11,0.3459136357425642,1.4919342570644287,1.6813330280779812,1.6356655541313823,1.2307540830266703,bleach
臡,ní,1,5,1,14,7,0.3459136357425642,0.26641683161864793,0.2802221713463302,0.848122879919976,0.7832071437442448,-
鞫,jū,1,12,3,2,11,0.3459136357425642,0.6394003958847552,0.8406665140389906,0.12116041141713942,1.2307540830266703,"interrogate, question"
耔,zǐ,1,83,18,42,38,0.3459136357425642,4.422519404869557,5.043999084233944,2.544368639759928,4.251695923183043,to hoe up the earth around plants
汕,shàn,1,10,5,17,14,0.3459136357425642,0.5328336632372959,1.4011108567316513,1.029863497045685,1.5664142874884897,basket for catching fish
桫,suō,1,3,10,11,13,0.3459136357425642,0.1598500989711888,2.8022217134633025,0.6663822627942668,1.4545275526678831,horse chestnut
稏,yà,1,169,28,56,30,0.3459136357425642,9.004888908710301,7.846220797697247,3.392491519679904,3.3566020446181923,a kind of rice plant
薶,mái,1,22,8,17,55,0.3459136357425642,1.172234059122051,2.2417773707706417,1.029863497045685,6.153770415133352,"to bury, to stop up"
猵,biān,1,8,2,2,6,0.3459136357425642,0.4262669305898367,0.5604443426926604,0.12116041141713942,0.6713204089236384,-
憃,chōng,1,21,4,4,9,0.3459136357425642,1.1189506927983215,1.1208886853853208,0.24232082283427883,1.0069806133854577,"foolish, stupid, dull, silly"
咢,è,1,4,4,1,4,0.3459136357425642,0.21313346529491836,1.1208886853853208,0.06058020570856971,0.4475469392824256,sound
蒟,jǔ,1,12,2,20,31,0.3459136357425642,0.6394003958847552,0.5604443426926604,1.2116041141713942,3.4684887794387986,betel pepper
噣,zhòu,1,6,3,7,14,0.3459136357425642,0.3197001979423776,0.8406665140389906,0.424061439959988,1.5664142874884897,a beak
珓,jiào,1,31,3,7,9,0.3459136357425642,1.6517843560356174,0.8406665140389906,0.424061439959988,1.0069806133854577,two hemispherical objects used in divination
莨,làng,1,11,4,11,5,0.3459136357425642,0.5861170295610255,1.1208886853853208,0.6663822627942668,0.559433674103032,"herb, Scopolia japonica"
衄,nǜ,1,38,8,11,25,0.3459136357425642,2.0247679203017244,2.2417773707706417,0.6663822627942668,2.7971683705151604,"epistaxis, nosebleed"
诼,zhuó,1,6,2,27,78,0.3459136357425642,0.3197001979423776,0.5604443426926604,1.6356655541313823,8.7271653160073,slander
懜,měng,1,1,1,3,2,0.3459136357425642,0.05328336632372959,0.2802221713463302,0.18174061712570913,0.2237734696412128,"dull, stupid, doltish"
浈,zhēn,1,5,1,108,24,0.3459136357425642,0.26641683161864793,0.2802221713463302,6.542662216525529,2.6852816356945537,river in Guangdong province
餭,huáng,1,7,3,9,13,0.3459136357425642,0.3729835642661072,0.8406665140389906,0.5452218513771274,1.4545275526678831,dried sweetmeat
亶,dǎn,1,48,9,46,16,0.3459136357425642,2.5576015835390207,2.521999542116972,2.786689462594207,1.7901877571297025,sincere
咡,èr,1,1,1,5,3,0.3459136357425642,0.05328336632372959,0.2802221713463302,0.30290102854284856,0.3356602044618192,side of mouth
弨,chāo,1,35,2,6,8,0.3459136357425642,1.8649178213305357,0.5604443426926604,0.36348123425141826,0.8950938785648512,bow
忼,kāng,1,16,7,47,11,0.3459136357425642,0.8525338611796734,1.9615551994243117,2.8472696683027765,1.2307540830266703,ardent
澉,gǎn,1,5,1,5,10,0.3459136357425642,0.26641683161864793,0.2802221713463302,0.30290102854284856,1.118867348206064,to wash name of a place
婐,wǒ,1,2,2,1,2,0.3459136357425642,0.10656673264745918,0.5604443426926604,0.06058020570856971,0.2237734696412128,maid
吰,hóng,1,4,2,19,21,0.3459136357425642,0.21313346529491836,0.5604443426926604,1.1510239084628244,2.3496214312327344,clang
锈,xiù,1,14,9,20,35,0.3459136357425642,0.7459671285322144,2.521999542116972,1.2116041141713942,3.9160357187212242,"rust, corrode"
髋,kuān,1,12,3,7,4,0.3459136357425642,0.6394003958847552,0.8406665140389906,0.424061439959988,0.4475469392824256,hipbone
齯,ní,1,26,1,13,2,0.3459136357425642,1.3853675244169694,0.2802221713463302,0.7875426742114062,0.2237734696412128,teeth grown in old age
鸃,yí,1,19,2,43,8,0.3459136357425642,1.0123839601508622,0.5604443426926604,2.6049488454684977,0.8950938785648512,-
渣,zhā,1,5,2,42,34,0.3459136357425642,0.26641683161864793,0.5604443426926604,2.544368639759928,3.8041489839006175,"refuse, dregs, lees, sediment"
嬿,yàn,1,8,6,71,8,0.3459136357425642,0.4262669305898367,1.6813330280779812,4.30119460530845,0.8950938785648512,lovely
碜,chěn,1,9,4,1,3,0.3459136357425642,0.4795502969135664,1.1208886853853208,0.06058020570856971,0.3356602044618192,gritty
鞑,dá,1,31,1,10,1,0.3459136357425642,1.6517843560356174,0.2802221713463302,0.6058020570856971,0.1118867348206064,the Tatars
扊,yǎn,1,74,13,49,16,0.3459136357425642,3.94296910795599,3.6428882275022927,2.968430079719916,1.7901877571297025,upright bar for fastening door
迒,háng,1,10,3,2,3,0.3459136357425642,0.5328336632372959,0.8406665140389906,0.12116041141713942,0.3356602044618192,footprints of passing animals
餤,tán,1,5,18,8,4,0.3459136357425642,0.26641683161864793,5.043999084233944,0.48464164566855766,0.4475469392824256,incite
篿,tuán,1,12,6,11,8,0.3459136357425642,0.6394003958847552,1.6813330280779812,0.6663822627942668,0.8950938785648512,-
篂,xīng,1,16,1,4,1,0.3459136357425642,0.8525338611796734,0.2802221713463302,0.24232082283427883,0.1118867348206064,-
弸,péng,1,8,2,14,5,0.3459136357425642,0.4262669305898367,0.5604443426926604,0.848122879919976,0.559433674103032,a bow stretched to the full
泔,gān,1,10,3,15,5,0.3459136357425642,0.5328336632372959,0.8406665140389906,0.9087030856285457,0.559433674103032,"water from washing rice to boil thick, as gruel"
芫,yán,1,5,1,2,2,0.3459136357425642,0.26641683161864793,0.2802221713463302,0.12116041141713942,0.2237734696412128,Daphne genkwa
裼,tì,1,29,5,37,20,0.3459136357425642,1.5452176233881583,1.4011108567316513,2.2414676112170793,2.237734696412128,to take off one's top
朘,zuī,1,14,11,27,22,0.3459136357425642,0.7459671285322144,3.0824438848096323,1.6356655541313823,2.4615081660533407,"wane, reduce, contract"
闶,kāng,1,5,1,2,3,0.3459136357425642,0.26641683161864793,0.2802221713463302,0.12116041141713942,0.3356602044618192,door
媕,ān,1,19,5,14,32,0.3459136357425642,1.0123839601508622,1.4011108567316513,0.848122879919976,3.580375514259405,undecided
娵,jū,1,23,4,19,11,0.3459136357425642,1.2255174254457808,1.1208886853853208,1.1510239084628244,1.2307540830266703,star
型,xíng,1,208,22,133,199,0.3459136357425642,11.082940195335755,6.1648877696192645,8.057167359239772,22.265460229300675,"pattern, model, type"
彍,guō,1,14,6,9,7,0.3459136357425642,0.7459671285322144,1.6813330280779812,0.5452218513771274,0.7832071437442448,to draw a bow to the full
葐,pén,1,1,4,2,1,0.3459136357425642,0.05328336632372959,1.1208886853853208,0.12116041141713942,0.1118867348206064,-
趿,tā,1,7,3,14,15,0.3459136357425642,0.3729835642661072,0.8406665140389906,0.848122879919976,1.6783010223090962,to tread on
赝,yàn,1,99,10,53,71,0.3459136357425642,5.2750532660492295,2.8022217134633025,3.210750902554195,7.943958172263055,false
箳,píng,1,17,1,4,1,0.3459136357425642,0.9058172275034031,0.2802221713463302,0.24232082283427883,0.1118867348206064,bamboo mat used to protect carriage passengers from dust (vulgar form)
獝,xù,1,11,7,15,3,0.3459136357425642,0.5861170295610255,1.9615551994243117,0.9087030856285457,0.3356602044618192,devil
谚,yàn,1,54,6,33,34,0.3459136357425642,2.877301781481398,1.6813330280779812,1.9991467883828005,3.8041489839006175,"proverb, maxim"
鴽,rú,1,8,4,11,2,0.3459136357425642,0.4262669305898367,1.1208886853853208,0.6663822627942668,0.2237734696412128,a species of bird resembling quail
匊,jū,1,24,5,13,21,0.3459136357425642,1.2788007917695103,1.4011108567316513,0.7875426742114062,2.3496214312327344,handful
鸴,xué,1,15,3,43,20,0.3459136357425642,0.7992504948559438,0.8406665140389906,2.6049488454684977,2.237734696412128,"oriental bullfinch, weaver bird"
郓,yùn,1,26,3,19,11,0.3459136357425642,1.3853675244169694,0.8406665140389906,1.1510239084628244,1.2307540830266703,surname
薯,shǔ,1,9,7,23,54,0.3459136357425642,0.4795502969135664,1.9615551994243117,1.3933447312971035,6.041883680312745,"yam, tuber, potato"
枵,xiāo,1,225,11,95,79,0.3459136357425642,11.988757422839159,3.0824438848096323,5.755119542314122,8.839052050827906,hollow stump of a tree
溲,sōu,1,42,7,25,28,0.3459136357425642,2.237901385596643,1.9615551994243117,1.5145051427142429,3.1328285749769793,urinate
樏,lěi,1,5,1,1,8,0.3459136357425642,0.26641683161864793,0.2802221713463302,0.06058020570856971,0.8950938785648512,sedan
罿,chōng,1,6,3,11,12,0.3459136357425642,0.3197001979423776,0.8406665140389906,0.6663822627942668,1.3426408178472768,net catch birds
聂,niè,1,24,11,39,36,0.3459136357425642,1.2788007917695103,3.0824438848096323,2.362628022634219,4.027922453541831,whisper
疱,pào,1,4,1,1,15,0.3459136357425642,0.21313346529491836,0.2802221713463302,0.06058020570856971,1.6783010223090962,acne
柅,nǐ,1,90,2,8,5,0.3459136357425642,4.795502969135663,0.5604443426926604,0.48464164566855766,0.559433674103032,flourish
某,mǒu,1,175,54,109,183,0.3459136357425642,9.32458910665268,15.131997252701833,6.603242422234098,20.47527247217097,certain thing or person
踢,tī,1,126,13,19,23,0.3459136357425642,6.7137041567899285,3.6428882275022927,1.1510239084628244,2.5733949008739474,kick
眵,chī,1,142,24,22,16,0.3459136357425642,7.566238017969602,6.725332112311925,1.3327645255885336,1.7901877571297025,eyes diseased and dim
谺,xiā,1,87,20,59,53,0.3459136357425642,4.635652870164474,5.604443426926605,3.5742321368056134,5.929996945492139,the mouth of a valley
诖,guà,1,13,3,7,1,0.3459136357425642,0.6926837622084847,0.8406665140389906,0.424061439959988,0.1118867348206064,"error, mistake"
颧,quán,1,42,10,24,12,0.3459136357425642,2.237901385596643,2.8022217134633025,1.453924937005673,1.3426408178472768,cheek bones
枅,jī,1,19,5,5,1,0.3459136357425642,1.0123839601508622,1.4011108567316513,0.30290102854284856,0.1118867348206064,-
獧,juàn,1,8,2,4,3,0.3459136357425642,0.4262669305898367,0.5604443426926604,0.24232082283427883,0.3356602044618192,rash
瘝,guān,1,36,10,42,32,0.3459136357425642,1.9182011876542655,2.8022217134633025,2.544368639759928,3.580375514259405,illness
頫,fǔ,1,32,15,128,29,0.3459136357425642,1.705067722359347,4.203332570194953,7.754266330696923,3.2447153097975856,bow
狌,shēng,1,10,3,5,12,0.3459136357425642,0.5328336632372959,0.8406665140389906,0.30290102854284856,1.3426408178472768,livestock
儳,chán,1,7,6,4,12,0.3459136357425642,0.3729835642661072,1.6813330280779812,0.24232082283427883,1.3426408178472768,obstinate
磳,zēng,1,5,4,5,4,0.3459136357425642,0.26641683161864793,1.1208886853853208,0.30290102854284856,0.4475469392824256,-
薍,wàn,1,10,2,3,6,0.3459136357425642,0.5328336632372959,0.5604443426926604,0.18174061712570913,0.6713204089236384,-
稆,lǚ,1,13,4,3,5,0.3459136357425642,0.6926837622084847,1.1208886853853208,0.18174061712570913,0.559433674103032,wild grain
俏,qiào,1,23,26,16,57,0.3459136357425642,1.2255174254457808,7.285776455004585,0.9692832913371153,6.377543884774565,"like, similar"
柷,chù,1,12,2,11,4,0.3459136357425642,0.6394003958847552,0.5604443426926604,0.6663822627942668,0.4475469392824256,instrument
熹,xī,1,76,24,138,74,0.3459136357425642,4.049535840603449,6.725332112311925,8.36006838778262,8.279618376724873,"dim light, glimmer"
顑,kǎn,1,3,2,10,13,0.3459136357425642,0.1598500989711888,0.5604443426926604,0.6058020570856971,1.4545275526678831,yellow
虡,jù,1,25,3,9,22,0.3459136357425642,1.3320841580932397,0.8406665140389906,0.5452218513771274,2.4615081660533407,support structure for bell
呢,ne,1,88,15,83,197,0.3459136357425642,4.688936236488204,4.203332570194953,5.028157073811286,22.04168675965946,interrogative or emphatic final
淖,nào,1,144,12,85,57,0.3459136357425642,7.672804750617062,3.3626660561559625,5.149317485228426,6.377543884774565,slush
酾,shāi,1,188,57,142,77,0.3459136357425642,10.017272868861165,15.972663766740823,8.6023892106169,8.615278581186693,strain
锣,luó,1,27,9,27,39,0.3459136357425642,1.438650890740699,2.521999542116972,1.6356655541313823,4.36358265800365,gong
蓱,píng,1,12,7,3,5,0.3459136357425642,0.6394003958847552,1.9615551994243117,0.18174061712570913,0.559433674103032,-
椮,sēn,1,36,2,18,11,0.3459136357425642,1.9182011876542655,0.5604443426926604,1.0904437027542548,1.2307540830266703,leafless
蚪,dǒu,1,40,18,88,63,0.3459136357425642,2.1313346529491835,5.043999084233944,5.331058102354135,7.0488642936982036,tadpole
昱,yù,1,24,11,10,7,0.3459136357425642,1.2788007917695103,3.0824438848096323,0.6058020570856971,0.7832071437442448,"bright light, sunlight"
摏,chōng,1,8,1,3,4,0.3459136357425642,0.4262669305898367,0.2802221713463302,0.18174061712570913,0.4475469392824256,pound
诒,yí,1,99,5,123,54,0.3459136357425642,5.2750532660492295,1.4011108567316513,7.451365302154074,6.041883680312745,"bequeath, pass on to future generations"
纕,rǎng,1,16,9,30,20,0.3459136357425642,0.8525338611796734,2.521999542116972,1.8174061712570915,2.237734696412128,belt
猳,jiā,1,7,1,6,2,0.3459136357425642,0.3729835642661072,0.2802221713463302,0.36348123425141826,0.2237734696412128,-
忺,xiān,1,179,20,20,55,0.3459136357425642,9.537722571947597,5.604443426926605,1.2116041141713942,6.153770415133352,happy
琭,lù,1,10,2,9,1,0.3459136357425642,0.5328336632372959,0.5604443426926604,0.5452218513771274,0.1118867348206064,jade like stone
蕡,fén,1,98,14,66,49,0.3459136357425642,5.2217698997254995,3.9231103988486233,3.998293576765601,5.482450006209714,"luxurious, abundant"
豭,jiā,1,17,5,4,5,0.3459136357425642,0.9058172275034031,1.4011108567316513,0.24232082283427883,0.559433674103032,"boar, male pig"
嬛,huán,1,22,4,22,76,0.3459136357425642,1.172234059122051,1.1208886853853208,1.3327645255885336,8.503391846366085,"apt, clever"
仑,lún,1,43,89,168,233,0.3459136357425642,2.2911847519203725,24.93977324982339,10.177474559039712,26.069609213201293,"logical reasons, logical order"
癞,lài,1,37,7,12,6,0.3459136357425642,1.971484553977995,1.9615551994243117,0.7269624685028365,0.6713204089236384,"leprosy, scabies, mange"
淜,píng,1,3,2,25,14,0.3459136357425642,0.1598500989711888,0.5604443426926604,1.5145051427142429,1.5664142874884897,roar of dashing waves
槥,huì,1,2,3,9,8,0.3459136357425642,0.10656673264745918,0.8406665140389906,0.5452218513771274,0.8950938785648512,coffin
橄,gǎn,1,73,10,33,10,0.3459136357425642,3.88968574163226,2.8022217134633025,1.9991467883828005,1.118867348206064,olive
耙,bà,1,10,3,8,10,0.3459136357425642,0.5328336632372959,0.8406665140389906,0.48464164566855766,1.118867348206064,rake
堮,è,1,29,3,2,7,0.3459136357425642,1.5452176233881583,0.8406665140389906,0.12116041141713942,0.7832071437442448,a boundary
聱,áo,1,126,16,20,45,0.3459136357425642,6.7137041567899285,4.483554741541283,1.2116041141713942,5.0349030669272885,bent and twisted
鬈,quán,1,8,4,13,13,0.3459136357425642,0.4262669305898367,1.1208886853853208,0.7875426742114062,1.4545275526678831,fine growth of hair
镣,liào,1,2,1,2,4,0.3459136357425642,0.10656673264745918,0.2802221713463302,0.12116041141713942,0.4475469392824256,fetters
牣,rèn,1,19,4,18,6,0.3459136357425642,1.0123839601508622,1.1208886853853208,1.0904437027542548,0.6713204089236384,"fill, stuff"
饙,fēn,1,15,5,6,5,0.3459136357425642,0.7992504948559438,1.4011108567316513,0.36348123425141826,0.559433674103032,-
漶,huàn,1,14,9,23,25,0.3459136357425642,0.7459671285322144,2.521999542116972,1.3933447312971035,2.7971683705151604,indecipherable
浡,bó,1,10,2,19,9,0.3459136357425642,0.5328336632372959,0.5604443426926604,1.1510239084628244,1.0069806133854577,burst forth
