Character,Pinyin,PSY_Tone,PSY_Rhyme,GY_Tone,GY_Rhyme,GY_ID,Gloss
不,bù,oblique|level,r05|xp11,level,xp18,w239b0507,"no, not"
人,rén,level,sp11,level,sp17,w147b0702,man
无,wú,level,sp07,level,sp10,w133a0502,"negative, no, not"
一,yī,oblique,r04,oblique,r05,w511b0706,one
山,shān,level,sp15,level,sp28,w161a0201,"mountain, hill, peak"
风,fēng,level,sp01,level,sp01,w109b0803,wind
日,rì,oblique,r17|r04,oblique,r05,w511b0304,sun
云,yún,level,sp12,level,sp20,w151b0305,"say, speak"
有,yǒu,oblique,r17|s25,oblique,s44,w345a0301,"have, own, possess"
何,hé,level,xp05,level,xp07,w216a0307,"what, why, where, which, how"
来,lái,level,sp10,level,sp16,w146a1002,"come, coming"
天,tiān,level,xp01,level,xp01,w202a0303,"sky, heaven"
中,zhōng,oblique|level,sp01|q01,level,sp01,w108b0407,central
时,shí,level,sp04,level,sp07,w126a0304,"time, season"
花,huā,level,xp06,level,xp09,w218b0401,flower
上,shàng,oblique,q23|s22,oblique,s36,w341a0402,top
春,chūn,level,sp11,level,sp18,w150b0205,spring
水,shuǐ,oblique,r17|s04,oblique,s05,w309a0301,"water, liquid, lotion, juice"
月,yuè,oblique,r06|r17,oblique,r10,w516a0601,moon
相,xiāng,oblique|level,xp07|q23,level,xp10,w223a0502,"mutual, reciprocal, each other"
生,shēng,level,xp08,level,xp12,w229a0101,"life, living, lifetime"
为,wèi,oblique|level,sp04|r17|q04,level,sp05,w117a1005,"do, handle, govern, act"
心,xīn,level,xp12,level,xp21,w244b0707,heart
自,zì,oblique,q04,oblique,q06,w409a1007,"self, private, personal"
年,nián,oblique|level,r17|xp01,level,xp01,w202b0905,year
如,rú,oblique|level,sp06|q06,level,sp09,w132a0302,"if, supposing"
君,jūn,level,sp12,level,sp20,w152a0704,"sovereign, monarch, ruler, chief, prince"
长,zhǎng,oblique|level,q23|xp07|s22,level,xp10,w222b0303,long
知,zhī,level,sp04,level,sp05,w121a0105,"know, perceive, comprehend"
白,bái,oblique,r11,oblique,r20,w532b0309,white
归,guī,level,sp05,level,sp08,w129b0204,return
此,cǐ,oblique,s04,oblique,s04,w306a1002,"this, these"
见,jiàn,oblique,q17,oblique,q32,w435a1003,"see, observe, behold"
行,xíng,oblique|level,xp08|xp07|q23|q24,level,xp11,w226b0702,go
秋,qiū,level,xp11,level,xp18,w237b0203,"autumn, fall"
去,qù,oblique,s06|q06,oblique,s08,w314a0701,"go away, leave, depart"
得,dé,oblique,r13,oblique,r25,w542a0303,"obtain, get, gain, acquire"
清,qīng,level,xp08,,,,"clear, pure, clean"
空,kōng,oblique|level,s01|sp01|q01,level,sp01,w110a0504,"empty, hollow, bare, deserted"
在,zài,oblique,s10|r17|q11,oblique,s15,w321b0802,"be at, in, on"
夜,yè,oblique,q22,oblique,q40,w442b0906,"night, dark"
下,xià,oblique,q22|s21,oblique,s35,w338b0604,"under, underneath, below"
江,jiāng,level,sp03,level,sp04,w115b0701,large river
高,gāo,level,xp04,,,,"high, tall"
是,shì,oblique,s04,oblique,s04,w305a0103,"indeed, yes, right"
未,wèi,oblique,q05,oblique,q08,w410b0901,not yet
里,lǐ,oblique,q04|s04,oblique,s06,w310b0601,unit of distance
金,jīn,level,xp12,level,xp21,w245a1002,gold
明,míng,level,xp08,level,xp12,w228b0405,"bright, light, brilliant"
处,chù,oblique,s06|q06,oblique,s08,w313a0604,"place, locale"
多,duō,level,xp05,level,xp07,w215a0503,"much, many"
门,mén,level,sp13,level,sp23,w155a0503,"gate, door, entrance, opening"
青,qīng,level,xp09,,,,"blue, green"
子,zi,oblique,s04,oblique,s06,w311a0904,"offspring, child"
三,sān,oblique|level,xp13|q28,level,xp23,w247b0401,three
玉,yù,oblique,r02,oblique,r03,w508a0404,"jade, precious stone, gem"
寒,hán,level,sp14,level,sp25,w156b0901,"cold, wintry, chilly"
道,dào,oblique,s19,oblique,s32,w335a0906,"path, road, street"
客,kè,oblique,r11,oblique,r20,w533a0704,"guest, traveller"
声,shēng,level,xp08,level,xp14,w231b0305,"sound, voice, noise"
家,jiā,oblique|level,xp06|r17,level,xp09,w218b0701,"house, home, residence"
千,qiān,level,xp01,level,xp01,w201b0806,thousand
落,luò,oblique,r10,oblique,r19,w530a0302,"fall, drop"
事,shì,oblique,q04,oblique,q07,w410a0201,"affair, matter, business"
今,jīn,level,xp12,level,xp21,w245b0201,"now, today, modern era"
雨,yǔ,oblique,q07|s07,oblique,s09,w314b0202,rain
万,wàn,oblique,q14,oblique,q25,w430a0902,ten thousand
我,wǒ,oblique,s20,oblique,s33,w336b0603,"our, us, i, me, my, we"
前,qián,oblique|level,r17|xp01,level,xp01,w201b0705,"in front, forward"
朝,cháo,level,xp02,level,xp04,w209a0206,dynasty
远,yuǎn,oblique,s13|q14,,,,"distant, remote, far"
出,chū,oblique,q04|r17|r04,oblique,q06,w409b0105,"go out, send out"
南,nán,level,xp13,level,xp22,w246a0602,south
入,rù,oblique,r14,oblique,r26,w543b0203,"enter, come in(to), join"
深,shēn,oblique|level,xp12|q27,level,xp21,w244b0503,deep
东,dōng,level,sp01,level,sp01,w107b0601,"east, eastern, eastward"
尽,jǐn,oblique,s11,oblique,s16,w322b0204,"exhaust, use up"
飞,fēi,level,sp05,level,sp08,w128b0502,fly
与,yǔ,oblique|level,sp06|s06|q06,oblique,s08,w312b1002,and
路,lù,oblique,q07,oblique,q11,w415a0604,"road, path, street"
新,xīn,level,sp11,level,sp17,w147b0105,"new, recent, fresh, modern"
烟,yān,level,xp01,level,sp17,w147a0902,"smoke, soot"
草,cǎo,oblique,s19,oblique,s32,w335b0504,"grass, straw, thatch, herbs"
开,kāi,level,sp10,level,sp16,w145b1004,open
地,dì,oblique,q04,oblique,q06,w409a0508,earth
流,liú,level,xp11,level,xp18,w237a0506,"flow, circulate, drift"
城,chéng,level,xp08,level,xp14,w231a0902,castle
树,shù,oblique,q07|s07,oblique,s09,w316a0105,tree
思,sī,oblique|level,sp04|q04,level,sp07,w126a0601,"think, consider, ponder"
已,yǐ,oblique,r17|s04,oblique,s06,w310a0705,already
谁,shuí,level,sp04,level,sp06,w125a0705,who? whom? whose? anyone?
欲,yù,oblique,r02,oblique,r03,w508b0502,"desire, want, long for"
将,jiāng,oblique|level,xp07|q23,level,xp10,w223a0703,"will, going to, future"
色,sè,oblique,r13,oblique,r24,w540b0504,"color, tint, hue, shade"
回,huí,oblique|level,sp10|q11,level,sp15,w144b0507,"return, turn around"
别,bié,oblique,r09,oblique,r17,w527a0903,"separate, other"
酒,jiǔ,oblique,s25,oblique,s44,w346b0901,"wine, spirits, liquor, alcoholic beverage"
西,xī,level,sp08,level,sp12,w141b0206,west(ern)
还,hái,level,sp15|xp01,level,sp27,w160a0805,"still, yet, also, besides"
可,kě,oblique,s20,oblique,s33,w336b1007,"may, can, -able"
成,chéng,level,xp08,level,xp14,w231a0602,"completed, finished, fixed"
应,yīng,oblique|level,xp10|q25,level,xp16,w235a0302,"should, ought to, must"
马,mǎ,oblique,s21,oblique,s35,w338a0601,horse
闻,wén,oblique|level,q13|sp12,level,sp20,w151a0701,hear
闲,xián,level,sp15,level,sp28,w161a0403,"fence, guard"
更,gèng,oblique|level,xp08|q24,level,xp12,w227b0101,"more, still further, much more"
独,dú,oblique,r01,oblique,r01,w501b1006,"alone, single, solitary, only"
身,shēn,level,sp11,level,sp17,w148a0306,body
光,guāng,level,xp07,level,xp11,w226a0806,"light, brilliant, shine"
香,xiāng,level,xp07,level,xp10,w221b0608,"fragrant, sweet-smelling"
重,zhòng,oblique|level,s02|q02|sp02,level,sp03,w114b0604,"heavy, weighty"
向,xiàng,oblique,q23|s22,oblique,q41,w444a0105,"toward, direction, trend"
同,tóng,level,sp01,level,sp01,w108a0402,"same, similar"
满,mǎn,oblique,s14,oblique,s24,w327b0401,fill
看,kàn,oblique|level,q15|sp14,level,sp25,w158a0503,"look, see"
阳,yáng,level,xp07,level,xp10,w220b0201,'male' principle
石,shí,oblique,r11,oblique,r22,w536b0402,"stone, rock, mineral"
雪,xuě,oblique,r09,oblique,r17,w526b0604,snow
情,qíng,level,xp08,level,xp14,w230b0303,"feeling, sentiment, emotion"
愁,chóu,level,xp11,level,xp18,w240a0304,anxiety
老,lǎo,oblique,s19,oblique,s32,w335a0701,"old, aged"
望,wàng,oblique|level,xp07|q23,level,xp10,w223b0103,"to look at, look forward"
海,hǎi,oblique,s10,oblique,s15,w321a0801,"sea, ocean"
红,hóng,level,sp01,level,sp01,w111b0703,"red, vermillion"
衣,yī,oblique|level,q05|sp05,level,sp08,w129a1004,"clothes, clothing"
游,yóu,level,xp11,level,xp18,w237b1001,to swim
头,tóu,level,xp11,level,xp19,w242b0503,head
从,cóng,oblique|level,q02|sp02,level,sp03,w114b0801,"from, by, since, whence, through"
书,shū,level,sp06,level,sp09,w129b0802,"book, letter, document"
林,lín,level,xp12,level,xp21,w244a0302,"forest, grove"
难,nán,oblique|level,q15|sp14,level,sp25,w157a0805,"difficult, arduous, hard"
古,gǔ,oblique,s07,oblique,s10,w317a0803,"old, classic, ancient"
莫,mò,oblique,r10|r11,oblique,r19,w529b0807,"do not, is not, can not"
尘,chén,level,sp11,level,sp17,w148b0401,"dust, dirt, ashes, cinders"
能,néng,level,sp10|xp10,level,sp16,w147a0201,to be able
似,shì,oblique,s04,oblique,s06,w310a0904,"resemble, similar to"
方,fāng,level,xp07,level,xp10,w222a0403,"a square, rectangle"
歌,gē,level,xp05,level,xp07,w215a0101,"song, lyrics"
名,míng,level,xp08,level,xp14,w231b0603,"name, rank, title, position"
楼,lóu,level,xp11,level,xp19,w242a0301,building of two or more stories
龙,lóng,oblique|level,r14|sp02,level,sp03,w113b0408,dragon
复,fù,oblique,q26|r01,oblique,q49,w449b0905,return
黄,huáng,level,xp07,level,xp11,w226a0205,yellow
作,zuò,oblique,q07|r10|r17|q21,oblique,q11,w416b0702,make
旧,jiù,oblique,q26,oblique,q49,w449a0606,"old, ancient"
犹,yóu,oblique|level,xp11|q26,level,xp18,w237b0602,"like, similar to, just like, as"
分,fēn,oblique|level,q13|sp12,level,sp20,w152a0301,divide
后,hòu,oblique,q26|s25,oblique,s45,w347a0502,"queen, empress, sovereign"
到,dào,oblique,q20,oblique,q37,w440a0308,"go to, arrive, been to"
仙,xiān,level,xp01,level,xp02,w203b1001,"Taoist super-being, transcendent, immortal"
间,jiān,oblique|level,q16|sp15,,,,"midpoint, space"
亦,yì,oblique,r11,oblique,r22,w536a0201,"also, too"
十,shí,oblique,r14,oblique,r26,w543a0401,"ten, tenth"
言,yán,level,sp13,level,sp22,w154a0508,"words, speech"
当,dāng,oblique|level,xp07|q23,level,xp11,w225a0904,"bear, accept, undertake"
平,píng,oblique|level,xp08|r17|xp01,level,xp02,w205a0703,"flat, level, even"
气,qì,oblique,q05,oblique,q08,w412a0306,"steam, vapor"
过,guò,oblique|level,r17|xp05|q21,level,xp08,w216a1002,"pass, pass through, go across"
鸟,niǎo,oblique,s17,oblique,s29,w332a0902,bird
非,fēi,level,sp05,level,sp08,w128b0601,"not, negative, non-"
王,wáng,oblique|level,xp07|q23,level,xp10,w224a0405,"king, ruler"
叶,yè,oblique,r16,oblique,r30,w548a0207,"to harmonize, to rhyme"
几,jǐ,oblique|level,q04|sp05|s04|s05,oblique,s05,w308a0803,small table
五,wǔ,oblique,s07,oblique,s10,w317b0304,five
外,wài,oblique,q09,oblique,q14,w422b0501,"out, outside, external"
意,yì,oblique,q04|r13,oblique,q07,w410b0601,"thought, idea, opinion"
离,lí,oblique|level,sp04|q08|q04,level,sp05,w119b0203,rare beast
松,sōng,level,sp02,level,sp03,w113b0706,pine tree
发,fā,oblique,r06,oblique,r10,w517a0203,"issue, dispatch, send out"
大,dà,oblique,q09|q21,oblique,q14,w421b0601,"big, great, vast, large, high"
诗,shī,level,sp04,level,sp07,w126b0906,poetry
起,qǐ,oblique,s04,oblique,s06,w311a0301,"rise, stand up"
初,chū,level,sp06,level,sp09,w129b0705,"beginning, initial, primary"
华,huá,oblique|level,xp06|q22,level,xp09,w218a0901,flowery
然,rán,level,xp01,level,xp02,w204a0505,"yes, certainly"
百,bǎi,oblique,r17|r11,oblique,r20,w532b0603,one hundred
北,běi,oblique,r13|r08|r02|q11,oblique,r25,w542b0401,north
台,tái,level,sp10|sp04,level,sp07,w126a0301,platform
随,suí,level,sp04,level,sp05,w118a0701,"follow, listen to, submit to"
竹,zhú,oblique,r01,oblique,r01,w506a0105,bamboo
世,shì,oblique,r17|q08,,,,generation
边,biān,level,xp01,level,xp01,w203b0303,"edge, margin, side, border"
梦,mèng,oblique|level,sp01|q01,level,sp01,w109b0303,dream
安,ān,level,sp14,level,sp25,w157a0606,"peaceful, tranquil, quiet"
宫,gōng,level,sp01,level,sp01,w109a1003,palace
公,gōng,oblique|level,r17|sp01,level,sp01,w110a0805,"fair, equitable"
之,zhī,oblique|level,sp04|r17,level,sp07,w125b0801,marks preceding phrase as modifier of following phrase
神,shén,level,sp11,level,sp17,w147b0801,"spirit, god, supernatural being"
国,guó,oblique,r13|r01,oblique,r25,w542b0903,"nation, country, nation-state"
故,gù,oblique,q07,oblique,q11,w415b0602,"ancient, old"
醉,zuì,oblique,q04,oblique,q06,w406b1001,"intoxicated, drunk"
若,ruò,oblique,r10|s21,level,xp09,w220a0905,"if, supposing, assuming"
孤,gū,level,sp07,level,sp11,w137b0101,"orphan, fatherless"
终,zhōng,level,sp01,level,sp01,w108b0905,end
暮,mù,oblique,q07,oblique,q11,w415a0201,"evening, dusk, sunset"
少,shǎo,oblique,q18|s17,oblique,s30,w333a0802,"few, less, inadequate"
吟,yín,oblique|level,xp12|q27,level,xp21,w245a0705,"sing, hum"
枝,zhī,level,sp04,level,sp05,w116b0906,"branches, limbs"
阴,yīn,level,xp12,,,,'female' principle
露,lù,oblique,q07,oblique,q11,w415a0701,dew
柳,liǔ,oblique,s25,oblique,s44,w345a0602,willow tree
好,hǎo,oblique,s19|q20,oblique,s32,w336a0201,"good, excellent, fine"
坐,zuò,oblique,q21|s20,oblique,s34,w337b0702,sit
所,suǒ,oblique,s06,oblique,s08,w313b0604,"place, location"
文,wén,level,sp12,level,sp20,w151a0601,"literature, culture, writing"
晚,wǎn,oblique,s13,,,,"night, evening"
野,yě,oblique,s21,oblique,s08,w314a0803,"open country, field"
碧,bì,oblique,r11,oblique,r22,w537b0101,jade
汉,hàn,oblique|level,q15|sp14,oblique,q28,w432a0805,Chinese people
幽,yōu,level,xp11,level,xp20,w243a0901,"quiet, secluded, tranquil"
四,sì,oblique,q04|r17,oblique,q06,w408b0604,four
轻,qīng,oblique|level,xp08|q24,level,xp14,w231b0506,light
须,xū,level,sp07,level,sp10,w134a0601,"must, have to, necessary"
波,bō,level,xp05,level,xp08,w217a0601,"waves, breakers"
问,wèn,oblique,q13,oblique,q23,w429a0801,"ask about, inquire after"
微,wēi,level,sp05,level,sp08,w128a0701,"small, prefix micro-, trifling"
绿,lǜ,oblique,r02,,,,green
留,liú,oblique|level,xp11|q26,level,xp18,w237a0301,"stop, halt"
岁,suì,oblique,q08,,,,year
霜,shuāng,level,xp07,level,xp10,w223b0701,frost
池,chí,level,sp04,level,sp05,w121a0502,"pool, pond"
小,xiǎo,oblique,s17,oblique,s30,w333a0201,"small, tiny, insignificant"
河,hé,level,xp05,level,xp07,w216a0401,river
半,bàn,oblique,q15,oblique,q29,w433b0505,half
关,guān,level,sp15,level,sp27,w160a0601,frontier pass
泉,quán,level,xp01,level,xp02,w205b0302,"spring, fountain"
逢,féng,level,sp02|sp03|sp01,level,sp03,w114b0904,"come upon, happen meet"
临,lín,oblique|level,xp12|q27,level,xp21,w244a0403,"draw near, approach"
连,lián,level,xp01,level,xp02,w205a0202,"join, connect"
溪,xī,,,,,,"mountain stream, creek"
芳,fāng,level,xp07,level,xp10,w224b0104,fragrant
岂,qǐ,oblique,s05,oblique,s07,w312a0102,how? what?
共,gòng,oblique|level,q02|sp02,level,sp03,w115b0203,"together with, all, total"
翠,cuì,oblique,q04,oblique,q06,w408a1006,color green
两,liǎng,oblique,q23|s22,oblique,s36,w339b0902,"two, both, pair, couple"
乡,xiāng,oblique|level,xp07|q23,,,,country
因,yīn,oblique|level,r17|sp11,level,sp17,w147a0704,"cause, reason"
九,jiǔ,oblique,s25,oblique,s44,w345b0305,nine
曲,qū,oblique,r02|r01,oblique,r03,w509a0107,"crooked, bent"
馀,yú,,,level,sp09,w130a0804,"surplus, excess, remainder"
近,jìn,oblique,q13|q04|s12,oblique,s19,w324b0105,"near, close"
影,yǐng,oblique,s23,oblique,s38,w342b0405,shadow
期,qī,level,sp04,level,sp07,w126b0201,period of time
经,jīng,oblique|level,r17|xp09|q25,level,xp15,w232a0802,classic works
庭,tíng,oblique|level,xp09|q25,level,xp15,w232b0401,courtyard
断,duàn,oblique,q15|s14,oblique,s24,w327a0407,"sever, cut off"
物,wù,oblique,r05,oblique,r08,w515a0201,"thing, substance, creature"
双,shuāng,level,sp03,level,sp04,w116a0802,"set of two, pair, couple"
照,zhào,oblique,q18,oblique,q35,w438a0606,"shine, illumine, reflect"
惊,jīng,level,xp08,level,xp12,w228b0106,"frighten, surprise, startle"
却,què,oblique,r10|r11,oblique,r18,w528b0603,"still, but"
乐,lè,oblique,r10|q19|r03,oblique,q36,w439b1001,"happy, glad"
曾,céng,level,xp10,level,xp17,w236a0605,already
吹,chuī,oblique|level,sp04|q04,level,sp05,w118a0202,blow
寻,xún,level,xp12,level,xp21,w243b0904,"seek, search, look for"
动,dòng,oblique,s01,oblique,s01,w303a0502,"move, happen"
残,cán,level,sp14,level,sp25,w157b0804,"injure, spoil"
正,zhèng,oblique|level,xp08|q24,level,xp14,w231b0407,"right, proper, correct"
遥,yáo,level,xp02,level,xp04,w209b0504,"far away, distant, remote"
星,xīng,level,xp09,level,xp15,w233a0104,"a star, planet"
居,jū,level,sp04|sp06,level,sp07,w127a0801,"live, dwell, reside, sit"
常,cháng,level,xp07,level,xp10,w223b0305,"common, normal, frequent, regular"
苦,kǔ,oblique,q07|s07,oblique,s10,w318a0206,bitter
者,zhě,oblique,r17|s21,oblique,s35,w338a0905,that which
晓,xiǎo,oblique,s17,oblique,s29,w332b0303,"dawn, daybreak"
对,duì,oblique,q11,oblique,q18,w425b0305,"correct, right"
真,zhēn,level,sp11,,,,"real, actual, true, genuine"
笑,xiào,oblique,q18,,,,"smile, laugh, giggle"
忆,yì,oblique,r13,oblique,r24,w540b0303,"remember, reflect upon"
垂,chuí,level,sp04,level,sp05,w117b1003,let down
语,yǔ,oblique,s06|q06,oblique,s08,w312b0201,"language, words"
静,jìng,oblique,s23,oblique,s40,w343a1001,"quiet, still, motionless"
鹤,hè,oblique,r10,oblique,r19,w531b0101,crane
木,mù,oblique,r01,oblique,r01,w503b0803,tree
悲,bēi,level,sp04,level,sp06,w125a0505,"sorrow, grief"
先,xiān,oblique,q17,level,xp01,w201b0701,"first, former, previous"
舟,zhōu,level,xp11,level,xp18,w238b0703,"boat, ship"
紫,zǐ,oblique,s04,oblique,s04,w307a1005,"purple, violet"
以,yǐ,oblique,s04,oblique,s06,w310a0703,by means of
又,yòu,oblique,q26,oblique,q49,w448b0602,"and, also, again, in addition"
才,cái,level,sp10|xp15,level,sp16,w146a0902,"talent, ability"
唯,wéi,oblique|level,sp04|s04,level,sp06,w124a1006,only
鱼,yú,level,sp06,level,sp09,w129b0501,fish
沙,shā,level,xp06,level,xp09,w219a1002,"sand, gravel, pebbles"
依,yī,level,sp05,level,sp08,w129a1002,"rely on, be set in"
兮,xī,level,sp08,level,sp12,w141a0601,exclamatory particle
凤,fèng,oblique,q01,oblique,q01,w402b0204,male phoenix
和,hé,oblique|level,xp05|q21,level,xp08,w217a0706,"harmony, peace"
怜,lián,level,xp01,level,xp01,w202b0401,"pity, sympathize"
虚,xū,level,sp06,level,sp09,w132a0801,false
至,zhì,oblique,q04,oblique,q06,w406a1001,"reach, arrive"
峰,fēng,level,sp02,level,sp03,w115a0101,"peak, summit"
二,èr,oblique,q04,oblique,q06,w408b0103,two
爱,ài,oblique,q11,oblique,q19,w426b0605,"love, be fond of, like"
忽,hū,oblique,r06,oblique,r11,w518a0305,"suddenly, abruptly"
楚,chǔ,oblique,s06|q06,oblique,s08,w313b0802,name of feudal state
泪,lèi,oblique,q04,oblique,q06,w407a0301,tears
数,shù,oblique,q07|s07|r03|r02,oblique,s09,w316a0901,number
久,jiǔ,oblique,s25,oblique,s44,w345b0304,long time (ago)
车,chē,level,xp06|sp06,level,sp09,w130a0107,"cart, vehicle"
鸣,míng,level,xp08,level,xp12,w228b0504,cry of bird or animal
官,guān,level,sp14,level,sp26,w159a0206,"official, public servant"
通,tōng,level,sp01,level,sp01,w112a0604,pass through
浮,fú,level,xp11|sp07,level,xp18,w241a0106,"to float, drift, waft"
夕,xī,oblique,r11,oblique,r22,w537a0101,"evening, night, dusk"
传,chuán,oblique|level,q17|xp01,level,xp02,w207a0402,summon
且,qiě,oblique|level,r17|sp06|s21,level,sp09,w132a0601,"moreover, also (post-subject)"
转,zhuǎn,oblique,q17|s16,oblique,s28,w331a0705,"shift, move, turn"
丹,dān,level,sp14,level,sp25,w157a0405,cinnabar (native HgS)
吾,wú,level,xp06|sp07,level,sp11,w138a0605,"i, my, our"
女,nǚ,oblique,s06|q06,oblique,s08,w313b0101,"woman, girl"
合,hé,oblique,r15,oblique,r27,w544b0301,"combine, unite, join"
其,qí,oblique|level,sp04|q04,level,sp07,w126b0102,"his, her, its, their"
苍,cāng,oblique|level,xp07|s22,level,xp11,w225b0201,blue
景,jǐng,oblique,s23,oblique,s38,w342b0304,"scenery, view"
恩,ēn,level,sp13,level,sp24,w156b0604,"kindness, mercy, charity"
早,zǎo,oblique,s19,oblique,s32,w335b0605,early
堪,kān,level,xp13,level,xp22,w247a0102,"adequately capable of, worthy of"
登,dēng,level,xp10,level,xp17,w235b1001,"rise, mount, board, climb"
病,bìng,oblique,q24,oblique,q43,w446a0503,"illness, sickness, disease"
恨,hèn,oblique,q14,oblique,q27,w431b0401,"hatred, dislike"
宿,sù,oblique,q26|r01,oblique,q49,w449b0603,"stop, rest, lodge, stay overnight"
寂,jì,oblique,r12,oblique,r23,w539a0203,"still, silent, quiet"
灵,líng,level,xp09,level,xp15,w233b0402,"spirit, soul"
听,tīng,oblique|level,sp12|xp09|s12|q25,oblique,s16,w322b0404,hear
散,sàn,oblique,q15|s14,oblique,s23,w326b0105,"scatter, disperse, break up"
疏,shū,oblique|level,sp06|q06,,,,neglect
使,shǐ,oblique,q04|s04,oblique,s06,w310b0401,"cause, send on a mission, order"
怀,huái,level,sp09,level,sp14,w143b1004,"bosom, breast"
绝,jué,oblique,r09,oblique,r17,w526b0507,"to cut, sever, break off, terminate"
园,yuán,level,sp13,level,sp26,w158b0207,garden
珠,zhū,level,sp07,level,sp10,w135a0501,"precious stone, gem, jewel, pearl"
觉,jué,oblique,q19|r03,oblique,q36,w439a0606,to wake up from sleep
堂,táng,level,xp07,level,xp11,w224b0602,hall
送,sòng,oblique,q01,oblique,q01,w402b0201,"see off, send off"
主,zhǔ,oblique,s07,oblique,s09,w316a0403,"master, chief owner"
陵,líng,level,xp10,level,xp16,w234b0805,"hill, mound"
火,huǒ,oblique,s20,oblique,s34,w338a0306,"fire, flame"
雁,yàn,oblique,q16,oblique,q30,w434a0103,wild goose
死,sǐ,oblique,s04,oblique,s05,w309a0201,die
皆,jiē,level,sp09,level,sp14,w143b0301,"all, every, everybody"
舞,wǔ,oblique,s07,oblique,s09,w315a0801,"dance, posture, prance"
窗,chuāng,level,sp03,,,,window
萧,xiāo,level,xp02,level,xp03,w207a0901,common artemisia
州,zhōu,level,xp11,level,xp18,w238b0601,"administrative division, state"
于,yú,oblique|level,r17|sp06|sp07,level,sp10,w133a0605,"in, on, at"
足,zú,oblique,q07|r02,oblique,q10,w414a1007,foot
太,tài,oblique,q09,oblique,q14,w421a0903,"very, too, much"
穷,qióng,level,sp01,level,sp01,w109b0602,"poor, destitute, impoverished"
帝,dì,oblique,q08,oblique,q12,w416b0904,"supreme ruler, emperor"
川,chuān,level,xp01,level,xp02,w205b0807,"stream, river"
手,shǒu,oblique,s25,oblique,s44,w345b0603,hand
沈,shěn,oblique|level,s26|xp12|q27,level,xp21,w244a0903,"sink, submerge"
悠,yōu,level,xp11,level,xp18,w237b0603,"long, far, remote, distant"
寄,jì,oblique,q04,oblique,q05,w405a0402,"send, transmit, mail"
昔,xī,oblique,r10|r11,oblique,r22,w535b0401,formerly
罗,luó,level,xp05,level,xp07,w215b0904,net for catching birds
亲,qīn,oblique|level,q12|sp11,level,sp17,w147b0902,"relatives, parents"
乱,luàn,oblique,q15,oblique,q29,w433a0903,"confusion, state of chaos, revolt"
秦,qín,level,sp11,level,sp17,w148b0603,feudal state of Qin
始,shǐ,oblique,q04|s04,oblique,s06,w311a0102,"begin, start"
识,shí,oblique,q04|r13,oblique,q07,w409b0703,"recognize, understand, know"
霞,xiá,level,xp06,level,xp09,w219a0201,rosy clouds
兴,xīng,oblique|level,xp10|q25,level,xp16,w235b0505,"thrive, prosper, flourish"
画,huà,oblique,q10|r11,oblique,q15,w423a0902,"a painting, picture, drawing"
节,jié,oblique,r09,oblique,r16,w523b0101,"knot, node, joint"
往,wǎng,oblique,s22,oblique,s36,w341a0204,"go, depart"
待,dài,oblique,s10,oblique,s15,w321b0203,"treat, entertain, receive"
容,róng,level,sp02,level,sp03,w113b1008,"looks, appearance"
休,xiū,level,xp11,level,xp18,w240a0306,"rest, stop"
田,tián,level,xp01,level,xp01,w202b0501,"field, arable land, cultivated"
会,huì,oblique,q09,oblique,q14,w422a0602,"assemble, meet together"
儿,ér,oblique|level,sp04|r03|sp08,level,sp05,w119a0705,"son, child"
带,dài,oblique,q09,oblique,q14,w421b1002,"belt, girdle, band, strap, zone"
信,xìn,oblique,q12,oblique,q21,w427b0104,"trust, believe"
僧,sēng,level,xp10,level,xp17,w236a0207,"Buddhist priest, monk"
皇,huáng,level,xp07,level,xp11,w226a0401,"royal, imperial"
迟,chí,oblique|level,sp04|q04,level,sp06,w123a1004,"late, tardy"
虽,suī,level,sp04,level,sp06,w124b0402,"although, even if"
直,zhí,oblique,r13,oblique,r24,w539b0803,"straight, erect, vertical"
夫,fū,level,sp07,level,sp10,w135b0402,"man, male adult, husband"
群,qún,level,sp12,level,sp20,w152a0401,"group, crowd, multitude, mob"
圣,shèng,oblique,q24,oblique,r11,w518b0201,"holy, sacred"
斜,xié,level,xp06,level,xp09,w218a0403,"slanting, sloping, inclined"
洞,dòng,oblique,s01|q01,level,sp01,w108a0904,"cave, grotto"
胜,shèng,oblique|level,xp10|q25,level,xp15,w233a0203,victory
暗,àn,oblique|level,xp13|s27|q28,oblique,q53,w452b0102,dark
凉,liáng,level,xp07,level,xp10,w221b0501,"cool, cold"
湖,hú,level,sp07,level,sp11,w137a0704,a lake
阁,gé,oblique,r10,oblique,r19,w530b0702,"chamber, pavilion"
燕,yàn,oblique|level,q17|xp01,level,xp01,w202b0201,swallow (bird)
功,gōng,level,sp01,level,sp01,w111a0401,"achievement, merit, good result"
桃,táo,level,xp04,level,xp06,w214a0504,peach
晴,qíng,level,xp08,level,xp14,w230b0401,"clear weather, fine weather"
尚,shàng,oblique,q23,level,xp10,w223b0501,"still, yet"
兰,lán,level,sp14,level,sp25,w158a0207,orchid
隔,gé,oblique,r11,oblique,r21,w535a0302,"separate, partition"
首,shǒu,oblique,q26|s25,oblique,s44,w345b0504,head
剑,jiàn,oblique,q29|q30,,,,"sword, dagger, saber"
度,dù,oblique,q07|r10,oblique,q11,w415a0602,"degree, system"
士,shì,oblique,s04,oblique,s06,w311a0501,"scholar, gentleman"
隐,yǐn,oblique,q13|s12,oblique,s19,w324a0701,"hide, conceal"
只,zhǐ,oblique|level,sp04|s04|r11,level,sp05,w116b0901,"only, just, simply"
逐,zhú,oblique,r01,oblique,r01,w504b0607,"chase, expel"
争,zhēng,level,xp08,level,xp13,w230b0102,"dispute, fight, contend, strive"
学,xué,oblique,r03,oblique,r04,w511a0403,"learning, knowledge"
贤,xián,level,xp01,level,xp01,w202a0803,"virtuous, worthy, good"
解,jiě,oblique,q10|s09,oblique,s12,w319b0603,"loosen, unfasten, untie"
用,yòng,oblique,q02,oblique,q03,w403b0801,"use, employ, apply, operate"
辞,cí,level,sp04,level,sp07,w127a0806,"words, speech, expression, phrase"
移,yí,level,sp04,level,sp05,w117a0401,"change place, shift"
绕,rào,oblique,q18|s17,oblique,s30,w333a0902,entwine
步,bù,oblique,q07,oblique,q11,w416b0304,"step, pace"
岸,àn,oblique,q15,oblique,q28,w432a0605,"bank, shore"
含,hán,level,xp13,level,xp22,w246b0107,hold in mouth
伤,shāng,level,xp07,level,xp10,w221b0901,"wound, injury"
倚,yǐ,oblique,q04|s04,oblique,s04,w305b1001,"rely on, depend on"
徒,tú,level,sp07,level,sp11,w137b0504,"disciple, follower"
亭,tíng,level,xp09,level,xp15,w232b0505,pavilion
卧,wò,oblique,q21,oblique,q39,w441b1001,lie down
愿,yuàn,oblique,q14,oblique,q25,w430a0604,"sincere, honest, virtuous"
眼,yǎn,oblique,s15,oblique,s26,w328b0103,eye
化,huà,oblique,q22,oblique,q40,w443a0905,"change, convert, reform"
杯,bēi,level,sp10,level,sp15,w145b0505,"cup, glass"
谢,xiè,oblique,q22,oblique,q40,w442b0606,thank
丝,sī,level,sp04,level,sp07,w126a0803,silk
便,biàn,oblique|level,q17|xp01,level,xp02,w205a0607,"convenience, ease"
浪,làng,oblique|level,xp07|q23,level,xp11,w225a0502,wave
立,lì,oblique,r14,oblique,r26,w543b0706,stand
殿,diàn,oblique,q17,oblique,q32,w435a0401,hall
师,shī,oblique|level,sp04|q04,level,sp06,w122a0906,"teacher, master, specialist"
令,lìng,oblique|level,xp08|q24,level,xp02,w205a0403,"command, order"
欢,huān,level,sp14,level,sp26,w159b0106,"happy, pleased, glad"
求,qiú,level,xp11,level,xp18,w240b0502,seek
食,shí,oblique,q04|r13,oblique,q07,w410a0904,eat
颜,yán,level,sp15,,,,"face, facial appearance"
胡,hú,level,sp07,level,sp11,w137a0303,"recklessly, foolishly"
疑,yí,level,sp04,level,sp07,w126a0502,"doubt, question, suspect"
锦,jǐn,oblique,s26,oblique,s47,w349a0802,"brocade, tapestry"
忧,yōu,level,xp11,oblique,q49,w448b0706,"sad, grieved"
结,jié,oblique,r09,oblique,r16,w523a0805,"knot, tie"
说,shuō,oblique,r09|q08,oblique,q13,w419b0501,"speak, say, talk"
尔,ěr,oblique,s04,oblique,s04,w307a0302,you
琴,qín,level,xp12,level,xp21,w245a0205,Chinese lute or guitar
横,héng,oblique|level,xp08|q24,level,xp11,w226a1005,across
拂,fú,oblique,r05,oblique,r08,w515b0901,"shake off, brush away"
药,yào,oblique,r10|r03,oblique,r18,w528a0101,leaf of Dahurian angelica plant
贵,guì,oblique,q05,oblique,q08,w410b1007,"expensive, costly, valuable"
羽,yǔ,oblique,s07,oblique,s09,w314a1004,"feather, plume"
教,jiào,oblique|level,xp03|q19,,,,"teach, class"
本,běn,oblique,r17|s13,oblique,s21,w325b0403,"root, origin, source"
军,jūn,level,sp12,level,sp20,w152a0901,"army, military"
郎,láng,level,xp07,level,xp11,w225a0302,"gentleman, young man"
荒,huāng,level,xp07,level,xp11,w225b1005,"wasteland, desert"
镜,jìng,oblique,q24,oblique,q43,w446a0102,mirror
薄,báo,oblique,r10,oblique,r19,w531a0602,"thin, slight, weak"
朱,zhū,level,sp07,level,sp10,w135a0307,"cinnabar, vermilion"
力,lì,oblique,r13,oblique,r24,w539b0903,"power, capability, influence"
寺,sì,oblique,q04,oblique,q07,w409b0803,"court, office"
乘,chéng,oblique|level,xp10|q25,,,,"ride, ascend"
异,yì,oblique,q04,level,sp07,w125b1003,"different, unusual, strange"
迹,jì,,,oblique,r22,w535b0703,"traces, impressions, footprints"
六,liù,oblique,r01,oblique,r01,w504b0302,number six
飘,piāo,level,xp02,level,xp04,w210a1003,"whirlwind, cyclone"
交,jiāo,level,xp03,level,xp05,w211b0201,mix
桂,guì,oblique,q08,oblique,q12,w418a0907,cassia or cinnamon
命,mìng,oblique,q24,oblique,q43,w446a0502,life
他,tā,level,xp05,level,xp07,w215b0801,"other, another"
即,jí,oblique,r13,oblique,r24,w541a0602,"promptly, quickly, immediately"
翻,fān,level,sp13,level,sp22,w153b0806,"flip over, upset, capsize"
啼,tí,,,,,,"weep, whimper"
喜,xǐ,oblique,s04,oblique,s06,w310a0502,"like, love, enjoy"
劳,láo,oblique|level,xp04|q20,level,xp06,w213a0607,"labor, toil, do manual work"
岩,yán,level,xp15,level,xp27,w251a0102,cliff
念,niàn,oblique,q17|q29,oblique,q56,w453b0601,"think of, recall, study"
灯,dēng,level,xp10,level,xp17,w236a0102,"lantern, lamp"
臣,chén,level,sp11,level,sp17,w147b0506,"minister, statesman, official"
忘,wàng,oblique|level,xp07|q23,oblique,q41,w444b0702,forget
易,yì,oblique,q04|r11,oblique,q05,w405a0805,change
骑,qí,oblique|level,sp04|q04,level,sp05,w118a0904,ride horseback
定,dìng,oblique,q25,oblique,q46,w447b0202,"decide, settle, fix"
著,zhù,oblique,r10|s06|q06,level,sp09,w132a0104,manifest
玄,xuán,level,xp01,,,,"deep, profound, abstruse"
塞,sāi,oblique,r13|q11,oblique,q19,w426b0203,"stop up, block, seal, cork"
吴,wú,level,sp07,level,sp11,w138a0804,name of warring state
钟,zhōng,level,sp02,level,sp03,w113b0101,clock
遗,yí,oblique|level,sp04|q04,level,sp06,w124a0903,lose
饮,yǐn,oblique,s26|q27,oblique,s47,w349a1002,drink
惜,xī,oblique,r11,oblique,r22,w535b0501,"pity, regret, rue, begrudge"
苔,tái,level,sp10,level,sp16,w146a0401,"moss, lichen"
音,yīn,level,xp12,level,xp21,w245b0303,"sound, tone, pitch, pronunciation"
栖,qī,level,sp08,level,sp12,w141b0604,perch
船,chuán,level,xp01,level,xp02,w206a0406,"ship, boat, vessel"
映,yìng,oblique,q24,oblique,s37,w341b1003,project
及,jí,oblique,r14,oblique,r26,w543b0503,extend
取,qǔ,oblique,s07|s25,oblique,s09,w316b0201,"take, receive, obtain"
谷,gǔ,oblique,r02|r01,oblique,r01,w502a0702,"valley, gorge, ravine"
兵,bīng,level,xp08,level,xp12,w228b0805,"soldier, troops"
冷,lěng,oblique,s23,level,xp15,w233b0707,"cold, cool"
荣,róng,level,xp08,level,xp12,w228b0704,"glory, honor"
细,xì,oblique,q08,oblique,q12,w417b0407,"fine, tiny"
德,dé,oblique,q04|r13,oblique,r25,w542a0201,"ethics, morality, virtue"
口,kǒu,oblique,s25,oblique,s45,w348a0601,mouth
魂,hún,level,sp13,,,,"soul, spirit"
贫,pín,level,sp11,level,sp17,w149b0108,"poor, impoverished, needy"
斗,dòu,oblique,q26|s25,oblique,s45,w347a1002,a dipper
面,miàn,oblique,q17,oblique,q33,w436a0907,face
住,zhù,oblique,q07,oblique,q10,w413b0402,"reside, live at, dwell, lodge"
由,yóu,level,xp11,level,xp18,w237b0702,"cause, reason"
缘,yuán,oblique|level,q17|xp01,,,,"hem, margin"
弦,xián,level,xp01,level,xp01,w202a0805,string
低,dī,level,sp08,level,sp12,w140a0605,low
洛,luò,oblique,r10,oblique,r19,w530a0403,river in Shanxi province
都,dōu,oblique|level,r17|sp07,level,sp11,w139b0306,"metropolis, capital"
径,jìng,oblique,q25,oblique,q46,w447a0901,narrow path
杨,yáng,level,xp07,level,xp10,w220b0802,"willow, poplar, aspen"
元,yuán,level,sp13,level,sp22,w153a0101,first
但,dàn,oblique,q15|s14,level,sp25,w157b0701,only
折,zhé,oblique|level,r16|r09|sp08,level,sp12,w140b0502,"break off, snap"
猿,yuán,level,sp13,level,sp22,w153b0201,ape
感,gǎn,oblique,s27,oblique,s48,w349b0401,"feel, perceive, emotion"
偏,piān,level,xp01,level,xp02,w205a0601,inclined one side
衰,shuāi,level,sp04,level,sp05,w121b0505,"decline, falter, decrease"
帘,lián,level,xp14,level,sp19,w151a0502,flag-sign of a tavern
稀,xī,level,sp05,level,sp08,w129a0903,"rare, unusual, scarce"
迎,yíng,oblique|level,xp08|q24,level,xp12,w229a0501,"receive, welcome, greet"
侯,hóu,level,xp11,level,xp19,w241b0201,"marquis, lord"
条,tiáo,oblique|level,r17|xp02,level,xp03,w207b0906,"clause, condition"
论,lùn,oblique|level,q14|sp13,level,sp18,w150a0603,debate
素,sù,oblique,q07,oblique,q11,w416a0303,white (silk)
眠,mián,level,xp01,level,xp01,w203a0602,"close eyes, sleep"
报,bào,oblique,q20,oblique,q37,w440b0506,"report, tell, announce"
极,jí,oblique,r16|r13,oblique,r29,w547b0506,"extreme, utmost, furthest, final"
渐,jiàn,oblique|level,q29|s28|xp14,level,xp24,w249a0703,gradually
卷,juǎn,oblique|level,s13|s16|xp01,level,xp02,w207a0204,scroll
阙,quē,oblique,r06,oblique,r10,w516b0908,watch tower
骨,gǔ,oblique,r06,oblique,r11,w517a1004,bone
征,zhēng,oblique|level,xp08|s04|xp10,level,xp14,w231b0306,"invade, attack, conquer"
蓬,péng,level,sp01,level,sp01,w112b0204,type of raspberry
鬓,bìn,oblique,q12,,,,hair on temples
摇,yáo,oblique|level,q18|xp02,level,xp04,w209b0802,"wag, swing, wave"
引,yǐn,oblique,q12|s11,oblique,s16,w322b0603,"to pull, draw out, attract"
桥,qiáo,level,xp02,level,xp04,w210b0701,bridge
息,xī,oblique,r13,oblique,r24,w540a0501,"rest, put stop to, end, cease"
惟,wéi,level,sp04,level,sp06,w124a0803,"but, however, nevertheless"
良,liáng,level,xp07,level,xp10,w221a0706,"good, virtuous, respectable"
破,pò,oblique,q21,oblique,q39,w441b0804,"break, ruin, destroy"
顾,gù,oblique,q07,oblique,q11,w415b0502,look back
湘,xiāng,level,xp07,level,xp10,w223a0501,alternate name for Hunan
八,bā,oblique,r08,oblique,r14,w521b0605,eight
掩,yǎn,oblique,s28,oblique,s50,w352a0204,to cover (with the hand)
目,mù,oblique,r17|r01,oblique,r01,w507a0203,eye
迷,mí,level,sp08,level,sp12,w142a0405,"bewitch, charm, infatuate"
怅,chàng,oblique,q23,oblique,q41,w444a0405,"disappointed, dissatisfied"
章,zhāng,level,xp07,level,xp10,w222a0406,composition
想,xiǎng,oblique,s22,oblique,s36,w340a0502,"think, speculate, plan, consider"
轩,xuān,level,sp13,level,sp22,w154a0705,carriage
变,biàn,oblique,q17,oblique,q33,w436b1004,"change, transform, alter"
片,piàn,oblique,q17,oblique,q32,w435b0807,"slice, splinter, strip"
莲,lián,level,xp01,level,xp01,w202b0305,"lotus, water lily"
宜,yí,level,sp04,level,sp05,w119a0104,"suitable, right, fitting, proper"
持,chí,level,sp04,level,sp07,w127b1003,"sustain, support"
邻,lín,level,sp11,level,sp17,w148a0604,neighbor
暂,zàn,oblique,q28,oblique,q54,w453a0403,temporary
鼓,gǔ,oblique,s07,,,,drum
宝,bǎo,oblique,s19,oblique,s32,w336a0302,"treasure, jewel"
枕,zhěn,oblique,s26|q27,level,xp21,w244b0101,pillow
傍,bàng,oblique|level,xp07|q23,level,xp11,w227a0402,"by side of, beside, near, close"
莺,yīng,level,xp08,level,xp13,w229b0902,"oriole, green finch"
梁,liáng,level,xp07,level,xp10,w221a0801,bridge
频,pín,level,sp11,level,sp17,w148b0905,"frequently, again and again"
守,shǒu,oblique,q26|s25,oblique,s44,w345b0604,"defend, protect, guard, conserve"
越,yuè,oblique,r06|r07,oblique,r10,w516a1004,"exceed, go beyond"
理,lǐ,oblique,s04,oblique,s06,w310b0802,"reason, logic"
战,zhàn,oblique,q17,oblique,q33,w436a0403,"war, fighting, battle"
宁,níng,oblique|level,q25|xp09|s06|q06,level,sp09,w132a0102,"calm, peaceful, serene"
纷,fēn,level,sp12,level,sp20,w152b0103,"in disorder, scattered, tangled"
内,nèi,oblique,q11,oblique,q18,w426a0305,inside
任,rèn,oblique|level,xp12|q27,level,xp21,w244b0304,"trust to, rely on, appoint"
倾,qīng,level,xp08,level,xp14,w231b1001,"upset, pour out, overflow"
禅,chán,oblique|level,q17|sp14|xp01,level,xp02,w204b0805,"meditation, contemplation"
齐,qí,oblique|level,q08|sp08,level,sp12,w139b0801,"even, uniform, of equal length"
美,měi,oblique,s04,oblique,s05,w308a0501,"beautiful, pretty"
眉,méi,level,sp04,level,sp06,w125a0106,eyebrows
精,jīng,level,xp08,level,xp14,w230b0501,essence
泥,ní,oblique|level,s08|q08|sp08,level,sp12,w142a0505,"mud, mire"
诸,zhū,level,sp06,level,sp09,w131b0702,"various, all, these"
鸡,jī,level,sp08,level,sp12,w141a0105,chicken
虎,hǔ,oblique,s07,oblique,s10,w317b0803,tiger
钓,diào,oblique,q18,oblique,q34,w437b0706,fish
土,tǔ,oblique,s07,oblique,s10,w316b0703,"soil, earth"
接,jiē,oblique,r16,oblique,r29,w546b0506,receive
载,zài,oblique,s10|q11,oblique,s15,w321b0104,load
许,xǔ,oblique,s06,oblique,s08,w313b0103,"allow, permit"
悬,xuán,level,xp01,level,xp01,w203b0602,"hang, suspend, hoist"
根,gēn,level,sp13,level,sp24,w156b0505,"root, base(d on)"
武,wǔ,oblique,s07,oblique,s09,w315a0405,military
暖,nuǎn,oblique,s14,oblique,s24,w327b0102,"warm, genial"
户,hù,oblique,s07,,,,door
必,bì,oblique,r04,oblique,r05,w512b0907,"surely, most certainly"
叹,tàn,oblique|level,q15|sp14,level,sp25,w157b0102,"sigh, admire"
凝,níng,oblique|level,xp10|q25,level,xp16,w235b0504,coagulate
冰,bīng,level,xp10,level,xp16,w235a0602,ice
伴,bàn,oblique,q15|s14,oblique,s24,w327b0303,"companion, comrade, partner"
失,shī,oblique,r04,oblique,r05,w512b0601,lose
狂,kuáng,level,xp07,level,xp10,w224b0203,"insane, mad"
盘,pán,level,sp14,level,sp26,w159b0506,"tray, plate, dish"
俗,sú,oblique,r02,oblique,r03,w509a0701,social customs
京,jīng,level,xp08,level,xp12,w228b0201,capital city
罢,bà,oblique|level,sp04|q22|s09,level,sp05,w119a0404,"cease, finish, stop"
采,cǎi,oblique,s10|q11,oblique,s15,w321b0602,"collect, gather"
观,guān,oblique|level,q15|sp14,level,sp26,w159a0502,"see, observe, view"
佳,jiā,level,sp04|sp09,level,sp13,w142b1001,"good, auspicious"
村,cūn,level,sp13,level,sp23,w156a0604,"village, hamlet"
敢,gǎn,oblique,s27,oblique,s49,w350b0501,"to dare, venture"
昏,hūn,level,sp13,level,sp23,w156b0206,"dusk, nightfall, twilight, dark"
永,yǒng,oblique,s23,oblique,s38,w342b0704,"long, perpetual, eternal, forever"
众,zhòng,oblique,q01,level,sp01,w109a0101,"multitude, crowd"
帆,fān,oblique|level,xp15|q30,level,xp29,w251a0802,sail
字,zì,oblique,q04,oblique,q07,w410a0302,"letter, character, word"
肠,cháng,level,xp07,level,xp10,w222b0305,intestines
性,xìng,oblique,q24,oblique,q45,w447a0203,"nature, character, sex"
礼,lǐ,oblique,s08,oblique,s11,w318b0402,social custom
既,jì,oblique,q05,,,,already
室,shì,oblique,r04,oblique,r05,w512b0602,"room, home, house, chamber"
冥,míng,oblique|level,xp09|s24,level,xp15,w234a0504,"dark, gloomy, night"
尊,zūn,level,sp13,level,sp23,w155b0706,"respect, revere, venerate"
洲,zhōu,level,xp11,level,xp18,w238b0604,continent
收,shōu,oblique|level,xp11|q26,level,xp18,w239a0303,"gather together, collect"
井,jǐng,oblique,s23,,,,"well, mine shaft, pit"
李,lǐ,oblique,s04,oblique,s06,w310b0704,plum
床,chuáng,level,xp07,level,xp10,w223b0204,"bed, couch"
形,xíng,level,xp09,level,xp15,w232a1002,"form, shape, appearance"
御,yù,oblique,s06|q06,oblique,q09,w412a0801,"drive, ride"
沧,cāng,level,xp07,level,xp11,w225b0303,"blue, dark green"
携,xié,level,sp08,level,sp12,w142b0405,"lead by hand, take with"
银,yín,level,sp11,level,sp17,w149a0203,silver
每,měi,oblique,s10|s07,oblique,s14,w320b0604,"every, each"
指,zhǐ,oblique,s04,oblique,s05,w308a0302,"finger, toe"
茫,máng,level,xp07,level,xp11,w226b1002,"vast, boundless, widespread"
最,zuì,oblique,q09,oblique,q14,w422b0205,"most, extremely, exceedingly"
梅,méi,level,sp10,level,sp15,w144b0804,plums
冠,guān,oblique|level,q15|sp14,level,sp26,w159a0601,"cap, crown, headgear"
岭,lǐng,oblique,s23,level,xp15,w233b0904,"mountain ridge, mountain peak"
郡,jùn,oblique,q13,oblique,q23,w429b0902,administrative division
藏,cáng,oblique|level,xp07|q23,level,xp11,w227a0802,"hide, conceal"
称,chēng,oblique|level,xp10|q25,level,xp16,w235b0602,call
浦,pǔ,oblique,s07,oblique,s10,w318b0101,"bank of river, shore"
急,jí,oblique,r14,oblique,r26,w543b0905,"quick, quickly"
原,yuán,level,sp13,level,sp22,w153a0102,"source, origin, beginning"
壁,bì,oblique,r12,oblique,r23,w539a0606,partition wall
恐,kǒng,oblique,s02|q02,oblique,s02,w304a0102,fear
七,qī,oblique,r04,oblique,r05,w511b0901,seven
种,zhǒng,oblique|level,s02|q02|sp01,level,sp01,w108b0803,seed
阶,jiē,level,sp09,level,sp14,w143b0306,"stairs, steps"
侵,qīn,level,xp12,level,xp21,w243b0801,"invade, encroach upon, raid"
幸,xìng,oblique,s23,oblique,s39,w343a0704,"luck(ily), favor, fortunately"
被,bèi,oblique,q04|s04,oblique,s04,w305a0703,passive indicator 'by'
雄,xióng,level,sp01,level,sp01,w109b0204,male of species
举,jǔ,oblique,s06,oblique,s08,w314a0205,"raise, lift up"
机,jī,oblique|level,sp04|sp05|s04,level,sp06,w123a0101,desk
管,guǎn,oblique,s14,oblique,s24,w327a0701,"pipe, tube, duct"
遇,yù,oblique,q07,oblique,q10,w413b0101,"meet, come across, encounter"
全,quán,oblique|level,r17|xp01,level,xp02,w205b0206,"maintain, keep whole or intact"
仍,réng,level,xp10,level,xp16,w235b0102,"yet, still, as ever"
鸿,hóng,level,sp01,level,sp01,w111b0706,species of wild swan
张,zhāng,oblique|level,xp07|q23,level,xp10,w222b0502,"stretch, extend, expand"
夏,xià,oblique,q22|s21,oblique,s35,w338b0606,summer
渔,yú,level,sp06,level,sp09,w129b0602,to fish
那,nà,oblique|level,s21|q21|xp05|s20,level,xp07,w216a0106,"that, that one, those"
周,zhōu,level,xp11,level,xp18,w238b0302,Zhou dynasty
蝉,chán,level,xp01,level,xp02,w204b0801,cicada
尺,chǐ,oblique,r11,oblique,r22,w536b0102,Chinese measure approx. 'foot'
比,bǐ,oblique|level,sp04|s04|q04,level,sp06,w122b0402,"to compare, liken"
把,bǎ,oblique,s21,oblique,s35,w339a0206,"hold, take"
晨,chén,level,sp11,level,sp17,w147b0402,"early morning, daybreak"
竟,jìng,oblique,q24,oblique,q43,w446a0101,"finally, after all, at last"
兼,jiān,oblique|level,q29|xp14,level,xp25,w250a0203,"unite, combine"
哀,āi,level,sp10,level,sp16,w146a0201,"sad, mournful, pitiful"
岳,yuè,oblique,r03,oblique,r04,w509b0504,mountain peak
吏,lì,oblique,q04,oblique,q07,w410a0205,"government official, magistrate"
绣,xiù,oblique,q26,oblique,q49,w449b0504,embroider
闭,bì,oblique,r09|q08,oblique,q12,w418a0606,"shut, close"
雾,wù,oblique,q07,oblique,q10,w414a0802,"fog, mist, vapor, fine spray"
封,fēng,oblique|level,q02|sp02,level,sp03,w114a0707,"letter, envelope"
干,gàn,oblique|level,q15|sp14|xp01,level,sp25,w157b0904,"oppose, offend"
烛,zhú,oblique,r02,oblique,r03,w508a0201,"candle, taper"
赏,shǎng,oblique,s22,oblique,s36,w340b0701,"reward, grant, bestow"
府,fǔ,oblique,s07,oblique,s09,w314b0903,prefecture
兹,zī,level,sp04,level,sp07,w128a0302,"now, here"
嗟,jiē,level,xp06,level,xp09,w218a0602,"sigh, alas"
旗,qí,level,sp04|sp05,level,sp07,w126b0301,"banner, flag, streamer"
繁,fán,level,sp14|sp13,level,sp22,w153b0302,"complicated, complex, difficult"
殊,shū,level,sp07,level,sp10,w134b0102,"different, special, unusual"
房,fáng,level,xp07,level,xp10,w222a0106,"house, building"
英,yīng,level,xp08,level,xp12,w228a0701,"petal, flower, leaf"
乃,nǎi,oblique,s10,oblique,s15,w321b0307,then
消,xiāo,level,xp02,level,xp04,w208b0802,"vanish, die out"
点,diǎn,oblique,q29|s28,,,,"dot, speck, spot"
积,jī,oblique,q04|r11,oblique,q05,w404b0703,"accumulate, store up, amass"
业,yè,oblique,r17|r15,oblique,r33,w550a0301,"profession, business"
旌,jīng,level,xp08,level,xp14,w230b0606,banner or flag adorned with feathers
况,kuàng,oblique,q23,oblique,q41,w444b0801,"condition, situation"
端,duān,level,sp14,level,sp26,w158b0306,"end, extreme"
惭,cán,,,level,xp23,w247b0903,"ashamed, humiliated"
图,tú,level,sp07,level,sp11,w137b0805,diagram
攀,pān,level,sp15,level,sp27,w160b0904,climb
舍,shě,oblique,q22|s21,,,,"house, dwelling"
孙,sūn,level,sp13,level,sp23,w155a1007,"grandchild, descendent"
计,jì,oblique,q08,oblique,q12,w417b0705,"plan, plot"
轮,lún,level,sp11,level,sp18,w150a0701,wheel
角,jiǎo,oblique,r03,oblique,r01,w503a0601,horn
销,xiāo,level,xp02,level,xp04,w208b0902,"melt, fuse"
涯,yá,level,xp06|sp04|sp09,level,sp05,w119a0305,"shore, bank, water's edge"
纵,zòng,oblique|level,q02|sp02,level,sp03,w115a0307,"indulge in, give free reign to"
负,fù,oblique,q07|s25,oblique,s44,w345b0901,"load, burden"
翁,wēng,level,sp01,level,sp01,w112a0106,old man
象,xiàng,oblique,s22,oblique,s36,w339b0504,elephant
危,wēi,level,sp04,level,sp05,w121a0805,"dangerous, precarious"
鸾,luán,level,sp14,level,sp26,w159a0801,fabulous bird
没,méi,oblique,r06,oblique,r11,w517a0901,"not, have not, none"
笔,bǐ,oblique,r04,oblique,r05,w513b0907,writing brush
湿,shī,oblique,r14,oblique,r26,w543b0302,"wet, moist, humid, damp"
寥,liáo,level,xp02,level,xp03,w208a0807,"few, scarce"
抱,bào,oblique,s19,oblique,s32,w335a0606,"embrace, hold in arms, enfold"
牛,niú,level,xp11,level,xp18,w238a0402,"cow, ox, bull"
童,tóng,level,sp01,level,sp01,w108a0502,"child, boy, servant boy"
昨,zuó,oblique,r10,oblique,r19,w531b0303,yesterday
乾,qián,level,sp14|xp01,level,sp25,w157b1001,dry
赋,fù,oblique,q07,oblique,q10,w414b0603,tax
凭,píng,level,xp10,level,xp16,w235a0403,"lean on, depend on, rely on"
粉,fěn,oblique,s12,oblique,s18,w323b0808,"powder, face powder"
承,chéng,level,xp10,level,xp16,w234b0605,"inherit, receive"
法,fǎ,oblique,r17,oblique,r34,w550b0404,"law, rule, regulation, statute"
荷,hé,oblique|level,xp05|s20,level,xp07,w216a0501,"lotus, water lily"
渡,dù,oblique,q07,oblique,q11,w415a0505,"cross, ferry over"
遍,biàn,,,oblique,q33,w437b0402,"everywhere, all over, throughout"
势,shì,oblique,q08,oblique,q13,w421a0202,"power, force"
盛,shèng,oblique|level,xp08|q24,level,xp14,w231b0102,"abundant, flourishing"
放,fàng,oblique,q23|s22,oblique,s36,w341a0104,"put, release, free, liberate"
惆,chóu,level,xp11,level,xp18,w238b0106,"distressed, regretful, sad"
艳,yàn,oblique,q29,oblique,q55,w453a0601,"beautiful, sexy, voluptuous"
枯,kū,oblique|level,r17|sp07,level,sp11,w139a0805,"dried out, withered, decayed"
走,zǒu,oblique,q26|s25,oblique,s45,w348a0505,"walk, go on foot"
遂,suì,oblique,q04,oblique,q06,w406b0501,"comply with, follow along"
乌,wū,level,sp07,level,sp11,w139a0106,"crow, rook, raven"
句,jù,oblique|level,q07|xp11|q26|sp07,level,sp10,w133b0904,sentence
肯,kěn,oblique,s24,oblique,s43,w345a0201,willing
代,dài,oblique,q11,oblique,q19,w426a0701,"replace, replacement (of person or generation)"
斋,zhāi,level,sp09,level,sp14,w144a0604,vegetarian diet
而,ér,level,sp04,level,sp07,w126b1006,and
调,diào,oblique|level,q18|xp11|xp02,level,xp03,w208a0204,"transfer, move, change"
修,xiū,level,xp11,level,xp18,w238a1001,study
笼,lóng,oblique|level,s01|sp01,level,sp01,w111b0107,cage
屋,wū,oblique,r01,oblique,r01,w501b0901,house
宴,yàn,oblique,q17|s16,oblique,s27,w328b0806,"to entertain, feast"
各,gè,oblique,r10,oblique,r19,w530b0701,"each, individually, every, all"
怨,yuàn,oblique|level,q14|sp13,level,sp22,w154a0501,"hatred, enmity, resentment"
毛,máo,level,xp04,level,xp06,w213b0107,"hair, fur, feathers"
词,cí,level,sp04,level,sp07,w127a0803,words
烧,shāo,oblique|level,q18|xp02,level,xp04,w209b0502,burn
扬,yáng,level,xp07,level,xp10,w220b0901,"scatter, spread"
陈,chén,level,sp11,level,sp17,w148b0103,"exhibit, display"
桑,sāng,level,xp07,level,xp11,w225b0605,mulberry tree
泽,zé,oblique,r10|r11,oblique,r20,w533b0704,"marsh, swamp"
列,liè,oblique,r09,level,sp10,w134a1003,a line
苑,yuàn,oblique,s13,oblique,s20,w325a0501,"pasture, park, garden"
喧,xuān,level,sp13,level,sp22,w154a0201,"lively, noisy"
志,zhì,oblique,q04,oblique,q07,w409b0601,"purpose, will, determination"
题,tí,oblique|level,q08|sp08,level,sp12,w140b0104,forehead
丛,cóng,level,sp01,level,sp01,w112a0101,"bush, shrub"
参,cān,oblique|level,xp13|xp12|q28,level,xp21,w245b0603,"take part in, intervene"
并,bìng,oblique|level,s23|xp08|r17|q24,level,xp14,w231b0803,"combine, annex"
第,dì,oblique,q08,oblique,q12,w417a0801,"sequence, number"
拜,bài,oblique,q10,oblique,q16,w424a1001,"do obeisance, bow, kowtow"
赤,chì,oblique,r11,oblique,r22,w536b0103,red
瑶,yáo,level,xp02,level,xp04,w210a0202,precious jade
甘,gān,level,xp13,level,xp23,w247a1001,sweetness
宵,xiāo,level,xp02,level,xp04,w208b0801,"night, evening, dark"
妆,zhuāng,level,xp07,level,xp10,w223b0302,"to adorn oneself, dress up, use make-up"
短,duǎn,oblique,s14,oblique,s24,w327a0405,short
凌,líng,oblique|level,xp10|q25,level,xp16,w234b1004,pure
盈,yíng,level,xp08,level,xp14,w230b0705,fill
席,xí,oblique,r11,oblique,r22,w536b1002,seat
炉,lú,,,level,sp11,w138b0705,"fireplace, stove, oven, furnace"
蜀,shǔ,oblique,r02,oblique,r03,w508a1002,"one of the Three Kingdoms, established by Liu Bei"
灭,miè,oblique,r09,oblique,r17,w526b0303,extinguish
催,cuī,level,sp10,level,sp15,w145a0801,"press, urge"
雷,léi,level,sp10,level,sp15,w145a0301,thunder
访,fǎng,oblique,q23,oblique,q41,w444b0506,visit
奇,qí,level,sp04,level,sp05,w120a0102,"strange, unusual, uncanny, occult"
浅,qiǎn,oblique,s16,level,xp01,w202a0105,"shallow, not deep"
偶,ǒu,oblique,s25,oblique,s45,w347b0601,"accidentally, coincidently"
丘,qiū,level,xp11,level,xp18,w239a0304,hill
漏,lòu,oblique,q26,oblique,q50,w451a0901,"leak, drip"
禁,jìn,oblique|level,xp12|q27,level,xp21,w245b0206,"restrict, prohibit, forbid"
勤,qín,level,sp12,level,sp21,w152b0603,"industrious, diligent, attentive"
挂,guà,oblique,q10,oblique,q15,w423a0502,"hang, suspend"
底,dǐ,oblique,s08|s04,oblique,s11,w319a0201,"bottom, underneath, underside"
津,jīn,level,sp11,level,sp17,w148b0402,ferry
荆,jīng,level,xp08,level,xp12,w228b0301,thorns
再,zài,oblique,q11,oblique,q19,w426b0101,"again, twice, re-"
驱,qū,oblique|level,q07|sp07,level,sp10,w135a0301,spur a horse on
弄,nòng,oblique,q01,oblique,q01,w402b0604,"do, play or fiddle with"
佩,pèi,oblique,q11,oblique,q18,w425a0606,"belt ornament, pendant"
绮,qǐ,oblique,s04,oblique,s04,w306a0203,fine thin silk
琼,qióng,level,xp08,level,xp14,w232a0105,jade
净,jìng,oblique,q24,oblique,q45,w447a0504,"clean, pure"
营,yíng,level,xp08,level,xp14,w230b1004,"encampment, barracks"
禽,qín,level,xp12,level,xp21,w245a0401,"birds, fowl"
沾,zhān,oblique|level,q29|xp14,level,xp24,w249a0401,"moisten, wet, soak"
屏,píng,oblique|level,s23|xp09,level,xp14,w231b0903,"folding screen, shield"
漫,màn,oblique|level,q15|sp14,oblique,q29,w433b0403,overflow of water
钱,qián,oblique|level,s16|xp01,level,xp02,w204a0204,"money, currency, coins"
霄,xiāo,level,xp02,level,xp04,w208b0803,sky
筵,yán,level,xp01,level,xp02,w204a0802,feast
降,jiàng,oblique|level,sp03|q03,level,sp04,w116a0602,"descend, fall, drop"
利,lì,oblique,q04,oblique,q06,w407b0603,"gains, advantage, profit, merit"
衔,xián,level,xp15,level,xp27,w250b0901,bit
养,yǎng,oblique,q23|s22,oblique,s36,w339b0401,"raise, rear, bring up"
披,pī,level,sp04,level,sp05,w118a0303,wear
达,dá,oblique,r07,oblique,q12,w417a0702,"arrive at, reach"
旅,lǚ,oblique,s06,oblique,s08,w312b0602,"trip, journey"
昼,zhòu,oblique,q26,oblique,q49,w449a0207,"daytime, daylight"
盖,gài,oblique,r15|q09|r07,oblique,q14,w421b0102,"cover, hide, protect"
投,tóu,level,xp11,level,xp19,w242b0505,"throw, cast, fling, pitch"
巢,cháo,level,xp03,level,xp05,w211b0603,"nest, living quarter in tree"
戎,róng,level,sp01,level,sp01,w109a0602,"arms, armaments"
滴,dī,oblique,r12,oblique,r23,w538a0701,drip
馆,guǎn,oblique,q15|s14,oblique,q29,w433a0101,public building
咏,yǒng,oblique,q24,oblique,q43,w446a0907,"sing song or poem, hum, chant"
背,bèi,oblique,q11,oblique,q18,w425a0805,back
潮,cháo,level,xp02,level,xp04,w209a0403,tide
俱,jù,level,sp07,level,sp10,w136b0506,"all, together"
要,yào,oblique|level,q18|xp02,level,xp04,w210b0402,"necessary, essential"
塘,táng,level,xp07,level,xp11,w224b1001,pond
宅,zhái,oblique,r11,oblique,r20,w533b0701,"residence, dwelling, home"
史,shǐ,oblique,s04,oblique,s06,w310b0301,"history, chronicle, annals"
历,lì,oblique,r12,oblique,r23,w537b1005,history
彩,cǎi,oblique,s10,oblique,s15,w321b0701,"hue, color"
陌,mò,oblique,r10|r11,oblique,r20,w532a1001,foot path between rice fields
泛,fàn,oblique|level,q12|sp01|q30,oblique,q60,w454b0305,"to drift, float"
涧,jiàn,oblique,q16,,,,"brook, mountain stream"
穿,chuān,oblique|level,q17|xp01,level,xp02,w205b0806,"penetrate, pierce, drill"
荡,dàng,oblique,q23|s22,oblique,s37,w341a0701,"pond, pool"
程,chéng,level,xp08,level,xp14,w231b0106,"journey, trip"
存,cún,level,sp13,level,sp23,w155b0905,"exist, live, be"
潜,qián,oblique|level,q29|xp14,level,xp24,w249a0901,hide
杀,shā,oblique,q10|r08,oblique,q16,w424b0405,"kill, slaughter, murder"
圆,yuán,level,xp01,,,,circle
壮,zhuàng,oblique,q23,oblique,q41,w444b0203,"big, large"
辉,huī,level,sp05,level,sp08,w128a0805,"brightness, luster, brilliance"
实,shí,oblique,r04,oblique,r05,w511b0403,"real, true"
旋,xuán,oblique|level,q17|xp01,level,xp02,w206a0104,"revolve, move in orbit"
拟,nǐ,oblique,s04,oblique,s06,w311b0205,draft
菊,jú,oblique,r01,oblique,r01,w504b0805,chrysanthemum
强,qiáng,oblique|level,xp07|s22,level,xp10,w224a0907,"strong, powerful, energetic"
迢,tiáo,level,xp02,level,xp03,w207b0905,far
境,jìng,oblique,s23,oblique,s38,w342b0305,"boundary, frontier"
源,yuán,level,sp13,level,sp22,w153a0301,spring
途,tú,level,sp07,level,sp11,w137b0701,"way, road, path, journey"
院,yuàn,oblique,q17,level,sp26,w158b0203,"courtyard, yard, court"
宾,bīn,level,sp11,,,,"guest, visitor"
借,jiè,oblique,q22|r11,oblique,q40,w443a0303,borrow
厌,yàn,oblique|level,r14|q29|s28|xp14|r16,oblique,s50,w351b0603,"dislike, detest, reject"
墙,qiáng,level,xp07,level,xp10,w223b0801,wall
鸳,yuān,level,sp13,level,sp22,w154a0302,male mandarin duck (Aix galericulata)
襟,jīn,level,xp12,level,xp21,w245b0204,"lapel, collar"
牵,qiān,oblique|level,q17|xp01,level,xp01,w203a0204,"drag, pull, lead by hand"
潭,tán,level,xp13,level,xp22,w246a0203,"deep pool, lake"
棹,zhào,,,oblique,q36,w439b0507,oar
袖,xiù,oblique,q26,oblique,q49,w449a0502,sleeve
呼,hū,oblique|level,sp07|q21,level,sp11,w138a0204,"breathe sigh, exhale"
奈,nài,oblique,q09|q21,oblique,q14,w421b0501,"but, how"
帐,zhàng,oblique,q23,oblique,q41,w444a0303,tent
诚,chéng,level,xp08,level,xp14,w231a1001,"sincere, honest"
羡,xiàn,oblique,q17,level,sp06,w122a0804,"envy, admire"
差,chà,level,xp06|sp04|sp09,level,sp05,w120b0502,to differ
覆,fù,oblique,q26|r01,oblique,q49,w449a0903,cover
耕,gēng,level,xp08,level,xp13,w229a0901,"plow, cultivate"
响,xiǎng,oblique,s22,oblique,s36,w340a0707,"make sound, make noise"
壶,hú,level,sp07,level,sp11,w137a0503,"jar, pot, jug, vase"
唱,chàng,oblique,q23,oblique,q41,w444b0303,"sing, chant, call"
添,tiān,level,xp14,level,xp25,w249b0801,"append, add to"
避,bì,oblique,q04,oblique,q05,w404b0405,avoid
也,yě,oblique,s21,oblique,s35,w338a1003,also
斯,sī,level,sp04,level,sp05,w120a1001,"this, thus, such"
哭,kū,oblique,r01,oblique,r01,w502a1009,"weep, cry, wail"
洒,sǎ,oblique,s09|s21,oblique,s11,w319a0704,sprinkle
受,shòu,oblique,s25,oblique,s44,w346b0406,"receive, accept, get"
驾,jià,oblique,q22,oblique,q40,w442a0606,"to drive, sail, fly"
恋,liàn,oblique,q17,oblique,q33,w436b0904,love
弟,dì,oblique,s08|q08,oblique,s11,w319a0305,young brother
澄,chéng,level,xp10,level,xp12,w228b0603,purify water by allowing sediment to settle
义,yì,oblique,q04,oblique,q05,w405b0101,"right conduct, righteousness"
茅,máo,level,xp03,level,xp05,w212a0202,"reeds, rushes, grass"
遣,qiǎn,oblique,q17|s16,oblique,s28,w330a0604,"send, dispatch"
刀,dāo,level,xp04,level,xp06,w213b0905,knife
市,shì,oblique,s04,oblique,s06,w310a0203,"market, fair"
愧,kuì,oblique,q04,oblique,q06,w407b0205,"ashamed, conscience-stricken"
赠,zèng,oblique,q25,oblique,q48,w448a0901,give present
策,cè,oblique,r11,oblique,r21,w534b0502,"scheme, plan"
渚,zhǔ,oblique,s06,oblique,s08,w313a0203,"small sand bank, islet"
就,jiù,oblique,q26|r01,oblique,q49,w449b0704,"just, simply"
泣,qì,oblique,r14,oblique,r26,w544a0202,"cry, sob, weep"
哉,zāi,level,sp10,level,sp16,w146b0507,final exclamatory particle
献,xiàn,oblique|level,xp05|q14,level,xp07,w215a0606,"offer, present"
密,mì,oblique,r04,oblique,r05,w513b0302,"dense, thick, close"
阑,lán,level,sp14,level,sp25,w158a0302,door screen
杳,yǎo,oblique,s17,oblique,s29,w332b0306,"obscure, dark, mysterious, deep"
升,shēng,level,xp10,,,,"arise, go up"
腰,yāo,level,xp02,level,xp04,w210b0501,waist
服,fú,oblique,s25|r01,oblique,r01,w504a0602,clothes
巴,bā,level,xp06,level,xp09,w219a0605,"greatly desire, anxiously hope"
拥,yōng,oblique,s02,oblique,s02,w303b0102,"embrace, hug, squeeze"
奏,zòu,oblique,q26,oblique,q50,w451a0206,memorialize emperor
招,zhāo,level,xp02,level,xp04,w210a0503,"beckon, summon"
漠,mò,oblique,r10,oblique,r19,w530a0105,desert
县,xiàn,oblique|level,q17|xp01,level,xp01,w203b0601,"county, district, subdivision"
佛,fú,oblique,r05|r04,oblique,r08,w515b0508,Buddha
或,huò,oblique,r13,oblique,r25,w542b0801,"or, either, else"
彼,bǐ,oblique,s04,oblique,s04,w305a0603,"that, there, those"
郊,jiāo,level,xp03,level,xp05,w211b0402,suburbs
浩,hào,oblique,s19,oblique,s32,w335a0402,"great, numerous, vast, abundant"
弃,qì,oblique,q04,oblique,q06,w408a0302,"reject, abandon, discard"
广,guǎng,oblique,q23|s22,oblique,s50,w351b0302,"wide, extensive, broad"
嫌,xián,level,xp14,level,xp25,w250a0306,"hate, detest"
萝,luó,level,xp05,level,xp07,w215b1001,type of creeping plant
幕,mù,oblique,r10,oblique,r19,w529b1001,"curtain, screen, tent"
奉,fèng,oblique,s02,oblique,s02,w303b0602,offer
耳,ěr,oblique,s04,oblique,s06,w310b0501,ear
属,shǔ,oblique,q07|r17|r02,oblique,r03,w508a0301,"class, category, type"
锁,suǒ,oblique,s20,oblique,s34,w337a1004,"lock, padlock"
殷,yīn,oblique|level,sp12|sp15|s12,level,sp21,w152b0502,"many, great"
檐,yán,level,xp14,level,xp24,w248a0406,eaves of house
怪,guài,oblique,q10,oblique,q16,w423b0801,"strange, unusual, peculiar"
弹,dàn,oblique|level,q15|sp14,level,sp25,w157b0601,"pellet, bullet, shot, shell"
卿,qīng,level,xp08,level,xp12,w228b0902,"noble, high officer"
侍,shì,oblique,q04,oblique,q07,w410b0101,"serve, attend upon"
郭,guō,oblique,r10,oblique,r19,w532a0302,outer part (of a city)
饥,jī,level,sp04|sp05,level,sp06,w122b1005,"hunger, starving"
寞,mò,oblique,r10,oblique,r19,w530a0107,"silent, still, lonely, solitary"
丈,zhàng,oblique,s22,oblique,s36,w340b0103,unit of length equal 3.3 meters
诏,zhào,oblique,q18,oblique,q35,w438a0702,"decree, proclaim"
仰,yǎng,oblique,q23|s22,oblique,s36,w340a0304,raise the head to look
嘉,jiā,level,xp06,level,xp09,w218b0607,excellent
凄,qī,level,sp08,level,sp12,w140a0505,"bitter cold, miserable, dreary"
尝,cháng,level,xp07,level,xp10,w223b0601,taste
夷,yí,level,sp04,level,sp06,w122a0302,ancient barbarian tribes
畔,pàn,oblique,q15,oblique,q29,w433b0802,boundary path dividing fields
黑,hēi,oblique,r13,,,,black
母,mǔ,oblique|level,s25|s07|sp07,oblique,s45,w347a0505,mother
限,xiàn,oblique,s15,oblique,s26,w328a0507,"boundary, limit, line"
睡,shuì,oblique,q04,oblique,q05,w406a0403,"sleep, doze"
巾,jīn,level,sp11,level,sp17,w149a0504,kerchief
了,le,oblique|level,xp06|s17,oblique,s29,w332a1005,to finish
除,chú,oblique|level,sp06|q06,level,sp09,w131b1001,"eliminate, remove, except"
陶,táo,level,xp04|xp02,level,xp04,w209b0905,"pottery, ceramics"
威,wēi,level,sp05,level,sp08,w128b0904,"pomp, power"
试,shì,oblique,q04,oblique,q07,w410a0101,"test, try, experiment"
鳞,lín,level,sp11,level,sp17,w148a0802,fish scales
疾,jí,oblique,r04,oblique,r05,w512b0307,"illness, disease, sickness"
寿,shòu,oblique,q26|s25,oblique,s44,w346b0501,"old age, long life"
娇,jiāo,oblique|level,s17|xp02,level,xp04,w209a0807,seductive and loveable
妾,qiè,oblique,r16,oblique,r29,w547b0305,concubine
省,shěng,oblique,s23,oblique,s38,w342b0506,province
桐,tóng,level,sp01,level,sp01,w108a0701,name applied various trees
倒,dào,oblique,s19|q20,oblique,s32,w335b0307,fall over
峡,xiá,oblique,r17,oblique,r31,w548b1007,"gorge, strait, ravine"
富,fù,oblique,q07|q26,oblique,q49,w449a1004,"abundant, ample"
翼,yì,oblique,r13,oblique,r24,w541a0105,wings
际,jì,oblique,q08,oblique,q13,w419a0202,"border, boundary, juncture"
伊,yī,level,sp04,level,sp06,w123b0804,third person pronoun
洗,xǐ,oblique,s08|s16,oblique,s11,w319a0703,"wash, rinse"
宗,zōng,level,sp02,level,sp02,w113a0806,"lineage, ancestry"
儒,rú,level,sp07,level,sp10,w134a0209,Confucian scholar
追,zhuī,level,sp10|sp04,level,sp06,w124a0405,"pursue, chase after"
醒,xǐng,oblique|level,xp09|q25|s24,level,xp15,w233a0303,wake up
血,xuè,oblique,r09,oblique,r16,w523b0302,blood
劝,quàn,oblique,q14,oblique,q25,w430a0802,"recommend, advise, urge"
扫,sǎo,,,oblique,s32,w335b0305,"sweep, clear away"
叠,dié,oblique,r16,oblique,r30,w548a0901,pile
浓,nóng,level,sp02,level,sp03,w114b0505,"thick, strong, concentrated"
歇,xiē,oblique,r06,oblique,r10,w517a0504,"rest, stop, lodge"
庙,miào,oblique,q18,oblique,q35,w438b1001,"temple, shrine"
埃,āi,level,sp10,level,sp16,w146a0202,"fine dust, dirt"
羞,xiū,level,xp11,level,xp18,w238a1002,"disgrace, shame"
鬼,guǐ,oblique,s05,oblique,s07,w312a0705,ghost
系,xì,oblique,q08,oblique,q12,w417b1007,system
蝶,dié,oblique,r16,oblique,r30,w548a0202,butterfly
庐,lú,level,sp06,level,sp09,w131b0302,"hut, cottage"
友,yǒu,oblique,s25,oblique,s44,w345a0502,"friend, companion"
抛,pāo,level,xp03,oblique,q36,w439b0402,throw (away)
驰,chí,level,sp04,level,sp05,w121a0406,go quickly or swiftly
忍,rěn,oblique,s11,oblique,s16,w322a0801,"endure, bear, suffer"
篇,piān,level,xp01,level,xp02,w205a0504,"chapter, section, essay, article"
妇,fù,oblique,q07|s25,oblique,s44,w345b0802,married women
谓,wèi,oblique,q05,oblique,q08,w411a0201,"say, tell"
袅,niǎo,oblique,r10|s17,oblique,s29,w332b0605,curling upwards
杜,dù,oblique,s07,oblique,s10,w316b0903,"stop, prevent"
果,guǒ,oblique,s20,oblique,s34,w337a0601,fruit
聊,liáo,level,xp02,level,xp03,w208a0701,"somewhat, slightly, at least"
鹿,lù,oblique,r01,oblique,r01,w502b0804,deer
淮,huái,level,sp09,level,sp14,w144a0205,river in Anhui province
坛,tán,level,sp14,level,sp25,w157b0303,altar
妙,miào,oblique,q18,oblique,q35,w438b0408,"mysterious, subtle"
停,tíng,level,xp09,level,xp15,w232b0402,"stop, suspend, delay"
鼎,dǐng,oblique,s24,oblique,s41,w344a0705,"large, three-legged bronze caldron"
笙,shēng,level,xp08,level,xp12,w229a0102,small gourd-shaped musical instrument
苏,sū,level,sp07,level,sp11,w138b1002,"revive, resurrect"
瑞,ruì,oblique,q04,oblique,q05,w406a0404,felicitous omen
杖,zhàng,oblique,q23|s22,oblique,s36,w340b0201,"cane, walking stick"
窥,kuī,level,sp04,level,sp05,w118a0901,"peep, watch, spy on, pry"
虫,chóng,level,sp01,oblique,s07,w312a0804,"insects, worms"
曙,shǔ,oblique,q06,oblique,q09,w412b0501,"bright, light of rising sun"
商,shāng,level,xp07,level,xp10,w221b0705,"commerce, business, trade"
读,dú,oblique,q26|r01,oblique,r01,w502a0206,"read, study"
冬,dōng,level,sp02,level,sp02,w112b0701,"winter, 11th lunar month"
适,shì,oblique,r11|r12|r07,oblique,r13,w520b0102,"go, reach"
汝,rǔ,oblique,s06,oblique,s08,w313a0301,you
辛,xīn,level,sp11,level,sp17,w147b0201,bitter
恶,è,oblique|level,q07|r10|sp07,level,sp11,w139a0506,"evil, wicked, bad, foul"
鞭,biān,level,xp01,level,xp02,w206a0502,whip
秀,xiù,oblique,q26,oblique,q49,w449b0503,ear of grain
裳,shang,level,xp07,level,xp10,w223b0502,clothes
雕,diāo,level,xp02,level,xp03,w207b0704,"engrave, inlay, carve"
侣,lǚ,oblique,s06,oblique,s08,w312b0704,companion
岛,dǎo,oblique,s19,,,,island
济,jì,oblique,s08|q08,oblique,s11,w318b0903,"help, aid, relieve"
止,zhǐ,oblique,s04,oblique,s06,w309b0901,"stop, halt, desist"
纤,xiān,level,xp14,level,xp24,w248b0202,"fine, delicate"
甲,jiǎ,oblique,r17,oblique,r32,w549b0901,"armor, shell"
阔,kuò,oblique,r07,oblique,r13,w520b0301,"broad, ample, wide"
布,bù,oblique,q07,oblique,q11,w416a0701,"cotton cloth, textiles, linen"
熟,shú,oblique,r01,oblique,r01,w505a0504,well-cooked
延,yán,oblique|level,q17|xp01,level,xp02,w204a0704,"delay, postpone, defer"
迥,jiǒng,oblique,s24,oblique,s41,w344a0401,"distant, far"
严,yán,level,xp15|xp14,level,xp28,w251a0501,"strict, rigorous, rigid"
趋,qū,level,sp07,level,sp10,w135a0606,"hasten, hurry"
簪,zān,level,xp13|xp12,level,xp21,w245b0907,"hairpin, clasp"
逸,yì,oblique,r04,oblique,r05,w512a0407,"flee, escape, break loose"
羁,jī,level,sp04,level,sp05,w119b1002,halter
推,tuī,level,sp10|sp04,level,sp06,w125b0305,"push, expel"
零,líng,level,xp09|xp01,level,xp01,w202b0406,zero
柏,bǎi,oblique,r11,oblique,r20,w532b0604,"cypress, cedar"
懒,lǎn,,,oblique,s23,w326b0804,"lazy, languid, listless"
个,gè,oblique,q21,oblique,q38,w441a0302,"numerary adjunct, piece"
印,yìn,oblique,q12,oblique,q21,w428b0302,"print, seal, stamp, chop, mark"
驻,zhù,oblique,q07,oblique,q10,w414b0804,"to be stationed at, reside at"
致,zhì,oblique,q04,,,,"send, deliver, present"
买,mǎi,oblique,s09,oblique,s12,w319b0804,"buy, purchase"
迁,qiān,level,xp01,level,xp01,w201b1002,"move, shift, change"
韵,yùn,oblique,q13|r17,oblique,q23,w429b0401,rhyme
宇,yǔ,oblique,s07,oblique,s09,w314b0301,house
累,lèi,oblique|level,sp04|s04|q04,oblique,s04,w305b0801,tired
烦,fán,level,sp13,level,sp22,w153b0202,"bother, vex, trouble"
雀,què,oblique,r10,oblique,r18,w529a0202,sparrow
昭,zhāo,oblique|level,s17|xp02,level,xp04,w210a0406,"bright, luminous"
丽,lì,oblique|level,sp04|q08,oblique,q12,w418b0804,"beautiful, magnificent, elegant"
蒙,méng,oblique|level,s01|sp01,level,sp01,w111a0704,cover
槛,kǎn,oblique,s29,oblique,s54,w353a0401,"threshold, door-sill"
澹,dàn,oblique|level,xp13|s27|q28,level,xp23,w247a0805,"calm, quiet, tranquil"
层,céng,level,xp10,level,xp17,w236a0604,"story, layer, floor, stratum"
扶,fú,level,sp07,level,sp10,w135a1003,"support, help"
免,miǎn,oblique,s16,oblique,s28,w331b1007,spare
冲,chōng,level,sp02|sp01,level,sp03,w113b0903,soar
话,huà,oblique,q10|q22,oblique,q17,w424b0904,"speech, talk, language"
固,gù,oblique,q07,oblique,q11,w415b0606,"to become solid, solidify"
樵,qiáo,level,xp02,level,xp04,w209a0605,woodcutter
余,yú,level,sp06,level,sp09,w130a0706,"I, my, me"
总,zǒng,oblique,s01,,,,collect
咽,yàn,oblique|level,q17|r09|xp01,level,xp01,w202b0202,throat
陇,lǒng,oblique,s02,oblique,s02,w303a1001,mountain located between Shanxi
涛,tāo,level,xp04,level,xp06,w214a0705,large waves
贱,jiàn,oblique,q17,oblique,q33,w437a0802,"mean, low"
改,gǎi,oblique,s10,oblique,s15,w321b0403,"change, alter"
扉,fēi,oblique|level,q05|sp05,level,sp08,w128b0503,door panel
险,xiǎn,oblique,s28,oblique,s50,w351a1004,"narrow pass, strategic point"
壑,hè,oblique,r10,oblique,r19,w531a0706,"bed of torrent, narrow ravine"
乍,zhà,oblique,q22,oblique,q40,w442b0601,"first time, for the first time"
造,zào,oblique,s19|q20,oblique,s32,w335b0905,"construct, build, make, begin"
射,shè,oblique,q22|r11,oblique,q40,w442b1001,"shoot, eject, issue forth, emit"
郁,yù,oblique,r05|r01,oblique,r01,w506b0106,"sweet smelling, rich in aroma"
候,hòu,oblique,q26,,,,wait
进,jìn,oblique,q12,oblique,q21,w428a0802,"advance, make progress, enter"
兄,xiōng,level,xp08,level,xp12,w228b0901,elder brother
杏,xìng,oblique,s23,oblique,s38,w342b0904,apricot
退,tuì,oblique,q11,oblique,q18,w425b0801,"step back, retreat, withdraw"
场,chǎng,level,xp07,level,xp10,w222b0401,"open space, field, market"
索,suǒ,oblique,r10|r11,oblique,r19,w531a0904,"large rope, cable"
政,zhèng,oblique,q24,oblique,q45,w446b0704,"government, political affairs"
仪,yí,level,sp04,level,sp05,w119a0204,"ceremony, rites gifts"
奔,bēn,oblique|level,q14|sp13,level,sp23,w156a0804,"run fast, flee"
号,hào,oblique|level,xp04|q20,oblique,q37,w440a0101,"mark, sign"
委,wěi,oblique|level,sp04|s04|q04,level,sp05,w117b0507,"appoint, send, commission"
切,qiè,oblique,r09|q08,oblique,q12,w417b0305,"cut, mince, slice, carve"
扇,shàn,oblique|level,q17|xp01,level,xp02,w204b0505,fan
堤,dī,,,level,sp05,w119a0602,dike
杂,zá,oblique,r15,oblique,r27,w545a0708,"mixed, blended"
尧,yáo,level,xp02,level,xp03,w208b0402,a legendary ancient emperor-sage
父,fù,oblique,s07,oblique,s09,w315a0203,father
顶,dǐng,oblique,s24,oblique,s41,w344a0607,"top, summit, peak"
腾,téng,level,xp10,level,xp17,w236a1005,fly
表,biǎo,oblique,s17,oblique,s30,w333b0804,"show, express, manifest, display"
钩,gōu,level,xp11,level,xp19,w242b0903,"hook, barb"
驿,yì,oblique,r11,oblique,r22,w536a0304,relay station
环,huán,level,sp15,level,sp27,w160a0901,jade ring or bracelet
展,zhǎn,oblique,s16,oblique,s28,w329b0904,"open, unfold"
勿,wù,oblique,r05,oblique,r08,w515a0202,"must not, do not"
祗,zhī,level,sp04,level,sp06,w122a0101,"respect, look up to, revere"
伏,fú,oblique,r13|q26|r01,oblique,q49,w449b1003,"crouch, crawl, lie hidden, conceal"
邑,yì,oblique,r14,oblique,r26,w544a0705,area
寸,cùn,oblique,q14,oblique,q26,w431a1001,inch
鲜,xiān,oblique|level,s16|xp01,level,xp02,w204a0105,fresh
戍,shù,oblique,q07|r04,oblique,q10,w414a0204,"defend borders, guard frontiers"
辰,chén,level,sp11,level,sp17,w147b0401,early morning
祖,zǔ,oblique|level,xp06|s07,oblique,s10,w317b0701,"ancestor, forefather"
剪,jiǎn,oblique,s16,oblique,s28,w330b0301,scissors
摧,cuī,level,sp10,level,sp15,w145b0105,"destroy, break, injure"
次,cì,oblique,q04,oblique,q06,w408b0301,"order, sequence"
甚,shèn,oblique,s26|q27,oblique,s47,w349a0601,great extent
芙,fú,level,sp07,level,sp10,w135b0102,hibiscus
暑,shǔ,oblique,s06,oblique,s08,w313a0503,hot
姓,xìng,oblique,r17|q24,oblique,q45,w447a0204,one's family name
瑟,sè,oblique,q04|r04,oblique,r07,w514b0907,large stringed musical instrument
痕,hén,level,sp13,level,sp24,w156b0501,scar
酌,zhuó,oblique,r10,oblique,r18,w528a1001,serve wine
脱,tuō,oblique,r07,oblique,r13,w520b0601,take off
珍,zhēn,level,sp11,level,sp17,w148a1007,"precious, valuable, rare"
笛,dí,oblique,r12,oblique,r23,w538b0304,bamboo flute
支,zhī,level,sp04,level,sp05,w116b0801,"disperse, pay"
仁,rén,level,sp11,level,sp17,w147b0603,"humaneness, benevolence, kindness"
蒲,pú,oblique|level,r10|sp07,level,sp11,w137a0103,type of rush
促,cù,oblique,r02,oblique,r03,w509a0602,"urge, press, hurry"
焚,fén,level,sp12,level,sp20,w151b0804,burn
戈,gē,level,xp05,level,xp08,w216a1001,"halberd, spear, lance"
裁,cái,oblique|level,sp10|q11,level,sp16,w146a0807,cut out
味,wèi,oblique,q05,oblique,q08,w410b0902,"taste, smell, odor"
屈,qū,oblique,r05,oblique,r08,w515b0204,"bend, flex"
写,xiě,oblique,s21,oblique,s35,w338b0702,write
箫,xiāo,level,xp02,level,xp03,w207b0101,bamboo flute
霁,jì,oblique,q08,oblique,q12,w416b0801,to clear up after rain
梧,wú,level,sp07,level,sp11,w138a1006,"Chinese parasol tree, Sterculia platanifolia"
集,jí,oblique,r14,oblique,r26,w543a0906,"assemble, collect together"
善,shàn,oblique,q17|s16,oblique,s28,w330a0906,"good, virtuous, charitable, kind"
陪,péi,level,sp10,level,sp15,w145b0401,"accompany, be with, keep company"
畏,wèi,oblique,q05,oblique,q08,w411b0204,"fear, dread, awe, reverence"
柱,zhù,oblique,s07,oblique,s09,w315b0706,"pillar, post"
虏,lǔ,oblique,s07,oblique,s10,w317a0401,"to capture, imprison, seize"
司,sī,oblique|level,sp04|q04,level,sp07,w126a0603,"take charge of, control, manage"
旷,kuàng,oblique,q23,oblique,q42,w445b0504,"extensive, wide, broad"
崖,yá,level,sp04|sp09,level,sp05,w119a0306,"cliff, precipice"
铜,tóng,level,sp01,level,sp01,w108a0602,"copper, brass, bronze"
网,wǎng,oblique,s22,oblique,s36,w340b0902,net
酬,chóu,level,xp11,level,xp18,w238b0902,toast
蓉,róng,level,sp02,level,sp03,w114a0501,hibiscus
篱,lí,level,sp04,level,sp05,w119a0901,bamboo or wooden fence
宣,xuān,level,xp01,level,xp02,w205b0401,"declare, announce, proclaim"
亡,wáng,level,xp07,level,xp10,w223a0903,"death, destroyed"
踪,zōng,level,sp02,level,sp03,w115a0402,"footprints, traces, tracks"
徵,zhēng,oblique|level,xp10|s04,level,xp16,w235b0301,"summon, recruit"
记,jì,oblique,q04,oblique,q07,w410b0605,record
体,tǐ,oblique,s08,oblique,s21,w326a0501,body
炎,yán,level,xp14,level,xp24,w249a0304,"flame, blaze"
益,yì,oblique,r11,oblique,r22,w535b0908,"profit, benefit"
履,lǚ,oblique,s04,oblique,s05,w309a0203,"footwear, shoes"
压,yā,oblique,r17,oblique,r32,w549b0801,press
界,jiè,oblique,q10|r17,oblique,q16,w423b1003,"boundary, limit"
巫,wū,level,sp07,level,sp10,w133a0302,"wizard, sorcerer, witch, shaman"
竿,gān,level,sp14,level,sp25,w157b1003,bamboo pole
左,zuǒ,oblique,q21|s20,oblique,s33,w337a0401,left
荐,jiàn,oblique,q17,oblique,q32,w435b0902,"repeat, reoccur"
芜,wú,level,sp07,level,sp10,w133a0203,luxurious growth of weeds
托,tuō,oblique,r10,oblique,r19,w530a0903,to hold up with palm
芝,zhī,level,sp04,level,sp07,w125b0803,sesame
刘,liú,level,xp11,level,xp18,w237a0101,surname
堕,duò,oblique|level,sp04|s20,level,sp05,w117b0801,"fall, sink, let fall"
违,wéi,level,sp05,level,sp08,w128b0205,"disobey, violate, defy"
犬,quǎn,oblique,s16,oblique,s27,w329b0302,dog
阻,zǔ,oblique,s06,oblique,s08,w313b1004,"impede, hinder, obstruct"
返,fǎn,oblique,s13,oblique,s20,w325a0206,"return, revert to, restore"
綵,cǎi,oblique,s10,oblique,s15,w321b0604,varicolored silk
衡,héng,level,xp08|sp02,level,xp12,w229a0503,"measure, weigh, judge, consider"
振,zhèn,oblique|level,q12|xp08|sp11,level,sp17,w147a0501,"raise, excite, arouse action"
己,jǐ,oblique,s04,oblique,s06,w310a0604,"self, oneself"
羊,yáng,level,xp07,level,xp10,w220b1003,"sheep, goat"
换,huàn,oblique,q15,oblique,q29,w432b0801,change
染,rǎn,oblique,s28,oblique,s50,w351b0704,dye
肃,sù,oblique,r01,oblique,r01,w506b0503,pay respects
座,zuò,oblique,q21,oblique,q39,w441b0902,seat
姿,zī,level,sp04,level,sp06,w122b0903,"one's manner, carriage, bearing"
请,qǐng,oblique,s23|q24,level,xp14,w230b0402,"ask, request"
曹,cáo,level,xp04,level,xp06,w214b0407,ministry officials
雅,yǎ,oblique,s21,oblique,s35,w338b0102,"elegant, graceful, refined"
贞,zhēn,level,xp08,level,xp14,w231a0307,"virtuous, chaste, pure"
晖,huī,level,sp05,level,sp08,w128a0901,sunshine
吐,tǔ,oblique,q07|s07,oblique,s10,w316b0704,"vomit, spew out, cough up"
赐,cì,oblique,q04,oblique,q05,w404b0802,"give, bestow favors"
茶,chá,level,xp06,level,xp09,w219b0801,tea
籍,jí,oblique,r11,oblique,r22,w537a0203,"record, register, list"
宠,chǒng,oblique,s02,oblique,s02,w303a0904,"favorite, concubine"
鹭,lù,oblique,q07,oblique,q11,w415a1001,"heron, egret"
泊,pō,oblique,r10,oblique,r19,w531a0504,anchor vessel
砌,qì,oblique,q08,oblique,q12,w417b0304,"to build, pile up"
灰,huī,level,sp10,level,sp15,w144b0201,ashes
觅,mì,oblique,r12,oblique,r23,w539a0208,seek
蛾,é,level,xp05,level,xp07,w215b0607,moth
绵,mián,level,xp01,level,xp02,w205a0901,cotton wad
掌,zhǎng,oblique,s22,oblique,s36,w340a0504,"palm of hand, sole of foot, paw"
栽,zāi,oblique|level,sp10|q11,level,sp16,w146b0506,"to cultivate, plant"
侧,cè,oblique,r13,oblique,r24,w541b0704,side
饶,ráo,oblique|level,q18|xp02,level,xp04,w209b0401,"bountiful, abundant, plentiful"
占,zhàn,oblique|level,q29|xp14,level,xp24,w248b0502,divine
位,wèi,oblique,q04,oblique,q06,w406b0302,throne
妨,fáng,oblique|level,xp07|q23,level,xp10,w224b0201,"interfere with, impede, obstruct"
挥,huī,level,sp05,level,sp08,w128a0803,direct
鸥,ōu,level,xp11,level,xp19,w242a0102,"seagull, tern"
箭,jiàn,oblique,q17,oblique,q33,w436b0204,arrow
岐,qí,level,sp04,level,sp05,w118b0202,high
凡,fán,level,xp15,level,xp29,w251a0801,"all, any, every"
聚,jù,oblique,q07|s07,oblique,s09,w314b0702,"assemble, meet together, collect"
弓,gōng,level,sp01,level,sp01,w109a0802,bow
符,fú,level,sp07,level,sp10,w135b0103,"i.d. tag, tally, symbol, charm"
旦,dàn,oblique,q15,oblique,q28,w432a0206,dawn
啸,xiào,oblique,q18,oblique,q34,w437b0501,"roar, howl, scream"
施,shī,oblique|level,sp04|q04,level,sp05,w120a0802,"grant, bestow"
妻,qī,oblique|level,q08|sp08,level,sp12,w140a0502,wife
朔,shuò,oblique,r03,oblique,r04,w509b1004,first day of lunar month
运,yùn,oblique,q13,oblique,q23,w429a1001,"luck, fortune"
束,shù,oblique,r02,oblique,r03,w508b0408,"bind, control, restrain"
戏,xì,oblique|level,sp04|q04,level,sp05,w118b0801,"theatrical play, show"
鸯,yāng,level,xp07,level,xp10,w224a0804,female mandarin duck (Aix galericulata)
翰,hàn,oblique|level,q15|sp14,level,sp25,w157a0102,"writing brush, pen, pencil"
翩,piān,level,xp01,level,xp02,w205a0602,"fly, flutter"
愚,yú,level,sp07,level,sp10,w132b0402,"stupid, doltish, foolish"
渭,wèi,oblique,q05,oblique,q08,w411a0304,name of a river in Shanxi
视,shì,oblique,q04|s04,oblique,s05,w308a0404,"look at, inspect, observe, see"
巷,xiàng,oblique,q03,oblique,q04,w404a0805,"alley, lane"
娥,é,level,xp05,level,xp07,w215b0601,be beautiful
右,yòu,oblique,q26|s25,oblique,s44,w345a0302,right
忠,zhōng,level,sp01,level,sp01,w108b0702,"loyalty, devotion, fidelity"
貌,mào,oblique,q19|r03,oblique,q36,w439b0301,"countenance, appearance"
霭,ǎi,oblique,q09,oblique,q14,w421b0306,"cloudy sky, haze"
肉,ròu,oblique,q26|r01,oblique,r01,w505b0403,flesh
激,jī,oblique,r12,oblique,q34,w437b0906,"arouse, excite, incite"
民,mín,level,sp11,level,sp17,w149b0507,"people, subjects, citizens"
织,zhī,oblique,q04|r13,oblique,q07,w409b0702,"weave, knit"
态,tài,oblique,q11,oblique,q19,w426b0302,"manner, bearing, attitude"
竞,jìng,oblique,q24,oblique,q43,w446a0202,"contend, vie, compete"
踏,tà,oblique,r15,oblique,r27,w545a0505,"step on, trample, tread on, walk"
丰,fēng,level,sp02|sp01,level,sp03,w115a0103,"abundant, lush, bountiful, plenty"
悟,wù,oblique,q07,oblique,q11,w415b0809,"to apprehend, realize, become aware"
焉,yān,level,xp01,level,sp22,w154b0101,"thereupon, then"
伯,bó,oblique,r11,oblique,r20,w532b0502,older brother
社,shè,oblique,s21,oblique,s35,w338b0905,god of the soil and altars to him
潇,xiāo,level,xp02,,,,sound of beating wind and rain
农,nóng,level,sp02,level,sp02,w113a0405,"agriculture, farming"
置,zhì,oblique,q04,oblique,q07,w410a1004,"place, lay out"
齿,chǐ,oblique,s04,oblique,s06,w311b0305,teeth
鲁,lǔ,oblique,s07,oblique,s10,w317a0202,"foolish, stupid, rash"
宛,wǎn,oblique|level,s13|sp13,level,sp22,w154a0403,"seem, as if, crooked"
律,lǜ,oblique,r04,oblique,r06,w514b0305,"statute, principle, regulation"
磬,qìng,oblique,q25,oblique,q46,w447b0502,musical instrument
团,tuán,level,sp14,level,sp26,w158b0808,"sphere, ball, circle"
藤,téng,level,xp10,level,xp17,w236b0201,"rattan, cane"
蛇,shé,level,xp06|sp04,level,sp05,w117a0904,snake
裴,péi,level,sp10,level,sp08,w128b0903,surname
慵,yōng,level,sp02,level,sp03,w115a1002,"indolent, easy-going, lazy"
魄,pò,oblique,r10|r11,oblique,r19,w530b0303,vigor
贪,tān,level,xp13,level,xp22,w246b0804,"be greedy, covet"
铁,tiě,oblique,r09,oblique,r16,w524a0803,iron
触,chù,oblique,r02,oblique,r03,w508b0204,"butt, ram, gore"
坠,zhuì,oblique,q04,oblique,q06,w409b0102,"fall down, drop, sink, go to ruin"
偷,tōu,level,xp11,level,xp19,w242b0403,"to steal, burglar, thief"
豪,háo,level,xp04,level,xp06,w212b0901,"brave, heroic, chivalrous"
尾,wěi,oblique,s05,oblique,s07,w311b0801,"tail, extremity"
觞,shāng,level,xp07,level,xp10,w221b0905,wine vessel
建,jiàn,oblique,q14,oblique,q25,w430b0602,"build, establish, erect, found"
假,jiǎ,oblique,r11|q22|s21,oblique,s35,w338b0304,"falsehood, deception"
废,fèi,oblique,q11,oblique,q20,w427a0301,"abrogate, terminate, discard"
谋,móu,level,xp11,level,xp18,w241a0503,"plan, scheme"
敛,liǎn,oblique,q29|s28,oblique,s50,w351a0802,"draw back, fold back"
宦,huàn,oblique|level,q16|sp04,oblique,q30,w434a0603,"officialdom, government official"
猎,liè,oblique,r16,oblique,r22,w537a0401,hunt
谈,tán,level,xp13,level,xp23,w247a0701,talk
滞,zhì,oblique,q08,oblique,q13,w420b0601,"block up, obstruct"
等,děng,oblique,s24,oblique,s15,w321b0705,"rank, grade"
资,zī,level,sp04,level,sp06,w122b0803,property
蕊,ruǐ,oblique,s04,oblique,s04,w306a0904,"unopened flowers, flower buds"
咸,xián,level,xp15,level,xp26,w250a0601,together
毫,háo,level,xp04,level,xp06,w212b1002,fine hair
濛,méng,level,sp01,level,sp01,w111a0706,"drizzling, misty, raining"
禄,lù,oblique,r02|r01,oblique,r01,w502b0803,"blessing, happiness, prosperity"
樽,zūn,,,level,sp23,w155b0902,goblet
龟,guī,level,sp04|xp11,level,sp06,w124a0501,turtle or tortoise
欺,qī,level,sp04,level,sp07,w127a0401,"cheat, double-cross, deceive"
嘶,sī,level,sp08,level,sp12,w141b0701,neighing of a horse
启,qǐ,oblique,s08,oblique,s11,w319a1001,open
惠,huì,oblique,q08,oblique,q12,w418a0803,"favor, benefit, confer kindness"
唐,táng,level,xp07,level,xp11,w224b0401,Tang dynasty
莱,lái,level,sp10,level,sp16,w146a1003,"goosefoot, weed"
量,liàng,oblique|level,xp07|q23,level,xp10,w221b0503,"measure, quantity, capacity"
峨,é,oblique|level,xp05|s20,,,,lofty
提,tí,level,sp04|sp08,level,sp05,w119a0503,hold in hand
氏,shì,oblique|level,sp04|s04,level,sp05,w117a0103,"clan, family"
彻,chè,oblique,r09,oblique,r17,w527a1002,"penetrate, pervade"
浑,hún,oblique|level,s13|sp13,level,sp23,w154b0602,"muddy, turbid"
萦,yíng,level,xp08,level,xp14,w231b1004,"entangle, entwine, coil"
虑,lǜ,oblique,q06,oblique,q09,w412a0804,"be concerned, worry about"
坤,kūn,level,sp13,level,sp23,w156b0104,earth
讵,jù,oblique,s06|q06,oblique,s08,w313b0601,an interjection used express surprise
誇,kuā,level,xp06,level,xp09,w218b0404,exaggerate
潺,chán,level,sp15|xp01,level,sp28,w161a0901,sound of flowing water
舒,shū,level,sp06,level,sp09,w129b0903,"open up, unfold, stretch out"
约,yuē,oblique,r10|q18,oblique,q35,w438a1006,"treaty, agreement, covenant"
稍,shāo,oblique|level,s18|xp03|q19,oblique,q36,w439b0407,"little, slightly"
闺,guī,level,sp08,level,sp12,w142a0903,small entrance
冻,dòng,oblique,q01,level,sp01,w108a0204,freeze
霏,fēi,level,sp05,level,sp08,w128b0306,falling of snow and rain
弱,ruò,oblique,r10,oblique,r18,w528b0301,weak
润,rùn,oblique,q12,oblique,q22,w429a0601,"soft, moist"
蛮,mán,level,sp15,level,sp27,w160b0505,barbarians
陆,lù,oblique,q26|r01,oblique,r01,w504b0303,"land, continental"
役,yì,oblique,r11,oblique,r22,w537a0601,service
渺,miǎo,oblique,s17,oblique,s30,w333b0401,"endlessly long, boundless, vast"
纱,shā,level,xp06,level,xp09,w219b0205,"gauze, thin silk"
融,róng,level,sp01,level,sp01,w109b0102,"melt, fuse"
刺,cì,oblique,q04,oblique,q05,w405a0603,stab
兔,tù,oblique,q07,oblique,q11,w415b0401,"rabbit, hare"
氛,fēn,level,sp12,level,sp20,w151b0702,"gas, vapor, air"
趣,qù,oblique,q07|r02|s25,oblique,s45,w348a0804,what attracts one's attention
保,bǎo,oblique,s19,oblique,s32,w336a0402,"protect, safeguard, defend, care"
穴,xué,oblique,r09,oblique,r16,w523b1008,"cave, den, hole"
予,yǔ,oblique|level,sp06|s06,level,sp09,w130b0501,"I, me"
飒,sà,oblique,r15,oblique,r27,w544b1007,the sound of the wind
裘,qiú,level,xp11,level,xp18,w240b0401,fur garments
巡,xún,level,sp11,level,sp18,w150b0501,"patrol, go on circuit, cruise"
嵩,sōng,level,sp01,level,sp01,w109a0404,"high, lofty"
皎,jiǎo,oblique,s17,oblique,s29,w332a0702,white
排,pái,level,sp09,level,sp14,w143b0804,"row, rank, line"
误,wù,oblique,q07,oblique,q11,w415b0801,"err, make mistake"
饭,fàn,oblique,s13|q14,oblique,s20,w325a1003,cooked rice
梨,lí,level,sp04|sp08,level,sp06,w124a0101,pear
埋,mái,level,sp09,level,sp14,w144a0505,"bury, secrete, conceal"
瞻,zhān,level,xp14,level,xp24,w248b0501,look
丁,dīng,level,xp08|xp09,level,xp13,w229b0703,male adult
森,sēn,oblique|level,xp12|q27,level,xp21,w245b0602,forest
簟,diàn,oblique,s28,oblique,s51,w352a1003,bamboo mat
徐,xú,level,sp06,level,sp09,w131a0606,"slowly, quietly, calmly"
值,zhí,oblique,q04|r13,oblique,q07,w409b0704,price
防,fáng,oblique|level,xp07|q23,level,xp10,w222a0301,defend
敌,dí,oblique,r12,oblique,r23,w538b0202,"enemy, foe, rival"
屡,lǚ,oblique,q07,oblique,q10,w414b1006,"frequently, often, again and again"
谒,yè,oblique,r06,oblique,r10,w517a0405,"visit, pay respects"
鹊,què,oblique,r10,oblique,r18,w529a0403,magpie
工,gōng,level,sp01,level,sp01,w111a0501,"labor, work"
默,mò,oblique,r13,oblique,r25,w542a1001,silent
凋,diāo,level,xp02,level,xp03,w207b0701,"be withered, fallen"
遮,zhē,level,xp06,level,xp09,w218a0505,"cover, shield, protect"
餐,cān,level,sp14,level,sp25,w157a1004,"eat, dine"
惨,cǎn,oblique,s27,oblique,s48,w350a0202,"sad, pitiful, wretched"
福,fú,oblique,r01,oblique,r01,w504a0104,"happiness, good fortune, blessing"
蹄,tí,level,sp08,level,sp12,w140a1006,hoof
缨,yīng,level,xp08,level,xp14,w231a0302,a chin strap
私,sī,level,sp04,level,sp06,w123b0301,"private, personal"
巧,qiǎo,oblique,s18,oblique,s31,w334a0701,"skillful, ingenious, clever"
棋,qí,level,sp04,,,,chess
则,zé,oblique,r13,oblique,r25,w542a0401,"rule, law, regulation"
钗,chāi,level,sp09,level,sp13,w143a0604,ornamental hairpin
洁,jié,oblique,r09|r04,oblique,r05,w512a0305,"clean, purify, pure"
昆,kūn,level,sp13,level,sp23,w154b0809,elder brother
蘋,píng,level,sp11,level,sp17,w148b1001,apple
仗,zhàng,oblique,q23|s22,oblique,s36,w340b0301,rely upon
斑,bān,level,sp15,level,sp27,w160b0403,"mottled, striped, freckle"
汀,tīng,level,xp09,level,xp15,w234a0304,"sandbar, beach, bank, shore"
寝,qǐn,oblique,s26,oblique,s47,w348b0303,"sleep, rest"
智,zhì,oblique,q04,oblique,q05,w405b0305,"wisdom, knowledge, intelligence"
溟,míng,oblique|level,xp09|s24,level,xp15,w234a0603,drizzling rain
矣,yǐ,oblique,s04,oblique,s06,w311b0203,particle of completed action
芦,lú,level,sp07,level,sp09,w131b0401,"rushes, reeds"
质,zhì,oblique,q04|r04,oblique,q06,w408a0205,"matter, material, substance"
弥,mí,oblique|level,sp04|s08|s04,level,sp05,w120b0801,"extensive, full"
庆,qìng,oblique|level,xp07|q24,oblique,q43,w446a0307,"congratulate, celebrate"
舆,yú,level,sp06,level,sp09,w130a1001,"cart, palanquin, sedan chair"
翔,xiáng,level,xp07,level,xp10,w221a0604,"soar, glide, hover"
辟,pì,oblique,r11,oblique,r22,w537a0502,"law, rule"
辨,biàn,oblique,s16,oblique,s28,w330b0903,"distinguish, discriminate"
阿,ā,level,xp05,level,xp07,w216a0708,prefix for people's names
墨,mò,oblique,r13,oblique,r25,w542a0908,ink
晋,jìn,oblique,q12,oblique,q21,w428a0602,"advance, increase"
崇,chóng,level,sp01,level,sp01,w109a0305,"esteem, honor, revere, venerate"
制,zhì,oblique,q08,oblique,q13,w420a0406,system
旆,pèi,oblique,q09,oblique,q14,w422b0705,flag ornament
术,shù,oblique,q04|r04,oblique,r06,w514a0304,"art, skill, special feat"
减,jiǎn,oblique,s29,oblique,s53,w352b0602,"decrease, subtract, diminish"
宽,kuān,level,sp14,level,sp26,w159b0401,"broad, wide"
酣,hān,level,xp13,level,xp23,w247b0907,enjoy intoxicants
泠,líng,level,xp09,level,xp15,w233a0907,"nice and cool, mild and comfortable"
男,nán,level,xp13,level,xp22,w246a0801,"male, man"
助,zhù,oblique,q06,oblique,q09,w413a0104,"help, aid, assist"
鸦,yā,level,xp06,level,xp09,w219a0504,crow
末,mò,oblique,r07,oblique,r13,w520a0101,"final, last, end"
镇,zhèn,oblique,q12,,,,"town, market place"
锡,xī,oblique,r12,oblique,r23,w537b0401,"tin, stannum"
堆,duī,level,sp10,level,sp15,w145a0903,"heap, pile, crowd"
铺,pù,oblique|level,q07|sp07,level,sp10,w135b1003,"shop, store"
牙,yá,level,xp06,level,xp09,w219b0302,"tooth, molars, teeth"
欹,yī,level,sp04,level,sp05,w121a0401,fierce dog
瘦,shòu,oblique,q26,oblique,q49,w449a0704,"thin, emaciated, lean"
藓,xiǎn,oblique,s16,oblique,s28,w329b0606,"moss, lichen"
班,bān,level,sp15,level,sp27,w160b0302,"class, group, grade"
康,kāng,level,xp07,level,xp11,w225b0804,"peaceful, quiet"
继,jì,oblique,q08,oblique,q12,w417b0802,"continue, maintain, carry on"
囊,náng,level,xp07,level,xp11,w227a0304,"bag, purse, sack"
领,lǐng,oblique,s23|r17,oblique,s40,w343b0502,neck
辇,niǎn,oblique,s16,oblique,s28,w330b0505,hand-cart
单,dān,oblique|level,q17|sp14|s16|xp01,level,sp25,w157a0402,"single, individual, only"
滩,tān,oblique|level,q15|sp14,level,sp25,w157a1007,"bank, a sandbar, shoal"
碎,suì,oblique,q11,oblique,q18,w426a0205,"break, smash"
滨,bīn,level,sp11,,,,"beach, sea coast"
羸,léi,level,sp04,level,sp05,w118a0106,"weak, lean, emaciated, exhausted"
兽,shòu,oblique,q26,oblique,q49,w449a0304,"beast, animal"
鞍,ān,level,sp14,,,,saddle
乞,qǐ,oblique,r05,oblique,r09,w516a0407,beg
护,hù,oblique,q07,oblique,q11,w415b0906,"protect, guard, defend, shelter"
赖,lài,oblique,q09,oblique,q14,w422b1003,"rely, depend on"
袍,páo,level,xp04,level,xp06,w214a0207,"long gown, robe, cloak"
磨,mó,oblique|level,xp05|q21,level,xp08,w216b1002,grind
柴,chái,oblique|level,q04|sp09,level,sp13,w143a0501,"firewood, faggots, fuel"
绶,shòu,oblique,q26|s25,oblique,s44,w346b0701,silk ribbon attached as a seal
坚,jiān,level,xp01,level,xp01,w202a0406,"hard, strong, firm"
续,xù,oblique,r02,oblique,r03,w509a0608,"continue, carry on"
击,jī,oblique,r12,oblique,r23,w537b0607,"strike, hit, beat"
麻,má,level,xp06,level,xp09,w217b0801,"hemp, jute, flax"
简,jiǎn,oblique,s15,,,,"simple, terse, succinct, a letter"
洪,hóng,level,sp01,level,sp01,w111b0603,"vast, immense"
栏,lán,level,sp14,level,sp25,w158a0406,"railing, balustrade"
淹,yān,oblique|level,xp14|q30,level,xp24,w249a0405,drown
麟,lín,level,sp11,level,sp17,w148a0706,female of Chinese unicorn
衢,qú,level,sp07,level,sp10,w133b0508,highway
魏,wèi,oblique,q05,oblique,q08,w411a0601,kingdom of Wei
反,fǎn,oblique|level,s13|sp13,level,sp22,w153b0906,"reverse, opposite, contrary, anti"
吞,tūn,level,sp13,level,sp24,w156b0703,swallow
蕙,huì,oblique,q08,oblique,q12,w418a0805,species of fragrant orchid
瓶,píng,level,xp09,level,xp15,w234a0804,"jug, pitcher, vase, jar, bottle"
温,wēn,level,sp13,level,sp23,w155a0201,lukewarm
槐,huái,level,sp10|sp09,level,sp14,w144a0103,locust tree
辈,bèi,oblique,q11,oblique,q18,w426a0601,"generation, lifetime"
阵,zhèn,oblique,q12,oblique,q21,w428a0204,"column, row or file of troops"
倦,juàn,oblique,q17,oblique,q33,w436b0802,"be tired of, weary"
邀,yāo,level,xp02,level,xp03,w208a0602,"invite, welcome"
健,jiàn,oblique,q14,oblique,q25,w430b1001,"strong, robust, healthy"
烂,làn,oblique,q15,oblique,q28,w432a0906,"rotten, spoiled, decayed"
超,chāo,oblique|level,r17|xp02,level,xp04,w209a0105,"jump over, leap over"
掷,zhì,oblique,r11,oblique,r22,w536b0804,"throw, hurl, cast, fling"
耀,yào,oblique,q18,oblique,q35,w438a0901,"shine, sparkle, dazzle"
执,zhí,oblique,r14,oblique,r26,w543a0405,hold in hand
隅,yú,level,sp07,level,sp10,w132b0604,"corner, nook, remote place"
类,lèi,oblique,q04|q11,oblique,q06,w407a0204,"class, group, kind, category"
叟,sǒu,oblique|level,xp11|s25,oblique,s45,w347b0802,old man
暇,xiá,oblique,q22,oblique,q40,w442b0803,"leisure, relaxation, spare time"
围,wéi,level,sp05,level,sp08,w128b0202,"surround, encircle, corral"
联,lián,level,xp01,,,,"connect, join"
祥,xiáng,level,xp07,level,xp10,w221a0702,"good luck, good omen"
孔,kǒng,oblique,s01,oblique,s01,w302b0304,"opening, hole, orifice"
淡,dàn,oblique,s27|q28,level,xp23,w247a0803,"weak, watery"
凿,záo,oblique,r10|q20,oblique,r01,w503a0903,chisel
萍,píng,level,xp09,level,xp15,w234a1004,duckweed
祠,cí,level,sp04,level,sp07,w127a0804,ancestral temple
坟,fén,oblique|level,sp12|s12,level,sp20,w151b0701,"grave, mound"
岑,cén,level,xp12,level,xp21,w245b0706,"steep, precipitous"
枫,fēng,level,sp01,level,sp01,w109b0902,maple tree
枉,wǎng,oblique,s22,oblique,s36,w341a0106,"useless, in vain"
戴,dài,oblique,q11,oblique,q19,w426b0903,wear on top
玩,wán,oblique,q15,oblique,q29,w433a0801,"play with, joke, enjoy"
颠,diān,level,xp01,,,,"top, peak, summit"
腊,là,oblique,r15|r11,oblique,r22,w535b0403,year-end sacrifice
贾,jiǎ,oblique,s07|s21,oblique,s10,w317b0205,surname
肥,féi,level,sp05,level,sp08,w128b0703,"fat, plump, obese"
雏,chú,level,sp07,level,sp10,w135b0706,"chick, fledging"
苗,miáo,level,xp02,level,xp04,w210b0206,sprouts
怕,pà,oblique,q22,oblique,q40,w443a0801,"to fear, be afraid of"
加,jiā,level,xp06,level,xp09,w218b0702,"add to, increase, augment"
牧,mù,oblique,r01,oblique,r01,w507a0304,"tend cattle, shepherd"
戚,qī,oblique,r12,oblique,r23,w539a1004,relative
维,wéi,oblique|level,sp04|r17|q27,level,sp06,w124a0902,"maintain, preserve, safeguard"
饱,bǎo,oblique,s18,oblique,s31,w334a0903,eat heartily
瘴,zhàng,oblique,q23,oblique,q41,w444a1004,malaria pestilential vapors
街,jiē,level,sp09,level,sp13,w142b1002,"street, road, thoroughfare"
探,tàn,oblique|level,xp13|q28,level,xp22,w246b0802,"find, locate"
脉,mài,oblique,r11,oblique,r21,w534a0501,"blood vessels, veins, arteries"
热,rè,oblique,r09,oblique,r17,w526a0701,hot
器,qì,oblique,q04,oblique,q06,w408b0904,"receptacle, vessel"
昌,chāng,level,xp07,level,xp10,w222a0801,light of sun
妖,yāo,level,xp02,level,xp04,w211a0101,"strange, weird, supernatural"
沟,gōu,level,xp11,level,xp19,w242b1001,"ditch, drain, narrow waterway"
谏,jiàn,oblique,q16,oblique,q30,w433b1001,"remonstrate, admonish"
藻,zǎo,oblique,s19,oblique,s32,w335b0607,"splendid, magnificent"
般,bān,level,sp15|sp14,level,sp26,w159b0605,"sort, manner, kind, category"
贺,hè,oblique,q21,oblique,q38,w441a0304,congratulate
捧,pěng,oblique,s02,oblique,s02,w303b0702,hold up in two hands
仲,zhòng,oblique,q01,oblique,q01,w403a0404,middle brother
晏,yàn,oblique,q15|q16,oblique,q28,w432a0202,"peaceful, quiet"
蛟,jiāo,level,xp03,level,xp05,w211b0202,scaly dragon with four legs
衫,shān,level,xp15,level,xp27,w251a0201,shirt
汗,hàn,oblique|level,q15|sp14,level,sp25,w157a0203,"perspiration, sweat"
绛,jiàng,oblique,q03,oblique,q04,w404a0701,deep red
柔,róu,level,xp11,level,xp18,w238b1003,soft
茂,mào,oblique,q26,oblique,q50,w450b0104,"thick, lush, dense"
缕,lǚ,oblique,s07,oblique,s09,w316b0202,thread
悴,cuì,oblique,q04,oblique,q06,w409a0504,"suffer, become emaciated, haggard"
廊,láng,level,xp07,level,xp11,w225a0402,"corridor, porch, veranda"
叫,jiào,oblique,q18,oblique,q34,w437b0901,"cry, shout"
纶,lún,level,sp15|sp11,level,sp18,w150a0802,green silk thread or tassel
卫,wèi,oblique,q08,,,,"guard, protect, defend"
毕,bì,oblique,r04,oblique,r05,w512b1001,"end, finish, conclude"
材,cái,level,sp10,level,sp16,w146a0903,"material, stuff"
佐,zuǒ,oblique,q21,oblique,q38,w441a0704,"assist, aid, second"
渠,qú,level,sp06,level,sp09,w130a0206,"ditch, canal, channel, gutter"
供,gōng,oblique|level,q02|sp02,level,sp03,w115b0102,"supply, provide for"
萤,yíng,level,xp09,level,xp15,w234b0202,"glow-worm, luminous insect"
认,rèn,oblique,q12,oblique,q21,w427b0306,"recognize, know, understand"
岚,lán,level,xp13,level,xp22,w246b0505,"mountain mist, mountain haze"
虹,hóng,oblique|level,q03|sp01,level,sp01,w111b0704,rainbow
笋,sǔn,oblique,s11,oblique,s17,w323a1003,bamboo shoots
妃,fēi,oblique|level,sp05|q11,level,sp08,w128b0401,"wife, spouse"
娟,juān,level,xp01,,,,"beautiful, graceful"
浊,zhuó,oblique,r03,oblique,r04,w510b0604,"muddy, turbid, dirty, filthy"
略,lüè,oblique,r10,oblique,r18,w528a0601,"approximately, roughly"
黛,dài,oblique,q11,oblique,q19,w426a0802,blacken eyebrows
夹,jiā,oblique,r17,oblique,r31,w549a0503,be wedged or inserted between
暝,míng,oblique|level,xp09|q25,level,xp15,w234a0803,"dark, obscure"
忙,máng,level,xp07,level,xp11,w226b1007,"busy, pressed for time"
遭,zāo,level,xp04,level,xp06,w214a1004,"come across, meet with, encounter"
午,wǔ,oblique,s07,oblique,s10,w317b0401,seventh earthly branch
帷,wéi,level,sp04,level,sp06,w125a0801,tent
裙,qún,level,sp12,,,,"skirt, apron, petticoat"
姑,gū,level,sp07,level,sp11,w137b0202,father's sister
慰,wèi,oblique,q05,oblique,q08,w411b0203,"comfort, console, calm"
狼,láng,level,xp07,level,xp11,w225a0603,wolf
涕,tì,oblique,s08|q08,oblique,s11,w318b0804,tear
赊,shē,level,xp06,,,,"buy and sell on credit, distant"
纸,zhǐ,oblique,s04,oblique,s04,w304b0701,paper
厚,hòu,oblique,q26|s25,oblique,s45,w347a0401,thick
翅,chì,oblique,q04,oblique,q05,w405b0901,wings
谪,zhé,oblique,r11,oblique,r21,w535a0601,"charge, blame"
宋,sòng,oblique,q02,oblique,q02,w403b0501,Song dynasty
橘,jú,oblique,r04,oblique,r06,w514a0504,"orange, tangerine"
拙,zhuō,oblique,r09,oblique,r17,w527a0102,"stupid, clumsy, crude"
沦,lún,level,sp11,level,sp18,w150a0601,be lost
搜,sōu,level,xp11,level,xp18,w239b0704,"search, seek"
韶,sháo,level,xp02,level,xp04,w210a0206,music of the emperor Shun
莎,shā,level,xp05,level,xp08,w216b0401,"kind of sedge grass, used anciently for raincoats"
扰,rǎo,oblique,s17,oblique,s30,w333a0805,"disturb, annoy, agitate"
滋,zī,level,sp04,level,sp07,w128a0403,"grow, multiply, increase"
砧,zhēn,level,xp12,level,xp21,w244b0104,anvil
区,qū,level,xp11|sp07,level,sp10,w135a0201,"area, district, region, ward"
稻,dào,oblique,s19,oblique,s32,w335a1003,"rice growing in field, rice plant"
笳,jiā,level,xp06,level,xp09,w218b0801,a reed leaf whistle
株,zhū,level,sp07,level,sp10,w134a0901,numerary adjunct for trees
电,diàn,oblique,q17,oblique,q32,w435a0309,electricity
希,xī,level,sp05,level,sp08,w129a0803,rare
梳,shū,level,sp06,level,sp09,w131a0401,comb
恣,zì,oblique,q04,oblique,q06,w408b0203,"indulge oneself, unrestrained"
抽,chōu,level,xp11,level,xp18,w238b0101,"draw out, pull out"
刻,kè,oblique,r13,oblique,r25,w542a0702,"carve, engrave"
泰,tài,oblique,q09,oblique,q14,w421a0901,"great, exalted, superior"
摘,zhāi,oblique,r12|r11,oblique,r21,w535a0510,"pluck, pick"
嫁,jià,oblique,q22,oblique,q40,w442a0702,"to marry, give a daughter in marriage"
皓,hào,oblique,s19,,,,"bright, luminous"
戟,jǐ,oblique,r11,oblique,r20,w532b0805,halberd with crescent blade
骚,sāo,level,xp04,level,xp06,w214a0102,"harass, bother, annoy, disturb"
拾,shí,oblique,r16|r14,oblique,r26,w543a0403,"pick up, collect, tidy up"
匣,xiá,oblique,r17,oblique,r32,w549b0602,"small box, case, coffer"
鹰,yīng,level,xp10,level,xp16,w235a0402,falcon
宰,zǎi,oblique,s10,oblique,s15,w321b0101,to slaughter
耿,gěng,oblique,s23,oblique,s39,w343a0601,"bright, shining"
卜,bo,oblique,r01,oblique,r01,w503b0403,fortune telling
颇,pǒ,oblique|level,q21|xp05|s20,level,xp08,w217a0702,lean one side
赵,zhào,oblique,s17,oblique,s30,w333a0302,surname
虞,yú,level,sp07,level,sp10,w132b0301,"concerned about, anxious, worried"
梯,tī,level,sp08,level,sp12,w141b0803,"ladder, steps, stairs"
吊,diào,oblique,q18|r12,,,,"condole, mourn, pity"
脸,liǎn,oblique,s28,level,xp24,w248b0302,face
碑,bēi,level,sp04,level,sp05,w118a0501,stone tablet
贼,zéi,oblique,r13,oblique,r25,w542b0107,"thief, traitor"
岫,xiù,oblique,q26,oblique,q49,w449a0406,mountain peak
困,kùn,oblique,q14,oblique,q26,w431a0406,"to surround, besiege"
霓,ní,oblique|level,q08|sp08|r12,level,sp12,w141a0902,rainbow
匹,pǐ,oblique,r04,oblique,r05,w512a0105,bolt of cloth
唤,huàn,oblique,q15,oblique,q29,w433b0105,call
卑,bēi,level,sp04,level,sp28,w161b0901,"humble, low, inferior"
价,jià,oblique,q10|q22,oblique,q16,w424a0206,"price, value"
庄,zhuāng,level,xp07,level,xp13,w230a1005,"village, hamlet"
逍,xiāo,level,xp02,level,xp04,w208b0805,"ramble, stroll, jaunt, loiter"
腹,fù,oblique,r01,oblique,r01,w504a0105,"stomach, belly, abdomen"
权,quán,level,xp01,level,xp02,w206b0903,"power, right, authority"
规,guī,level,sp04,level,sp05,w121b0306,"rules, regulations, customs, law"
慕,mù,oblique,q07,oblique,q11,w415a0202,"long for, desire"
濯,zhuó,oblique,r03,oblique,q36,w439b0602,"wash out, rinse"
璧,bì,oblique,r11,oblique,r22,w537a0804,piece of jade with hole in it
薰,xūn,level,sp12,,,,a medicinal herb
冤,yuān,level,sp13,level,sp22,w154a0303,"grievance, injustice, wrong"
絮,xù,oblique,q06,oblique,q09,w413a0103,"waste cotton, raw silk or cotton"
墀,chí,level,sp04,level,sp06,w123a0904,porch
脚,jiǎo,oblique,r10,oblique,r18,w528a0802,"leg, foot"
偃,yǎn,oblique,s13,oblique,s20,w324b0501,"cease, lay off, lay down"
俯,fǔ,oblique,s07,oblique,s09,w314b0902,"bow down, face down, look down"
骄,jiāo,level,xp02,level,xp04,w209a0806,spirited horse
抚,fǔ,oblique,s07,oblique,s09,w315b0504,"pat, console, comfort"
辽,liáo,level,xp02,level,xp03,w208a0804,"distant, far"
鉴,jiàn,oblique,q30,level,xp27,w251a0402,"mirror, looking glass"
皋,gāo,level,xp04,level,xp06,w213a0401,the high land along a river
蒿,hāo,level,xp04,level,xp06,w213a1006,"mugwort, artemisia"
钿,diàn,oblique|level,q17|xp01,level,xp01,w202b0705,hairpin
瀑,pù,oblique,q20|r01,oblique,q37,w440b0403,"waterfall, cascade"
职,zhí,oblique,r13,oblique,r24,w539b0601,"duty, profession"
标,biāo,oblique|level,s17|xp02,level,xp04,w210a0604,"mark, symbol, label, sign"
契,qì,oblique,r05|r09|q08,oblique,q12,w418a0206,"deed, contract, bond"
菱,líng,level,xp10,,,,"water-chestnut, water caltrop"
乔,qiáo,level,xp02,level,xp04,w209a0904,"tall, lofty"
嶂,zhàng,oblique,q23,oblique,q41,w444a1003,cliff
谩,mán,oblique|level,q15|q16|sp14,level,sp26,w159b0902,"deceive, insult"
嫩,nèn,oblique,q14,oblique,q26,w431a0504,"soft, tender, delicate"
扁,biǎn,oblique|level,s16|xp01,level,xp02,w205a0605,flat
舜,shùn,oblique,q12,oblique,q22,w429a0402,"legendary ruler, last of the Five Emperors"
萋,qī,level,sp08,level,sp12,w140a0503,luxuriant foliage
寐,mèi,oblique,q04,oblique,q06,w408a0506,sleep
宸,chén,level,sp11,level,sp17,w147b0405,imperial
否,fǒu,oblique,s25|s07|s04,oblique,s05,w309a1002,"not, no, negative"
拔,bá,oblique,r08|q11|r07,oblique,r10,w516a0905,"uproot, pull out"
茎,jīng,level,xp08,level,xp13,w229b0605,"stem, stalk"
打,dǎ,oblique,s23|s21,oblique,s38,w343a0402,"strike, hit, beat"
让,ràng,oblique,q23,oblique,q41,w443b1004,"allow, permit, yield, concede"
缀,zhuì,oblique,r09|q08,oblique,q13,w419b0206,"patch together, link, connect"
庶,shù,oblique,q06,oblique,q09,w412b0503,"numerous, various"
啄,zhuó,oblique,r03|r01,oblique,r01,w502b0406,to peck
赴,fù,oblique,q07,oblique,q10,w414a0504,go to
痴,chī,level,sp04,level,sp07,w127b1001,"foolish, stupid, dumb, silly"
毒,dú,oblique,r02,oblique,r02,w507a0903,"poison, venom"
欣,xīn,level,sp12,level,sp21,w152b0401,"happy, joyous, delighted"
菲,fēi,oblique|level,sp05|s05,level,sp08,w128b0402,"fragrant, luxuriant"
勋,xūn,level,sp12,,,,meritorious deed
仆,pū,oblique,q07|q26|r02|r01,oblique,q10,w414a0702,fall forward
耻,chǐ,oblique,r08|s04,oblique,s06,w311b0402,"shame, humiliation"
选,xuǎn,oblique,q17|s16,oblique,s28,w331b0704,"choose, select"
睹,dǔ,,,oblique,s10,w317a0603,"look at, gaze at"
夺,duó,oblique,r07,oblique,r13,w520b0504,"take by force, rob, snatch"
习,xí,oblique,r14,oblique,r26,w543a0506,practice
垣,yuán,level,sp13,level,sp22,w153a0901,low wall
垒,lěi,oblique|level,sp10|s04|r04,oblique,s04,w305b0901,"rampart, military wall"
透,tòu,oblique,q26,oblique,q50,w451a0301,"penetrate, pass through"
朋,péng,level,xp10,level,xp17,w236a0702,"friend, pal, acquaintance"
卖,mài,oblique,q10,oblique,q15,w423a0901,sell
备,bèi,oblique,q04,oblique,q06,w407a0906,"prepare, ready, perfect"
绪,xù,oblique,s06,oblique,s08,w314a0501,end of thread
署,shǔ,oblique,q06,oblique,q09,w412b0404,public office
黍,shǔ,oblique,s06,oblique,s08,w313a0505,glutinous millet
僻,pì,oblique,r11,oblique,r22,w537a1002,"out-of-the-way, remote"
媚,mèi,oblique,q04,oblique,q06,w406b0304,"charming, attractive"
筑,zhù,oblique,r01,oblique,r01,w504b0707,ancient lute
憔,qiáo,level,xp02,level,xp04,w209a0701,"be worn-out, emaciated, haggard"
瓦,wǎ,oblique,s21,oblique,s35,w339a0601,tile
娱,yú,level,sp07,level,sp10,w132b0501,"pleasure, enjoyment, amusement"
料,liào,oblique|level,q18|xp02,level,xp03,w208a0901,"consider, conjecture"
闱,wéi,level,sp05,level,sp08,w128b0201,"gate, door"
麦,mài,oblique,r11,oblique,r21,w534a0401,"wheat, barley, oats"
簇,cù,oblique,r01,oblique,r01,w503a1003,"swarm, crowd together, cluster"
杉,shān,level,xp15,level,xp26,w250a1002,various species of pine and fir
孟,mèng,oblique,q24,oblique,q43,w446a0604,first in series
顷,qǐng,oblique|level,s23|xp08,level,xp14,w231b1002,a moment
爽,shuǎng,oblique,s22,oblique,s36,w340a0603,"happy, cheerful"
鹦,yīng,level,xp08,level,xp13,w229b0906,parrot
汤,tāng,oblique|level,xp07|q23,level,xp10,w221b1001,hot water
状,zhuàng,oblique,q23,oblique,q41,w443b1003,form
葬,zàng,oblique,q23,oblique,q42,w445a0904,"bury, inter"
朽,xiǔ,oblique,s25,oblique,s44,w345b0207,"decayed, rotten"
稳,wěn,oblique,s13,oblique,s21,w325b0704,"stable, firm, solid, steady"
榆,yú,level,sp07,level,sp10,w134b0707,elm tree
错,cuò,oblique,q07|r10,oblique,q11,w416a1003,"error, blunder, mistake"
膏,gāo,oblique|level,xp04|q20,level,xp06,w213a0301,"grease, fat"
舌,shé,oblique,r09,oblique,r15,w522b0707,tongue
授,shòu,oblique,q17|q26|s25,oblique,q49,w450a0305,"give to, transmit"
整,zhěng,oblique,s23,oblique,s40,w343b0201,"orderly, neat, tidy"
乳,rǔ,oblique,s07,oblique,s09,w316a0802,"breast, nipples"
蚕,cán,level,xp13,oblique,s27,w328b0603,silkworms
悄,qiāo,oblique,q18|s17,oblique,s30,w334a0202,"silent, quiet, still"
孝,xiào,oblique,q19,oblique,q36,w439a0705,"filial piety, obedience"
袂,mèi,oblique,q08,oblique,q13,w420a0204,sleeves
鬟,huán,level,sp15,level,sp27,w160a1001,dress hair in coiled knot
输,shū,oblique|level,q07|sp07,level,sp10,w136b0105,"transport, carry, haul"
跃,yuè,oblique,r10|r03,oblique,r18,w528a0102,"skip, jump, frolic"
砂,shā,level,xp06,level,xp09,w219b0201,sand
铅,qiān,level,xp01,level,xp02,w205b0904,"lead (element 82, Pb)"
艰,jiān,level,sp15,level,sp28,w161a0501,"difficult, hard"
悽,qī,level,sp08,level,sp12,w140a0506,"sorrowful, grieved, melancholy"
蔓,màn,oblique,q14,level,sp26,w159b1010,"creeping plants, tendrils, vines"
练,liàn,oblique,q17,oblique,q32,w435a0802,"to practice, drill, exercise, train"
卒,zú,oblique,r06|r04,oblique,r06,w514a1008,soldier
植,zhí,oblique,q04|r13,oblique,q07,w409b0705,"plant, trees, plants"
怒,nù,oblique,q07|s07,oblique,s10,w318a0301,"anger, rage, passion"
活,huó,oblique,r07,oblique,r13,w520a0902,"live, exist, survive"
颓,tuí,oblique|level,sp10|r01,,,,"ruined, decayed"
漾,yàng,oblique,q23,oblique,q41,w443b0601,overflow
楫,jí,oblique,r16,oblique,r29,w546b0604,"oar, paddle"
稽,jī,level,sp08,level,sp12,w141a0107,"examine, investigate"
纪,jì,oblique,s04,oblique,s06,w310a0603,"record, annal, historical account"
伫,zhù,oblique,s06,oblique,s08,w312b0804,look towards
秘,mì,oblique,q04,oblique,q06,w407a0404,"secret, mysterious, abstruse"
注,zhù,oblique,q07,oblique,q10,w413b0704,"concentrate, focus, direct"
丧,sàng,oblique|level,xp07|q23,level,xp11,w225b0801,mourning
绳,shéng,level,xp10,level,xp16,w235a0701,"rope, string, cord"
秉,bǐng,oblique,s23,oblique,s38,w342b0201,"grasp, hold"
劫,jié,oblique,r17|r15,oblique,r33,w550a0806,"take by force, coerce"
览,lǎn,oblique,s27,oblique,s49,w350b0604,"look at, inspect"
襄,xiāng,level,xp07,level,xp10,w223a0306,"aid, help, assist"
圭,guī,level,sp08,level,sp12,w142a0803,jade pointed at top
赫,hè,oblique,r11,oblique,r20,w533a1006,"bright, radiant, glowing"
决,jué,oblique,r09,oblique,r16,w523b0405,"decide, determine, judge"
疲,pí,level,sp04,level,sp05,w119a0402,"feel tired, be exhausted"
禹,yǔ,oblique,s07,oblique,s09,w314b0201,legendary hsia dynasty founder
葛,gé,oblique,r07,oblique,r12,w519b0503,edible bean
祸,huò,oblique,s20,oblique,s34,w338a0206,"misfortune, calamity, disaster"
蔽,bì,oblique,q08,oblique,q13,w419b1003,"cover, hide, conceal"
旬,xún,level,sp11,level,sp18,w150b0403,ten-day period
装,zhuāng,oblique|level,xp07|q23,level,xp10,w223b0303,"dress, clothes, attire"
塔,tǎ,oblique,r15,oblique,r28,w546a0506,"tower, spire, tall building"
猛,měng,oblique,s23,oblique,s38,w342b1002,"violent, savage, cruel"
呈,chéng,level,xp08,level,xp14,w231b0105,"submit, show"
逼,bī,oblique,r13,oblique,r24,w541a0908,"compel, pressure, force"
罪,zuì,oblique,s10,oblique,s14,w320b0503,"crime, sin, vice"
奴,nú,level,sp07,level,sp11,w138a0102,"slave, servant"
韩,hán,level,sp14,,,,fence
矜,jīn,level,xp10,level,xp16,w235b0207,"pity, feel sorry for, show sympathy"
兀,wù,oblique,r06,oblique,r11,w518a0701,to cut off the feet
遐,xiá,level,xp06,level,xp09,w219a0103,"afar, distant"
忝,tiǎn,oblique,q29|s28,oblique,s51,w352a0801,disgraced
耸,sǒng,oblique,s02,oblique,s02,w304a0701,urge on
浸,jìn,oblique|level,s26|xp12|q27,level,xp21,w243b0804,"soak, immerse, dip, percolate"
稚,zhì,oblique,q04,oblique,q06,w408a0307,"young, immature"
灞,bà,oblique,q22,oblique,q40,w443a0705,river in Shanxi province
飙,biāo,level,xp02,,,,"whirlwind, stormy gale"
凫,fú,level,sp07,level,sp10,w135b0301,"wild duck, teal"
腥,xīng,level,xp09,level,xp15,w233a0202,raw meat
衾,qīn,level,xp12,level,xp21,w245a0702,"coverlet, quilt"
冢,zhǒng,oblique|level,s02|sp01,oblique,s02,w303b0504,"burial mound, mausoleum"
卢,lú,level,sp07,level,sp11,w138b0201,"cottage, hut"
胸,xiōng,level,sp02,,,,"breast, bosom, chest"
圃,pǔ,oblique,q07|s07,oblique,s10,w318b0202,"garden, cultivated field"
阮,ruǎn,oblique|level,s13|sp13,level,sp22,w153a0705,ancient musical instrument: surname
的,de,oblique,r12,oblique,r23,w538a0504,"possessive, adjectival suffix"
惹,rě,oblique,s21,oblique,s35,w339a0701,"irritate, vex, offend, incite"
妓,jì,oblique,s04,level,sp05,w120a0104,prostitute
妍,yán,level,xp01,,,,"beautiful, handsome"
慈,cí,level,sp04,level,sp07,w128a0107,"kind, charitable, benevolent"
珊,shān,level,sp14,level,sp25,w157b0206,coral
辱,rǔ,oblique,r02,oblique,r03,w508b0301,"humiliate, insult, abuse"
败,bài,oblique,q10,oblique,q17,w424b0905,"be defeated, decline, fail"
攒,zǎn,oblique|level,q15|sp14,oblique,q28,w432b0601,"save, hoard"
典,diǎn,oblique,s16,oblique,s27,w328b0703,"law, canon"
局,jú,oblique,r02,oblique,r03,w508a0903,"bureau, office"
孰,shú,oblique,r01,oblique,r01,w505a0505,who? which? what? which one?
牢,láo,level,xp04,level,xp06,w213a0702,prison
损,sǔn,oblique,s13,oblique,s21,w325b0506,diminish
粟,sù,oblique,r02,oblique,r03,w509a0704,unhusked millet
校,xiào,oblique,q19,oblique,q36,w439a0403,school
伐,fá,oblique,r06,oblique,r10,w516a0708,"cut down, subjugate, attack"
馨,xīn,level,xp09,level,xp15,w233a0101,"fragrant, aromatic"
架,jià,oblique,q22,oblique,q40,w442a0704,"rack, stand, prop"
蟾,chán,level,xp14,level,xp24,w248b0503,toad
沼,zhǎo,oblique,s17,oblique,s30,w333a0606,"lake, fishpond, swamps"
告,gào,oblique,r02|q20,,,,"tell, announce, inform"
窟,kū,oblique,r06,oblique,r11,w518a1007,"hole, cave"
曳,yè,oblique,q08,oblique,q13,w420a0907,"trail, tow, drag, pull"
蜂,fēng,level,sp02,level,sp01,w112b0303,"bee, wasp, hornet"
媒,méi,level,sp10,level,sp15,w144b0901,"go-between, matchmaker"
部,bù,oblique,s07|s25,oblique,s10,w317b0601,"part, division, section"
顿,dùn,oblique,q14,oblique,q26,w431a0301,"pause, stop"
季,jì,oblique,q04,oblique,q06,w408b0905,quarter of year
巨,jù,oblique,s06,oblique,s08,w313b0301,"large, great, enormous"
髻,jì,oblique,q08,oblique,q12,w417b0901,"hair rolled up in a bun, topknot"
碛,qì,oblique,r11,oblique,r22,w536b0903,sand and gravel
鼠,shǔ,oblique,s06,,,,"rat, mouse"
戒,jiè,oblique,q10,oblique,q16,w423b1002,"warn, caution, admonish"
棘,jí,oblique,r13,oblique,r24,w540b0804,jujube tree
涨,zhǎng,oblique|level,xp07|q23,level,xp10,w222b0603,rise in price
丞,chéng,level,xp10,level,xp16,w234b0606,"assist, aid, rescue"
狐,hú,level,sp07,level,sp11,w137a0601,fox
握,wò,oblique,r03,oblique,r04,w510b0905,"grasp, hold fast, take by hand"
陂,bēi,oblique|level,sp04|xp05|q04,level,sp05,w118a0405,"dam, embankment"
专,zhuān,level,xp01,level,xp02,w206a0902,"monopolize, take sole possession"
敲,qiāo,oblique|level,xp03|q19,level,xp05,w212a0805,"strike, beat, pound, hammer"
鹉,wǔ,oblique,s07,oblique,s09,w315a1007,species of parrot
郑,zhèng,oblique,q24,oblique,q45,w446b0904,state in today's Henan
碍,ài,oblique,q11,oblique,q19,w426b0503,"obstruct, hinder, block, deter"
涉,shè,oblique,r16,oblique,r29,w546b0904,"ford stream, wade across"
呜,wū,oblique|level,s07|sp07,level,sp11,w139a0301,"sound of crying, sobbing"
晦,huì,oblique,q11,oblique,q18,w425b0204,"dark, unclear, obscure"
烽,fēng,level,sp02,level,sp03,w115a0303,signal fire
煖,nuǎn,oblique,s14,level,sp22,w153b1002,"warm, genial"
科,kē,oblique|level,r17|xp05,level,xp08,w217a1004,"section, department, science"
烈,liè,oblique,r09,oblique,r17,w526a0101,"fiery, violent, vehement, ardent"
递,dì,oblique,s08|q08,oblique,s11,w319a0404,"hand over, deliver"
顺,shùn,oblique,q12,oblique,q22,w429a0701,"obey, submit to, go along with"
邦,bāng,level,sp03,level,sp04,w116a0502,"nation, country, state"
操,cāo,oblique|level,xp04|q20,level,xp06,w214b0906,"conduct, run, control, manage"
蹉,cuō,oblique|level,xp05|q21,level,xp07,w215a0402,"error, mistake, slip"
伦,lún,level,sp11,level,sp18,w150a0602,normal human relationships
闾,lǘ,level,sp06,level,sp09,w131b0101,village of twenty-five families
障,zhàng,oblique|level,xp07|q23,level,xp10,w222a0606,separate
涂,tú,level,xp06|sp06|sp07,level,sp09,w131b1004,surname
芽,yá,level,xp06,level,xp09,w219b0402,"bud, sprout, shoot"
案,àn,oblique,q15,oblique,q28,w432a0104,"table, bench"
妒,dù,oblique,q07,oblique,q11,w415b0201,"jealous, envious"
族,zú,oblique,q26|r01,oblique,r01,w503a0901,"a family clan, ethnic group, tribe"
慢,màn,oblique,q16,oblique,q30,w434a0404,"slow(ly), leisurely, sluggish"
插,chā,oblique,r17,oblique,r31,w549a0804,"insert, stick into"
氲,yūn,level,sp12,level,sp20,w151b0504,life giving influences of nature
徊,huái,level,sp10,level,sp15,w144b0701,"linger, walk to and fro, hesitate"
增,zēng,level,xp10,level,xp17,w236a0304,"increase, add to, augment"
姬,jī,level,sp04,level,sp07,w126a0208,beauty
隋,suí,level,sp04,level,sp05,w118a0702,Sui dynasty
扑,pū,oblique,r01,oblique,r01,w503b0204,"pound, beat, strike"
具,jù,oblique,q07,oblique,q10,w414b0102,"tool, implement"
函,hán,level,xp13|xp15,level,xp22,w246b0301,correspondence
檀,tán,level,sp14,level,sp25,w157b0304,"sandalwood, hardwood"
怯,qiè,oblique,r17|r15,oblique,r33,w550a0704,"lacking in courage, afraid"
渴,kě,oblique,r07,oblique,r12,w519a0908,"thirsty, parched"
议,yì,oblique,q04,oblique,q05,w405a1002,"consult, talk over, discuss"
液,yè,oblique,r11,oblique,r22,w536a0501,"sap, juice, liquid, fluid"
跎,tuó,level,xp05,level,xp07,w215a1002,"slip, stumble, falter"
邪,xié,level,xp06,level,xp09,w218a0302,"wrong, evil, depraved, vicious, perverse, heterodox"
软,ruǎn,oblique,s16,oblique,s28,w331a1002,"soft, flexible, pliable"
皮,pí,level,sp04,level,sp05,w119a0401,"skin, hide, fur, feather"
鲸,jīng,level,xp08,level,xp12,w229a0405,whale
秪,zhī,,,level,sp06,w125b0403,"only, merely"
朗,lǎng,oblique,s22,oblique,s37,w341b0901,"clear, bright"
崔,cuī,level,sp10,level,sp15,w145a0705,"high, lofty, towering"
驭,yù,oblique,q06,oblique,q09,w412a0802,"drive, ride"
悔,huǐ,oblique,s10|q11,oblique,s14,w320a0905,"repent, show remorse, regret"
耶,yé,level,xp06,,,,used in transliteration
傲,ào,oblique,q20,oblique,q37,w440a0606,"proud, haughty, overbearing"
均,jūn,level,sp11,level,sp18,w150b0701,"equal, even, fair"
倍,bèi,oblique,s10,oblique,s15,w322a0101,"times, fold, multiple times"
逝,shì,oblique,r17|q08,oblique,q13,w420a0801,pass away
逾,yú,level,sp07,level,sp10,w134b0401,"go over, pass over, exceed"
滑,huá,oblique,r06|r08,oblique,r11,w517b0103,"slip, slide"
喷,pēn,oblique|level,q14|sp13,level,sp23,w156b0401,"spurt, blow out, puff out"
郢,yǐng,oblique,s23,oblique,s40,w343b0303,ancient city in Hubei
祝,zhù,oblique,r01,oblique,q49,w449a0605,pray for happiness or blessings
浴,yù,oblique,r02,oblique,r03,w508b0503,"bathe, wash"
尤,yóu,level,xp11,level,xp18,w236b0601,"especially, particularly"
尉,wèi,oblique,r05|q05,oblique,q08,w411a1007,"officer, military rank"
烹,pēng,level,xp08,,,,"boil, cook"
薜,bì,oblique,q08|r11,oblique,q12,w418b0307,"evergreen shrubs, genus Ligusticum"
榻,tà,oblique,r15,oblique,r28,w546a0307,"cot, couch, bed"
速,sù,oblique,r01,oblique,r01,w502b0506,"quick, prompt, speedy"
敬,jìng,oblique,q24,oblique,q43,w445b1005,"respect, honor"
旁,páng,level,xp07,level,xp11,w227a0502,side
格,gé,oblique,r10|r11,oblique,r19,w530b0703,"pattern, standard, form"
汲,jí,oblique,r14,oblique,r26,w543b0906,draw water from well
翡,fěi,oblique,q05,oblique,q08,w411b0803,kingfisher
设,shè,oblique,r09,oblique,r17,w527b0208,build
梵,fàn,oblique,q30,level,sp01,w109b0802,"Buddhist, Sanskrit"
辕,yuán,level,sp13,level,sp22,w153a1001,axle
雉,zhì,oblique,q04|s04,oblique,s05,w309a0101,pheasant
央,yāng,level,xp07,level,xp10,w224a0803,"center, conclude, run out"
坏,huài,oblique|level,sp10|q10,oblique,q16,w423b0806,"rotten, spoilt, bad, broken down"
算,suàn,oblique,q15|s14,oblique,s24,w327a0604,"count, calculate, figure"
裂,liè,oblique,r09,oblique,r17,w526a0104,"split, crack, break open"
冉,rǎn,oblique,s28,level,xp24,w249a0201,tender
桡,ráo,oblique|level,q19|xp02,level,xp04,w209b0402,bent or twisted piece of wood
榜,bǎng,oblique|level,xp08|s22|q24,level,xp12,w228a0103,placard
棠,táng,level,xp07,level,xp11,w224b0703,crab apple tree
苟,gǒu,oblique,s25,oblique,s45,w347b0303,"careless, frivolous"
傅,fù,oblique,q07,oblique,q10,w414b0701,"tutor, teacher"
瀛,yíng,level,xp08,level,xp14,w230b0803,"sea, ocean"
缺,quē,oblique,r09,oblique,r16,w523b0505,"be short of, lack"
沉,chén,,,level,xp21,w244a1001,"sink, submerge"
恒,héng,level,xp10,,,,"constant, regular, persistent"
讲,jiǎng,oblique,s03,oblique,s03,w304b0201,explain
线,xiàn,oblique,q17,oblique,q33,w436a0301,"line, thread, wire"
穆,mù,oblique,r01,oblique,r01,w507a0301,"majestic, solemn, reverent"
彭,péng,level,xp08|xp07,level,xp12,w227b0905,name of ancient country
裾,jū,level,sp06,level,sp09,w130a0103,"lapel, border of garment"
鍊,liàn,oblique,q17,oblique,q32,w435a0804,"smelt metals, forge"
瓜,guā,level,xp06,,,,"melon, gourd, cucumber"
藉,jí,oblique,q22|r11,oblique,q40,w442b0902,"mat, pad"
锋,fēng,level,sp02,level,sp03,w115a0102,"point of spear, sharp point"
混,hùn,oblique,s13,oblique,s21,w325b0101,"to mix, blend, mingle"
誓,shì,oblique,q08,oblique,q13,w420a0805,"swear, pledge"
煎,jiān,oblique|level,q17|xp01,level,xp02,w204a0501,fry in fat or oil
蒸,zhēng,level,xp10,level,xp16,w234b0501,steam
豁,huō,oblique,r07,oblique,r13,w520b0701,"open up, clear"
救,jiù,oblique,q26,oblique,q49,w448b0802,"save, rescue, relieve"
蹋,tà,oblique,r15,oblique,r28,w546a0703,"step on, tread on"
夭,yāo,oblique|level,s17|s19|xp02,level,xp04,w211a0105,"young, fresh-looking"
旨,zhǐ,oblique,s04,oblique,s05,w308a0301,"purpose, aim"
亩,mǔ,oblique,s07|s25,,,,Chinese land measure
锄,chú,level,sp06,level,sp09,w131a0201,hoe
漂,piāo,oblique|level,q18|xp02,level,xp04,w211a0401,"float, drift"
寰,huán,level,sp15,level,sp27,w160a1002,"great domain, country, world"
缓,huǎn,oblique,s14,oblique,s24,w327a0201,"slow, leisurely"
骊,lí,level,sp04|sp08,level,sp05,w119a1005,a pure black horse
效,xiào,oblique,q19,oblique,q36,w439a0401,"result, effect"
补,bǔ,oblique,s07,oblique,s10,w318b0103,"mend, patch, fix, repair, restore"
厨,chú,level,sp07,level,sp10,w136b0304,kitchen
肌,jī,level,sp04,level,sp06,w123a0102,muscle tissue
召,zhào,oblique,q18,oblique,q35,w438b0101,imperial decree
潘,pān,level,sp14,level,sp26,w160a0203,surname
翳,yì,oblique,q08,level,sp12,w141a0701,"shade, screen"
趁,chèn,oblique,q12|s16,level,sp17,w148b0303,"take advantage of, avail oneself"
槎,chá,oblique,s21,level,xp09,w220a0502,raft
优,yōu,oblique|level,xp11|s25,level,xp18,w236b0803,"superior, excellent"
迸,bèng,oblique,q24,oblique,q44,w446b0502,gush out
品,pǐn,oblique,s26|r17,oblique,s47,w349a1004,"article, product, commodity"
蹇,jiǎn,oblique|level,s13|sp13|s16,oblique,s20,w324b0803,"lame, crippled"
迤,yí,oblique|level,sp04|s04,,,,wind
乎,hū,level,sp07,level,sp11,w137a0809,interrogative or exclamatory final particle
充,chōng,level,sp01,level,sp01,w110a0302,"fill, be full, supply"
付,fù,oblique,q07,oblique,q10,w414b0602,"give, deliver, pay, hand over"
臂,bì,oblique,q04,oblique,q05,w405a0405,arm
扃,jiōng,level,xp09,level,xp15,w234b0303,a door bar placed outside a door
逃,táo,level,xp04,level,xp06,w214a0701,"escape, flee"
乖,guāi,level,sp04|sp09,level,sp14,w143b0906,rebel
笺,jiān,level,xp01,level,xp01,w201b1004,"note, memo"
躬,gōng,level,sp01,level,sp01,w109a1001,body
博,bó,oblique,r10,oblique,r19,w531b0605,"gamble, play games"
庾,yǔ,oblique,s07,,,,granary
寇,kòu,oblique,q26,oblique,q50,w450a0901,"bandits, thieves"
柯,kē,level,xp05,level,xp07,w215a0202,axe-handle
翮,hé,oblique,r11,oblique,r21,w535a0107,stem of feather
编,biān,level,xp01,level,xp01,w203b0407,"knit, weave"
屯,tún,level,sp11|sp13,level,sp18,w150a0903,"village, hamlet"
勒,lēi,oblique,r13,oblique,r25,w542a0404,"strangle, tighten"
务,wù,oblique,q07,oblique,q10,w414a0705,"affairs, business"
组,zǔ,oblique,s07,oblique,s10,w317b0703,class
犀,xī,level,sp08,level,sp12,w141b0606,rhinoceros
湲,yuán,level,sp15|sp13|xp01,level,sp28,w161b0501,flow
蔬,shū,level,sp06,level,sp09,w131a0403,"vegetables, greens"
篁,huáng,level,xp07,level,xp11,w226a0606,bamboo grove
澜,lán,oblique|level,q15|sp14,level,sp25,w158a0301,overflowing
特,tè,oblique,r13,oblique,r25,w542a0801,"special, unique, distinguished"
浆,jiāng,level,xp07,level,xp10,w223a0801,any thick fluid
蕃,fān,level,sp13,level,sp22,w153b0505,foreign things
梢,shāo,level,xp03,level,xp05,w211b0906,pointed tip of something long like a branch
祀,sì,oblique,s04,oblique,s06,w310a1002,"to sacrifice, worship"
冕,miǎn,oblique,s16,oblique,s28,w332a0202,crown
蟠,pán,level,sp14,level,sp22,w153b0504,coil
棱,léng,level,xp10,level,xp17,w236a0202,squared timber
恼,nǎo,oblique,s19,oblique,s32,w335b0202,"angered, filled with hate"
倏,shū,,,,,,"hastily, suddenly, abruptly"
骢,cōng,level,sp01,,,,horse with a bluish white color
峻,jùn,oblique,q12,oblique,q22,w428b0901,"high, steep, towering"
掖,yē,oblique,r11,oblique,r22,w536a0403,support with the arms
匡,kuāng,level,xp07,level,xp10,w224a0203,"correct, restore, revise"
蓝,lán,level,xp13,level,xp23,w247b0505,blue
霸,bà,oblique,q22|r11,oblique,q40,w443a0603,rule by might rather than right
薇,wēi,level,sp05,level,sp06,w125a0501,"Osmunda regalis, a species of fern"
崩,bēng,level,xp10,level,xp17,w236a0303,"rupture, split apart, collapse"
污,wū,oblique|level,q07|xp06|sp07,,,,"filthy, dirty, impure, polluted"
熏,xūn,oblique|level,q13|sp12,level,sp20,w152a0603,"smoke, fog, vapor"
眷,juàn,oblique,q17,oblique,q33,w436b0506,"take interest in, care for"
眇,miǎo,oblique,s17,oblique,s30,w333b0307,blind in one eye
缠,chán,oblique|level,q17|xp01,level,xp02,w204b0903,"wrap, wind around"
廷,tíng,oblique|level,xp09|q25,level,xp15,w232b0708,court
蚁,yǐ,oblique,s04,oblique,s04,w306a0403,ants
痛,tòng,oblique,q01,oblique,q01,w403a0403,"pain, ache"
纳,nà,oblique,r15,oblique,r27,w545b0104,"admit, take, receive, accept"
截,jié,oblique,r09,,,,"cut off, stop, obstruct, intersect"
亚,yà,oblique,q22,oblique,q40,w442a0807,Asia
域,yù,oblique,r17|r13,oblique,r24,w541b0101,"district, region, boundary"
摩,mó,oblique|level,xp05|q21,level,xp08,w216b0903,"rub, scour, grind"
鹏,péng,level,xp10,level,xp17,w236a0704,fabulous bird of enormous size
肩,jiān,level,xp01,level,xp01,w202a0601,shoulders
禾,hé,level,xp05,level,xp08,w217a0903,grain still on stalk
靡,mí,oblique,s04,oblique,s04,w305a0405,"divide, disperse, scatter"
牡,mǔ,oblique,s07|s25,oblique,s45,w347a0601,male of animals
婵,chán,level,xp01,level,xp02,w204b0902,"beautiful, lovely, pretty, graceful"
朵,duǒ,oblique,s20,oblique,s34,w337a0807,cluster of flowers
仞,rèn,oblique,q12,oblique,q21,w427b0403,ancient unit of measure (8 feet)
像,xiàng,oblique,s22,oblique,s36,w339b0503,"a picture, image, figure"
噪,zào,oblique,q20,oblique,q37,w440b0804,be noisy
拨,bō,oblique,r07,oblique,r13,w520a0601,move
刃,rèn,oblique,q12,oblique,q21,w427b0305,"edged tool, cutlery, knife edge"
徘,pái,level,sp10,level,sp15,w145b0301,"walk back and forth, hesitate"
栋,dòng,oblique,q01,oblique,q01,w402b0801,main beams supporting house
胆,dǎn,oblique,s27,level,sp25,w157b0702,gall bladder
敷,fū,level,sp07,level,sp10,w135b0902,"spread, diffuse"
煌,huáng,level,xp07,level,xp11,w226a0504,"bright, shining, luminous"
俄,é,level,xp05,level,xp07,w215b0605,"sudden(ly), soon"
贡,gòng,oblique,q01,oblique,q01,w402b0402,offer tribute
费,fèi,oblique,q04|q05,oblique,q06,w407a0601,"expenses, expenditures, fee"
缄,jiān,level,xp15,level,xp26,w250a0805,"seal, close"
捲,juǎn,oblique,s16,level,xp02,w207a0307,"curl, roll up"
筝,zhēng,level,xp08,level,xp13,w230b0103,stringed musical instrument
惯,guàn,oblique,q16,oblique,q30,w434a0703,"habit, custom"
蔼,ǎi,oblique,q09,oblique,q14,w421b0303,lush
薪,xīn,level,sp11,level,sp17,w147b0301,"fuel, firewood"
貂,diāo,level,xp02,level,xp03,w207b0506,"marten, sable, mink"
惬,qiè,oblique,r16,oblique,r30,w548a0502,"be satisfied, be comfortable"
骏,jùn,oblique,q12,oblique,q22,w429a0205,"excellent horse, noble steed"
莓,méi,level,sp10,level,sp15,w144b1004,moss
冈,gāng,level,xp07,level,xp11,w225b0401,ridge or crest of hill
叔,shū,oblique,r01,oblique,r01,w505b0602,father's younger brother
帽,mào,oblique,q20,oblique,q37,w440a0801,"hat, cap"
辙,zhé,oblique,r09,oblique,r17,w527a1001,"wagon ruts, wheel tracks"
盏,zhǎn,,,oblique,s26,w328b0202,small cup or container
羌,qiāng,level,xp07,level,xp10,w222a0905,Qiang nationality
筹,chóu,level,xp11,level,xp18,w240a0904,"chip, tally, token"
埽,sào,oblique,s19|q20,oblique,s32,w335b0304,broom
焰,yàn,oblique,q29,oblique,q55,w453a0604,"flame, blaze"
藜,lí,level,sp08,level,sp12,w140a0204,"Chenopodium album, pigweed"
灶,zào,,,oblique,q37,w440b1001,"kitchen stove, cooking stove"
凰,huáng,level,xp07,level,xp11,w226a0701,female phoenix
札,zhá,oblique,r08,oblique,r14,w521a1005,"letter, note"
示,shì,oblique,q04,level,sp05,w118b0105,"show, manifest"
颂,sòng,oblique,q02,level,sp03,w114a0603,"laud, acclaim"
煮,zhǔ,oblique,s06,,,,cook
贯,guàn,oblique,q15,level,sp26,w159a0503,a string of 1000 coins
盗,dào,oblique,q20,oblique,q37,w440a0206,"rob, steal"
墓,mù,oblique,q07,oblique,q11,w415a0502,"grave, tomb"
狎,xiá,oblique,r17,oblique,r32,w549b0501,be familiar with
逆,nì,oblique,r11,oblique,r20,w533a0601,"disobey, rebel"
箧,qiè,oblique,r16,oblique,r30,w548a0507,"rattan box, suitcase, or case"
释,shì,oblique,r11,oblique,r22,w536a0804,"interpret, elucidate"
臾,yú,level,sp07,oblique,q06,w407a0702,"moment, instant, short while"
申,shēn,level,sp11,level,sp17,w147b1006,"to state to a superior, report"
妄,wàng,oblique,q23,oblique,q41,w444b0603,"absurd, foolish, reckless"
顽,wán,level,sp15,level,sp27,w160b1002,"obstinate, stubborn"
诵,sòng,oblique,q02,oblique,q03,w403b0901,"recite, chant, repeat"
泻,xiè,oblique,q22|s21,oblique,s35,w338b0802,"drain off, leak"
牖,yǒu,oblique,s25,oblique,s44,w346b0102,window
涵,hán,level,xp13,level,xp22,w246b0201,"soak, wet"
粗,cū,,,oblique,s10,w317b0602,"rough, thick, course"
樱,yīng,level,xp08,level,xp13,w229b0904,"cherry, cherry blossom"
践,jiàn,oblique,s16,oblique,s28,w329b0803,"trample, tread upon, walk on"
米,mǐ,oblique,s08,oblique,s11,w319b0106,hulled or husked uncooked rice
循,xún,level,sp11,level,sp18,w150b0503,"obey, comply with, follow"
婴,yīng,level,xp08,level,xp14,w231a0203,"baby, infant"
扣,kòu,oblique,q26|s25,oblique,s45,w348a0602,"knock, strike, rap, tap"
銮,luán,level,sp14,level,sp26,w159a0702,bells hung on horse
飖,yáo,level,xp02,level,xp04,w209b0602,"floating in air, drifting with wind"
按,àn,oblique,q15,oblique,q28,w432a0103,"put hand on, press down with hand"
峭,qiào,oblique,q18,oblique,q35,w438b0504,"steep, precipitous, rugged"
萼,è,oblique,r10,oblique,r19,w530b1004,the stem and calyx of a flower
匪,fěi,oblique,s05,oblique,s07,w312a0306,"bandits, robbers, gangsters"
腻,nì,oblique,q04,oblique,q06,w407b0904,"greasy, oily, dirty"
突,tū,oblique,r06,oblique,r11,w517b0804,"suddenly, abruptly, unexpectedly"
震,zhèn,oblique,q12,oblique,q21,w427a0901,"shake, quake, tremor"
灼,zhuó,oblique,r10,oblique,r18,w528a0806,burn
犯,fàn,oblique,s29,oblique,s55,w353a0903,"commit crime, violate"
傥,tǎng,oblique,q23|s22,oblique,s37,w341b0303,"if, supposing, in case"
逶,wēi,level,sp04,level,sp05,w117b0405,"winding, curving"
漱,shù,oblique,q26,oblique,q49,w449a0705,"gargle, rinse"
谣,yáo,level,xp02,,,,sing
琐,suǒ,oblique,s20,oblique,s34,w337a1005,"trifling, petty"
曛,xūn,level,sp12,level,sp20,w152a0504,twilight
帛,bó,oblique,r11,oblique,r20,w532b0401,"silks, fabrics"
褐,hè,oblique,r07,oblique,r12,w518b1002,coarse woolen cloth
疆,jiāng,level,xp07,level,xp10,w222b0102,"boundary, border, frontier"
钧,jūn,level,sp11,level,sp18,w150b0702,unit of measure equivalent to thirty catties
荧,yíng,level,xp09,level,xp15,w234b0105,"shine, shimmer"
纡,yū,oblique|level,q05|sp07,level,sp10,w136a0903,"bend, turn, twist"
鼙,pí,level,sp08,level,sp12,w141b0904,drum carried on horseback
涩,sè,,,oblique,r26,w544a0305,astringent
茗,míng,oblique,s24,oblique,s41,w344a0508,tea
范,fàn,oblique,s29,oblique,s55,w353a0801,surname
瓮,wèng,oblique,q01,oblique,q01,w403a0102,earthen jar
斩,zhǎn,oblique,s29,oblique,s53,w352b1004,"cut, chop, sever"
鳌,áo,level,xp04,level,xp06,w214b0406,huge sea turtle
狱,yù,oblique,r02,oblique,r03,w508a0501,"prison, jail"
沽,gū,level,sp07,level,sp11,w137b0305,buy and sell
惧,jù,oblique,q07,oblique,q10,w414b0101,"fear, be afraid of, dread"
蕉,jiāo,level,xp02,level,xp04,w209b0101,banana
恭,gōng,level,sp02,level,sp03,w115a1004,"respectful, polite, reverent"
患,huàn,oblique|level,q16|sp15,oblique,q30,w434a0504,"suffer, worry about"
谬,miù,oblique,q26,oblique,q51,w451b0402,"error, exaggeration"
霖,lín,level,xp12,level,xp21,w244a0501,"long spell of rain, copious rain"
俨,yǎn,oblique,s28,oblique,s52,w352b0401,"grave, respectful, majestic"
饵,ěr,oblique,q04,oblique,q07,w410a0502,bait
湛,zhàn,oblique|level,xp13|xp12|s29,level,xp21,w244a1006,deep
浔,xún,level,xp12,level,xp21,w244a0101,steep bank by stream
吉,jí,oblique,r04,oblique,r05,w512a0204,"lucky, propitious, good"
抵,dǐ,oblique,s08|s04,oblique,s11,w319a0205,"resist, oppose"
悦,yuè,oblique,r09,,,,"pleased, contented, gratified"
绡,xiāo,level,xp02,level,xp04,w208b0901,raw silk fabric
莽,mǎng,oblique,s07|s22|s25,oblique,s10,w316b0602,"thicket, underbrush"
熊,xióng,level,sp01,level,sp01,w109b0301,a bear
序,xù,oblique,s06,oblique,s08,w314a0503,"series, serial order, sequence"
获,huò,oblique,q07|r10|r11,oblique,r21,w534a0603,"obtain, get, receive"
匀,yún,level,sp11,level,sp18,w150b0401,equal
寡,guǎ,oblique,s21,oblique,s35,w339a0405,widowed
徽,huī,level,sp05,level,sp08,w128a0902,"a badge, insignia"
溢,yì,oblique,r04,oblique,r05,w512a0503,"overflow, brim over"
翘,qiào,level,xp02,level,xp04,w211a0607,"turn up, lift, elevate, raise"
屿,yǔ,oblique,s06,oblique,s08,w314a0602,island
怆,chuàng,oblique|level,q23|xp07|s22,oblique,s36,w340a0501,"sad, broken-hearted, disconsolate"
附,fù,oblique,q07,oblique,q10,w413b0405,"adhere to, append"
畦,qí,level,sp08,level,sp12,w142b0503,sections in vegetable farm
闇,àn,oblique|level,xp13|s27|q28,oblique,q53,w452b0103,"close, shut"
沿,yán,level,xp01,level,xp02,w205b0902,"follow a course, go along"
葱,cōng,,,level,sp01,w112a0401,"scallions, leeks, green onions"
鹄,gǔ,oblique,r02,oblique,r02,w507b0305,target
仓,cāng,level,xp07,level,xp11,w225b0105,granary
铭,míng,level,xp09,level,xp15,w234a0601,"inscribe, engrave"
凶,xiōng,level,sp02,level,sp03,w114a1001,culprit
油,yóu,oblique|level,xp11|q26,level,xp18,w237b0701,"oil, fat, grease, lard"
琅,láng,level,xp07,level,xp11,w225a0506,a variety of white carnelian
筋,jīn,level,sp12,level,sp21,w152b0801,muscles
黎,lí,level,sp08,level,sp12,w140a0103,surname
帏,wéi,level,sp05,level,sp08,w128a1005,curtain that forms wall
揖,yī,oblique,r14,oblique,r26,w543b0205,"salute, bow"
秩,zhì,oblique,r04,oblique,r05,w511b0404,order
藩,fān,level,sp13,level,sp22,w153b0804,fence
讶,yà,oblique,q22,oblique,q40,w442b0106,"express surprise, be surprised"
拍,pāi,oblique,r11,oblique,r20,w533a0902,"clap, tap, beat"
衲,nà,oblique,r15,oblique,r27,w545b0202,"mend, sew, patch"
骥,jì,oblique,q04,oblique,q06,w408a0804,thoroughbred horse
沐,mù,oblique,r01,oblique,r01,w503b0901,"bathe, cleanse, wash, shampoo"
啭,zhuàn,oblique,q17,oblique,q33,w437a1003,"sing, chirp, warble, twitter"
溅,jiàn,oblique|level,q17|xp01,level,xp01,w202a0204,"sprinkle, spray"
娘,niáng,level,xp07,level,xp10,w223b0106,mother
麝,shè,oblique,q22,oblique,q40,w443a0601,musk deer
屐,jī,oblique,r11,oblique,r20,w532b0705,"wooden shoes, clogs"
猜,cāi,level,sp10,level,sp16,w146b0606,"guess, conjecture, suppose"
捣,dǎo,oblique,s19,,,,hull
样,yàng,oblique,q23,level,xp10,w221a0201,"shape, form, pattern, style"
珑,lóng,level,sp01,level,sp01,w111b0503,a gem cut like dragon
榭,xiè,oblique,q22,oblique,q40,w442b0701,"kiosk, pavilion"
汾,fén,level,sp12,level,sp20,w151b0606,river in Shanxi province
轴,zhóu,oblique,r01,oblique,r01,w504b0701,"axle, axletree"
溜,liū,oblique,q26,oblique,q49,w449b0202,"slide, glide, slip"
剧,jù,oblique,r11,oblique,r20,w532b0704,"theatrical plays, opera, drama"
蔡,cài,oblique,q09,oblique,q14,w422b0905,surname
眺,tiào,oblique,q18,oblique,q34,w437b0601,"look at, gaze at, scan, survey"
崙,lún,level,sp13,,,,Kunlun mountains in Jiangsu
葭,jiā,oblique|level,xp06|q12,level,xp09,w218b0703,"bulrush, reed"
慎,shèn,oblique,q12,,,,"act with care, be cautious"
盐,yán,oblique|level,q29|xp14,level,xp24,w248a0301,salt
测,cè,oblique,r13,oblique,r24,w540b0203,"measure, estimate, conjecture"
豆,dòu,oblique,q26,oblique,q50,w450b0405,"beans, peas"
蜡,là,oblique,r15|q22,oblique,q09,w412b0301,wax
贮,zhù,oblique,s06,oblique,s08,w313a0701,"store, stockpile, hoard"
穹,qióng,level,sp01,level,sp01,w109b0501,high and vast
醪,láo,level,xp04,level,xp06,w213a0806,"unclear wine, wine with dregs"
乏,fá,oblique,r17,oblique,r34,w550b0401,lack
砚,yàn,oblique,q17,oblique,q32,w435b0301,inkstone
勇,yǒng,oblique,s02,oblique,s02,w303b0703,"brave, courageous, fierce"
俊,jùn,oblique,q12,oblique,q22,w429a0201,"talented, capable"
湾,wān,level,sp15|sp14,level,sp27,w160a0706,"bay, cove, inlet, bend of stream"
刚,gāng,level,xp07,level,xp11,w225b0403,"hard, tough, rigid, strong"
峦,luán,level,sp14,level,sp26,w159a0901,mountain range
基,jī,oblique|level,sp04|r17,level,sp07,w127a0603,"foundation, base"
削,xuē,oblique,r10,oblique,r18,w529a0101,"scrape off, pare, trim"
豹,bào,oblique,q19,oblique,q36,w439a1002,"leopard, panther"
涌,yǒng,oblique,s02,oblique,s02,w303b0705,"surge up, bubble up, gush forth"
榴,liú,level,xp11,level,xp18,w237a0605,pomegranate
焦,jiāo,level,xp02,level,xp04,w209a1003,"burned, scorched"
割,gē,oblique,r07,oblique,r12,w519b0603,"cut, divide, partition"
樯,qiáng,level,xp07,level,xp10,w223b0901,"mast, yard-arm, boom"
互,hù,oblique,q07,oblique,q11,w415b1005,"mutually, reciprocally"
吁,xū,oblique|level,q07|sp07,level,sp10,w133b0301,interjection 'Alas!'
蹑,niè,oblique,r16,oblique,r29,w547a0701,"tread, step on"
丑,chǒu,oblique,s25,oblique,s44,w345b0106,"clown, comedian"
滟,yàn,oblique,q29,oblique,q55,w453a0702,"overflowing, billowing"
椒,jiāo,level,xp02,level,xp04,w209b0105,"pepper, spices"
艺,yì,oblique,q08,oblique,q13,w420b0406,art
筠,yún,level,sp11,level,sp17,w149a0606,bamboo skin
麋,mí,level,sp04,level,sp06,w125a0401,"Père David's deer, milu, elaphure (Elaphurus davidianus)"
淅,xī,oblique,r12,oblique,r23,w537b0602,water used wash rice
雠,chóu,level,xp11,level,xp18,w238b0803,"enemy, rival, opponent"
恰,qià,oblique,r17,oblique,r31,w549a0205,"just, exactly, precisely"
跳,tiào,oblique|level,q18|xp02,level,xp03,w208a0101,"jump, leap, vault, bounce"
壤,rǎng,oblique,s22,oblique,s36,w340b0403,"soil, loam, earth"
茸,rōng,oblique|level,s02|sp02,level,sp03,w115a0502,"soft, downy"
汎,fàn,oblique|level,q12|sp01|q30,level,sp01,w109b0702,"float, drift"
斧,fǔ,oblique,s07,,,,"axe, hatchet"
洽,qià,oblique,r17,oblique,r31,w548b1001,"to blend with, be in harmony"
羲,xī,level,sp04,level,sp05,w118b0701,surname
幢,chuáng,oblique|level,sp03|q03,level,sp04,w116b0304,carriage curtain
霰,xiàn,oblique,q17,oblique,q32,w434b0501,"hail, sleet"
阅,yuè,oblique,r09,oblique,r17,w526b0803,"examine, inspect, review, read"
脂,zhī,level,sp04,level,sp06,w121b1001,"fat, grease, lard"
锵,qiāng,level,xp07,level,xp10,w223b1002,"tinkle, clang, jingle"
隈,wēi,level,sp10,level,sp15,w144b0404,"cove, bay, inlet"
辔,pèi,oblique,q04,oblique,q06,w407a0503,"bridle of horse, reins"
旄,máo,oblique|level,xp04|q20,level,xp06,w213b0301,a kind of ancient flag
拘,jū,level,sp07,level,sp10,w136b0402,"restrain, seize, detain"
旱,hàn,oblique,s14,oblique,s23,w326a0901,drought
籁,lài,oblique,q09,oblique,q14,w422b1004,bamboo flute
啾,jiū,level,xp11,level,xp18,w238a0604,wailing of child
龄,líng,level,xp09,level,xp15,w233a0801,age
闷,mèn,oblique,q14,oblique,q26,w431a0603,"gloomy, depressed, melancholy"
缥,piāo,oblique,s17,oblique,s30,w333b0205,light blue silk
墟,xū,level,sp06,level,sp09,w132a0802,high mound
廓,kuò,oblique,r10,oblique,r19,w532a0707,"broad, wide, open, empty"
淫,yín,level,xp12,level,xp21,w244b0505,"obscene, licentious, lewd"
饰,shì,oblique,r13,oblique,r24,w540a0903,"decorate, ornament, adorn"
蠹,dù,oblique,q07,oblique,q11,w415b0302,moth
艇,tǐng,oblique,s24,oblique,s41,w344a0902,"small boat, dugout, punt"
雍,yōng,oblique|level,q02|sp02,level,sp03,w114b0203,"harmony, union"
苇,wěi,oblique,s05,oblique,s07,w312a0605,reed
怡,yí,level,sp04,level,sp07,w125b0905,harmony
蛩,qióng,level,sp02,level,sp03,w115a0606,"cricket, locust"
卓,zhuó,oblique,r03,oblique,r04,w510a0304,"profound, brilliant, lofty"
灾,zāi,level,sp10,level,sp16,w146b0503,"calamity, disaster, catastrophe"
匝,zā,oblique,r15,,,,full circle
畴,chóu,level,xp11,level,xp18,w240a0801,"farmland, arable land"
峤,jiào,oblique|level,q18|xp02,oblique,q35,w438b0203,high pointed mountain
閒,xián,level,sp15,level,sp28,w161a0403,leisure
骸,hái,level,sp09,level,sp14,w143b0703,"skeleton, body"
奠,diàn,oblique,q17|q25,oblique,q32,w435a0402,pay respect
黯,àn,oblique,s29,level,xp26,w250b0201,"dark, black"
遽,jù,oblique,q06,oblique,q09,w412b1003,"suddenly, unexpectedly"
祇,qí,level,sp04,level,sp05,w118b0104,the spirit of the earth
鲤,lǐ,oblique,s04,oblique,s06,w310b0702,carp
沃,wò,oblique,r02,oblique,r02,w507a0801,"water, irrigate"
粲,càn,oblique,q15,oblique,q28,w432b0106,polish
剩,shèng,oblique,q25,,,,"leftovers, residue, remains"
柄,bǐng,oblique,q24,oblique,q43,w446a0805,"handle, lever, knob"
葵,kuí,level,sp04,level,sp06,w124a0301,sunflower
粒,lì,oblique,r14,oblique,r26,w543b0802,grain
缝,fèng,oblique|level,q02|sp02,level,sp03,w114b0905,"sew, mend"
匠,jiàng,oblique,q23,oblique,q41,w444a0805,"craftsman, artisan"
窈,yǎo,oblique,s17,oblique,s29,w332b0402,"obscure, secluded"
俦,chóu,level,xp11,level,xp18,w240a0701,"companion, mate, colleague"
咫,zhǐ,oblique,s04,oblique,s04,w304b0902,foot measure of Zhou dynasty
弯,wān,level,sp15,level,sp27,w160a0705,"bend, curve"
治,zhì,oblique|level,sp04|q04,level,sp07,w127b1002,"govern, regulate, administer"
渌,lù,oblique,r02,oblique,r01,w502b0902,strain
夙,sù,oblique,r01,oblique,r01,w506b0801,"early in morning, dawn"
僮,tóng,level,sp01,level,sp01,w108a0601,"page, boy servant"
害,hài,oblique,q09,oblique,q14,w421b0907,"injure, harm"
膝,xī,oblique,r04,oblique,r05,w511b0606,knee
沥,lì,oblique,r12,oblique,r23,w538a0103,"trickle, drip"
隙,xì,oblique,r11,oblique,r20,w533a0304,"crack, split, fissure"
稼,jià,oblique,q22,oblique,q40,w442a0701,sow grain
憎,zēng,level,xp10,level,xp17,w236a0401,"hate, detest, abhor"
矶,jī,level,sp05,level,sp08,w129a0604,jetty
彤,tóng,level,sp02,level,sp02,w112b0804,"red, vermilion"
谙,ān,level,xp13,level,xp22,w246a0906,"versed in, fully acquainted with"
浣,huàn,,,oblique,s24,w327a0203,"to wash, to rinse"
芒,máng,level,xp07,level,xp10,w223a0904,Miscanthus sinensis
窄,zhǎi,oblique,r11,oblique,r20,w533a0106,"narrow, tight"
款,kuǎn,oblique,s14,oblique,s24,w327a0905,"item, article"
藕,ǒu,oblique,s25,oblique,s45,w347b0506,lotus root
诀,jué,oblique,r09,oblique,r16,w523b0604,"take leave of, bid farewell"
络,luò,oblique,r10,oblique,r19,w530a0401,"enmesh, wrap around"
祭,jì,oblique,q10|q08,oblique,q13,w419a0201,"sacrifice to, worship"
坞,wù,,,oblique,s10,w317b1004,"entrenchment, bank, low wall"
芬,fēn,level,sp12,level,sp20,w152b0102,"fragrance, aroma"
窦,dòu,oblique,q26,oblique,q50,w450b0501,surname
兆,zhào,oblique,s17,oblique,s30,w333a0301,omen
瓢,piáo,level,xp02,level,xp04,w210a1002,ladle made from dried gourd
昧,mèi,oblique,q11|q09,oblique,q18,w425a1001,"obscure, dark"
胧,lóng,level,sp01,level,sp01,w111b0203,condition or appearance of moon
幡,fān,level,sp13,level,sp22,w153b0901,"pennant, banner, streamer, flag"
髯,rán,oblique|level,q29|xp14,level,xp24,w249a0101,beard
膺,yīng,level,xp10,level,xp16,w235a0301,"breast, chest"
检,jiǎn,oblique,s28,oblique,s50,w351b0501,check
捐,juān,level,xp01,level,xp02,w205b1003,contribute
鄙,bǐ,oblique,s04,oblique,s05,w308a0603,mean
谐,xié,level,sp09,level,sp14,w143b0701,"harmonize, agree"
虬,qiú,level,xp11,level,xp20,w243b0101,young dragon
劲,jìn,oblique,q24,oblique,q45,w446b0701,"strong, unyielding, tough, power"
玲,líng,level,xp09,level,xp15,w233b0104,tinkling of jade
卮,zhī,level,sp04,level,sp05,w116b0904,measuring cup
迫,pò,oblique,r11,oblique,r20,w532b0601,"coerce, force, compel"
蹙,cù,oblique,r01,oblique,r01,w506a0502,"urgent, suddenly"
饯,jiàn,oblique,q17|s16,oblique,s28,w329b0805,farewell party
躯,qū,level,sp07,level,sp10,w135a0304,body
幌,huǎng,oblique,s22,oblique,s37,w342a0303,"curtain, cloth screen"
遁,dùn,oblique,q14,oblique,s21,w325b0806,"hide, conceal oneself"
楹,yíng,level,xp08,level,xp14,w230b0901,"column, pillar"
邈,miǎo,oblique,r03,oblique,r04,w510a0705,"far, distant, remote"
甫,fǔ,oblique,s07,oblique,s09,w314b0704,begin
鸪,gū,level,sp07,level,sp11,w137b0302,Arborophila species (various)
诛,zhū,level,sp07,level,sp10,w134a0902,"execute, kill, put to death"
板,bǎn,oblique,s15,oblique,s25,w327b0704,"plank, board"
渊,yuān,level,xp01,level,xp01,w203a0902,"surge up, bubble up, gush forth"
鹓,yuān,level,sp13,level,sp22,w154a0305,co-worker
晶,jīng,level,xp08,level,xp14,w230b0601,crystal
灌,guàn,oblique,q15,oblique,q29,w433a0203,pour
耽,dān,level,xp13,level,xp22,w246b0805,indulge in
税,shuì,oblique,q08,oblique,q13,w419b0406,taxes
填,tián,oblique|level,q17|q12|sp11|xp01,,,,"fill in, fill up"
矫,jiǎo,oblique|level,s17|xp02,oblique,s30,w333b0601,"correct, rectify, straighten out"
缭,liáo,oblique|level,s17|xp02,level,xp03,w208b0207,"wind round, rap around, bind"
鹅,é,level,xp05,level,xp07,w215b0604,goose
铸,zhù,oblique,q07,oblique,q10,w413b0801,"melt, cast"
掉,diào,oblique,q18|s17,oblique,s29,w332b0904,"turn, move"
愤,fèn,oblique,s12,oblique,s18,w323b0903,"resent, hate"
囚,qiú,level,xp11,level,xp18,w240a0601,"prisoner, convict"
蹊,qī,level,sp08,level,sp12,w141a0404,"footpath, trail"
刹,shā,oblique,r08,oblique,r15,w522b0405,"temple, shrine, monastery"
榛,zhēn,level,sp11,level,sp19,w151a0102,hazelnut
睿,ruì,oblique,q08,oblique,q13,w419b0203,"shrewd, astute, clever, keen"
刑,xíng,level,xp09,level,xp15,w232a1001,"punishment, penalty"
阖,hé,oblique,r15,oblique,r28,w545b0902,close
黏,nián,level,xp14,level,xp24,w249a0301,stick to
宪,xiàn,oblique,q14,oblique,q25,w430b0901,"constitution, statute, law"
蹰,chú,level,sp07,level,sp10,w136b0305,"hesitate, waver, falter"
鹧,zhè,oblique,q22,oblique,q40,w443a0203,partridge
雌,cí,level,sp04,level,sp05,w120b1006,female
丸,wán,level,sp14,level,sp26,w158a0802,small round object
燄,yàn,oblique,s28,oblique,s50,w351a0701,flame
舂,chōng,level,sp02,level,sp03,w113b0604,grind in mortar
医,yī,level,sp04,oblique,q12,w418a0504,"cure, heal"
竭,jié,oblique,r06|r09,oblique,r10,w517a0708,put forth great effort
哲,zhé,oblique,r09,oblique,r17,w526a0308,"wise, sagacious"
韦,wéi,level,sp05,level,sp08,w128b0101,tanned leather
槿,jǐn,oblique,s12,oblique,s19,w324a0904,hibiscus
遰,dì,oblique,q08,oblique,q12,w417a0902,grunting sound of pigs
杵,chǔ,oblique,s06,oblique,s08,w313a0603,pestle
溶,róng,oblique|level,s02|sp02,level,sp03,w114a0201,"to melt, dissolve"
褰,qiān,level,xp01,level,xp02,w206b0708,underclothing
茵,yīn,level,sp11,level,sp17,w147a0801,"a cushion, mattress"
曰,yuē,oblique,r06,oblique,r10,w516b0205,say
窃,qiè,oblique,r09,oblique,r16,w523a0706,"secretly, stealthily"
岘,xiàn,oblique,s16,oblique,s27,w329a0108,steep hill
尹,yǐn,oblique,s11,oblique,s17,w323a0702,govern
盆,pén,level,sp13,level,sp23,w156a0704,"basin, tub, pot, bowl"
厥,jué,oblique,r05|r06,oblique,r08,w515b0203,"personal pronoun he, she, it"
荔,lì,oblique,q08,oblique,q05,w404b0502,lichee
恻,cè,oblique,r13,oblique,r24,w540b0204,"feel anguish, feel compassion"
惑,huò,oblique,r13,oblique,r25,w542b0802,"confuse, mislead, baffle"
暴,bào,oblique,r03|q20|r01,oblique,q37,w440b0307,"violent, brutal, tyrannical"
吃,chī,oblique,r05|r12,oblique,r09,w516a0302,eat
俸,fèng,oblique,s01|q02,oblique,s01,w303a0206,"wages, salary, official emolument"
骖,cān,level,xp13,level,xp22,w246a0505,two outside ones in three horse
援,yuán,oblique|level,q17|sp13,level,sp22,w153a0904,"aid, assist"
曜,yào,oblique,q18,oblique,q35,w438a0902,"glorious, as sun"
奸,jiān,level,sp15|sp14,level,sp25,w157b1005,"crafty, villainous, false"
阊,chāng,level,xp07,level,xp10,w222a0901,gate of heaven
荅,dā,oblique,r15,oblique,r27,w544b0904,answer: small bean
剡,shàn,oblique,s28,oblique,s50,w351a0602,"sharp, sharp-pointed"
预,yù,oblique,q06,oblique,q09,w413a0501,"prepare, arrange"
烬,jìn,oblique,q12,oblique,q21,w428a0501,"cinders, ashes, embers"
快,kuài,oblique,q10,oblique,q17,w424b0704,"rapid, quick, speedy, fast"
稠,chóu,level,xp11,level,xp18,w240a0804,"dense, crowded, packed"
嵬,wéi,oblique|level,sp10|s10,level,sp15,w145b0701,high
肤,fū,level,sp07,level,sp10,w136a0602,skin
暄,xuān,level,sp13,level,sp22,w153b1001,"warm, comfortable"
嚣,xiāo,level,xp04|xp02,,,,be noisy
荫,yīn,oblique,q27,,,,"shade, shelter"
髭,zī,level,sp04,,,,mustache
铃,líng,level,xp09|xp14,level,xp15,w233a0808,bell
纹,wén,level,sp12,level,sp20,w151a0704,"line, streak, stripe"
豫,yù,oblique,q06,oblique,q09,w413a0305,"relaxed, comfortable, at ease"
栈,zhàn,oblique,q16|s15|s16,oblique,s26,w328a0906,warehouse
绽,zhàn,oblique,q16|q17,oblique,q31,w434b0402,"ripped seam, rend, crack"
陟,zhì,oblique,r13,oblique,r24,w540a0207,"climb, scale, ascend"
肝,gān,level,sp14,level,sp25,w157b1004,liver
恃,shì,oblique,s04,oblique,s06,w310a0401,"rely on, presume on, trust to"
酸,suān,level,sp14,level,sp26,w158b0803,"tart, sour"
拳,quán,level,xp01,level,xp02,w206b1001,fist
冯,féng,level,xp10|sp01,level,sp01,w109b0605,surname
拭,shì,oblique,r13,oblique,r24,w540a0806,wipe away stains with cloth
滔,tāo,level,xp04,level,xp06,w213b0504,overflow
鼻,bí,oblique,q04,oblique,q06,w409a0201,nose
颍,yǐng,oblique,s23,oblique,s40,w343b0402,river in Anhui
熙,xī,level,sp04,,,,"bright, splendid, glorious"
漆,qī,oblique,r04,oblique,r05,w511b0902,"varnish, lacquer, paint"
忌,jì,oblique,q04,oblique,q07,w410b0201,"jealous, envious"
挑,tiāo,oblique|level,s17|xp04|xp02,level,xp03,w207b0403,a load carried on the shoulders
冒,mào,oblique,r13|q20,oblique,q37,w440a0904,"risk, brave, dare"
麾,huī,level,sp04,level,sp05,w117b0303,"a pennant, flag, banner"
尸,shī,level,sp04,level,sp06,w123b0401,corpse
伸,shēn,level,sp11,level,sp17,w148a0201,"extend, stretch out, open up"
贻,yí,level,sp04,level,sp07,w126a0102,"give to, hand down, bequeath"
缅,miǎn,oblique,s16,oblique,s28,w330b1001,"distant, remote"
湍,tuān,level,sp14,level,sp26,w158b0702,"rapid water current, rapids"
爵,jué,oblique,r10,oblique,r18,w529a0103,feudal title or rank
垄,lǒng,oblique,s02,,,,"grave, mound"
飕,sōu,level,xp11,,,,sound of wind
配,pèi,oblique,q11,oblique,q18,w425b0104,"match, pair"
窕,tiǎo,oblique,s17,oblique,s29,w332b0805,slender
寓,yù,oblique,q07,oblique,q10,w413b0102,residence
豺,chái,level,sp09,level,sp14,w144a0305,wolf
箸,zhù,oblique,q06,oblique,q09,w412b0601,chopsticks
柘,zhè,oblique,q22,oblique,q40,w443a0201,a thorny tree
撼,hàn,oblique,s27,oblique,s48,w350a0901,"move, shake"
漳,zhāng,level,xp07,level,xp10,w222a0501,name of a river in Henan
驯,xùn,level,sp11,level,sp18,w150b0502,"tame, docile, obedient"
翛,xiāo,oblique|level,xp02|r01,level,xp03,w207b0305,look of rumpled feathers
炼,liàn,oblique,q17,,,,"smelt, refine"
坼,chè,oblique,r11,,,,"split, tear, open"
擎,qíng,level,xp08,level,xp12,w229a0305,"lift up, hold up, support"
财,cái,level,sp10,level,sp16,w146a0901,"wealth, valuables, riches"
濑,lài,oblique,q09,oblique,q14,w423a0101,swift current
珂,kē,level,xp05,level,xp07,w216a0704,inferior kind of jade
额,é,oblique,r11,oblique,r20,w533a0406,forehead
昂,áng,,,level,xp11,w227a0703,"rise, raise"
霍,huò,oblique,r10|r17,oblique,r19,w531b1008,"quickly, suddenly"
驷,sì,oblique,q04,oblique,q06,w408b0804,team of four horses
栗,lì,oblique,r04,oblique,r05,w512a0808,"chestnut tree, chestnuts"
蓑,suō,level,xp05,level,sp15,w145b0104,"rain coat made of straw, coir, etc."
魔,mó,level,xp05,level,xp08,w216b0907,"demon, evil spirits"
产,chǎn,oblique,s15,,,,"give birth, bring forth, produce"
娃,wá,level,xp06|sp09,level,sp13,w143a1003,baby
磷,lín,level,sp11,level,sp17,w148a0704,"phosphorus (element 15, P)"
店,diàn,oblique,q29,oblique,q56,w453b0603,"shop, store"
显,xiǎn,oblique,s16,oblique,s27,w329a0401,"manifest, display"
坊,fāng,level,xp07,level,xp10,w222a0401,"neighborhood, urban subdivision"
稷,jì,oblique,r13,oblique,r24,w541a0701,god of cereals
讨,tǎo,oblique,s19,oblique,s32,w335a0903,to discuss
瑚,hú,level,sp07,level,sp11,w137a0703,coral
涟,lián,level,xp01,level,xp02,w205a0302,flowing water
考,kǎo,oblique,s19,oblique,s32,w336a0803,"examine, test"
储,chǔ,level,sp06,level,sp09,w131b1003,"save money, store, reserve"
甸,diān,oblique,q17|q25,oblique,q32,w435a0504,suburbs of capital
谅,liàng,oblique,q23,oblique,q41,w443b0801,"excuse, forgive"
喻,yù,level,sp07,oblique,q10,w414a0401,"metaphor, analogy"
骤,zhòu,oblique,q26,oblique,q49,w449b0701,procedure
偈,jì,oblique,r09|q08,oblique,q13,w421a0501,brave
巅,diān,level,xp01,,,,"summit of mountain, mountain top"
恍,huǎng,oblique,s22,level,xp11,w226a1007,seemingly
弘,hóng,level,xp10,,,,"enlarge, expand"
派,pài,oblique,q10,oblique,q15,w423b0304,"school of thought, sect, branch"
拆,chāi,oblique,r11,,,,"to break up, split apart, rip open"
簿,bù,oblique,r10|s07,oblique,s10,w317b0504,"register, account book, notebook"
叨,dāo,level,xp04,level,xp06,w213b0505,talkative
诉,sù,oblique,q07,oblique,q11,w416a0204,accuse
陷,xiàn,oblique,q30,oblique,q58,w454a0301,"submerge, sink, plunge"
庸,yōng,level,sp02,level,sp03,w114a0203,"usual, common, ordinary, mediocre"
辍,chuò,oblique,r09,oblique,q13,w419b0405,"stop, suspend, halt"
搔,sāo,level,xp04,level,xp06,w214a0103,to scratch
构,gòu,oblique,q26,oblique,q50,w451a0405,"frame, building, structure"
宙,zhòu,oblique,q26,oblique,q49,w449a0104,time as concept
萸,yú,level,sp07,,,,dogwood
躅,zhú,oblique,r03|r02,oblique,r03,w508b0701,walk carefully
亏,kuī,level,sp04,level,sp05,w118a0802,"lose, fail"
蝇,yíng,level,xp10,level,xp16,w235a0604,flies
瑩,yíng,oblique|level,xp08|xp09|q25,level,xp12,w228b0802,lustre of gems
瓯,ōu,level,xp11,level,xp19,w241b1003,"bowl, cup"
巍,wēi,level,sp05,level,sp08,w129b0202,"high, lofty, majestic, eminent"
勉,miǎn,oblique,s16,oblique,s28,w332a0102,"endeavor, make effort"
贝,bèi,oblique,q09,oblique,q14,w422a0201,sea shell
螭,chī,level,sp04,level,sp05,w120b0602,a dragon whose horns have not grown
磴,dèng,oblique,q25,oblique,q48,w448a0808,"steps on ledge, cliff, or hill"
膻,shān,level,xp01,oblique,s23,w326b0503,a rank odor
轧,yà,oblique,r08,oblique,r14,w522a0501,crush by weight
踟,chí,level,sp04,level,sp05,w121a0702,"hesitate, undecided"
唳,lì,oblique,q08,oblique,q12,w418b0604,cry of bird
隼,sǔn,oblique,s11,oblique,s17,w323a1006,aquiline (nose)
拱,gǒng,oblique,s02|q02,oblique,s02,w304a0203,fold hands on breast
婆,pó,level,xp05,level,xp08,w216b0603,old woman
婉,wǎn,oblique,q15|s13,oblique,s20,w325a0402,"amiable, congenial"
辅,fǔ,oblique,s07,oblique,s09,w315b0203,cheek bone
箔,bó,oblique,r10,oblique,r19,w531a0601,reed screen
斟,zhēn,level,xp12,level,xp21,w244a0603,to pour wine or tea into a cup
陋,lòu,oblique,q26,oblique,q50,w451a0807,narrow
閤,gé,oblique,r15,oblique,r27,w544b0602,small side door
朴,pǔ,oblique,r03|r01,oblique,r04,w510b0107,"simple, unadorned"
畅,chàng,oblique,q23,oblique,q41,w444a0406,"smoothly, freely, unrestrained"
着,zhe,,,,,,"make move, take action"
狗,gǒu,oblique,s25,oblique,s45,w347b0401,"dog, Canis familiaris"
赞,zàn,oblique,q15,,,,"help, support, assist, aid"
飏,yáng,oblique|level,xp07|q23,level,xp10,w220b1001,"soar, fly, float"
俭,jiǎn,oblique,s28,oblique,s50,w351b0402,"temperate, frugal, economical"
跻,jī,level,sp08,level,sp12,w142a0307,"ascend, go up, rise"
舸,gě,oblique,s20,oblique,s33,w336b0202,"large boat, barge"
菜,cài,oblique,q11,oblique,q19,w427a0101,vegetables
挽,wǎn,oblique,s13|q14,oblique,s20,w325a0103,pull
篆,zhuàn,oblique,s16,oblique,s28,w331b0405,seal script
率,lǜ,oblique,q04|r04,oblique,q06,w407b0303,to lead
嗣,sì,oblique,q04,oblique,q07,w409b0901,"to connect, inherit"
芊,qiān,oblique|level,s04|xp01,level,xp01,w201b0905,exuberant and vigorous foliage
旒,liú,level,xp11,level,xp18,w237a0702,fringes of pearls on crowns
垆,lú,level,sp06|sp07,level,sp11,w138b0501,black clods of earth
琵,pí,level,sp04,level,sp06,w122b0403,guitar-like instrument
胎,tāi,level,sp10,level,sp16,w146b0706,"unborn child, embryo, fetus"
廉,lián,level,xp14,level,xp24,w248a0603,"upright, honorable, honest"
陀,tuó,level,xp05,level,xp07,w215a0903,"steep bank, rough terrain"
琶,pá,level,xp06,level,xp09,w220a0402,guitar-like instrument
蓼,liǎo,oblique,s17|r01,oblique,s29,w332a1006,"smartweed, polygonum"
髣,fǎng,,,oblique,s36,w340b0801,"similar to, like"
沸,fèi,oblique,r05|q05,oblique,q08,w411a0702,"boil, bubble up, gush"
髴,fú,,,oblique,q08,w411a0906,disheveled hair
眸,móu,level,xp11,level,xp18,w241a0601,pupil of eye
裹,guǒ,oblique,q21|s20,oblique,s34,w337a0704,"wrap, bind"
吼,hǒu,oblique,q26|s25,oblique,s45,w348a0101,"roar, shout"
涤,dí,oblique,r12,oblique,r23,w538b0404,"wash, cleanse, purify"
坎,kǎn,oblique,s27,oblique,s48,w350a0603,"pit, hole"
蓟,jì,oblique,q08,oblique,q12,w417b0804,"genus Cirsium, thistles"
麒,qí,level,sp04,level,sp07,w126b0602,legendary auspicious animal
旭,xù,oblique,r02,oblique,r03,w508a0603,rising sun
鸱,chī,level,sp04,level,sp06,w123a0104,"kite, horned owl"
警,jǐng,oblique,s23,oblique,s38,w342b0302,"guard, watch"
聪,cōng,level,sp01,,,,"intelligent, clever, bright"
敦,dūn,oblique|level,q11|q14|sp14|sp13,level,sp15,w145a1005,esteem
蛰,zhé,oblique,r14,oblique,r26,w543b0602,to hibernate
毁,huǐ,oblique,s04,oblique,s04,w305a0801,destroy
欠,qiàn,oblique,q29|q30,oblique,q60,w454b0601,"owe, lack, be deficient"
跨,kuà,oblique,q22,level,xp09,w218b0501,"straddle, bestride, ride"
仕,shì,oblique,s04,oblique,s06,w311a0601,official
蕤,ruí,level,sp04,level,sp06,w124a0605,drooping leaves
尼,ní,oblique|level,sp04|r04,level,sp06,w123a0801,Buddhist nun
冀,jì,oblique,q04,oblique,q06,w408a0701,hope for
猷,yóu,level,xp11,level,xp18,w237b0601,"plan, scheme"
肆,sì,oblique,q04,oblique,q06,w408b0702,indulge
爪,zhǎo,oblique,s18,oblique,s31,w334b0703,"claw, nail, talon"
缈,miǎo,oblique,s17,,,,"indistinct, dim"
鸭,yā,oblique,r17,oblique,r32,w549b0706,duck
嵇,jī,level,sp08,,,,mountain in Henan
播,bō,oblique,q21|s20,oblique,q39,w441b0601,"sow, spread"
颐,yí,level,sp04,level,sp07,w126a0201,cheeks
吕,lǚ,oblique,s06,oblique,s08,w312b0502,surname
荻,dí,oblique,r12,oblique,r23,w538b0105,"reed, Miscanthus saccariflorus"
唇,chún,level,sp11,level,sp17,w147a0604,lips
鲈,lú,level,sp07,level,sp11,w138b0602,"sea perch, sea bass"
坡,pō,level,xp05,level,xp08,w217a0703,"slope, bank, hillside"
骋,chěng,oblique,s23,oblique,s40,w343b0204,gallop horse
璃,lí,level,sp04,level,sp05,w119a1002,glass
杪,miǎo,oblique,s17,oblique,s30,w333b0405,"tip of twig, top of tree"
针,zhēn,level,xp12|xp14,level,xp21,w244a0701,needle
褒,bāo,level,xp04,level,xp06,w214a0304,"praise, commend, honor, cite"
湄,méi,level,sp04,level,sp06,w125a0202,"water's edge, shore, bank"
闪,shǎn,oblique,q29|s28,oblique,s50,w351b1001,flash
纲,gāng,level,xp07,level,xp11,w225b0502,"heavy rope, hawser"
摆,bǎi,oblique,s09,oblique,s12,w320a0107,"put, place"
奋,fèn,oblique,q13,oblique,q23,w429b0605,"strive, exert effort"
罍,léi,level,sp10,level,sp15,w145a0403,large earthenware wine jar
粱,liáng,level,xp07,,,,better varieties of millet
胥,xū,level,sp06,level,sp09,w130b0603,"all, together, mutually"
谗,chán,oblique|level,xp15|q30,level,xp26,w250b0506,"slander, defame, misrepresent"
屑,xiè,oblique,r09,oblique,r16,w523a0501,"bits, scraps, crumbs, fragments"
包,bāo,level,xp03,level,xp05,w212a0505,"wrap, pack, bundle"
峥,zhēng,level,xp08,level,xp12,w228a0601,"high, lofty, noble"
判,pàn,oblique,q15,oblique,q29,w433b0605,judge
攻,gōng,level,sp01,level,sp01,w111a0604,"attack, assault"
择,zé,oblique,r11,oblique,r20,w533b0703,"select, choose, pick out"
羹,gēng,level,xp08,level,xp12,w227b0107,"soup, broth"
遑,huáng,level,xp07,level,xp11,w226a0501,"leisure, leisurely"
介,jiè,oblique,q10,oblique,q16,w423b1004,"forerunner, herald, harbinger"
衮,gǔn,oblique,s13,oblique,s21,w325b1001,ceremonial dress worn by the emperor
憩,qì,oblique,q08,oblique,q13,w420b1008,"rest, take rest"
冶,yě,oblique,s21,oblique,s35,w338a1004,"smelt, fuse metals"
疮,chuāng,level,xp07,level,xp10,w223a0901,"tumor, boil, sore, wound"
祈,qí,level,sp05,level,sp08,w129a0103,pray
吠,fèi,oblique,q11,oblique,q20,w427a0506,bark
慨,kǎi,oblique,q11,oblique,q19,w426b0405,"sigh, regret"
菰,gū,level,sp07,level,sp11,w137b0103,wild rice
监,jiān,oblique|level,xp15|q30,level,xp27,w251a0305,"supervise, control, direct"
魅,mèi,oblique,q04,oblique,q06,w406b0305,"kind of forest demon, elf"
觜,zī,oblique|level,sp04|s04,level,sp05,w119b1001,turtle beak
琉,liú,level,xp11,,,,sparkling stone
僚,liáo,oblique|level,s17|xp02,level,xp03,w208a1001,"companion, colleague"
涓,juān,level,xp01,,,,"brook, stream"
芸,yún,level,sp12,level,sp20,w151b0101,"rue, herb used to keep insects away"
毬,qiú,level,xp11,level,xp18,w240b1002,"ball, anything round, sphere"
毂,gǔ,oblique,r01,oblique,r01,w502a0603,hub of wheel
弊,bì,oblique,q08,,,,"evil, wrong, bad"
讴,ōu,level,xp11,level,xp19,w241b0907,sing
衙,yá,oblique|level,xp06|sp06|s06,level,sp09,w129b0704,public office
檄,xí,oblique,r12,oblique,r23,w538a0904,call arms
镂,lòu,oblique|level,q26|sp07,level,sp10,w135a0901,"carve, inlay, engrave, tattoo"
穗,suì,oblique,q04,oblique,q06,w406b0905,ear of grain
粮,liáng,level,xp07,level,xp10,w221b0301,"food, grain, provisions"
遵,zūn,level,sp11,level,sp18,w150b0107,"obey, comply with, follow"
枢,shū,level,sp07,level,sp10,w136b0203,door hinge
梭,suō,level,xp05,level,xp08,w216b0504,weaver's shuttle
箕,jī,level,sp04,level,sp07,w127a0604,sieve
绂,fú,oblique,r05,oblique,r08,w515a0404,ribbon or cord used attach ornaments
嚬,pín,level,sp11,level,sp17,w149a0107,frown
控,kòng,oblique,q01,level,sp04,w116b0203,"accuse, charge"
箱,xiāng,level,xp07,level,xp10,w223a0701,"case, box, chest, trunk"
玳,dài,oblique,q11,,,,tortoise shell
咨,zī,level,sp04,level,sp06,w122b0802,"inquire, consult, discuss"
担,dān,oblique|level,xp13|q28,oblique,s23,w326b0102,"carry, bear, undertake"
颈,jǐng,oblique,s23,level,xp14,w232a0403,"neck, throat"
叩,kòu,oblique,s25,oblique,s45,w348a0606,"knock, ask"
缩,suō,oblique,r01,oblique,r01,w504a1004,"contract, draw in, reduce"
悉,xī,oblique,r04,oblique,r05,w511b0604,"know, learn about, comprehend"
嵘,róng,level,xp08,level,xp12,w228b0804,"high, steep"
婿,xù,oblique,q08,,,,son-in-law
骝,liú,level,xp11,level,xp18,w237a0502,famous horse
堞,dié,oblique,r16,oblique,r30,w548a0701,plate
撩,liāo,level,xp02,level,xp03,w208a0904,"lift up, raise"
亿,yì,oblique,r13,oblique,r24,w540b0304,hundred million
凛,lǐn,oblique,s26,level,xp21,w245a0504,to shiver with cold or fear
奢,shē,level,xp06,level,xp09,w218a0202,"extravagant, wasteful"
犊,dú,oblique,r01,oblique,r01,w502a0504,calf
杰,jié,oblique,r09,oblique,r17,w526a0606,hero
揭,jiē,oblique,r06|r09|q08,oblique,q13,w421a0104,"raise, lift up"
栊,lóng,level,sp01,level,sp01,w111b0405,"cage, pen"
玕,gān,level,sp14,level,sp25,w158a0102,inferior variety of gem
姚,yáo,level,xp02,level,xp04,w209b0801,"handsome, elegant"
箓,lù,oblique,r02,oblique,r01,w503a0104,book
段,duàn,oblique,q15,oblique,q29,w433a0806,"section, piece, division"
侠,xiá,oblique,r16,oblique,r30,w548a0302,chivalrous person
狖,yòu,oblique,q26,oblique,q49,w449b1008,a gibbon with a long tail and prominent nose
幄,wò,oblique,r03,oblique,r04,w510b1002,tent
樊,fán,level,sp13,level,sp22,w153b0305,a railing
蒹,jiān,level,xp14,level,xp25,w250a0303,"reed, Phragmites communis"
蠡,lí,oblique|level,sp04|s08|sp08,level,sp05,w119b0206,wood-boring insect
缚,fù,oblique,r10|q21,oblique,q39,w442a0202,to tie
徼,jiǎo,oblique|level,q18|xp02,level,xp03,w208a0604,"frontier, border"
挹,yì,oblique,r14,oblique,r26,w543b0301,to bale out
敞,chǎng,oblique,s22,oblique,s36,w340a0902,"roomy, spacious, open, broad"
芰,jì,oblique,q04,oblique,q05,w405a0501,water caltrop
徂,cú,level,sp07,level,sp11,w139a0102,"go, advance"
彫,diāo,level,xp02,level,xp03,w207b0707,"carve, decorate"
猩,xīng,level,xp08|xp09,level,xp12,w229a0202,species of orangutan
笠,lì,oblique,r14,oblique,r26,w543b0803,bamboo hat
饿,è,oblique,q21,oblique,q38,w441a1002,hungry
汞,gǒng,oblique,s01,oblique,s01,w302b1004,"mercury (element 80, Hg)"
辜,gū,level,sp07,level,sp11,w137b0203,"crime, criminal offense"
邹,zōu,level,xp11,level,xp18,w239b1007,name of an ancient state
鹢,yì,oblique,r12,oblique,r23,w538a1005,fishhawk bow or prow
俎,zǔ,oblique,s06|q06,,,,chopping board or block
龛,kān,level,xp13,level,xp22,w246b1004,"niche, shrine"
蕴,yùn,oblique|level,q13|s12|sp13,,,,"to collect, gather, store"
胶,jiāo,oblique|level,xp03|q19,level,xp05,w211b0302,"glue, gum, resin, rubber"
骇,hài,oblique,s09,oblique,s13,w320a0601,"terrify, frighten, scare"
拖,tuō,level,xp05,oblique,q38,w441b0105,"drag, tow, haul"
菩,pú,,,level,sp11,w137a0101,"herb, aromatic plant"
幼,yòu,oblique,q26,oblique,q51,w451b0401,"infant, young child"
沫,mò,oblique,r07,oblique,r13,w520a0502,"froth, foam, bubbles, suds"
钺,yuè,oblique,r06,oblique,r10,w516b0201,"broad-axe, a battle axe, halberd"
捷,jié,oblique,r16,oblique,r29,w547a0308,"win, victory, triumph"
鹃,juān,level,xp01,,,,cuckoo
踰,yú,level,sp07,level,sp10,w134b0402,"exceed, transgress"
醺,xūn,level,sp12,level,sp20,w152a0607,"get drunk, be intoxicated"
驴,lǘ,level,sp06,level,sp09,w131b0502,"donkey, ass"
琢,zuó,oblique,r03,oblique,r04,w510a0302,polish jade
迈,mài,oblique,q10,oblique,q17,w424b0805,take a big stride
幻,huàn,oblique,q16,oblique,q31,w434b0305,"illusion, fantasy, mirage"
朦,méng,level,sp01,level,sp01,w111b0103,condition or appearance of moon
殁,mò,oblique,r06,oblique,r11,w517a0902,die
裛,yì,oblique,r16|r15|r14,oblique,r26,w544a0803,to wrap and bind
濡,rú,level,sp07,level,sp10,w134a0302,"immerse, moisten"
航,háng,level,xp07,level,xp11,w226b0606,sail
亮,liàng,oblique,q23,oblique,q41,w443b0708,"bright, brilliant, radiant, light"
侬,nóng,level,sp02,level,sp02,w113a0606,I
渥,wò,oblique,r03,oblique,r04,w510b0904,"moisten, soak"
坂,bǎn,,,oblique,s20,w325a0205,"hillside, inconvenient places"
敕,chì,oblique,r13,oblique,r24,w539b1005,an imperial order or decree
替,tì,oblique,q08,oblique,q12,w417a0503,"change, replace, substitute for"
轸,zhěn,oblique,s11,oblique,s16,w322a0201,cross board at rear of carriage
蜜,mì,oblique,r04,oblique,r05,w512b0803,honey
馥,fù,oblique,r01,oblique,r01,w504a0605,"fragrance, scent, aroma"
茱,zhū,level,sp07,level,sp10,w134b0105,dogwood
髓,suǐ,oblique,s04,oblique,s04,w305b0603,bone marrow
答,dá,oblique,r15,oblique,r27,w544b0808,"answer, reply"
伍,wǔ,oblique,s07,oblique,s10,w317b0502,"five, company of five"
些,xiē,oblique|level,xp06|xp05|q08|q21,level,xp09,w220a1002,"little, few"
垢,gòu,oblique,s25,oblique,s45,w347b0402,"dirt, filth, stains"
恸,tòng,oblique,q01,oblique,q01,w403a0304,"sadness, grief"
秾,nóng,level,sp02,level,sp03,w114b0507,"thick, lush, in clusters"
囗,wéi,,,level,sp08,w128b0207,"erect, proud"
菡,hàn,oblique,s27,oblique,s48,w350a0903,"buds, lotus buds"
徇,xùn,oblique,q12,oblique,q22,w429a0103,"comply with, follow"
斸,zhǔ,,,oblique,r03,w509a0304,cut
瑕,xiá,level,xp06,level,xp09,w219a0202,flaw in gem
逡,qūn,level,sp11,level,sp18,w150a1002,"retreat, withdraw, fall back"
枪,qiāng,level,xp08|xp07,level,xp10,w223b1004,"spear, lance"
婚,hūn,level,sp13,level,sp23,w156b0208,get married
讼,sòng,oblique,q02,level,sp03,w113b0901,accuse
慧,huì,oblique,q08,oblique,q12,w418a0705,"bright, intelligent"
炊,chuī,level,sp04,level,sp05,w118a0203,cook
秖,zhī,,,,,,grain that has started to ripen
萏,dàn,oblique,s27,oblique,s48,w349b0702,lotus
淳,chún,level,sp11,level,sp18,w150a0305,"honest, simple, unsophisticated"
闹,nào,oblique,q19,,,,quarrel
刍,chú,level,sp07,level,sp10,w132b0901,"mow, cut grass"
享,xiǎng,oblique,s22,,,,enjoy
蛙,wā,level,xp06|sp09,level,sp13,w143a0309,frog
苞,bāo,level,xp03,level,xp05,w212a0603,a variety of rush
钵,bō,oblique,r07,oblique,r13,w520a0605,earthenware basin
跸,bì,oblique,q04|r04,oblique,r05,w513a0202,"clear way, make room for"
浇,jiāo,level,xp02,level,xp03,w208a0502,"spray, water, sprinkle"
巘,yǎn,oblique,s13|s16,oblique,s20,w324b0905,"summit, peak"
翎,líng,level,xp09,level,xp15,w233b0502,feather
缁,zī,level,sp04,level,sp07,w127b0503,black silk
肺,fèi,oblique,q11,oblique,q20,w427a0403,lungs
熳,màn,,,,,,confused
袭,xí,oblique,r14,oblique,r26,w543a0601,"raid, attack"
苒,rǎn,oblique,s28,oblique,s50,w351b0703,lush
据,jù,oblique|level,sp06|q06,level,sp09,w130a0102,"to occupy, take possession of"
揽,lǎn,oblique,s27,oblique,s49,w350b0701,"grasp, take hold of"
淼,miǎo,oblique,s17,oblique,s30,w333b0404,a wide expanse of water
脩,xiū,level,xp11,level,xp18,w238a0905,dried meat (used as teachers payment in ancient times)
帖,tiē,oblique,r16,oblique,r30,w548a0102,invitation card
彦,yàn,oblique,q17,oblique,q33,w436a0602,elegant
奕,yì,oblique,r11,oblique,r22,w536a0203,"in sequence, orderly"
筐,kuāng,level,xp07,level,xp10,w224a0302,bamboo basket or chest
谟,mó,level,sp07,level,sp11,w136b0803,"scheme, plan"
缆,lǎn,oblique,q28,oblique,q54,w452b0903,"hawser, heavy-duty rope, cable"
耐,nài,oblique,q11,oblique,q19,w426b0803,"endure, bear"
屠,tú,level,sp06|sp07,level,sp09,w132a0202,"butcher, slaughter, massacre"
陛,bì,oblique,s08,oblique,s11,w319b0207,steps leading throne
韬,tāo,oblique|level,xp04|q20,level,xp06,w213b0501,"sheath, scabbard, bow case"
甃,zhòu,oblique,q26,oblique,q49,w449a0802,brick wall of a well
窠,kē,level,xp05,level,xp08,w217a1005,nest
醴,lǐ,oblique,s08,oblique,s11,w318b0504,sweet wine
畿,jī,level,sp05,level,sp08,w129a0202,imperial domain
铿,kēng,level,xp08,level,xp13,w229a0902,"strike, beat, stroke"
闽,mǐn,level,sp11,level,sp17,w149a0902,fujian province
鹂,lí,level,sp04|sp08,level,sp05,w119b0102,Chinese oriole
舫,fǎng,oblique,q23,oblique,q41,w444b1001,"fancy boat, yacht"
训,xùn,oblique,q13,oblique,q23,w429b0406,"teach, instruct"
窜,cuàn,oblique,q15,oblique,q29,w433a0605,run away
浙,zhè,oblique,r09,oblique,r17,w526a0705,Zhejiang province
淑,shū,oblique,r01,oblique,r01,w505a0506,"good, pure, virtuous, charming"
筇,qióng,level,sp02,level,sp03,w115a0704,a kind of bamboo used to make staffs
腕,wàn,oblique,q15,oblique,q29,w432b0906,wrist
庵,ān,level,xp13,level,xp22,w246a1003,Buddhist monastery or nunnery
黔,qián,level,xp12|xp14,level,xp21,w245a0304,black
鸢,yuān,level,xp01,level,xp02,w205b1004,kite
钦,qīn,level,xp12,level,xp21,w245a0607,"respect, admire"
幅,fú,oblique,r13|r01,oblique,r01,w504a0201,"piece, strip, breadth of, hem"
给,gěi,oblique,r14,oblique,r26,w543b1001,give
襦,rú,level,sp07,level,sp10,w134a0303,"short coat, jacket"
夔,kuí,level,sp04,level,sp06,w124b0704,one-legged monster
俟,qí,oblique,s04,level,sp08,w129a0304,"wait for, wait until, as soon as"
叙,xù,oblique,s06,oblique,s08,w314a0406,"express, state, relate, narrate"
毡,zhān,level,xp01,level,xp02,w204b0103,felt
炙,zhì,oblique,q22|q26|r11,oblique,q40,w443a0206,"roast, broil"
嗔,chēn,level,sp11,level,sp17,w148b0503,"be angry at, scold, rebuke"
杼,zhù,oblique,s06,oblique,s08,w312b0902,shuttle of loom
枣,zǎo,oblique,s19,oblique,s32,w335b0802,date tree
项,xiàng,oblique,s03,oblique,s03,w304b0406,"neck, nape of neck"
掇,duō,oblique,r09|r07,oblique,r13,w521a0303,"collect, gather up, pick up"
郸,dān,level,sp14,level,sp25,w157a0404,county in Hebei province
番,fān,level,xp05|sp13,level,sp22,w153b0203,to take turns
诺,nuò,oblique,r10,oblique,r19,w531b1007,promise
恬,tián,level,xp14,level,xp25,w249b1003,"quiet, calm, tranquil, peaceful"
荀,xún,level,sp11,level,sp18,w149b0902,surname
邯,hán,level,xp13,level,sp25,w157a0104,city in Hebei province
册,cè,oblique,r11,,,,"book, volume, register, list"
盼,pàn,oblique,q16,oblique,q31,w434b0303,"look, gaze"
芭,bā,level,xp06,level,xp09,w219a0802,plantain or banana palm
研,yán,oblique|level,q17|xp01,oblique,q32,w435b0302,"grind, rub"
嵯,cuó,level,sp04|xp05,level,sp05,w120b0503,"high, towering"
阗,tián,oblique|level,q17|xp01,level,xp01,w202b0702,a place in Xinjiang province
梗,gěng,oblique,s23,oblique,s38,w342a0901,"stem of flower, branch of plant"
擘,bāi,oblique,r11,oblique,r21,w534a1002,thumb
剖,pōu,oblique,s07|s25,oblique,s09,w315b0701,"split in two, slice"
旃,zhān,level,xp01,level,xp02,w204a1005,silk banner with bent pole
桓,huán,level,sp14,,,,variety of tree
酝,yùn,oblique,q13|s12,,,,"liquor, spirits, wine"
滥,làn,oblique,q28|s29,oblique,s54,w353a0501,"flood, overflow"
验,yàn,oblique,q29,oblique,q55,w453a0901,"test, examine, inspect"
驹,jū,level,sp07,level,sp10,w136b0403,colt
竺,zhú,oblique,r01,oblique,r01,w502b0504,India
舄,xì,oblique,r11,oblique,r18,w529a0404,a shoe
沓,dá,oblique,r15,oblique,r27,w545a0203,"connected, joined"
驺,zōu,level,xp11|sp07,level,xp18,w240a0103,mounted escort
铄,shuò,oblique,r10,oblique,r18,w528b0201,"melt, smelt"
迩,ěr,oblique,s04,oblique,s04,w307a0402,"be near, be close"
阡,qiān,level,xp01,level,xp01,w201b0902,footpaths between fields
蒂,dì,oblique,q08,,,,peduncle or stem of plants
忻,xīn,,,level,sp21,w152b0402,"delightful, joyful, pleasant"
虾,xiā,level,xp06,level,xp09,w219a0104,"shrimp, prawn"
茜,qiàn,oblique,q17,oblique,q32,w434b0702,"madder, Rubia cordifolia"
薤,xiè,oblique,q10,oblique,q16,w424a0602,Allium bakeri
衷,zhōng,oblique|level,sp01|q01,level,sp01,w108b0701,"heart, from bottom of one's heart"
隳,huī,,,level,sp05,w117b0802,to destroy
蛛,zhū,level,sp07,level,sp10,w134a0905,spider
鲍,bào,oblique,s18,oblique,s31,w334b0904,abalone
炷,zhù,oblique,q07|s07,oblique,s09,w316a0504,"candle wick, lamp wick"
你,nǐ,oblique,s04,,,,"you, second person pronoun"
卉,huì,oblique,q05|s05,oblique,s07,w312a0805,general term for plants
觥,gōng,level,xp08,level,xp12,w227b0806,a cup made of horn
膳,shàn,oblique,q17|s16,oblique,q33,w436a0502,"meals, provisions, board"
努,nǔ,oblique,s07,oblique,s10,w318a0304,"to exert, strive, make an effort"
溺,nì,oblique,r12,oblique,r18,w528b0402,drown
擢,zhuó,oblique,r03,oblique,r04,w510b0701,"pull up, draw up"
彰,zhāng,level,xp07,level,xp10,w222a0604,"clear, manifest, obvious"
革,gé,oblique,r11,oblique,r21,w535a0402,"leather, animal hides"
录,lù,oblique,r02|r01,oblique,r01,w503a0603,"copy, write down, record"
隆,lóng,level,sp01,level,sp01,w110a0404,"prosperous, plentiful, abundant"
汴,biàn,oblique,q17,oblique,q33,w437a0301,name of a river in Henan
矛,máo,level,xp11,level,xp18,w241a0801,"spear, lance"
现,xiàn,oblique,q17,oblique,q32,w435b0206,"appear, manifest, become visible"
婢,bì,oblique,s04,oblique,s04,w307a0701,servant girl
袜,wà,,,oblique,r13,w520a0504,"socks, stockings"
党,dǎng,oblique,s22,oblique,s37,w341b0706,"political party, gang, faction"
窅,yǎo,oblique|level,xp03|s17,level,xp05,w212b0606,"far, deep"
炭,tàn,oblique,q15,oblique,q28,w431b1005,charcoal
竖,shù,oblique,s07,oblique,s09,w316a0103,"perpendicular, vertical"
绩,jì,oblique,r12,oblique,r23,w538b0908,spin
脑,nǎo,oblique,s19,oblique,s32,w335b0105,brain
邛,qióng,level,sp02,level,sp03,w115a0701,in distress
湓,pén,level,sp13,level,sp23,w156a0803,a river in Jiangxi province
瑰,guī,level,sp10,level,sp15,w144b0702,"extraordinary, fabulous"
曝,pù,,,oblique,q37,w440b0402,"sun, air in sun, expose or dry in the sun"
曈,tóng,level,sp01,level,sp01,w108a0903,twilight just before sunrise
脆,cuì,oblique,q08,oblique,q13,w419a1004,crisp
槁,gǎo,oblique,s19,oblique,s32,w336a0903,wither
邙,máng,level,xp07,level,xp10,w223b0101,mountain in Henan province
骎,qīn,level,xp12,level,xp21,w243b0803,galloping
挟,xié,oblique,r16,oblique,r30,w548a0301,clasp under arm
喉,hóu,level,xp11,level,xp19,w241b0804,"throat, gullet, larynx"
桧,guì,oblique,q09,oblique,q14,w422a0905,"Chinese cypress, Chinese juniper"
纨,wán,level,sp14,level,sp26,w158a0804,"white silk, fine silk"
责,zé,oblique,r11,oblique,r21,w534b0301,"one's responsibility, duty"
鸠,jiū,level,xp11,level,xp18,w239b0403,pigeon
狭,xiá,oblique,r17,oblique,r31,w548b1003,"narrow, limited"
阜,fù,oblique,q07|s25,oblique,s44,w345b0904,mound
祚,zuò,oblique,q07,oblique,q11,w416a0505,throne
眄,miǎn,oblique,q17|s16,oblique,s27,w329a0505,to look askance
茨,cí,level,sp04,level,sp06,w123a0505,thatching
倩,qiàn,oblique,q17|q24,oblique,q32,w434b0705,"beautiful, lovely"
鹘,gǔ,oblique,r06|r08,oblique,r11,w517b0102,a kind of pigeon
拄,zhǔ,oblique,s07,oblique,s09,w316a0703,lean on
颗,kē,oblique,s20,oblique,s34,w338a0402,"grain, kernel"
邺,yè,oblique,r17|r15,oblique,r33,w550a0402,place in today's Henan province
菌,jūn,oblique|level,sp11|s11,oblique,s16,w322b0506,mushroom
扪,mén,level,sp13,level,sp23,w155a0901,"stoke, pat, feel by hand, grope"
嗤,chī,level,sp04,level,sp07,w128a0101,"laugh at, ridicule, sneer"
惮,dàn,oblique,q15,oblique,q28,w432a0308,"dread, shrink from, shirk, fear"
泓,hóng,level,xp08,level,xp13,w230a0905,"clear, deep pool of water"
掣,chè,oblique,r09|q08,oblique,q13,w420a0303,"drag, pull"
茧,jiǎn,oblique,s16,oblique,s27,w328b1002,cocoon
袁,yuán,level,sp13,,,,robe
赢,yíng,level,xp08,level,xp14,w230b0902,win
閟,bì,oblique,q04,oblique,q06,w407a0502,"hide, keep secret"
擒,qín,level,xp12,level,xp21,w245a0303,"catch, capture, seize, arrest"
股,gǔ,oblique,s07,oblique,s10,w317a1003,"thighs, haunches, rump"
鲛,jiāo,level,xp03,level,xp05,w211b0303,shark
岖,qū,level,sp07,level,sp10,w135a0303,"steep, sheer"
萱,xuān,level,sp13,level,sp22,w153b1004,"day-lily, Hemerocallis flava"
泾,jīng,oblique|level,xp09|q25,level,xp15,w232a0901,name of a river
氓,máng,level,xp08,level,xp13,w229b0204,people
誉,yù,oblique|level,sp06|q06,level,sp09,w130b0307,"fame, reputation"
剥,bō,oblique,r03,oblique,r04,w510a0501,peel
腐,fǔ,oblique,s07,oblique,s09,w315b0303,"rot, decay, spoil"
曷,hé,oblique,r07,oblique,r12,w518b1001,why? what? where?
杭,háng,level,xp07,level,xp11,w226b0805,cross stream
逞,chěng,oblique,s23,oblique,s40,w343b0203,indulge oneself
巉,chán,oblique|level,s29|xp15,level,xp27,w250b0903,"steep, rugged, jagged, precipitous"
筱,xiǎo,,,oblique,s29,w332a0602,dwarf bamboo
奚,xī,level,sp08,level,sp12,w141a0303,where? what? how? why?
娑,suō,oblique|level,xp05|s20,level,xp07,w215a0601,"dance, frolic"
豸,zhì,oblique,s09|s04,oblique,s04,w306b0106,"legless insect-like animal, worm"
肘,zhǒu,oblique,s25,oblique,s44,w345b0203,the elbow
焕,huàn,oblique,q15,oblique,q29,w433b0108,shining
扈,hù,oblique,s07,oblique,s10,w318a0403,"escort, retinue"
蕨,jué,oblique,r06,oblique,r10,w516b0503,"Pteris aquilina, common bracken"
矢,shǐ,oblique,s04,oblique,s05,w308b0906,"arrow, dart"
臆,yì,oblique,r13,oblique,r24,w540b0305,"chest, breast, bosom"
愈,yù,oblique,s07,oblique,s09,w316a0304,"more and more, even more"
邸,dǐ,oblique,s08,oblique,s11,w319a0103,"official residence, residence of"
戛,jiá,oblique,r08,oblique,r14,w522a0203,lance
虔,qián,level,xp01,level,xp02,w206b0505,act with reverence
佞,nìng,oblique,q25,oblique,q46,w447a1001,flattery
堑,qiàn,oblique,s28,oblique,q55,w453a1005,"moat, trench, pit, cavity"
禀,bǐng,oblique,s26,oblique,s47,w349a0906,"report to, petition"
庇,bì,oblique,q04,oblique,q06,w409a0404,"cover, shield, shelter, protect"
鬣,liè,oblique,r16,oblique,r29,w547a0101,horse's mane
队,duì,oblique,q11,oblique,q18,w425a0501,"team, group"
帙,zhì,oblique,r04,oblique,r05,w511b0502,book cover
濆,fén,level,sp12,level,sp20,w151b0803,river bank
泗,sì,oblique,q04,oblique,q06,w408b0705,mucous
鼍,tuó,level,xp05,level,xp07,w215a0802,"large reptile, water lizard"
挈,qiè,oblique,r09,oblique,r16,w525a0604,"assist, help, lead by hand"
库,kù,oblique,q07,oblique,q11,w416b0102,"armory, treasury, storehouse"
嬉,xī,oblique|level,sp04|s04,level,sp07,w127b0603,enjoy
霆,tíng,level,xp09,level,xp15,w232b0602,a sudden peal of thunder
帅,shuài,oblique,r04,oblique,q06,w407b0302,"commander, commander-in-chief"
嚼,jué,oblique,r10,oblique,r18,w529a0401,"prattle, be glib"
枚,méi,level,sp10,level,sp15,w144b0803,"stalk of shrub, trunk of tree"
吸,xī,oblique,r14,oblique,r26,w544a0406,"inhale, suck in"
溯,sù,oblique,q07,,,,"go upstream, go against current"
滓,zǐ,oblique,s04,oblique,s06,w311b0503,"sediment, lees, dregs"
潦,lǎo,oblique|level,s19|xp02|q20,oblique,s32,w335a0801,to flood
式,shì,oblique,r13,oblique,r24,w540a0805,"style, system, formula, rule"
蕖,qú,level,sp06,level,sp09,w130a0305,"lotus, water-lily"
淋,lín,level,xp12,level,xp21,w244a0402,"drip, soak, drench"
债,zhài,oblique,q10,oblique,q15,w423b0405,"debt, loan, liabilities"
幔,màn,oblique,q15,oblique,q29,w433b0402,"curtain, screen, tent"
榼,kē,oblique,r15,oblique,r28,w546b0105,wine glass
钝,dùn,oblique,q14,oblique,q26,w431a0904,"blunt, obtuse"
诣,yì,oblique,q08,oblique,q12,w417b0504,reach
磊,lěi,oblique,s10,oblique,s14,w320b0107,pile of rocks or stones
蟋,xī,,,oblique,r05,w511b0607,cricket
毗,pí,level,sp04,level,sp06,w122b0401,"help, assist"
鸂,xī,level,sp08,level,sp12,w142a0706,"Mandarin duck, Aix galericulata"
崎,qí,level,sp04,level,sp05,w118b1003,"rough, uneven, jagged, rugged"
凯,kǎi,oblique,s10,oblique,s15,w321a0904,triumphant
捉,zhuō,oblique,r03,oblique,r04,w509b0904,"grasp, clutch"
癖,pǐ,oblique,r11,oblique,r22,w537a1004,"craving, weakness for"
遨,áo,level,xp04,level,xp06,w214b0103,"ramble, roam"
鞋,xié,level,sp09,level,sp13,w143a0104,"shoes, footwear in general"
掬,jū,oblique,r01,oblique,r01,w505a0101,to grasp or hold with both hands
咄,duō,oblique,r06|r07,oblique,r11,w517b0607,"noise of rage, cry out in anger"
鞦,qiū,level,xp11,level,xp18,w237b0304,leather stap
辘,lù,oblique,r01,oblique,r01,w502b1006,"windlass, pulley, capstan"
翊,yì,oblique,r13,oblique,r24,w541a0101,flying
鶒,chì,,,,,,a duck-like bird
梓,zǐ,oblique,s04,oblique,s06,w311b0201,"Chinese catalpa, Catalpa ovata"
耆,qí,level,sp04,level,sp06,w123b0701,man of sixty
厦,shà,oblique,s21,oblique,s35,w338b0701,"big building, mansion"
阎,yán,level,xp14,level,xp24,w248a0403,village gate
潸,shān,oblique|level,sp15|s15,level,sp27,w160a0503,weep
爰,yuán,level,sp13,level,sp22,w153a0803,lead on to
缑,gōu,level,xp11,level,xp19,w243a0101,cord binding on hilt of sword
唧,jī,oblique,r13|r04,oblique,r05,w512b0704,chirping of insects
匈,xiōng,level,sp02,level,sp03,w114b0101,"breast, chest, thorax"
嗜,shì,oblique,q04,oblique,q06,w407b0503,"be fond of, have weakness for"
乙,yǐ,oblique,r04,oblique,r05,w513b0610,second
踯,zhí,oblique,r11,oblique,r22,w536b0807,"waver, hesitate, be irresolute"
皂,zào,oblique,s19,oblique,s32,w335b0903,soap
洋,yáng,level,xp07,level,xp10,w221a0302,"ocean, sea"
抑,yì,oblique,r13,oblique,r24,w540b0501,"press down, repress"
墅,shù,oblique,s06,oblique,s08,w314a0804,"villa, country house"
版,bǎn,oblique,r17|s15,oblique,s25,w327b0703,printing blocks
辄,zhé,oblique,r16,oblique,r29,w547b0603,sides of chariot where weapons
蹈,dǎo,oblique,q20,oblique,q37,w440a0205,stamp feet
轳,lú,level,sp07,level,sp11,w138b0605,"pulley, windlass, capstan"
抟,tuán,level,sp14,level,sp26,w158b1004,roll around with hand
颦,pín,level,sp11,level,sp17,w149a0105,"frown, knit brows"
瑁,mào,oblique,q20|q11,oblique,q18,w425a1005,fine piece of jade
萌,méng,level,xp08,level,xp13,w229b0203,"bud, sprout"
瞥,piē,oblique,r09,oblique,r16,w525a0903,take fleeting glance at
斫,zhuó,oblique,r10,oblique,r18,w528a0901,"cut, chop, lop off"
鲙,kuài,,,oblique,q14,w422a0902,minced fish
掾,yuàn,oblique,q17,oblique,q33,w436b0104,a general designation of officials
阆,láng,oblique|level,q23|xp07|s22,level,xp11,w225a0902,high door
踌,chóu,level,xp11,level,xp18,w240a0703,"hesitate, falter"
伶,líng,level,xp09,level,xp15,w233a0906,"lonely, solitary"
嫖,piáo,level,xp02,level,xp04,w211a0404,"patronize prostitutes, frequent"
珰,dāng,level,xp07,level,xp11,w225a1004,"pendant ornaments, earrings"
肢,zhī,level,sp04,level,sp05,w116b1004,human limbs
谤,bàng,oblique,q23,oblique,q42,w445b0403,"slander, libel"
朮,shù,oblique,r04,,,,"skill, art"
绅,shēn,level,sp11,level,sp17,w148a0202,girdle
刷,shuā,oblique,r09|r08,oblique,r15,w522b0903,brush
蟀,shuài,oblique,r04,oblique,r05,w513b0101,cricket
颁,bān,level,sp12|sp15,level,sp20,w151b0901,"confer, bestow"
嫔,pín,level,sp11,level,sp17,w148b1003,court lady
蚊,wén,level,sp12,level,sp20,w151a0901,mosquito
嘘,xū,oblique|level,sp06|q06,oblique,q09,w413a0808,exhale
擅,shàn,oblique,q17,oblique,q33,w436a0501,monopolize
租,zū,level,sp07,level,sp11,w138b0105,"rent, lease"
幂,mì,,,,,,"cover-cloth, cover with cloth"
邮,yóu,level,xp11,level,xp18,w238a0202,"postal, mail"
块,kuài,oblique,q10|s10|q11,oblique,q18,w426a0202,"piece, lump"
董,dǒng,oblique,s01,oblique,s01,w302a1001,"direct, supervise"
祷,dǎo,oblique,s19|q20,oblique,s32,w335b0406,pray
导,dǎo,oblique,q20,oblique,q37,w440a0201,"direct, guide, lead, conduct"
货,huò,oblique,q21,oblique,q39,w442a0101,"goods, commodities, products"
诱,yòu,oblique,s25,oblique,s44,w346a1002,"persuade, entice, induce"
呵,hē,oblique|level,xp05|q21,level,xp07,w216a0606,scold
葳,wēi,level,sp05,level,sp08,w128b1001,"luxuriant, flourishing"
屦,jù,oblique,q07,oblique,q10,w413b0907,straw sandals
哑,yǎ,oblique|level,r11|xp06|q22|s21,oblique,s35,w338b0503,"dumb, mute"
酿,niàng,oblique,q23,oblique,q41,w444a0802,"brew, ferment"
创,chuàng,oblique|level,xp07|q23,level,xp10,w223a0806,"establish, create"
洄,huí,level,sp10,level,sp15,w144b0601,a back-water
琪,qí,level,sp04,level,sp07,w126b0601,type of jade
育,yù,oblique,r01,oblique,r01,w505a0705,"produce, give birth to"
嬴,yíng,level,sp04|xp08,level,xp14,w230b0801,to win
漪,yī,level,sp04,level,sp05,w121a0206,ripples on water
缸,gāng,level,sp03,level,sp04,w116a0603,"earthenware jug, crock"
轺,yáo,level,xp02,level,xp04,w209b0901,small light carriage
述,shù,oblique,r04,oblique,r06,w514a0302,"narrate, state, express"
员,yuán,oblique|level,q13|sp12|xp01,,,,member
逗,dòu,oblique,q26,oblique,q10,w413b0404,"tempt, allure, arouse, stir"
坑,kēng,level,xp08,level,xp12,w227b0205,"pit, hole"
纯,chún,oblique|level,sp11|s11|sp13|xp01,level,sp18,w150a0201,"pure, clean, simple"
燎,liáo,oblique|level,s17|q18|xp02,level,xp04,w211a0706,"to burn, set afire"
裔,yì,oblique,q08,oblique,q13,w420a1001,"progeny, descendants, posterity"
晒,shài,oblique,q10|q04,oblique,q05,w406a0204,"dry in sun, expose to sun"
枭,xiāo,level,xp02,level,xp03,w208a0403,an owl
慷,kāng,oblique|level,xp07|s22,oblique,s37,w342a0105,ardent
薛,xuē,oblique,r09,oblique,r17,w525b0501,kind of marsh grass
歘,chuā,,,,,,sudden
悯,mǐn,oblique,s11,oblique,s16,w322b1001,"pity, sympathize with, grieve for"
旂,qí,level,sp05,level,sp08,w129a0105,flag
碣,jié,oblique,r06|r09,oblique,r10,w517a0801,stone tablet
汨,mì,oblique,r06|r12|r04,oblique,r11,w517b0201,Mi(luo) river in Hunan province where Qu Yuan drowned himself
骐,qí,level,sp04,level,sp07,w126b0603,piebald horse
縠,hú,oblique,r01,oblique,r01,w502a0809,crepe
證,zhèng,oblique,q25,oblique,q47,w447b0901,"proof, evidence"
蓄,xù,oblique,r01,oblique,r01,w505b0905,"store, save, hoard, gather"
骧,xiāng,level,xp07,level,xp10,w223a0602,gallop about with head uplifted
蜃,shèn,oblique,q12|s11,oblique,s16,w322a0607,marine monster which can change its shape
泄,xiè,oblique,r09|q08,oblique,q13,w420a1004,leak
倘,tǎng,oblique,s22,,,,"if, supposing, in event of"
枥,lì,oblique,r12,oblique,r23,w537b1001,type of oak
驼,tuó,level,xp05,level,xp07,w215a0706,a camel
颔,hàn,oblique|level,xp13|s27,level,xp22,w246b0305,"chin, jowl"
艾,ài,oblique,q09,oblique,q14,w421b0203,"artemisia, mugwort"
馔,zhuàn,oblique,q17|s15,oblique,s25,w328a0301,"to feed, support, provide for"
嘲,cháo,level,xp03,level,xp05,w212b0108,"ridicule, deride, scorn, jeer at"
瞿,qú,oblique|level,q07|sp07,level,sp10,w133b1001,surname
峒,dòng,oblique|level,s01|sp01|q01,level,sp01,w108a0702,mountain in Gansu province
帔,pèi,oblique|level,sp04|q04,level,sp05,w118a0301,a skirt
庞,páng,level,sp03|sp01,level,sp04,w116a0906,"disorderly, messy"
荇,xìng,oblique,s23,oblique,s38,w342b1001,"a water plant, Nymphoides peltalum"
斤,jīn,oblique|level,q13|sp12,level,sp21,w152b0707,a catty (approximately 600 g)
崆,kōng,level,sp01,level,sp01,w110a0602,Kongtong mountain
韆,qiān,level,xp01,level,xp02,w204a0406,swing
糟,zāo,level,xp04,level,xp06,w214a1001,"sediment, dregs"
么,me,oblique|level,xp05|xp02|s20,oblique,s34,w337b0606,interrogative particle
佯,yáng,level,xp07,level,xp10,w221a0203,"pretend, feign"
姹,chà,oblique,q07|q22|s21,oblique,s35,w339b0204,"beautiful, colorful"
什,shén,oblique,r14,oblique,r26,w543a0402,file of ten soldiers
蘖,niè,,,oblique,r12,w519b0308,"stump, sprout"
筒,tǒng,level,sp01,level,sp01,w108a0801,thick piece of bamboo
邓,dèng,oblique,q25,oblique,q48,w448a1005,surname
跪,guì,oblique,s04,oblique,s04,w305b0202,kneel
靥,yè,oblique,r16|s28,oblique,r29,w547b1003,dimples
酊,dīng,oblique,s24,oblique,s41,w344a0802,"drunk, intoxicated"
孺,rú,oblique|level,q07|sp07,oblique,q10,w414a0404,child
演,yǎn,oblique,s16,oblique,s16,w322b0804,"perform, put on"
岷,mín,level,sp11,level,sp17,w149a0805,"Minshan mountain range in northern Sichuan and southern Gansu, Min River"
涸,hé,oblique,q07|r10,oblique,r19,w531a1006,dried up
谭,tán,level,xp13,level,xp22,w246a0305,surname
霹,pī,oblique,r12|r11,oblique,r23,w537b0707,"thunder, crashing thunder"
簧,huáng,level,xp07,level,xp11,w226a0508,reed of woodwind instrument
镞,zú,oblique,r01,oblique,r01,w503a1004,"arrowhead, barb"
箨,tuò,oblique,r10,oblique,r19,w530a0907,"bamboo sheath, bamboo shoots"
副,fù,oblique,q07|r13|q26|r01,oblique,q49,w449a0805,assist
庚,gēng,level,xp08,level,xp12,w227a1001,7th heavenly stem
酲,chéng,level,xp08,level,xp14,w231b0201,hangover
闰,rùn,oblique,q12,,,,intercalary
鹗,è,oblique|level,r10|xp02,oblique,r19,w531a0102,"osprey, fishhawk"
撑,chēng,level,xp08,,,,"prop up, support"
酩,mǐng,oblique,s24,oblique,s41,w344a0602,drunk
谊,yì,oblique,q04,oblique,q05,w405a1003,friendship
彊,jiàng,oblique,s22,level,xp10,w224a1001,"stubborn, uncompromising"
氤,yīn,level,sp11,level,sp17,w147a0903,"hanging fog, misty"
厅,tīng,level,xp09,level,xp15,w234a0404,"hall, central room"
辩,biàn,oblique,s16,oblique,s28,w330b0806,"dispute, argue, debate, discuss"
逋,bū,level,sp07,level,sp11,w139a0605,"flee, run away, leave debt unsettled"
醅,pēi,oblique|level,sp10|q27,level,sp15,w145b0602,unstrained spirits
飐,zhǎn,oblique,s28,oblique,s50,w351b0203,sway in wind
抗,kàng,oblique,q23,level,xp11,w226b0905,"resist, oppose, defy, reject"
捕,bǔ,oblique,q07,oblique,q11,w416b0302,"arrest, catch, seize"
璞,pú,oblique,r03,oblique,r04,w510b0104,"unpolished gem, uncarved gem"
诰,gào,oblique,q20,oblique,q37,w440a0505,"inform, notify, admonish, order"
拈,niān,level,xp14,level,xp25,w250a0404,pick up with fingers
晞,xī,level,sp05,level,sp08,w129a0804,"dry, expose sun"
绢,juàn,oblique,q17,oblique,q33,w436a0802,kind of thick stiff silk
倡,chàng,level,xp07,level,xp10,w222a0803,"guide, leader"
漉,lù,oblique,r01,oblique,r01,w502b0901,"filter, strain"
尖,jiān,level,xp14,level,xp24,w249a0604,"sharp, pointed, acute, keen"
锥,zhuī,level,sp04,level,sp06,w125a0601,"gimlet, awl, drill, auger"
戮,lù,oblique,r01,oblique,r01,w504b0401,"kill, massacre"
诞,dàn,oblique,s14,oblique,s23,w326b0404,"bear children, give birth"
闼,tà,oblique,r07,oblique,r12,w519a0404,door
雳,lì,oblique,r12,oblique,r23,w537b0805,"thunderclap, crashing thunder"
劣,liè,oblique,r09,oblique,r17,w527a0505,"bad, inferior"
筌,quán,level,xp01,level,xp02,w206a0704,bamboo fish trap
犁,lí,level,sp04,,,,plow
涎,xián,oblique|level,q17|xp01,level,xp02,w206a0602,saliva
徙,xǐ,oblique,s04,oblique,s04,w306b0501,"move one's abode, shift, migrate"
叱,chì,oblique,r04,,,,"scold, shout at, bawl out"
猴,hóu,level,xp11,level,xp19,w241b0708,"monkey, ape"
铢,zhū,level,sp07,level,sp10,w134b0103,"unit of weight, one twenty-fourth of a Chinese ounce (liang)"
畬,shē,level,xp06|sp06,level,sp09,w130b0302,reclaimed field
遏,è,oblique,r07,oblique,r12,w519a0601,"stop, suppress, curb, check"
貔,pí,level,sp04,level,sp06,w122b0504,a legendary bear-like animal
烁,shuò,oblique,r10,oblique,r18,w528b0107,"shine, glitter, sparkle"
坦,tǎn,oblique,s14,oblique,s23,w326b0103,"flat, smooth"
戢,jí,oblique,r14,oblique,r26,w544a0605,to put away
姻,yīn,level,sp11,level,sp17,w147a1003,relatives by marriage
疵,cī,level,sp04,level,sp05,w119b0504,"flaw, fault, defect"
趾,zhǐ,oblique,s04,oblique,s06,w310a0101,toe
慇,yīn,level,sp12,level,sp21,w152b0503,"careful, anxious, attentive"
砾,lì,oblique,r12,oblique,r23,w537b0906,"gravel, pebbles"
偎,wēi,level,sp10,level,sp15,w144b0501,"cling to, cuddle, embrace, fondle"
酷,kù,oblique,r02,oblique,r02,w507b0205,"strong, stimulating"
汹,xiōng,oblique|level,s02|sp02,level,sp03,w114a1004,turbulent
究,jiū,oblique,q26,oblique,q49,w448b0901,"examine, investigate"
爇,ruò,oblique,r09,,,,burn
嫦,cháng,,,,,,name of a moon goddess
克,kè,oblique,r13,oblique,r25,w542a0703,gram
秣,mò,oblique,q11|r07,oblique,r13,w520a0301,"fodder, horse feed"
骅,huá,level,xp06,level,xp09,w218a0902,an excellent horse
赌,dǔ,oblique,s07,oblique,s10,w317a0605,"bet, gamble, wager"
纬,wěi,oblique,q05|s05,oblique,q08,w411a0301,woof
拣,jiǎn,oblique,q17|s15,oblique,s26,w328a0805,choose
匆,cōng,level,sp01,,,,"hastily, in haste, hurriedly"
斛,hú,oblique,r01,oblique,r01,w502a0902,dry measure equal to some five or ten dou (see 舒)
鳖,biē,oblique,r09,,,,turtle
绊,bàn,oblique,q15,oblique,q29,w433b0506,"loop, catch"
弧,hú,level,sp07,level,sp11,w137a0808,wooden bow
察,chá,oblique,r08,oblique,r14,w521b1004,"examine, investigate"
罥,juàn,oblique,q17,oblique,s27,w329b0105,impede
厉,lì,oblique,q08,oblique,q13,w420b0704,whetstone
颊,jiá,oblique,r16,oblique,r30,w548a0307,"cheeks, jaw"
孩,hái,level,sp10,level,sp16,w146b0901,"baby, child"
拿,ná,,,,,,"take, hold, grasp"
晕,yūn,oblique,q13,oblique,q23,w429b0101,halo in sky
暌,kuí,level,sp08,,,,in opposition
惶,huáng,level,xp07,level,xp11,w226a0403,"fearful, afraid, anxious, nervous"
秽,huì,oblique,q11,oblique,q20,w427a0407,"dirty, unclean"
桨,jiǎng,oblique,s22,oblique,s36,w339b0802,"oar, paddle"
翱,áo,level,xp04,,,,"soar, roam"
藿,huò,oblique,r10,oblique,r19,w532a0201,"Agastache rugosa, Korean mint"
搏,bó,oblique,r10,oblique,q10,w414b0704,seize
醮,jiào,oblique,q18,oblique,q35,w438b0806,religious service
芍,sháo,oblique,r10,oblique,s29,w332b0802,peony
扆,yǐ,oblique,s05,oblique,s07,w311b1001,screen
蠢,chǔn,oblique,s11,oblique,s17,w323b0201,wriggle
罔,wǎng,oblique,s22,oblique,s36,w340b1001,net
瞋,chēn,level,sp11,level,sp17,w148b0502,glare with anger
萎,wēi,oblique|level,sp04|s04|q04,level,sp05,w117b0501,"wither, wilt"
玑,jī,level,sp05,level,sp08,w129a0705,pearl that is not quite round
椀,wǎn,,,oblique,s24,w327a0502,bowl
迅,xùn,oblique,q12,oblique,q21,w427b0203,"quick, hasty, rapid, sudden"
蚀,shí,oblique,r13,oblique,r24,w540a0401,nibble away
稔,rěn,oblique,s26,oblique,s47,w348b0903,ripe grain
瞰,kàn,oblique,q28,oblique,q54,w452b0802,"watch, spy"
袈,jiā,level,xp06,level,xp09,w218b0904,Buddhist cassock
准,zhǔn,oblique,r09|s11,oblique,s17,w323a0602,"approve, allow, permit"
惕,tì,oblique,r12,oblique,r23,w538b0707,"be cautious, careful, alert"
琳,lín,level,xp12,level,xp21,w244a0401,"beautiful jade, gem"
呀,ya,oblique|level,xp06|q22,level,xp09,w219b0501,particle used to express surprise or mild emphasis
绾,wǎn,oblique,q16|s15,oblique,s25,w327b0702,"to string together, to bind up"
襜,chān,oblique|level,q29|xp14,level,xp24,w248b0904,flutter
濩,huò,oblique,q07|r10,oblique,q11,w416a0101,"pour down, cascade down"
裟,shā,level,xp06,level,xp09,w219b0202,a cassock or robe of a monk
蜍,chú,level,sp06,level,sp09,w130a0801,toad
赛,sài,oblique,q11,oblique,q19,w426b0201,"compete, contend"
啖,dàn,oblique,s27,oblique,s49,w350b1003,"eat, feed"
夸,kuā,level,xp06,level,xp09,w218b0406,"extravagant, luxurious"
橐,tuó,oblique,r10,oblique,r19,w530a0905,"a sack, a bag opening at both ends"
棣,dì,oblique,q08,oblique,q12,w417b0101,"Kerria japonica, Japanese rose"
课,kè,oblique,q21,level,xp08,w217b0203,lesson
盂,yú,level,sp07,level,sp10,w133a0902,basin
沅,yuán,oblique|level,s13|sp13,level,sp22,w153a0403,name of a river in western Hunan that flows into Dongting lake
茏,lóng,level,sp02,level,sp01,w111b0404,tall grass
挺,tǐng,oblique,s24,level,xp15,w232b0705,"to stand upright, straighten"
蓂,míng,level,xp09,level,xp15,w234a0703,lucky place
陲,chuí,level,sp04,level,sp05,w117b1004,"frontier, border"
栉,zhì,oblique,r04,oblique,r07,w514b0901,comb
厩,jiù,oblique,q26,,,,stable
葩,pā,level,xp06,level,xp09,w219a0401,flowers
查,chá,level,xp06,,,,"investigate, examine, seek into"
薮,sǒu,oblique,s25,oblique,s45,w347b0902,"marsh, swamp"
篷,péng,level,sp01,level,sp01,w112b0301,"awning, covering"
掠,lüè,oblique,r10|q23,oblique,q41,w443b0802,"rob, ransack, plunder"
较,jiào,oblique,q19|r03,oblique,q36,w439a0702,compare
阃,kǔn,oblique,s13,oblique,s21,w326a0201,threshold
愆,qiān,level,xp01,level,xp02,w206b0704,"a fault, mistake, error, transgression"
繇,yáo,oblique|level,q26|xp11|xp02,level,xp04,w209b0601,"reason, cause"
禦,yù,oblique,s06,oblique,s08,w312b0404,"defend, resist, hold out against"
亘,gèn,,,oblique,q48,w448a0903,"extend across, through"
驽,nú,level,sp07,level,sp11,w138a0105,"tired, old horse"
皤,pó,level,xp05,level,xp08,w216b0701,"white, grey"
穰,ráng,oblique|level,xp07|s22,level,xp10,w222b0701,stalks of grain
蹀,dié,oblique,r16,oblique,r30,w548a0605,"to skip, to dance"
笏,hù,oblique,r06,oblique,r11,w518a0405,tablet held by someone having authority
涔,cén,level,xp12,level,xp21,w245b0801,river in Shaanxi
劈,pī,oblique,r12,oblique,r23,w537b0708,"cut apart, split, chop"
靖,jìng,oblique,s23,oblique,s40,w343a1004,pacify
娉,pīng,oblique|level,xp09|q24,oblique,q45,w447a0304,"beautiful, attractive, charming, graceful"
毳,cuì,oblique,q08,oblique,q13,w419a0905,fine hair or fur on animals
炬,jù,oblique,s06,oblique,s08,w313b0306,torch
镌,juān,level,xp01,level,xp02,w205b0505,engraving tool
芷,zhǐ,oblique,s04,oblique,s06,w310a0201,angelica
潋,liàn,oblique,q29|s28,oblique,s50,w351a0902,"waves, ripples"
铎,duó,oblique,r10,oblique,r19,w529b0601,bell
恤,xù,oblique,r04,oblique,r06,w514b0105,show pity
讽,fěng,oblique,q01,oblique,q01,w403a0603,"recite, incant"
肱,gōng,level,xp10,level,xp17,w236a0903,forearm
菖,chāng,level,xp07,level,xp10,w222a0904,"iris, sweet flag, calamus"
隘,ài,oblique,q10,oblique,q15,w423a0706,"narrow, confined"
蚌,bàng,oblique,s03,oblique,s03,w304b0305,"oysters, mussels"
奥,ào,oblique,q20,oblique,q37,w440b0603,"mysterious, obscure, profound"
舅,jiù,oblique,s25,oblique,s44,w346a0506,"mother's brother, uncle"
碌,lù,oblique,r01,oblique,r01,w503a0203,"rough, uneven, rocky"
狞,níng,level,xp08,level,xp12,w229a0802,ferocious appearance
莼,chún,level,sp11,level,sp18,w150a0202,an edible water plant-brasenia
罅,xià,oblique,q22,oblique,q40,w442a1004,"crack, fissure, split"
禋,yīn,level,sp11,level,sp17,w147a0803,offer sacrifice
盟,méng,oblique|level,xp08|q24,level,xp12,w228b0501,swear
鵩,fú,oblique,r01,oblique,r01,w504a0701,owl-like bird
姜,jiāng,level,xp07,level,xp10,w222b0203,surname
嘈,cáo,level,xp04,level,xp06,w214b0604,noisy
蹲,dūn,level,sp13,level,sp23,w155b0906,"squat, crouch"
惚,hū,oblique,r06,oblique,r11,w518a0607,"absent-minded, confused"
沛,pèi,oblique,q09,oblique,q14,w422a0301,"abundant, full, copious"
篮,lán,level,xp13,level,xp23,w247b0604,basket
恢,huī,level,sp10,level,sp15,w144b0302,restore
窣,sū,oblique,r06,oblique,r11,w518b0305,to rush out of a den
狩,shòu,oblique,q26,oblique,q49,w449a0303,winter hunting
柚,yòu,oblique,q26|r01,oblique,q49,w450a0104,"pomelo, grapefruit"
抄,chāo,,,level,xp05,w212b0301,"copy, confiscate, seize"
讹,é,level,xp05,level,xp08,w217a0103,"swindle, cheat"
躇,chú,oblique|level,r10|sp06,level,sp09,w131b1002,"hesitate, falter, be undecided"
娶,qǔ,oblique,q07,level,sp10,w134a0802,"marry, take wife"
析,xī,oblique,r12,oblique,r23,w537b0402,split wood
聘,pìn,oblique,q24,oblique,q45,w447a0303,"engage, employ"
峣,yáo,level,xp02,level,xp03,w208b0403,high or tall
朓,tiǎo,oblique|level,s17|q18|xp02,level,xp03,w207b0404,sacrifice
渤,bó,oblique,r06,oblique,r11,w517b0303,swelling
燃,rán,,,level,xp02,w204a0601,burn
澈,chè,oblique,r09,oblique,r17,w527a1004,"thoroughly, completely"
缣,jiān,level,xp14,level,xp25,w250a0204,fine silk
泬,jué,oblique,r09,oblique,r16,w523b0402,-
毵,sān,level,xp13,level,xp22,w247a0304,long feathers
嗷,áo,level,xp04,level,xp06,w214b0305,loud clamor
盥,guàn,oblique,q15|s14,oblique,s24,w327a0705,wash
墉,yōng,level,sp02,level,sp03,w114a0305,wall
堵,dǔ,oblique,s07,oblique,s10,w317a0701,wall
例,lì,oblique,q08,oblique,q13,w420b0703,"precedent, example"
耘,yún,level,sp12,level,sp20,w151b0204,weed
抬,tái,level,sp10,,,,"lift, carry"
轨,guǐ,oblique,s04,oblique,s05,w308b0601,"track, rut, path"
愔,yīn,level,xp12,level,xp21,w244b0804,"comfortable, contented, peaceful"
诈,zhà,oblique,q22,oblique,q40,w442b0406,"cheat, defraud, swindle"
砺,lì,oblique,q08,oblique,q13,w420b0705,whetstone
厄,è,oblique,r11,oblique,r21,w535a0701,"adversity, difficulty, distress"
螺,luó,level,xp05,level,xp08,w217a0403,spiral shell
邅,zhān,oblique|level,q17|s16|xp01,level,xp02,w204b0206,"hesitant, faltering"
紧,jǐn,oblique,s11,oblique,s16,w322b0104,"tense, tight, taut"
模,mó,level,sp07,level,sp11,w136b0701,"model, standard, pattern"
裤,kù,,,,,,"trousers, pants"
伎,jì,level,sp04,level,sp05,w118b0603,"talent, skill, ability"
吝,lìn,oblique,q12,oblique,q21,w427b0607,"stingy, miserly, parsimonious"
寮,liáo,level,xp02,level,xp03,w208a1002,"shanty, hut, shack"
橹,lǔ,oblique,s07,oblique,s10,w317a0301,"oar, scull"
骈,pián,level,xp01,level,xp01,w203a0801,team of horses
蝴,hú,,,,,,butterfly
卦,guà,oblique,q10,oblique,q15,w423a0501,fortune telling
葺,qì,oblique,r14,oblique,r26,w543a0302,thatch
籥,yuè,oblique,r10,oblique,r18,w528a0401,key
珀,pò,oblique,r11,oblique,r20,w533a1002,amber
浐,chǎn,oblique,s15,oblique,s26,w328a0503,a river in Shaanxi
睨,nì,oblique,s08|q08,oblique,q12,w417b0603,"look askance at, glare at"
聋,lóng,level,sp01,level,sp01,w111b0301,deaf
诫,jiè,oblique,q10,oblique,q16,w423b1001,"warn, admonish"
蔷,qiáng,level,xp07,level,xp10,w223b0902,rose
掘,jué,oblique,r05|r06,oblique,r08,w515b0507,"dig, excavate"
巳,sì,oblique,s04,,,,sixth earthly branch
蚩,chī,level,sp04,level,sp07,w127b1005,worm
澌,sī,oblique|level,sp04|sp08|q04,oblique,q05,w404b0804,to exhaust
碾,niǎn,oblique,q17,oblique,q33,w437a1002,"roller, crush"
邃,suì,oblique,q04,oblique,q06,w406b1003,"profound, detailed"
爨,cuàn,oblique,q15,oblique,q29,w433a0607,"oven, cooking stove"
纻,zhù,oblique,s06,oblique,s08,w312b0901,ramie
搴,qiān,oblique|level,s16|xp01,oblique,s28,w330a0802,extract
戾,lì,oblique,q08,oblique,q12,w418b0406,"perverse, recalcitrant, rebellious"
衍,yǎn,oblique,q17|s16,oblique,s28,w329b0702,"overflow, spill over, spread out"
撚,niǎn,oblique,s16,oblique,s27,w329a0601,"twirl in fingers, tease, toy with"
勃,bó,oblique,r06,oblique,r11,w517b0302,"suddenly, sudden, quick"
笥,sì,oblique,q04,oblique,q07,w409b1004,"a hamper, wicker basket"
罴,pí,level,sp04,level,sp05,w118a0502,"brown bear, Ursus arctos"
铓,máng,level,xp07,level,xp10,w223a1002,point of sword
屹,yì,oblique,r05,oblique,r09,w516a0401,to rise high
蒋,jiǎng,oblique|level,xp07|s22,level,xp10,w223a0803,surname
铛,dāng,level,xp08|xp07,level,xp11,w225a1001,frying pan
帻,zé,oblique,r11,oblique,r21,w534b0304,turban
腮,sāi,,,,,,lower part of face
仄,zè,oblique,r13,oblique,r24,w541b0606,"slanting, oblique"
蛱,jiá,oblique,r16,oblique,r30,w548a0406,kind of butterfly
赪,chēng,level,xp08,level,xp14,w231a0503,deep red
敝,bì,oblique,q08,oblique,q13,w419b0801,"break, destroy"
罹,lí,level,sp04,level,sp05,w119a1001,"sorrow, grief"
琥,hǔ,oblique,s07,oblique,s10,w317b0901,jewel in shape of tiger
锐,ruì,oblique,q08,oblique,q13,w419b0107,"sharp, keen, acute, pointed"
搅,jiǎo,oblique,s18,oblique,s31,w334b0503,"disturb, agitate, stir up"
寅,yín,level,sp04|sp11,level,sp06,w122a0301,"to respect, reverence"
鸽,gē,oblique,r15,oblique,r27,w544b0603,"pigeon, dove"
躞,xiè,oblique,r16,oblique,r30,w548b0403,to walk
卤,lǔ,oblique,s07,level,sp12,w141b0601,salt
妹,mèi,oblique,q11,oblique,q18,w425a0903,younger sister
簸,bǒ,oblique,q21|s20,oblique,s34,w338a0105,winnower
斥,chì,oblique,r11,oblique,r22,w536b0302,"to scold, upbraid, accuse, reproach"
杞,qǐ,oblique,s04,oblique,s06,w311a0303,willow
偕,xié,level,sp09,level,sp14,w143b0302,together
蜗,wō,level,xp06|sp09,level,sp13,w143a0306,"a snail, Eulota callizoma"
兢,jīng,level,xp10,level,xp16,w235b0206,"fearful, cautious, wary"
哂,shěn,oblique,s11,oblique,s16,w322a0904,"smile, laugh at, sneer at"
泼,pō,oblique,r07,,,,"pour, splash, water, sprinkle"
辂,lù,oblique,q07,oblique,q11,w415a0901,"a chariot, carriage"
狄,dí,oblique,r12,oblique,r23,w538b0201,tribe from northern China
暾,tūn,level,sp13,level,sp23,w156a0106,"morning sun, sunrise"
这,zhè,,,oblique,q33,w436a0702,"this, the, here"
曩,nǎng,oblique,s22,oblique,s37,w341b0106,"in ancient times, of old, former"
骀,dài,oblique|level,sp10|s10,level,sp16,w146a0408,"an old, tired horse, a jade"
羃,mì,oblique,r12,oblique,r23,w539a0402,"cover-cloth, cover with cloth"
荪,sūn,level,sp13,level,sp23,w155b0701,aromatic grass
刮,guā,oblique,r08,oblique,r15,w522b0603,"shave, pare off, scrape"
孱,càn,level,sp15|xp01,level,sp28,w161a0902,"weak, unfit, frail, feeble"
嵌,qiàn,oblique|level,s27|q28|xp15,level,xp27,w251a0405,"inlay, set in"
仇,chóu,level,xp11,level,xp18,w240b0402,"enemy, hate, hatred, enmity"
级,jí,oblique,r14,oblique,r26,w543b1003,"level, rank, class"
鹍,kūn,,,level,sp23,w154b1004,a bird resembling the crane
煦,xù,oblique,q07|s07,oblique,s09,w316a0102,"kind, gentle, gracious, genial"
鹚,cí,level,sp04,,,,cormorant
摄,shè,oblique,r16,oblique,r29,w546b0706,"take in, absorb"
欤,yú,oblique|level,sp06|q06,level,sp09,w130b0305,"a final particle used to express admiration, doubt, surprise, or to mark a question"
寤,wù,oblique,q07,oblique,q11,w415b0803,"few, scarce"
瞳,tóng,level,sp01,level,sp01,w108a0802,pupil of eye
迂,yū,level,sp07,level,sp10,w133a0901,"doctrinaire, abstruse, unrealistic"
湟,huáng,level,xp07,level,xp11,w226a0604,river in Qinghai province
衿,jīn,level,xp12,level,xp21,w245b0203,collar or lapel of garment
篙,gāo,level,xp04,level,xp06,w213a0503,pole used to punt a boat
胄,zhòu,oblique,q26,oblique,q49,w448b1004,"helmet, headpiece"
烘,hōng,level,sp01,level,sp01,w111b0902,"bake, roast"
哺,bǔ,oblique,q07,oblique,q11,w416b0303,chew food
逮,dǎi,oblique,q11|q08,oblique,q12,w417b0303,"seize, catch"
俾,bǐ,oblique|level,sp04|s04,oblique,s04,w307a0101,"so that, in order that"
蔚,wèi,oblique,r05|q05,oblique,q08,w411b0207,"luxuriant, thick"
懿,yì,oblique,q04,oblique,q06,w408b0502,"virtuous, admirable, esteemed"
谕,yù,oblique,q07,oblique,q10,w414a0308,"proclaim, instruct"
觌,dí,oblique,r12,oblique,r23,w538b0302,see
镊,niè,oblique,r16,oblique,r29,w547a0702,"tweezers, forceps, pincers"
攸,yōu,level,xp11,level,xp18,w237b0703,"distant, far"
翥,zhù,oblique,q06,oblique,q09,w412b0603,to soar
萄,táo,level,xp04,level,xp06,w214a0802,grapes
概,gài,oblique,q05|q11,,,,"generally, approximately"
麈,zhǔ,oblique,s07,oblique,s09,w316a0501,legendary species of deer
猱,náo,level,xp04,level,xp06,w214b0803,"a monkey with yellow hair, macaque"
啻,chì,oblique,q04,oblique,q05,w405b1001,"only, merely"
竽,yú,level,sp07,level,sp10,w133a1003,ancient woodwind instrument
猗,yī,level,sp04,level,sp05,w121a0301,exclamation of admiration
沱,tuó,oblique|level,xp05|s20,level,xp07,w215a1001,"rivers, streams, waterways"
竦,sǒng,oblique,s02,oblique,s02,w304a0604,"revere, respect, be in awe of"
翟,dí,oblique,r12|r11,oblique,r20,w533b0802,surname
椿,chūn,level,sp11,level,sp18,w149b0706,father
鼕,dōng,level,sp02,level,sp02,w112b1001,rattle of drums
岧,tiáo,level,xp02,level,xp03,w208a0206,peak
罕,hǎn,oblique,s14,,,,"rare, scarce"
协,xié,oblique,r16,oblique,r30,w548a0206,be united
签,qiān,level,xp14,level,xp24,w248b0301,"sign, endorse"
狡,jiǎo,oblique,s18,oblique,s31,w334b0501,"cunning, deceitful, treacherous"
魑,chī,level,sp04,level,sp05,w120b0604,a mountain demon resembling a tiger
耗,hào,oblique,q20,,,,"consume, use up"
姝,shū,level,sp07,level,sp10,w136b0204,a beautiful girl
咿,yī,level,sp04,level,sp06,w123b1001,descriptive of creaking
淇,qí,level,sp04,level,sp07,w126b0604,river in Henan province
唾,tuò,oblique,q21,oblique,q39,w441b0501,"spit, spit on"
黜,chù,oblique,r04,oblique,r06,w514b0406,dismiss
壳,ké,oblique,r03,,,,"casing, shell, husk"
娜,nà,oblique,s20,oblique,s33,w336b0901,"elegant, graceful, delicate"
庖,páo,level,xp03,level,xp05,w212b0306,kitchen
婷,tíng,level,xp09,,,,pretty
炀,yáng,oblique|level,xp07|q23,level,xp10,w221a0304,roast
釐,lí,level,sp04,level,sp07,w127a0904,"manage, control"
绰,chuò,oblique,r10,oblique,r18,w528b0502,"graceful, delicate"
弭,mǐ,oblique,s04,oblique,s04,w307a0501,"stop, desist, end, quell"
轰,hōng,level,xp08,level,xp13,w230a0501,"rumble, explosion, blast"
摐,chuāng,level,sp03|sp02,level,sp03,w115b0504,to hit (a bell or drum)
沮,jǔ,oblique|level,sp06|s06|q06,level,sp09,w130b0905,"stop, prevent"
缉,jī,oblique,r14,oblique,r26,w543a0301,to sew in close stitches
憀,liáo,level,xp02,level,xp03,w208a0805,to rely on
旐,zhào,oblique,s17,oblique,s30,w333a0501,an embroidered pennant
昊,hào,oblique,s19,oblique,s32,w335a0302,summer time
屣,xǐ,oblique,q04|s04,oblique,s04,w306b1002,straw sandals or slippers that have no heel-backs
泫,xuàn,oblique,q17|s16,oblique,s27,w329a0802,weep
諠,xuān,level,sp13,level,sp22,w154a0202,"noisy, uproarious"
恳,kěn,oblique,s13,oblique,s22,w326a0704,"sincere, earnest, cordial"
渍,zì,oblique,q04,oblique,q05,w405b0202,"soak, steep"
渝,yú,level,sp07,level,sp10,w134b0804,change
娄,lóu,level,xp11|sp07,,,,surname
喔,ō,oblique,r03,oblique,r04,w510b1004,descriptive of crying or of crowing
咬,yǎo,oblique|level,s18|xp03,level,xp05,w211b0401,"bite, gnaw"
醍,tí,oblique|level,s08|sp08,level,sp12,w140b0304,essential oil of butter
泯,mǐn,oblique|level,sp11|s11,level,sp17,w149b0603,"destroy, eliminate"
氅,chǎng,oblique,s22,oblique,s36,w340a0904,overcoat
疠,lì,oblique,q08,oblique,q13,w420b0803,"a sore, ulcer"
曼,màn,oblique|level,q14|sp14,level,sp26,w159b1009,"long, extended, vast"
侄,zhí,,,oblique,r05,w511b0303,nephew
倪,ní,level,sp04|sp08,level,sp12,w141a0804,"feeble, tiny, young and weak"
酥,sū,level,sp07,level,sp11,w139a0101,butter
审,shěn,oblique,s26,oblique,s47,w349a0203,"examine, investigate"
诮,qiào,oblique,q18,oblique,q35,w438b0405,"criticize, scold, blame, ridicule"
瞩,zhǔ,oblique,r02,oblique,r03,w508a0302,"watch carefully, stare at, focus on"
镐,gǎo,oblique,s19,oblique,s32,w335a0401,stove
蘸,zhàn,oblique,q30,oblique,q58,w454a0404,dip (a brush)
隗,kuí,oblique|level,sp10|sp04|s10,oblique,s14,w321a0305,high
鸰,líng,level,xp09,level,xp15,w233a0805,species of lark
搆,gòu,oblique,q26,oblique,q50,w451a0603,"pull, drag"
穑,sè,oblique,r13,oblique,r24,w540b0602,"farm, harvest grain"
蜕,tuì,oblique,q09|r09|q08|q21,oblique,q13,w419b0601,molt
完,wán,level,sp14,level,sp26,w158a0702,"complete, finish, settle"
岱,dài,oblique,q11,oblique,q19,w426a0801,"Daishan, one of the Five Sacred Mountains in China"
聒,guā,oblique,r07,oblique,r13,w520a0907,"clamor, din, hubbub"
黠,xiá,oblique,r08,oblique,r14,w521a1001,"sly, cunning, shrewd"
诘,jí,oblique,r04,oblique,r05,w512a0607,"question, interrogate"
逅,hòu,oblique,q26,oblique,q50,w450a0604,meet unexpectedly
浚,jùn,oblique,q12,oblique,q22,w428b0903,dredge
殃,yāng,level,xp07,level,xp10,w224a0805,"misfortune, disaster, calamity"
炳,bǐng,oblique,s23|q24,oblique,s38,w342b0104,"bright, luminous"
幰,xiǎn,oblique,s13,oblique,s20,w324b1001,curtain at front of carriage
罩,zhào,oblique,q19,oblique,q36,w439a0903,basket for catching fish
暧,ài,oblique,q11,oblique,q19,w426b0608,"obscure, dim, ambiguous, vague"
爷,yé,level,xp06,,,,"father, grandfather"
俛,fǔ,oblique,s16,oblique,s28,w332a0103,"make effort, endeavor"
逦,lǐ,oblique,s04,oblique,s04,w306b0803,"meandering, winding"
粤,yuè,oblique,r06,oblique,r10,w516b0102,Guangdong and Guangxi provinces
蟆,má,level,xp06,level,xp09,w217b0803,"frog, toad"
牲,shēng,level,xp08,level,xp12,w229a0201,sacrificial animal
饷,xiǎng,oblique,q23,oblique,q41,w444a0103,rations and pay for soldiers
霾,mái,level,sp09,level,sp14,w144a0602,"misty, foggy"
绯,fēi,level,sp05,level,sp08,w128b0504,"scarlet, dark red, crimson"
噬,shì,oblique,q08,oblique,q13,w420a0804,bite
矻,kū,oblique,r06,oblique,r11,w518b0104,"toil, slave away"
谴,qiǎn,oblique,q17,oblique,q33,w436a0703,"reprimand, scold, abuse"
隶,lì,oblique,q08,oblique,q06,w409a0904,subservient
槽,cáo,level,xp04,level,xp06,w214a1006,trough
颙,yóng,level,sp02,level,sp03,w114b0102,"solemn, large, grand, majestic"
禊,xì,oblique,q08,oblique,q12,w418a0103,semi-annual ceremony of purification
泱,yāng,oblique|level,xp07|s22,level,xp10,w224a0906,"great, expansive"
孜,zī,level,sp04,level,sp07,w128a0402,be as diligent as possible
麓,lù,oblique,r01,oblique,r01,w503a0201,foothill
邂,xiè,oblique,q10,oblique,q15,w423a0804,unexpected meeting
驶,shǐ,oblique,q04|s04,oblique,s06,w310b0402,"sail, drive, pilot"
虱,shī,oblique,r04,oblique,r07,w514b1003,louse
淬,cuì,oblique,q11,oblique,q18,w425b0505,temper
讳,huì,oblique,q05,oblique,q08,w411b0302,conceal
姮,héng,,,,,,lady
亨,hēng,level,xp08,level,xp12,w228a0305,"smoothly, progressing, no trouble"
骞,qiān,level,sp13|xp01,level,xp02,w206b0801,"raise, hold high"
蟹,xiè,oblique,s09,oblique,s12,w319b0601,crab
撞,zhuàng,oblique|level,sp03|q03,level,sp04,w116b0305,"knock against, bump into, collide"
谯,qiáo,level,xp02,level,xp04,w209a0704,tower
钻,zuān,oblique|level,q15|sp14,,,,"drill, bore"
刊,kān,level,sp14,level,sp25,w158a0601,"publication, periodical"
臭,chòu,oblique,q26|r12,oblique,q49,w449a0404,"smell, stink, emit foul odor"
甄,zhēn,level,sp11|xp01,level,sp17,w147a0402,"to examine, discern"
醇,chún,level,sp11,level,sp18,w150a0204,"rich, good as wine"
卯,mǎo,oblique,s18,oblique,s31,w334a1002,fourth earthly branch
垠,yín,level,sp12|sp11|sp13,level,sp17,w149a0501,"boundary, bank of stream or river"
苧,níng,oblique,s06,oblique,s08,w312b0807,"China grass, ramie (Boehmeria nivea)"
甑,zèng,oblique|level,xp10|q25,oblique,q47,w448a0205,"boiler for steaming rice, pot"
统,tǒng,oblique,q02,oblique,q02,w403b0703,"govern, command, control"
喘,chuǎn,oblique,s16,oblique,s28,w331b0301,"pant, gasp, breathe heavily"
斝,jiǎ,oblique,s21,oblique,s35,w338b0401,small jade wine cup
赭,zhě,oblique,s21,oblique,s35,w338a0906,reddish brown
粳,jīng,,,level,xp12,w227b0105,non-glutinous rice
祢,mí,oblique,s08,oblique,s11,w319a0501,one's deceased father
郤,xì,oblique,r10|r11,oblique,r20,w533a0305,"crack, opening"
讥,jī,level,sp05,level,sp08,w129a0504,"ridicule, jeer, mock"
剃,tì,oblique,q08,oblique,q12,w417a0601,shave
普,pǔ,oblique,s07,oblique,s10,w318a0904,"universal, general, widespread"
蜻,qīng,level,xp08,level,xp14,w230b0505,dragonfly
刈,yì,oblique,q11,oblique,q20,w427a0706,"cut off, reap, mow"
骛,wù,oblique,q07,oblique,q10,w414a0902,gallop
狸,lí,,,level,sp07,w127a1001,fox
嵋,méi,level,sp04,level,sp06,w125a0201,Omei mountain in Sichuan
酤,gū,oblique|level,q07|s07|sp07,level,sp11,w137b0206,to deal in spirits
斲,zhuó,oblique,r03,oblique,r04,w510a0205,"cut, chop, hack"
垓,gāi,level,sp10,level,sp16,w146a0506,"border, boundary, frontier"
苕,sháo,level,xp02,level,xp03,w208a0202,rush plant
槃,pán,level,sp14,level,sp26,w159b0505,tray
鄂,è,oblique,r10,oblique,r19,w530b0902,Hubei province
罄,qìng,oblique,q25,oblique,q46,w447b0406,"exhaust, run out, use up"
诡,guǐ,oblique,s04,oblique,s04,w305b0204,"deceive, cheat, defraud"
晤,wù,oblique,q07,oblique,q11,w415b0808,have interview with
译,yì,oblique,r11,oblique,r22,w536a0301,translate
秃,tū,oblique,r01,oblique,r01,w502b0108,bald
镳,biāo,level,xp02,level,xp04,w210a0901,"bit, bridle"
朅,qiè,,,oblique,r17,w526b0401,brave
陨,yǔn,oblique,s11,oblique,s16,w323a0403,"fall, slip"
荚,jiá,oblique,r16,oblique,r30,w548a0405,pods of leguminous plants
茆,máo,oblique,s18|s25,oblique,s31,w334b0404,"species of grass, water mallows"
馈,kuì,oblique,q04,oblique,q06,w407a0703,offer food superior
讯,xùn,oblique,q12,oblique,q21,w427b0201,inquire
伪,wěi,oblique,q04,oblique,q05,w406a0304,"false, counterfeit, bogus"
宏,hóng,level,xp08,level,xp13,w229b0306,"wide, spacious, great, vast"
缪,móu,oblique|level,xp11|q26|r01,level,xp18,w241b0104,"wind around, bind"
旻,mín,level,sp11,level,sp17,w149a1003,heaven
拒,jù,oblique,s06,oblique,s08,w313b0302,"ward off with hand, defend"
曦,xī,level,sp04,level,sp05,w118b0803,"sunlight, sunshine, early dawn"
醐,hú,level,sp07,level,sp11,w137a0803,purest cream
钥,yào,oblique,r10,oblique,r18,w528a0203,key
篌,hóu,level,xp11,level,xp19,w241b0805,ancient musical instrument
睇,dì,oblique,q08,level,sp12,w141b0804,"look at, glance at"
沤,ōu,oblique|level,xp11|q26,level,xp19,w242a0101,"soak, steep"
臼,jiù,oblique,r02|s25,oblique,s44,w346a0602,mortar
箜,kōng,level,sp01,level,sp01,w110a0601,ancient string music instrument
赦,shè,oblique,q22,oblique,q40,w443a0305,"forgive, remit, pardon"
楸,qiū,level,xp11,level,xp18,w237b0404,"Mallotus japonicus, East Asian mallotus, (J) akamegashiwa"
柽,chēng,level,xp08,level,xp14,w231a0501,type of willow
攲,qī,,,level,sp05,w119a0103,up
叉,chā,level,xp06,level,sp13,w143a0702,crotch
奖,jiǎng,oblique,s22,oblique,s36,w339b0706,"prize, reward"
绫,líng,level,xp10,level,xp16,w234b1003,"thin silk, damask silk"
觑,qù,,,,,,peep at
鞅,yāng,oblique|level,xp07|s22,oblique,s36,w339b1005,leather strap over horse's neck
玷,diàn,oblique,q29|s28,oblique,s51,w352a0906,flaw in gem
聆,líng,level,xp09,level,xp15,w233b0201,"listen, hear"
昙,tán,level,xp13,level,xp22,w246a0301,"become cloudy, overcast"
匏,páo,level,xp03,level,xp05,w212b0401,gourd
骂,mà,oblique,q22,oblique,s35,w338a0901,"accuse, blame, curse, scold"
缴,jiǎo,oblique,r10|s17,oblique,s29,w332a0804,"deliver, submit"
枳,zhǐ,oblique,s04,oblique,s04,w304b0901,trifoliate orange
弩,nǔ,oblique,s07,oblique,s10,w318a0302,"cross-bow, bow"
奁,lián,level,xp14,,,,lady's vanity case
瞑,míng,oblique|level,q17|xp09|q25,level,xp01,w203a0603,close eyes
盲,máng,level,xp08,level,xp12,w227b0303,blind
囷,qūn,oblique|level,sp11|s11,level,sp17,w149a0703,round-shaped storage bin for grain
绠,gěng,oblique,s23,oblique,s38,w342a0905,well rope
粪,fèn,oblique,q13,oblique,q23,w429b0508,"manure, dung, excrement, night soil"
舷,xián,level,xp01,level,xp01,w202a0902,"the sides of a boat, bulwarks"
陕,shǎn,oblique,s28,oblique,s50,w351b0901,mountain pass
獭,tǎ,oblique,r08|r07,oblique,r12,w519a0409,otter
绁,xiè,oblique,r09,oblique,r17,w525b0602,"to contract, draw in, reduce, shorten"
皑,ái,level,sp10,level,sp16,w147a0101,brilliant white
軿,píng,level,xp09|xp01,level,xp01,w203a0707,curtained carriage used by women
芹,qín,level,sp12,level,sp21,w152b0604,celery
夤,yín,level,sp11,level,sp17,w148b0801,distant place
缧,léi,,,,,,a chain or rope used bind criminals
褥,rù,oblique,r02,oblique,r02,w507b0906,"mattress, cushion"
蜺,ní,oblique|level,r09|sp08,level,sp12,w141a0901,reflection of rainbow
辖,xiá,oblique,r08,oblique,q14,w422b0803,linchpin of wheel
罚,fá,oblique,r06,oblique,r10,w516a0803,"penalty, fine"
弋,yì,oblique,r13,oblique,r24,w540b1005,"catch, arrest"
邵,shào,oblique,q18,oblique,q35,w438b0102,surname
滂,pāng,level,xp07,level,xp11,w226b0303,torrential
臧,zāng,level,xp07,level,xp11,w227a0203,"good, right, generous"
祛,qū,level,sp06,,,,"expel, disperse, exorcise"
漓,lí,level,sp04,level,sp05,w119b0303,river in Guangxi province
啜,chuài,oblique,r09,oblique,q13,w419b0305,"sip, suck up"
洼,wā,level,xp06|sp09,level,sp12,w142a1004,hollow
谦,qiān,level,xp14,level,xp25,w250a0201,"humble, modest"
磻,pán,level,sp14,level,sp26,w159b0601,a tributary of the Wei river in Shanxi
彝,yí,level,sp04,,,,Yi (nationality)
龚,gōng,level,sp02,level,sp03,w115b0101,"give, present"
杓,biāo,oblique|level,r10|xp02,level,xp04,w210a0701,"handle of cup, ladle, spoon"
冗,rǒng,oblique,s02,,,,excessive
歆,xīn,level,xp12,level,xp21,w245a0903,"like, admire"
刳,kū,level,sp07,level,sp11,w139a0806,"cut out, dig, rip up, scoop out"
罟,gǔ,oblique,s07,oblique,s10,w317a1005,net
轲,kē,oblique|level,q21|xp05|s20,level,xp07,w216a0707,axle
蘼,mí,oblique|level,sp04|s04,level,sp05,w117b0605,millet
齧,niè,oblique,r09,oblique,r16,w524b0706,"bite, gnaw"
猕,mí,,,level,sp05,w120b0905,macacus monkey
瞬,shùn,oblique,q12,oblique,q22,w429a0502,"wink, blink"
睢,suī,oblique|level,sp04|q04,level,sp05,w117b0805,"gaze at, stare at"
潼,tóng,level,sp01,level,sp01,w108a0902,"high, lofty"
醑,xǔ,oblique,s06,oblique,s08,w313a0904,to strain spirits
甜,tián,level,xp14,level,xp25,w249b1002,"sweet, sweetness"
距,jù,oblique,s06,oblique,s08,w313b0304,distance
楠,nán,level,xp13,level,xp22,w246a0902,"name of tree, Machilus nanmu"
鄱,pó,level,xp05,level,xp08,w216b0605,county and lake in Jiangxi
鸬,lú,level,sp07,level,sp11,w138b0608,cormorant
甍,méng,level,xp08,level,xp13,w229b0108,rafters supporting roof tiles
萨,sà,oblique,r07,,,,Buddhist gods or immortals
缟,gǎo,oblique,s19|q20,oblique,s32,w336a0103,white raw silk
阍,hūn,level,sp13,level,sp23,w156b0302,gatekeeper
弁,biàn,oblique|level,q17|sp14,oblique,q33,w437a0203,conical cap worn during Zhou dynasty
檗,bò,oblique,r11,oblique,r21,w534a1001,a cork tree
淙,cóng,oblique|level,q03|sp03|sp02,level,sp02,w113a0303,gurgling sound of water
陬,zōu,level,xp11,level,sp10,w136a0504,"corner, cranny, nook, niche"
辗,niǎn,oblique,q17|s16,oblique,s28,w329b1003,"turn over, roll"
划,huà,oblique|level,xp06|r11,level,xp09,w218b0103,to row or paddle boat
嗅,xiù,,,,,,"smell, scent, sniff"
珥,ěr,oblique,q04|s04,oblique,q07,w410a0504,ear ornament
嵚,qīn,level,xp12,level,xp21,w245a0703,"lofty, towering"
衬,chèn,oblique,q12,oblique,q21,w428b0207,underwear
淘,táo,level,xp04,,,,wash in a sieve
崦,yān,oblique|level,s28|xp14,level,xp24,w249a0502,"a mountain in Kansu, where there is a cave into which the sun is said to sink at night"
镫,dèng,oblique,q25,oblique,q48,w448a0802,lamp
烝,zhēng,oblique|level,xp10|q25,level,xp16,w234b0503,"rise, steam"
羯,jié,oblique,r06,oblique,r10,w517a0702,"wether, castrated ram"
裨,bì,level,sp04,level,sp05,w120a0302,"aid, benefit, help"
榔,láng,level,xp07,level,xp11,w225a0403,betel-nut tree
憧,chōng,oblique|level,q03|sp02,level,sp03,w113b0905,"irresolute, indecisive"
崄,xiǎn,oblique|level,s28|xp14,oblique,s50,w351b0105,"high, steep, precipitous"
蜓,tíng,oblique|level,xp09|s16,level,xp15,w232b0707,dragonfly
孕,yùn,oblique,q25,oblique,q47,w447b0903,be pregnant
臻,zhēn,level,sp11,level,sp19,w150b1001,"reach, arrive"
骠,biāo,oblique,q18,oblique,q35,w438b1003,"charger, steed"
耒,lěi,oblique,q11|s04,oblique,s05,w309a0701,handle of plow
廪,lǐn,oblique,s26,oblique,s47,w348b0601,granary
彷,páng,level,xp07,level,xp11,w227a0403,"like, resembling"
蓠,lí,level,sp04,level,sp05,w119b0107,Gracilaria verrucosa
飗,liú,,,level,xp18,w237a0603,soughing of wind
腴,yú,level,sp07,,,,fat
鲵,ní,level,sp08,level,sp12,w141a1006,Cryptobranchus japonicus
泷,lóng,level,sp03,level,sp01,w111b0207,raining
兕,sì,oblique,s04,oblique,s05,w308a0702,a female rhinoceros
绥,suí,level,sp04,level,sp06,w124b0401,"soothe, appease, pacify"
愉,yú,level,sp07,level,sp10,w134b0602,"pleasant, delightful"
皱,zhòu,oblique,q26,oblique,q49,w449a0707,"wrinkles, creases, folds"
猪,zhū,oblique|level,sp06|s05,level,sp09,w131a0907,"pig, hog, wild boar"
泳,yǒng,oblique,q24,oblique,q43,w446a0908,dive
蹬,dēng,oblique,q25,oblique,q48,w448b0201,"step on, tread on"
殚,dān,level,sp14,level,sp25,w157a0501,"utmost, entirely, quite"
砥,dǐ,oblique|level,sp04|s08|s04,level,sp06,w122a0103,a whetstone
溉,gài,oblique,q05|q11,,,,"water, irrigate, flood"
蜘,zhī,level,sp04,level,sp05,w121a0203,spider
芟,shān,level,xp15,level,xp27,w251a0302,"mow, cut"
鋋,chán,level,xp01,level,xp02,w204a0906,"short, iron-handled spear"
漭,mǎng,oblique,s22,oblique,s37,w341b0704,vast
贳,shì,oblique,q22|q08,oblique,q13,w421a0203,borrow
飧,sūn,level,sp13,level,sp23,w155b0702,"evening meal, supper"
潢,huáng,oblique|level,xp07|q23,level,xp11,w226a0502,"expanse of water, lake, pond"
倖,xìng,oblique,s23,oblique,s39,w343a0802,"lucky, fortunate"
茔,yíng,level,xp08,level,xp14,w231a0102,"grave, tomb, cemetery"
匕,bǐ,oblique,s04,oblique,s05,w308b0301,"spoon, ladle"
踞,jù,oblique,q06,oblique,q09,w412a1004,"crouch, squat"
熠,yì,oblique,r14,oblique,r26,w544a0905,bright and sparkling
脊,jí,oblique,r11,oblique,r22,w535b0607,"spine, backbone"
闉,yīn,level,sp11,level,sp17,w147a0805,"curved, bent"
廛,chán,level,xp01,level,xp02,w205a0101,"a store, shop"
辀,zhōu,level,xp11,level,xp18,w240b0102,shaft
冽,liè,oblique,r09,oblique,r17,w526a0103,cold and raw
抹,mǒ,oblique,r07,oblique,r13,w520a0403,"smear, apply, wipe off, erase"
挠,náo,oblique|level,s18|xp04|xp03,level,xp06,w213b0102,scratch
睛,jīng,oblique|level,s23|xp08,level,xp14,w230b0604,eyeball
拓,tuò,oblique,r10,oblique,r19,w530a1002,expand
询,xún,level,sp11,level,sp18,w149b1001,"inquire into, ask about"
箴,zhēn,level,xp12,level,xp21,w244a0704,"needle, probe"
桢,zhēn,level,xp08,level,xp14,w231a0401,hardwood
瀰,mí,oblique|level,sp04|s08|s04,level,sp05,w120b1005,overflow
忡,chōng,level,sp01,level,sp01,w109a0302,"a sad, uneasy countenance"
絷,zhí,oblique,r14,oblique,r26,w543b0702,"confine, tie up"
痍,yí,level,sp04,level,sp06,w122a0702,"wound, bruise, sore"
蹶,jué,oblique,r06|q08,oblique,q13,w420a0202,"stumble, fall down"
晡,bū,level,sp07,level,sp11,w139a0702,late afternoon
硕,shuò,oblique,r11,oblique,r22,w536b0501,"great, eminent"
猖,chāng,level,xp07,level,xp10,w222a0804,"mad, wild, reckless, unruly"
粥,zhōu,oblique,r01,oblique,r01,w505a0803,"rice gruel, congee"
邕,yōng,level,sp02,level,sp03,w114b0202,former or literary name for Nanning (in Guangxi)
旟,yú,level,sp06,level,sp09,w130b0101,an military flag or standard
镝,dī,oblique,r12,oblique,r23,w538a0605,"dysprosium (element 66, Dy)"
帚,zhǒu,oblique,s25,oblique,s44,w346b1002,"broom, broomstick"
牍,dú,oblique,r01,oblique,r01,w502a0301,writing tablet
噫,yī,oblique|level,q10|sp04,level,sp07,w127b0904,belch
踊,yǒng,oblique,s02,oblique,s02,w303b0802,"leap, jump"
燥,zào,oblique,s19|r17,oblique,s32,w335b0303,"dry, parched, arid"
虺,huī,oblique|level,sp10|s05,level,sp14,w144a0502,large poisonous snake
蹭,cèng,oblique,q25,oblique,q48,w448a1003,"to shuffle, procrastinate, dilly-dally"
贶,kuàng,oblique,q23,oblique,q41,w444b0803,"give, grant, bestow"
鹡,jí,oblique,r11,,,,wagtail
蹴,cù,oblique,r01,oblique,r01,w505b0401,kick
饼,bǐng,oblique,s23,oblique,s40,w343b0701,"rice-cakes, biscuits"
侈,chǐ,oblique,s04,oblique,s04,w307a0703,"luxurious, extravagant"
鹥,yī,level,sp08,level,sp12,w141a0605,seagull
伽,gā,level,xp05,level,xp08,w217b0504,"transcription of Sanskrit 'gha' in Buddhist texts ('samgha', etc.)"
亥,hài,oblique,s10,oblique,s15,w321b0501,twelfth earthly branch
阕,què,oblique,r09,oblique,r16,w523b0503,"close, shut"
髦,máo,level,xp04,level,xp06,w213b0201,flowing hair of young child
翕,xī,oblique,r14,oblique,r26,w544a0501,agree
颖,yǐng,oblique,s23,oblique,s40,w343b0501,rice tassel
卵,luǎn,oblique,s14|s20,oblique,s24,w327a0904,egg
喂,wèi,,,,,,interjection to call attention
卞,biàn,oblique,q17,oblique,q33,w437a0105,"to be impatient, in a hurry"
迍,zhūn,level,sp11,level,sp18,w150a0905,"falter, hesitate"
炯,jiǒng,oblique,s24,oblique,s41,w344a0403,"bright, brilliant, clear"
迦,jiā,level,xp06|xp05,level,xp08,w217b0605,character for transliteration
卸,xiè,oblique,q22,oblique,q40,w443a0102,lay down
绸,chóu,level,xp04|xp11,level,xp06,w213b0703,"silk cloth, satin damask"
洮,táo,level,xp04|xp02,level,xp04,w209b1004,cleanse
璋,zhāng,level,xp07,level,xp10,w222a0603,jade plaything
谱,pǔ,oblique,s07,oblique,s10,w318b0201,"list, table"
铮,zhēng,level,xp08,level,xp13,w230a0201,clanging sound
釭,gāng,level,sp03|sp01,level,sp01,w111a0602,tire of wheel
飔,sī,level,sp04,level,sp07,w126b0101,cool breeze of autumn
茹,rú,oblique|level,sp06|s06|q06,level,sp09,w132a0503,roots
亹,wěi,oblique|level,sp13|s05,level,sp23,w155a0905,progress
嘤,yīng,level,xp08,level,xp13,w229b0903,seek friends
脍,kuài,oblique,q09,oblique,q14,w422a0901,minced meat or fish
壖,ruán,level,xp01,,,,open space along water
鞞,bǐng,oblique,s04,level,sp05,w120a0303,sheath
鲲,kūn,level,sp13,level,sp23,w154b1006,spawn
摅,shū,level,sp06,level,sp09,w131a0301,"spread, disperse"
抃,biàn,oblique,q17,oblique,q33,w437a0202,to clap hands
坰,jiōng,level,xp09,level,xp15,w234b0401,wilds
贴,tiē,oblique,r16,oblique,r30,w548a0106,"paste to, stick on"
杲,gǎo,oblique,s19,oblique,s32,w335b1004,bright sun
胭,yān,,,level,xp01,w202b0302,"rouge, cosmetics"
棺,guān,level,sp14,level,sp26,w159a0501,coffin
崒,zú,oblique,r06|r04,oblique,r06,w514a0608,rocky peaks
慄,lì,oblique,r04,oblique,r05,w512a0903,"shiver, shudder, tremble"
嘱,zhǔ,oblique,r02,oblique,r03,w508a0304,"order, tell, instruct, leave word"
骆,luò,oblique,r10,oblique,r19,w530a0507,a white horse with black mane
姥,lǎo,oblique,s07,oblique,s10,w316b0601,maternal grandmother
鸶,sī,,,,,,the eastern egret
辚,lín,level,sp11,level,sp17,w148a0701,rumbling of vehicles
皴,cūn,level,sp11,level,sp18,w150a1004,"chapped, cracked"
蘅,héng,level,xp08,level,xp12,w229a0702,"a fragrant plant with a medicinal root, a type of wild ginger"
贰,èr,oblique,q04,oblique,q06,w408b0105,number two
炽,chì,oblique,q04,oblique,q07,w410b0405,"burning-hot, intense"
嘹,liáo,oblique|level,q18|xp02,level,xp03,w208b0307,used describe clarity of voice
渎,dú,oblique,q26|r01,oblique,r01,w502a0405,"ditch, sluice, gutter, drain"
栾,luán,level,sp14,level,sp26,w159a0902,name of tree
虐,nüè,oblique,r10,oblique,r18,w528b0606,"cruel, harsh, oppressive"
燧,suì,oblique,q04,oblique,q06,w406b0704,flintstone
呦,yōu,level,xp11,level,xp20,w243a1002,the bleating of the deer
缙,jìn,oblique,q12,oblique,q21,w428a0703,red silk
迨,dài,oblique,s10,oblique,s15,w321b0205,"until, when"
锤,chuí,oblique|level,sp10|sp04|s04|q04,level,sp05,w117b0905,balance weight on scale
璜,huáng,level,xp07,level,xp11,w226a0402,a semicircular jade ornament used as a pendant
涡,wō,level,xp05,level,xp08,w216b0101,"swirl, whirlpool, eddy"
铙,náo,level,xp03,level,xp05,w211b0803,cymbals
橡,xiàng,oblique,s22,oblique,s36,w339b0602,chestnut oak
彗,huì,oblique,q04|q08,oblique,q06,w406b0502,broomstick
湫,jiǎo,oblique|level,xp11|s17,level,xp18,w237b0401,a small pond
眩,xuàn,oblique,q17,level,xp01,w203b0603,to confuse
魍,wǎng,oblique,s22,oblique,s36,w341a0101,"demons, mountain spirits"
孥,nú,oblique|level,s07|sp07,level,sp11,w138a0202,one's children
隍,huáng,level,xp07,level,xp11,w226a0601,"dry ditch, dry moat"
鬐,qí,level,sp04,level,sp06,w123b0601,horse's mane
颢,hào,oblique,s19,oblique,s32,w335a0403,luminous
鸮,xiāo,level,xp02,level,xp04,w210b0603,owl
肇,zhào,oblique,s17,,,,"begin, commence, originate"
谑,xuè,oblique,r10,oblique,r18,w529b0503,jeer
泸,lú,level,sp07,level,sp11,w138b0703,river in Jiangxi province
牺,xī,level,sp04,level,sp05,w118b0606,"sacrifice, give up"
评,píng,oblique|level,xp08|q24,level,xp12,w228a1001,"appraise, criticize, evaluate"
魁,kuí,level,sp10,level,sp15,w144b0305,chief
椎,chuí,level,sp04,level,sp06,w125b0301,"hammer, mallet"
浃,jiā,oblique,r16,oblique,r30,w548b0801,"saturate, drench"
舻,lú,level,sp07,level,sp11,w138b0701,bow or prow of boat
祁,qí,level,sp04,level,sp06,w123b0706,pray
槊,shuò,oblique,r03,oblique,r04,w510a0104,"spear, lance"
汶,wèn,oblique|level,q13|sp12,level,sp17,w149a1007,a river in Shandong province
攫,jué,oblique,r10,oblique,r18,w529b0101,"snatch away, seize"
沆,hàng,oblique,s22,level,xp11,w226b0901,a ferry
孀,shuāng,level,xp07,level,xp10,w223b0704,widow
喝,hē,oblique,q10|r07,oblique,q17,w425a0203,drink
獬,xiè,oblique,s09,oblique,s12,w319b0701,a fabulous monster
芋,yù,oblique|level,q07|sp07,level,sp10,w133b0102,taro
培,péi,oblique|level,sp10|s25,level,sp15,w145b0302,bank up with dirt
咎,jiù,oblique|level,xp04|s25,level,xp06,w213a0406,"fault, defect"
崿,è,oblique,r10,oblique,r19,w531a0101,cliffs
鼯,wú,level,sp07,,,,flying squirrel
匿,nì,oblique,r13,oblique,r24,w540b0102,hide
蜉,fú,level,xp11,level,xp18,w241a0307,mayfly
惩,chéng,level,xp10,level,xp16,w234b0804,"punish, reprimand"
謇,jiǎn,,,oblique,s28,w330a0801,stutter
舁,yú,,,level,sp09,w130b0402,carry on one's shoulder
办,bàn,oblique,q16,oblique,q31,w434b0206,"manage, do, handle"
舴,zé,oblique,r11,oblique,r20,w532b0208,a small boat
堠,hòu,oblique,q26,oblique,q50,w450a0702,"battlements, battlemented walls"
疗,liáo,oblique,q18,oblique,q35,w438b0703,"be healed, cured, recover"
鹪,jiāo,level,xp02,level,xp04,w209b0103,wren
刁,diāo,level,xp02,level,xp03,w207b0603,"tricky, sly, crafty, cunning"
纛,dào,oblique,s19|r02|q20,oblique,q37,w440a0203,"a banner, a streamer"
棕,zōng,level,sp02,,,,hemp palm
茕,qióng,level,xp08,level,xp14,w232a0107,alone
勾,gōu,,,,,,"hook, join, connect"
荑,tí,level,sp08,level,sp06,w122a0704,sprouts
撷,xié,oblique,r09,oblique,r16,w524b0104,"pick up, gather up"
艋,měng,oblique,s23,oblique,s38,w342b1005,small boat
酡,tuó,level,xp05,level,xp07,w215b0101,flushed
叛,pàn,oblique,q15,oblique,q29,w433b0705,rebel
挫,cuò,oblique,q21,oblique,q39,w441b0305,push down
窍,qiào,oblique,q18,oblique,q34,w438a0203,"hole, opening, aperture"
鹈,tí,level,sp08,level,sp12,w140b0306,pelican
恓,xī,,,,,,vexed
罘,fú,level,xp11,level,xp18,w241a0303,screen used in ancient times
峙,zhì,oblique,s04,oblique,s06,w311a0105,"stand erect, stand up"
跋,bá,oblique,r07,oblique,r13,w521a0502,go by foot
砖,zhuān,level,xp01,,,,"tile, brick"
钉,dīng,oblique|level,xp09|q25,level,xp15,w232b1001,"nail, spike"
懦,nuò,oblique|level,sp07|q21,level,sp10,w134a0401,"weak, timid, cowardly"
奄,yǎn,oblique,s28,oblique,s50,w352a0102,ere long
喃,nán,level,xp15,level,xp26,w250b0505,"keep talking, chattering"
溆,xù,oblique,s06,oblique,s08,w314a0504,river in Húnán
蔻,kòu,oblique,q26,,,,"肉豆蔻 nutmeg, 豆蔻 cardamon"
孽,niè,oblique,r09,,,,evil
鞘,qiào,oblique|level,q18|xp03,level,xp05,w211b1008,"scabbard, sheath"
弗,fú,oblique,r05,oblique,r08,w515a0403,"not, negative"
攘,rǎng,oblique|level,xp07|s22,level,xp10,w222b0703,"seize, take by force"
逊,xùn,oblique,q14,oblique,q26,w431a0404,"humble, modest"
騑,fēi,level,sp05,level,sp08,w128b0405,horse
淩,líng,oblique|level,xp10|q25,level,xp16,w234b1001,"pass over, cross, traverse"
僵,jiāng,level,xp07,level,xp10,w222b0302,"stiff and motionless, stock still"
祯,zhēn,level,xp08,level,xp14,w231a0402,"lucky, auspicious, good omen"
惰,duò,oblique,q21|s20,oblique,s34,w337b0402,"indolent, careless, lazy, idle"
覃,tán,level,xp13,level,xp22,w246a0201,"reach to, spread to"
荜,bì,oblique,r04,oblique,r05,w513a0101,species of bean
咒,zhòu,oblique,q26,,,,"curse, damn, incantation"
罨,yǎn,oblique,s28,oblique,s50,w352a0303,medical compress
晃,huǎng,oblique,s22,oblique,s37,w342a0302,"bright, dazzling"
忤,wǔ,oblique,q07,oblique,q11,w415b0804,"insubordinate, stubborn"
熨,yùn,oblique,r05,oblique,q08,w411b0202,"iron, press"
赍,jī,level,sp04|sp08,level,sp06,w122b1001,present
鹳,guàn,oblique,q15,oblique,q29,w433a0205,"crane, Grus japonensis"
鴂,jué,,,oblique,r16,w523b0801,the tailor-bird
樗,chū,level,sp06,,,,"Ailanthus glandulosa or A. altissima, a kind of tree useless as timber"
婺,wù,oblique,q07,oblique,q10,w414a0801,a river and county in Jiāngxī
睥,pì,oblique,q08,oblique,q12,w418b0302,"look askance at, glare at"
逵,kuí,level,sp04,level,sp06,w124b0703,"thoroughfare, crossroads"
桴,fú,level,xp11|sp07,level,sp10,w136a0302,raft
挼,ruá,oblique|level,sp10|xp05|q21,level,sp15,w145a1008,"rub, stroke with hands"
甥,shēng,level,xp08,level,xp12,w229a0301,"niece, sister's child"
晔,yè,oblique,r16,oblique,r26,w544a0904,bright
姊,zǐ,oblique,s04,,,,elder sister
濠,háo,level,xp04,level,xp06,w213a0101,"moat, trench, ditch"
佗,tuó,level,xp05,level,xp07,w215b0204,"other, he"
艘,sōu,level,xp04,level,xp03,w207b0303,"counter for ships, vessels"
燠,yù,oblique,s19|q20|r01,oblique,s32,w336a0703,warm
隰,xí,oblique,r14,oblique,r26,w543a0602,"low, damp land, marsh, swamp"
睫,jié,oblique,r16,oblique,r29,w546b0602,eyelashes
绀,gàn,oblique,q28,oblique,q53,w452a0901,dark blue or reddish color
鶱,xiān,level,sp13,level,sp22,w154a0802,to soar
拗,ǎo,oblique,s18|q19,oblique,s31,w334b0807,"to pull, drag, break off, to pluck (a flower)"
赚,zhuàn,oblique,q30,,,,"make money, earn"
鸷,zhì,oblique,q04,oblique,q06,w406b0101,"hawk, vulture"
畋,tián,oblique|level,q17|xp01,level,xp01,w202b0602,"till land, cultivate"
歧,qí,level,sp04,level,sp05,w118b0301,fork of road
掀,xiān,level,sp13,level,sp22,w154a0801,"lift, raise"
巩,gǒng,oblique,s02,oblique,s02,w304a0506,bind
沌,dùn,oblique|level,s13|sp13,level,sp23,w156a0501,"chaotic, confused"
橙,chéng,oblique|level,xp08|q25,level,xp13,w230a0705,orange
帜,zhì,oblique,q04,oblique,q07,w410a0103,"flag, pennant"
悤,cōng,,,,,,"agitated, restless, hurried"
箪,dān,level,sp14,level,sp25,w157a0601,small bamboo basket for holding
堰,yàn,oblique,q17|s13|q14,oblique,s20,w324b0603,dam
绦,tāo,level,xp04,level,xp06,w213b0604,"silk cord, ribbon"
鼋,yuán,level,sp13,level,sp22,w153a0501,"large turtle, sea turtle"
孑,jié,oblique,r09,,,,"remaining, left-over"
璨,càn,oblique,q15,oblique,q28,w432b0203,gems
伺,cì,oblique,q04,level,sp07,w126a0802,"serve, wait upon, attend"
拢,lǒng,oblique|level,s01|sp03,oblique,s01,w303a0306,"collect, bring together"
哮,xiāo,level,xp03,level,xp05,w212a0405,cough
瑜,yú,level,sp07,level,sp10,w134b0702,flawless gem or jewel
埒,liè,oblique,r09,oblique,r17,w527a0602,"enclosure, dike, embankment"
苓,líng,level,xp09,level,xp15,w233a0902,"fungus, tuber"
蝼,lóu,level,xp11,level,xp19,w242a0901,"a mole cricket, Gryllotalpa africana"
盌,wǎn,,,oblique,s24,w327a0503,"bowl, basin, cup"
椽,chuán,level,xp01,level,xp02,w207a0401,"beams, rafters, supports"
觐,jìn,oblique,q12,oblique,q21,w428b0101,have imperial audience
诬,wū,level,sp07,level,sp10,w133a0301,make false accusation
宓,mì,oblique,r04,oblique,r05,w512b0904,"quiet, silent"
昽,lóng,level,sp01,level,sp01,w111b0504,"vague, dim"
亸,duǒ,oblique,s20,oblique,s33,w336b0303,"read aloud, recite, chant"
槌,chuí,oblique|level,sp04|q04,level,sp06,w125b0302,"hammer, mallet"
譬,pì,oblique,q04,oblique,q05,w405b0102,"metaphor, simile, example"
魉,liǎng,oblique,s22,oblique,s36,w339b1003,a kind of monster
咆,páo,level,xp03,level,xp05,w212b0307,roar
捎,shāo,level,xp03,level,xp04,w208b0804,to select
鶗,tí,level,sp08,,,,a kind of hawk
缯,zēng,level,xp10,level,xp16,w235b0402,silk fabrics
厕,cè,oblique,q04,oblique,q07,w410a0804,mingle with
糠,kāng,,,level,xp11,w225b0806,"chaff, bran, husks"
瀼,ráng,level,xp07,level,xp10,w222b0805,river in Henan province
觏,gòu,oblique,q26,oblique,q50,w451a0501,meet or see unexpectedly
窘,jiǒng,oblique,q13|s11,oblique,s16,w322b0406,embarrassed
滪,yù,oblique,q06,oblique,q09,w413a0806,place in Sichuan
蠲,juān,level,xp01,level,xp01,w203b0102,millipede
鶄,jīng,level,xp08,level,xp14,w230b0504,a kind of water bird
罾,zēng,level,xp10,level,xp17,w236a0405,"a large square net, lowered and raised from the bank of the river"
酺,pú,oblique|level,q07|sp07,level,sp11,w136b0902,drink with others
咍,hāi,level,sp10,level,sp16,w145b1001,laugh
鵁,jiāo,level,xp03,level,xp05,w211b0301,the fishing cormorant
璇,xuán,level,xp01,level,xp02,w206a0206,beautiful jade
飨,xiǎng,oblique,s22,oblique,s36,w340a0708,host banquet
慑,shè,oblique,r16,oblique,r29,w547b0107,"afraid, scared, fearful"
塍,chéng,oblique|level,xp10|q25,level,xp16,w235a0901,"a raised path between fields, a dike"
鹜,wù,oblique,q07|r01,oblique,q10,w414a1005,duck
馁,něi,oblique,s10,oblique,s14,w321a0202,"hungry, starving, famished"
荠,jì,oblique|level,sp04|s08|q08,level,sp06,w123a0602,water-chestnuts
匮,kuì,oblique,q04,oblique,q06,w407a0608,to lack
诤,zhèng,oblique,q24,oblique,q44,w446b0501,to expostulate
鸑,yuè,oblique,r03,oblique,r04,w509b0601,a legendary waterfowl
悼,dào,oblique,q20,oblique,q37,w440a0204,"grieve, mourn, lament"
翾,xuān,level,xp01,level,xp02,w205b0604,fly
骓,zhuī,level,sp04,level,sp06,w125a0604,piebald horse
畹,wǎn,oblique,s13|q14,oblique,s20,w325a0602,"a unit of area, thirty mou"
祉,zhǐ,oblique,s04,oblique,s06,w311b0403,"happiness, blessings, good luck"
镕,róng,level,sp02,level,sp03,w114a0306,"fuse, melt, smelt"
钏,chuàn,oblique,q17,oblique,q33,w436a1002,"bracelet, armlet"
缇,tí,oblique|level,s08|sp08,level,sp12,w140b0405,"reddish color, red, brown"
韝,gōu,oblique|level,xp11|q26,level,xp19,w242b0202,leather arm band
缗,mín,level,sp11|xp01,level,sp17,w149a0903,fishing-line
揆,kuí,oblique,s04,oblique,s05,w309a0704,prime minister
嫂,sǎo,oblique,s19,oblique,s32,w335b0301,"sister-in-law, elder brother's wife"
胤,yìn,,,,,,"heir, successor"
勺,sháo,oblique,r10,oblique,r18,w528a0904,"spoon, ladle"
熬,áo,level,xp04,level,xp06,w214b0201,"cook down, to boil"
鳷,zhī,,,level,sp05,w117a0106,jay (Garrulus lidthi)
厓,yá,,,level,sp13,w143a1001,"precipice, shore, bank"
蜩,tiáo,level,xp02,level,xp03,w208a0104,"cicada, broad locust"
遒,qiú,level,xp11,level,xp18,w238a0501,"strong, unyielding, forceful"
跂,qí,oblique,q04|s04,level,sp05,w118b0504,"creeping, crawling"
娈,luán,oblique|level,q17|sp14|s16,oblique,s28,w331a0702,"lovely, beautiful"
阐,chǎn,oblique,s16,oblique,s28,w330a0405,"explain, clarify, elucidate"
鹯,zhān,level,xp01,level,xp02,w204b0201,hawk
嶷,yí,oblique|level,sp04|r13,level,sp07,w126a0503,a range of mountains in Hunan province
躁,zào,oblique,q20,oblique,q37,w440b1002,"tense, excited, irritable"
筮,shì,oblique,q08,oblique,q13,w420a0807,divination with stalks of plants
蝣,yóu,level,xp11,level,xp18,w237b0903,"Ephemera strigata, mayfly"
旰,gàn,oblique,q15,oblique,q28,w432a0406,"sunset, dusk"
菁,jīng,level,xp08,level,xp14,w230b0503,flower of leek family
藁,gǎo,,,oblique,s32,w336a0101,"straw, hay"
栅,zhà,oblique,q16|r11,oblique,q30,w434a0306,fence
鴳,yàn,,,oblique,q30,w434a0204,quail
鲂,fáng,level,xp07,level,xp10,w222a0402,bream
囿,yòu,oblique,q26|r01,oblique,q49,w448b0704,pen up
碓,duì,oblique,q11,oblique,q18,w425b0402,pestle
弈,yì,oblique,r11,oblique,r22,w536a0202,Chinese chess
驎,lín,oblique|level,q12|sp11,level,sp17,w148a0903,-
罂,yīng,level,xp08,level,xp13,w229b0806,long necked jar or bottle
瓠,hù,oblique|level,q07|sp07,level,sp11,w137a0902,bottle gourd
谧,mì,oblique,r04,oblique,r05,w512b0805,"calm, quiet, still"
壅,yōng,oblique|level,s02|q02|sp02,level,sp03,w114b0405,to obstruct
轼,shì,oblique,r13,oblique,r24,w540a0902,horizontal wooden bar in front
谄,chǎn,oblique,s28,oblique,s50,w351b1007,"flatter, truckle, toady"
涣,huàn,oblique,q15,oblique,q14,w422b0305,scatter
篸,cǎn,level,xp13,level,xp22,w246b0706,"a basket, hod, scuttle"
蔗,zhè,oblique,q22,oblique,q40,w443a0301,sugar cane
豕,shǐ,oblique,s04,oblique,s04,w307a1003,"a pig, boar"
鷟,zhuó,,,oblique,r04,w509b0802,phoenix
粘,zhān,,,level,xp24,w249a0302,"viscous, mucous"
畜,chù,oblique,q26|r01,oblique,q49,w449b0103,"livestock, domestic animals"
荏,rěn,oblique,s26,oblique,s47,w348b0805,beans
臊,sāo,level,xp04,level,xp06,w214a0106,rancid
汜,sì,oblique,s04,oblique,s06,w310b0103,a stream which leaves the main branch then later returns
鞮,dī,level,sp08,level,sp12,w140a0704,leather shoes
缃,xiāng,level,xp07,level,xp10,w223a0503,light-yellow color
戆,gàng,oblique,q03,oblique,q01,w403b0401,"stupid, simple, simple-minded"
沂,yí,level,sp05,level,sp08,w129b0106,river in southeast Shandong
瘵,zhài,oblique,q10,oblique,q16,w423b0903,a wasting disease
箬,ruò,oblique,r10,oblique,r18,w528b0303,the cuticle of the bamboo a broad-leaved bamboo
押,yā,oblique,r17,oblique,r32,w549b0805,"mortgage, pledge"
瀚,hàn,oblique,q15,oblique,q28,w431b0802,"vast, wide, extensive"
鹩,liáo,oblique|level,q18|xp02,level,xp03,w208b0103,wren
蓍,shī,level,sp04,level,sp06,w123b0502,"milfoil, plant used in divination"
豚,tún,level,sp13,level,sp23,w156a0303,"small pig, suckling pig"
斡,wò,oblique,r07,oblique,r13,w520b0709,"revolve, rotate, turn"
踵,zhǒng,oblique,s02|q02,oblique,s02,w303a0803,heel
缬,xié,oblique,r09,oblique,r16,w524b0102,patterned silk
措,cuò,oblique,q07,oblique,q11,w416a1001,place
嫉,jí,oblique,r04,oblique,q06,w409b0101,jealousy
笈,jí,oblique,r16|r15|r14,oblique,r26,w543b0508,bamboo box used carry books
滕,téng,level,xp10,level,xp17,w236b0101,an ancient state in Shandong province
羔,gāo,level,xp04,level,xp06,w213a0402,"lamb, kid"
酎,zhòu,oblique,q26,oblique,q49,w449a0103,"double-fermented wine, vintage wine"
潏,yù,oblique,r09|r04,oblique,r06,w514a0403,reclaimed land
耨,nòu,oblique,q26,oblique,q50,w451a0101,"hoe, rake"
跄,qiāng,level,xp07,level,xp10,w223b1005,walk rapidly
絺,chī,level,sp04,level,sp06,w123a0204,fine linen
騕,yǎo,,,oblique,s29,w332b0404,name of a fabulous horse
灿,càn,oblique,q15,oblique,q28,w432b0202,"vivid, illuminating"
仅,jǐn,oblique,q12,oblique,q21,w428a1003,"only, merely, solely, just"
怏,yàng,oblique|level,q23|xp07|s22,oblique,s36,w340a0203,"discontented, dispirited, sad"
匙,shi,level,sp04,level,sp05,w119a0506,spoon
牒,dié,oblique,r16,oblique,r30,w548a0603,"documents, records"
湮,yān,level,sp11|xp01,level,sp17,w147a0901,"bury, sink, block up"
樟,zhāng,level,xp07,level,xp10,w222a0601,camphor tree
蛊,gǔ,oblique,s07,oblique,s10,w317b0101,poison
虢,guó,oblique,r11,oblique,r20,w533b1005,name of ancient feudal State in Shenxi and Hunan
楞,léng,level,xp10,level,xp17,w236a0201,used for Ceylon in Buddhist texts
胝,zhī,level,sp04,level,sp06,w125b0401,"callous, corn"
瀣,xiè,oblique,q10|q11,oblique,q16,w424a0605,sea mist
缊,yūn,oblique|level,q13|sp12|s12|sp13,,,,"tangled hemp, raveled silk"
沴,lì,oblique,q08|s16,oblique,q12,w418b0607,foul and poisonous in confusion
祲,jìn,oblique|level,xp12|q27,level,xp21,w244b0901,ominous or sinister spirit
澒,hòng,oblique,s01,oblique,s01,w302b0904,vast
蚤,zǎo,oblique,s19,,,,flea
欃,chán,level,xp15,level,xp26,w250b0607,sandalwood
赁,lìn,oblique,q27,oblique,q52,w452a0203,"rent, hire"
玺,xǐ,oblique,s04,oblique,s04,w306b0503,"imperial signet, royal signet"
贷,dài,oblique,q11,oblique,q19,w426b0205,lend
巇,xī,level,sp04,level,sp05,w118b0704,a crack
蚋,ruì,,,,,,"gnat, mosquito"
赓,gēng,level,xp08,level,xp12,w227b0106,continue
涘,sì,oblique,s04,oblique,s06,w311a0802,river bank
浥,yì,oblique,r15|r14,oblique,r26,w544a0804,"moist, wet, dampen"
鬻,yù,oblique,r01,oblique,r01,w505a0802,sell
瘿,yǐng,oblique|level,s23|xp08,oblique,s40,w343b1004,"swelling, goiter"
螯,áo,level,xp04,level,xp06,w214b0302,nippers
汪,wāng,level,xp07,level,xp11,w226b0402,"vast, extensive, deep"
嘒,huì,oblique,q08,oblique,q12,w418b0203,sharp
牟,móu,level,xp11,level,xp18,w241a0602,make
镮,huán,level,sp15,level,sp27,w160b0102,metal ring
估,gū,oblique,s07,oblique,s10,w317b0102,merchant
腋,yè,oblique,r11,oblique,r22,w536a0402,armpit
祓,fú,oblique,r05|q11,oblique,q20,w427a0305,"exorcise, remove evil"
笾,biān,level,xp01,level,xp01,w203b0401,bamboo container for food
锸,chā,oblique,r17,oblique,r29,w547b0407,"spade, shovel"
焙,bèi,oblique,q11,,,,dry over slow fire
宥,yòu,oblique,q26,oblique,q49,w448b0601,"forgive, pardon, indulge"
荤,hūn,level,sp12,level,sp20,w152a0701,meat diet
敏,mǐn,oblique,s11,oblique,s16,w322b1003,"fast, quick, clever, smart"
晷,guǐ,oblique,s04,oblique,s05,w308b0604,shadows of sun
帟,yì,oblique,r11,oblique,r22,w536a0204,tent
泮,pàn,oblique,q15,oblique,q29,w433b0606,Zhou dynasty school
鞠,jū,oblique,r01,oblique,r01,w504b0901,"bow, bend"
哗,huā,level,xp06,level,xp09,w218b0402,rushing sound
鹆,yù,oblique,r02,oblique,r03,w508b0601,myna
涪,fú,level,xp11,level,xp18,w241a0305,river in Sichuan province
瞪,dèng,oblique|level,xp08|q25,level,xp13,w230a0901,stare at
酹,lèi,oblique,q11|q09,oblique,q14,w422b0402,to pour out a libation
允,yǔn,oblique,q12|s11,oblique,s17,w323a0902,"to grant, to allow, to consent"
摵,shè,oblique,r11|r01,oblique,r01,w504b0204,"(Cant.) to pull, lift up"
侔,móu,level,xp11,level,xp18,w241a0701,equal
霎,shà,oblique,r16|r17,oblique,r29,w547b0903,"light rain, drizzle"
婀,ē,oblique,s20,,,,"be beautiful, be graceful"
纩,kuàng,oblique,q23,oblique,q42,w445b0603,cotton
蔟,cù,oblique,q26|r01,oblique,q50,w451a0804,frame on which silkworms spin
该,gāi,level,sp10,level,sp16,w146a0504,"should, ought to, need to"
躔,chán,level,xp01,level,xp02,w204b1001,"follow in, imitate"
斓,lán,oblique|level,q15|sp15,level,sp28,w161b0203,multicolored
笄,jī,level,sp08,level,sp12,w141a0202,a hairpin
汩,gǔ,oblique,r06|r12|r04,oblique,r05,w513a0906,run swiftly
剌,lá,oblique,r11|r07,oblique,r12,w519a0706,"slash, cut in two"
搦,nuò,oblique,r03|r11,oblique,r04,w511a0202,"grasp, seize, take in hand"
捻,niǎn,oblique,r16,oblique,r30,w548b0204,to twist or nip with the fingers
鞚,kòng,oblique,q01,oblique,q01,w402b0904,bridle
旎,nǐ,oblique,s04,oblique,s04,w307b0805,fluttering of flag
涅,niè,oblique,r09,,,,blacken
缲,qiāo,oblique,s19,level,xp06,w214a0105,to reel
蝗,huáng,level,xp07,level,xp11,w226a0608,kind of locust
痾,ē,level,xp05,level,xp07,w216a0902,chronic illness
悭,qiān,level,sp15,level,sp28,w161a0703,"miserly, parsimonious, stingy"
诜,shēn,level,sp11,level,sp19,w151a0208,"inquire, question"
鳏,guān,level,sp15,level,sp28,w161a0303,huge fish
勖,xù,,,,,,"enjoin, advise, preach to"
晼,wǎn,oblique,s13,oblique,s20,w325a0707,sunset
靴,xuē,level,xp06,level,xp08,w217b0402,boots
矩,jǔ,oblique,s07,oblique,s09,w316a0903,"carpenter's square, ruler, rule"
扼,è,oblique,r11,,,,"grasp, clutch"
茯,fú,oblique,r01,oblique,r01,w504a0604,China root
篪,chí,level,sp04,level,sp05,w121a0602,a bamboo flute with seven holes
拯,zhěng,oblique,s24,oblique,s42,w344b0901,"help, save, aid"
溃,kuì,oblique,q11,oblique,q18,w425b1001,flooding river
駮,bó,oblique,r03,oblique,r04,w510a0502,a kind of fierce animal
蛤,há,oblique,r15,oblique,r27,w544b0701,clam
缤,bīn,level,sp11,level,sp17,w148b0807,"flourishing, thriving, abundant"
襞,bì,oblique,r11,oblique,r22,w537a0904,"fold, pleat, crease"
励,lì,oblique,q08,oblique,q13,w420b0801,strive
栀,zhī,level,sp04,level,sp05,w116b0905,gardenia
狮,shī,level,sp04,level,sp06,w122b0304,lion
弛,chí,oblique|level,sp04|s04,oblique,s04,w307a1002,"loosen, relax, unstring a bow"
柝,tuò,oblique,r10,,,,watchman's rattle
琯,guǎn,oblique,s14,oblique,s24,w327a0801,a jade tube used as an instrument
芡,qiàn,oblique,s28,oblique,s50,w351b0403,plant allied to the waterlily
苜,mù,oblique,r01,oblique,r01,w507a0302,clover
蜿,wān,oblique|level,s13|sp13,level,sp22,w154a0404,"creep, crawl"
垫,diàn,oblique,q29,oblique,q56,w453b0703,"advance money, pay for another"
埏,shān,level,xp01,level,xp02,w204a0801,"a boundary, a limit"
惺,xīng,oblique|level,s23|xp09,level,xp15,w233a0401,"intelligent, clever, astute"
褷,shī,level,sp04,level,sp05,w121a1005,-
睦,mù,oblique,r01,oblique,r01,w507a0204,"friendly, amiable, peaceful"
繻,xū,level,sp07,level,sp10,w134a0406,fine silk gauze
赎,shú,oblique,r02,oblique,r03,w509a0403,"buy, redeem"
舰,jiàn,oblique,s29,oblique,s54,w353a0402,warship
黼,fǔ,oblique,s07,oblique,s09,w315a0101,embroidered official or sacrificial robe
狙,jū,oblique|level,sp06|q06,level,sp09,w130b1001,"an ape, monkey"
雹,báo,oblique,r03|r02,oblique,r04,w510a0807,hail
鄠,hù,oblique,s07,oblique,s10,w318a0502,county in Shanxi province
伟,wěi,oblique,s05,oblique,s07,w312a0603,"great, robust"
黩,dú,oblique,r01,oblique,r01,w502a0201,"to dishonor, defile, corrupt"
穫,huò,oblique,q07|r10,oblique,r19,w532a0605,"harvest, cut grain"
贲,bēn,oblique|level,sp12|sp13|q04,level,sp08,w128b0902,forge ahead
玫,méi,level,sp10,,,,rose
柰,nài,oblique,q09,oblique,q14,w421b0407,crab-apple tree
肚,dù,oblique,s07,oblique,s10,w317a0105,belly
徨,huáng,level,xp07,level,xp11,w226a0605,"doubtful, irresolute, vacillating"
綦,qí,level,sp04,level,sp07,w126b0501,dark grey. variegated. superlative
磔,zhé,oblique,r11,oblique,r20,w532b0206,"to dismember, tear apart"
螀,jiāng,level,xp07,level,xp10,w223a0804,kind of cicada
糵,niè,,,,,,fermenting grain
鸊,pì,,,,,,"little grebe, dabchick (Tachybaptus ruficollis)"
镛,yōng,level,sp02,level,sp03,w114a0307,large bell used as musical instrument
徭,yáo,,,,,,"conscript labor, compulsory labor"
删,shān,level,sp15,,,,to cut
蝙,biān,,,level,xp01,w203b0404,bat
祐,yòu,oblique,q26,oblique,q49,w448b0605,"divine intervention, protection"
贬,biǎn,oblique,s28,oblique,s50,w351b0201,"decrease, lower"
绘,huì,oblique|level,xp10|q09,oblique,q14,w422a0704,"draw, sketch, paint"
侮,wǔ,oblique,s07,oblique,s09,w315a0903,"insult, ridicule, disgrace"
柿,shì,oblique,q11,,,,persimmon
槔,gāo,level,xp04,,,,"well sweep, water pulley"
腑,fǔ,oblique,s07,oblique,s09,w314b1001,"bowels, entrails, internal organs"
滤,lǜ,,,,,,"strain out, filter"
胫,jìng,oblique,q25|s24,oblique,s41,w344b0403,shinbone
鸲,qú,,,level,sp10,w133b0704,mynah
坳,ào,level,xp03,level,xp05,w212b0605,"a hollow in the ground, a cavity, depression"
括,kuò,oblique,r07,oblique,r13,w520a0901,"include, embrace, enclose"
篦,bì,level,sp08,level,sp12,w140b1001,fine-toothed comb
麇,jūn,level,sp11,level,sp17,w149a0601,general name for hornless deer
确,què,oblique,r03,oblique,r04,w511a0501,"sure, certain"
详,xiáng,level,xp07,level,xp10,w221a0204,"detailed, complete, thorough"
荦,luò,oblique,r03,oblique,r04,w511a0307,brindled ox
雰,fēn,level,sp12,level,sp20,w152b0207,atmosphere
呻,shēn,level,sp11,level,sp17,w148a0204,"groan, moan"
桁,héng,oblique|level,xp08|xp07|q23,level,xp11,w226b0701,cross-beams of roof
婕,jié,oblique,r16,oblique,r29,w546b0701,handsome
钳,qián,level,xp14,level,xp24,w249b0101,"pincers, pliers, tongs"
葆,bǎo,oblique,s19,oblique,s32,w336a0505,"reserve, preserve"
瘼,mò,oblique,r10,oblique,r19,w530a0106,sickness
娲,wā,level,xp06|sp09,level,sp13,w143a0302,"a goddess, the mythological sister and successor to Fuxi"
霅,zhà,oblique,r16|r17,oblique,r27,w545a0103,thunder
畎,quǎn,oblique,s16,oblique,s27,w329b0101,"a drain between fields, irrigation"
脐,qí,level,sp08,level,sp12,w139b0901,abdominal area of crab
蓿,xu,oblique,r01,oblique,r01,w506b0701,"clover, lucerne"
茑,niǎo,oblique,q18|s17,oblique,s29,w332a0905,"Convolvulus, bindweed"
聿,yù,oblique,r04,oblique,r06,w514a0704,"writing brush, pencil"
妤,yú,level,sp06,level,sp09,w130b0404,"beautiful, fair, handsome"
诃,hē,level,xp05,level,xp07,w216a0605,"scold loudly, curse, abuse"
谛,dì,oblique,q08,oblique,q12,w416b1001,"careful, attentive"
翣,shà,oblique,r17,oblique,r32,w549b1007,feathers used decorate coffin
罝,jū,level,xp06|sp06,level,xp09,w218a0604,net for catching rabbits
糊,hú,level,sp07,level,sp11,w137a0807,"paste, stick on with paste"
霤,liù,oblique,q26,oblique,q49,w449b0204,drip
饫,yù,oblique,q06,oblique,q09,w412b0803,"surfeited, satiated"
殒,yǔn,oblique,s11,oblique,s16,w323a0306,"die, perish"
珉,mín,,,level,sp17,w149a0804,stone resembling jade
拊,fǔ,oblique,s07,oblique,s09,w315b0603,slap
铩,shā,oblique,q10|r08,oblique,q13,w420a0301,moult
丙,bǐng,oblique,s23,oblique,s38,w342a1004,third
忿,fèn,oblique,q13|s12,oblique,s18,w324a0202,get angry
葫,hú,level,sp07,level,sp11,w137a0903,bottle-gourd
桔,jú,,,oblique,r16,w523a0904,Chinese bellflower
毯,tǎn,oblique,s27,oblique,s49,w350b0802,"rug, carpet, blanket"
纂,zuǎn,oblique,s14,oblique,s24,w327b0107,"edit, compile"
伞,sǎn,oblique,s14,oblique,s23,w326b0304,"umbrella, parasol, parachute"
硎,xíng,level,xp09,level,xp12,w227b0206,whetstone
批,pī,oblique|level,r09|sp08,level,sp12,w142a0201,"comment, criticize"
壕,háo,level,xp04,level,xp06,w213a0102,"trench, ditch, channel, moat"
酪,lào,oblique,r10,oblique,r19,w530a0501,"cream, cheese"
娆,ráo,oblique|level,s17|q18|xp02,oblique,s29,w332b0704,"graceful, charming, fascinating"
啧,zé,oblique,r11,oblique,r20,w533a0104,interjection of approval or admiration
矰,zēng,level,xp10,level,xp17,w236a0404,arrow with attached silk cord
痊,quán,level,xp01,level,xp02,w206a0606,"be healed, be cured"
琤,chēng,level,xp08,level,xp12,w228a0503,jade of jade being
亢,kàng,oblique|level,xp07|q23,level,xp11,w225b0503,"high, proud"
悒,yì,oblique,r14,oblique,r26,w544a0801,"sorrowful, depressed, unhappy"
硬,yìng,oblique,q24,oblique,q44,w446b0603,"hard, firm, strong"
蝠,fú,oblique,r01,oblique,r01,w504a0205,bat
騃,ái,oblique,s09,oblique,s06,w311a0803,stupid
偿,cháng,oblique|level,xp07|q23,level,xp10,w223b0604,"repay, recompense"
酂,cuó,oblique,q15|s14,,,,collect
挛,luán,level,xp01,level,xp02,w207a0403,tangled
遘,gòu,oblique,q26,oblique,q50,w451a0404,to meet
忉,dāo,level,xp04,level,xp06,w213b1002,grieved
撤,chè,oblique,r09,oblique,r17,w527a1003,omit
埙,xūn,level,sp13,level,sp22,w154a0101,instrument
牌,pái,level,sp09,level,sp13,w143a0108,"signboard, placard"
罳,sī,level,sp04,level,sp07,w126a0801,wooden screen
愬,sù,oblique,q07|r11,oblique,q11,w416a0205,accuse
闵,mǐn,oblique,s11,oblique,s16,w322b1002,"mourn, grieve"
哥,gē,level,xp05,level,xp07,w215a0306,elder brother
蒺,jí,oblique,r04,oblique,r05,w512b0403,furze
嵓,yán,,,,,,-
沁,qìn,oblique,q27,oblique,q52,w451b0601,"soak into, seep in, percolate"
矗,chù,oblique,r01,oblique,r01,w506a0801,"straight, upright, erect, lofty"
鳣,zhān,level,sp14|xp01,level,xp02,w204b0303,sturgeon
虿,chài,oblique,q10,oblique,q17,w425a0201,a kind of scorpion
栎,lì,oblique,r12,oblique,r18,w528a0303,chestnut-leaved oak
坻,chí,oblique|level,sp04|s08|s04,level,sp06,w123a1002,"an islet, a rock in a river"
夐,xiòng,,,oblique,q32,w434b0903,"long, faraway"
勘,kān,oblique,q28,oblique,q53,w452a0801,investigate
圜,huán,level,sp15,level,sp27,w160b0101,"circle, surround"
褊,biǎn,oblique|level,s16|xp01,oblique,s28,w331a0201,"cramped, narrow, crowded"
肿,zhǒng,oblique,s02,oblique,s02,w303a0801,swell
荥,xíng,level,xp08|xp09,level,xp15,w234b0203,a county in Henan
拽,zhuāi,oblique,r09|q08,,,,"drag, tow"
衒,xuàn,oblique,q17,oblique,q32,w435a0105,brag
皙,xī,,,oblique,r23,w537b0503,white
菽,shū,oblique,r01,oblique,r01,w505b0903,"beans and peas, collectively"
敧,jī,,,,,,to pick up thing with chopsticks or pincers.
祜,hù,oblique,s07,oblique,s10,w318a0602,"blessing, happiness, prosperity"
疟,nüè,oblique,r10,oblique,r18,w528b0702,intermittent fever
蛄,gū,level,sp07,level,sp11,w137b0208,mole cricket
逻,luó,oblique|level,q21|xp05|s20,oblique,q38,w441a0806,patrol
庑,wǔ,oblique|level,s07|sp07,oblique,s09,w315a1003,"corridor, hallway"
袒,tǎn,oblique,q16|s14,oblique,s23,w326b0402,strip
緌,ruí,level,sp04,level,sp06,w124a0701,tassels hanging from hat
币,bì,oblique,q08,oblique,q13,w419b0703,"currency, coins, legal tender"
枻,yì,oblique,q08,oblique,q13,w420b0104,"long oar, sweep"
喈,jiē,level,sp09,level,sp14,w143b0305,music
薙,tì,oblique,q04|q08,oblique,s05,w308a0801,weed
耦,ǒu,oblique,s25,oblique,s45,w347b0602,plow side by side
佣,yōng,level,sp02,level,sp03,w114a0402,commission fee
饧,táng,level,xp08|xp07,,,,"sugar, syrup"
炫,xuàn,oblique,q17,oblique,q32,w435a0104,"shine, glitter"
缰,jiāng,level,xp07,level,xp10,w222b0106,"reins, bridle"
揄,yú,level,xp11|sp07,level,sp10,w134b0604,"lift, raise"
蛸,shāo,level,xp03|xp02,level,xp04,w208b0905,long legged spider
忏,chàn,oblique,q30,oblique,q59,w454a0803,"regret, repent"
绍,shào,oblique,s17,oblique,s30,w333b0503,"continue, carry on"
驮,tuó,oblique|level,xp05|q21,,,,carry on back
惘,wǎng,oblique,s22,oblique,s36,w340b1004,"disconcerted, dejected, discouraged"
蟪,huì,oblique,q08,oblique,q12,w418a0804,a kind of cicada
咤,zhà,,,level,xp09,w220a0704,"scold, bellow, shout at, roar"
毅,yì,oblique,q05,oblique,q08,w412a0203,"resolute, decisive, firm, persist"
愠,yùn,oblique,q13,oblique,q23,w429b0801,angry
斐,fěi,oblique|level,sp05|s05,oblique,s07,w312a0204,"graceful, elegant, beautiful"
彬,bīn,level,sp11,level,sp17,w149b0304,"cultivated, well-bred"
璠,fán,level,sp13,level,sp22,w153b0604,a piece of precious jade
圻,qí,level,sp05,level,sp08,w129a0206,"border, boundary"
纭,yún,level,sp12,level,sp20,w151b0302,"confused, in disorder"
欧,ōu,oblique|level,xp11|s25,level,xp19,w241b1002,translit.: Europe
汇,huì,oblique,q05|s10,level,sp14,w144a0302,concourse
伥,chāng,oblique|level,xp07|q24,level,xp10,w224b0102,ghost of one devoured by tiger
呕,ǒu,oblique|level,s25|xp11|sp07,level,xp19,w241b1001,vomit
菼,tǎn,oblique,s27,oblique,s49,w350b0705,rush or sedge
芥,jiè,oblique,q10,oblique,q16,w424a0304,mustard plant
衅,xìn,oblique,q12,oblique,q21,w428a0902,consecrate sacrificial vessels by smearing blood
樾,yuè,oblique,r06,oblique,r10,w516b0203,the shade of trees
沄,yún,level,sp12|sp13,level,sp20,w151b0405,billows
瘗,yì,oblique,q08,oblique,q13,w420b0402,"bury, inter"
舶,bó,oblique,r11,oblique,r20,w532b0402,"large, ocean-going vessel"
罽,jì,oblique,q08,oblique,q13,w421a0302,a kind of woolen fabric
褚,chǔ,oblique,s06,oblique,s08,w313a0704,"bag, valise"
纠,jiū,oblique|level,xp11|s25,oblique,s46,w348b0103,"investigate, inspect"
铦,xiān,oblique|level,s28|xp14|r07,level,xp24,w248a1007,"sharp, keen-edged"
妥,tuǒ,oblique,s20,oblique,s34,w337b0503,"satisfactory, appropriate"
缦,màn,oblique,q15|q16,oblique,q29,w433b0401,plain silk
凑,còu,oblique,q26,oblique,q50,w451a0801,"piece together, assemble"
薝,zhān,,,,,,-
迭,dié,oblique,r09,oblique,r16,w524a0305,"repeatedly, frequently"
魈,xiāo,level,xp02,level,xp04,w209a0104,"mischievous, one footed spirit that dwells in the mountains"
荃,quán,level,xp01,level,xp02,w206a0802,aromatic herb
汭,ruì,oblique,q08,oblique,q13,w419a0803,confluence of two streams
盱,xū,level,sp07,level,sp10,w133b0305,wide open eyes
沣,fēng,level,sp01,level,sp01,w110a0203,river in Shanxi province
蕣,shùn,oblique,q12,oblique,q22,w429a0501,hibiscus
址,zhǐ,oblique,s04,oblique,s06,w310a0102,"site, location, land for house"
恕,shù,oblique,q06,oblique,q09,w412b0502,"forgive, excuse, show mercy"
苡,yǐ,oblique,s04,oblique,s06,w310a0801,barley
鹑,chún,level,sp11,level,sp18,w150a0205,quail
菑,zāi,level,sp10|sp04,,,,to weed grass
抢,qiǎng,oblique|level,xp07|s22,level,xp10,w224a0202,"plunder, rob, take by force"
旖,yǐ,oblique,s04,level,sp05,w121a0303,romantic
厢,xiāng,level,xp07,level,xp10,w223a0401,"side-room, wing"
骍,xīng,level,xp08,level,xp14,w232a0307,"red, brown, bay"
媸,chī,level,sp04,level,sp07,w128a0103,an ugly woman
镆,mò,oblique,r10,oblique,r19,w530a0103,sword
釜,fǔ,oblique,s07,oblique,s09,w315b0502,"cauldron, pot, kettle"
淄,zī,level,sp04,,,,river in Shandong province
滉,huàng,oblique,s22,oblique,s37,w342a0402,deep
汍,wán,level,sp14,level,sp26,w158a0903,weep
蟏,xiāo,level,xp02,,,,a kind of spider with long legs
窱,tiǎo,oblique,q18|s17,oblique,s29,w332b0207,-
饲,sì,oblique,q04,oblique,q07,w409b0904,raise animals
齑,jī,level,sp08,level,sp12,w142a0206,"break or smash into pieces, pulverize"
璀,cuǐ,oblique,s10,oblique,s14,w321a0504,lustre of gems
谀,yú,level,sp07,,,,"flatter, truckle"
皪,lì,oblique,r12,oblique,r23,w538a0302,-
粹,cuì,oblique,q04,oblique,q06,w407a0103,pure
谔,è,oblique,r10,oblique,r19,w530b0903,"honest speech, straightforward"
燔,fán,level,sp13,level,sp22,w153b0403,to roast
櫜,gāo,oblique|level,s19|xp04,level,xp06,w213a0405,quiver (case for arrows)
肖,xiào,oblique,q18,oblique,q35,w438a0603,"look like, resemble, be like"
噎,yē,oblique,r09,oblique,r16,w525a0502,choke
啮,niè,oblique,r09,oblique,r16,w524b0706,"bite, gnaw"
撇,piē,oblique,r09,,,,"discard, abandon, throw away"
娼,chāng,oblique,s19,,,,"prostitute, harlot"
椹,shèn,level,xp12,level,xp21,w244b0105,a chopping board
谨,jǐn,oblique,s12,oblique,s19,w324a0901,"prudent, cautious"
琰,yǎn,oblique,s28,oblique,s50,w351a0601,"jewel, gem"
潨,cóng,,,level,sp01,w109a0102,gather
衽,rèn,oblique,s26|q27,oblique,q52,w451b0804,lapel
廨,xiè,oblique,q10,oblique,q15,w423a0703,"government office, public office"
飓,jù,oblique,q07,,,,"cyclone, typhoon, gale"
鞯,jiān,level,xp01,level,xp01,w202a0104,saddle blanket
怠,dài,oblique,s10,oblique,s15,w321b0204,"idle, remiss, negligent"
矧,shěn,oblique,s11,oblique,s16,w322a0902,"much more, still more"
縻,mí,level,sp04,level,sp05,w117b0602,halter for ox
棼,fén,level,sp12,level,sp20,w151b1004,beams in the roof of a house
蕲,qí,level,sp04|sp12,level,sp07,w126b0802,variety of Artemisia
霈,pèi,oblique,q09,oblique,q14,w422a0502,"torrential rains, flow of water"
絪,yīn,level,sp11,level,sp17,w147a0904,matting
琛,chēn,level,xp12,level,xp21,w244a0502,"treasure, valuables"
籞,yù,,,oblique,s08,w312b0203,a fence
刖,yuè,oblique,r06|r08,oblique,r10,w516a0602,cutting off feet as form of punishment
畚,běn,oblique,s13,oblique,s21,w325b0501,"straw basket, hamper"
莠,yǒu,oblique,s25,oblique,s44,w346b0202,"weeds, tares"
鞬,jiān,oblique|level,sp13|s16,level,sp22,w154a0903,a quiver on a horse
兜,dōu,level,xp11,level,xp19,w243a0402,pouch
纫,rèn,level,sp11,level,sp17,w148b0806,"thread needle, sew stitch, string"
瀍,chán,level,xp01,level,xp02,w204b1002,river in Henan province
薏,yì,oblique,q04,oblique,r24,w540b0403,seed of Job's tears
歼,jiān,level,xp14,level,xp24,w249a0605,"annihilate, wipe out, kill off"
伛,yǔ,oblique,s07,oblique,s09,w316a0601,humpback
棚,péng,level,xp08,level,xp12,w228a0102,"tent, awning"
锷,è,oblique,r10,oblique,r19,w530b1005,"high, lofty"
槭,qī,oblique,r11|r01,oblique,r01,w506a0604,maple
呶,náo,level,xp03,level,xp05,w211b0804,talkative
锯,jù,oblique,q06,oblique,q09,w412a1002,a saw
寨,zhài,oblique,q10,oblique,q17,w425a0403,"stockade, stronghold, outpost"
捋,lǚ,oblique,r07,oblique,r13,w521a0204,to pluck
仝,tóng,,,level,sp01,w108a0501,"together, same"
赀,zī,level,sp04,level,sp05,w119b0605,property
售,shòu,oblique|level,xp11|q26,oblique,q49,w450a0403,sell
柁,duò,oblique,s20,oblique,s33,w336b0501,large tie-beams
蓦,mò,oblique,r11,oblique,r20,w532b0104,"suddenly, quickly, abruptly"
绎,yì,oblique,r11,oblique,r22,w536a0103,to unravel or unreel silk
萃,cuì,oblique,q04,oblique,q06,w409a0502,"dense, thick, close-set"
輶,yóu,oblique|level,xp11|q26,level,xp18,w237b0805,light carriage
朕,zhèn,oblique,s26|s11,oblique,s47,w348b0405,pronoun 'I'
龂,yín,level,sp12|sp11,level,sp21,w152b1001,gums (of the teeth)
偻,lóu,oblique|level,s07|xp11|q26,level,xp19,w242a0704,humpback
鹫,jiù,oblique,q26,oblique,q49,w449b0801,"condor, vulture"
麛,mí,level,sp08,level,sp12,w142a0502,fawn
燮,xiè,oblique,r16,oblique,r30,w548b0307,"harmonize, blend"
歊,xiāo,oblique|level,xp02|r02,level,xp04,w209a0501,sigh
秤,chèng,,,oblique,q47,w448a0603,"balance, scale, steelyard"
嶙,lín,oblique|level,sp11|s11,level,sp17,w148a0702,precipitous
捍,hàn,,,oblique,s25,w327b0907,"ward off, guard against, defend"
悍,hàn,oblique,q15|s14,oblique,q28,w431b0801,"courageous, brave"
楂,zhā,level,xp06,level,xp09,w220a0403,"a raft, to hew, to fell trees"
俘,fú,level,sp07,level,sp10,w135b1005,prisoner of war
撒,sā,,,,,,"release, cast away, let go"
黾,mǐn,oblique,s23|s11|s16,oblique,s16,w323a0206,to strive
鎗,qiāng,level,xp08,level,xp12,w228a0405,"rifle, small arms, hand gun"
蝀,dōng,oblique|level,s01|sp01|q01,level,sp01,w108a0203,rainbow
舳,zhú,oblique,r01,oblique,r01,w504b0704,stern of ship
岌,jí,oblique,r16|r14,oblique,r26,w544a0107,"perilous, hazardous"
羿,yì,oblique,q08,oblique,q12,w417b0601,legendary archer
殇,shāng,level,xp07,level,xp10,w221b0903,die young
裯,chóu,level,xp04|xp11|sp07,level,sp10,w136b0401,coverlet
琊,yá,level,xp06,,,,a place in eastern Shandong
奂,huàn,oblique,q15,oblique,q29,w433b0201,"be numerous, brilliant"
舐,shì,oblique,s04,oblique,s04,w307b0403,lick with tongue
蚃,xiǎng,oblique,s22,oblique,s36,w340a0709,"larvae, grubs"
阱,jǐng,oblique,s23,oblique,s40,w343b0104,"pitfall, trap, snare"
鹇,xián,level,sp15,,,,"silver pheasant, Lophura nycthemera"
葑,fēng,oblique|level,q02|sp02,level,sp03,w114a0901,the rape-turnip
醁,lù,oblique,r02,oblique,r03,w508b0901,a kind of green-colored wine
裀,yīn,level,sp11,level,sp17,w147b0101,"mat, coverlet"
綍,fú,oblique,r05,oblique,r08,w515a0406,rope
哦,ó,level,xp05,level,xp07,w215b0506,oh? really? is that so?
靓,jìng,oblique,s23|q24,oblique,q45,w447a0602,make up face
驳,bó,oblique,r03,oblique,r04,w510a0503,"varicolored, variegated"
吻,wěn,oblique,s12,oblique,s18,w323b0801,kiss
敖,áo,level,xp04,level,xp06,w214b0102,"ramble, play about"
隽,juàn,oblique,s16,oblique,s28,w331a0301,"superior, outstanding, talented"
谥,shì,oblique,q04,oblique,q06,w409a1003,to confer posthumous titles
懊,ào,oblique,s19|q20,oblique,s32,w336a0606,"vexed, worried, nervous"
撮,cuō,oblique,s09|r07,oblique,r13,w520b0903,"little bit, small amount, pinch"
螮,dì,oblique,q08,oblique,q12,w416b1006,rainbow
雒,luò,oblique,r10,oblique,r19,w530a0702,black horse with white mane
沚,zhǐ,oblique,s04,oblique,s06,w309b0903,islet in stream
涴,wò,oblique,q21,oblique,q39,w442a0402,daub
础,chǔ,oblique,s06,oblique,s08,w313b0901,"foundation stone, plinth"
馋,chán,level,xp15,level,xp26,w250b0603,"gluttonous, greedy"
帕,pà,oblique,r08,oblique,r15,w523a0105,"turban, kerchief, veil"
弼,bì,oblique,r04,oblique,r05,w513b0508,"aid, assist, help"
騄,lù,oblique,r02,oblique,r03,w508b0902,name of a legendary swift horse
楣,méi,level,sp04,level,sp06,w125a0301,crossbeam above or under gate
粝,lì,oblique,q09|q08|r07,oblique,q13,w420b1001,unpolished rice
汰,tài,oblique,q09,oblique,q14,w421b0101,excessive
喽,lóu,oblique,s25,level,xp19,w242a0807,used in onomatopoetic expressions
峄,yì,oblique,r11,oblique,r22,w536a0305,a range of peaks in Shandong and Jiangsu
艎,huáng,level,xp07,level,xp11,w226a0507,fast boat
肸,xī,oblique,r05|r04,oblique,r05,w514a0106,spread out
纮,hóng,level,xp08,level,xp13,w229b0401,string
絜,jié,oblique,r09,oblique,r16,w523a0806,a marking line
炮,pào,oblique|level,xp03|q19,level,xp05,w212b0402,"large gun, cannon"
滹,hū,level,sp07,level,sp11,w138a0604,the bank of a steam
褕,yú,level,xp02|sp07,level,sp10,w134b0701,shirt
棂,líng,,,,,,carved or patterned window sills
摛,chī,level,sp04,level,sp05,w120b0601,"to spread (name, news)"
匐,fú,oblique,r13|r01,oblique,r01,w504a0909,fall prostrate
轓,fān,level,sp13,level,sp22,w153b0904,-
禺,yú,oblique|level,q07|sp07|sp02,level,sp10,w132b0603,district
獠,liáo,oblique|level,q18|s18|xp02,level,xp03,w208b0301,to hunt at night by torches
郗,xī,level,sp04,level,sp06,w123a0206,surname
戊,wù,oblique,q26,oblique,q50,w450b0201,5th heavenly stem
裸,luǒ,oblique,s20,oblique,s34,w337b0801,"bare, nude"
骡,luó,level,xp05,level,xp08,w217a0303,mule
谶,chèn,oblique,q27,oblique,q52,w452a0502,"prophecy, hint, omen"
酉,yǒu,oblique,s25,oblique,s44,w346a0904,a wine vessel
澧,lǐ,oblique,s08,oblique,s11,w318b0503,river in northern Hunan province
啁,zhāo,level,xp11|xp03,level,xp05,w212b0202,"chirp, twitter, twittering"
胁,xié,oblique,r17|q29|r15,oblique,q57,w454a0103,"ribs, armpits"
僭,jiàn,oblique,q29,oblique,q56,w453b0904,"assume, usurp"
痒,yǎng,oblique,s22,level,xp10,w221a0705,itch
琨,kūn,level,sp13,level,sp23,w154b1003,"beautiful jade, precious stones"
苫,shān,oblique|level,q29|xp14,level,xp24,w248b0802,rush or straw matting
髡,kūn,level,sp13,level,sp23,w156b0201,to shave the head as a punishment
恂,xún,level,sp11,level,sp18,w150a0101,"careful, sincere, honest"
擞,sǒu,oblique,s25,oblique,s45,w347b0901,"shake, tremble, quake"
球,qiú,level,xp11,level,xp18,w240b0604,"ball, sphere, globe"
淤,yū,oblique|level,sp06|q06,level,sp09,w131a0903,"mud, sediment"
募,mù,oblique,q07,oblique,q11,w415a0501,"levy, raise"
揉,róu,oblique|level,xp11|s25,level,xp18,w239a0206,"rub, massage"
貅,xiū,level,xp11,level,xp18,w240a0401,"brave, fierce, courageous"
忒,tè,oblique,r13,oblique,r25,w542a0603,excessive
荼,tú,level,sp07,level,sp11,w137b0804,"thistle, sowthistle"
餔,bù,oblique|level,q07|sp07,level,sp11,w139a0606,eat
猊,ní,level,sp08,level,sp12,w141a1003,lion
悰,cóng,level,sp02,level,sp02,w113a0301,"enjoy, amuse, please"
懵,měng,oblique|level,s01|sp02|sp01,oblique,s01,w302b0303,"stupid, ignorant, dull"
嘿,hēi,,,,,,"be silent, be quiet"
吒,zhā,,,oblique,q40,w442b0206,"shout, roar, bellow"
狒,fèi,oblique,q05,oblique,q08,w411b0502,baboon
歈,yú,level,sp07,level,sp10,w134b0601,songs
磐,pán,level,sp14,level,sp26,w159b0603,"large rock, boulder"
匼,kē,oblique,r15,,,,"place in Ruìchéng county, Shānxī"
澥,xiè,oblique,s09,oblique,s12,w319b0801,a blocked stream
寔,shí,oblique,r13,oblique,r24,w540a0704,"real, true, solid, honest"
桀,jié,oblique,r09,oblique,r17,w526a0406,chicken roost
貊,mò,oblique,r11,oblique,r20,w532b0102,leopard
冱,hù,oblique,q07,oblique,q11,w416a0103,freezing
绨,tí,level,sp08,level,sp12,w140b0202,"coarse pongee, kind of heavy silk"
骁,xiāo,level,xp02,level,xp03,w208a0402,excellent horse
砻,lóng,oblique|level,sp01|q01,level,sp01,w111b0303,"grind, sharpen"
叮,dīng,level,xp09,level,xp15,w232b1007,exhort or enjoin repeatedly
昴,mǎo,oblique|level,xp07|s18,oblique,s31,w334b0403,"18th lunar mansion, determinative star 17 Tauri (Electra)"
脾,pí,level,sp04,,,,"spleen, pancreas"
泞,nìng,oblique,q25|s24,oblique,s41,w344b0304,mud
苛,kē,level,xp05,level,xp07,w216a0602,"small, petty"
描,miáo,level,xp02,level,xp04,w210b0301,"copy, trace, sketch"
葡,pú,,,,,,grapes
缛,rù,oblique,r02,oblique,r03,w508b0401,"decorative, adorned, elegant"
蒐,sōu,level,xp11,level,xp18,w239b0803,"collect, gather, assemble"
惋,wǎn,oblique,q15,oblique,q29,w432b0905,"regret, be sorry"
煞,shā,oblique,q10,oblique,r14,w522a0604,malignant deity
殢,tì,oblique,q08,oblique,q12,w417a0706,"be in great difficulty, greatly"
爆,bào,oblique,r10|q19|r03,oblique,q36,w439b0103,"crackle, pop, burst, explode"
脔,luán,oblique,s16,level,sp26,w159a1005,small lump of meat
耜,sì,oblique,s04,oblique,s06,w310b0101,spade-shaped tool
玙,yú,level,sp06,level,sp09,w130b0202,beautiful jade
玦,jué,oblique,r09,oblique,r16,w523b0507,broken piece of jade
毙,bì,oblique,q08,oblique,q13,w419b0702,kill
抉,jué,oblique,r09,oblique,r16,w523b1007,"choose, select"
孚,fú,level,sp07,level,sp10,w135b0905,brood over eggs
瞢,méng,oblique|level,xp10|sp01|q01,level,sp01,w109b0302,eyesight obscured
蠖,huò,oblique,r10,oblique,r19,w532a0507,inch-worm
丱,guàn,oblique,q16,oblique,q30,w434a0704,child's hairstyle bound in two tufts
趫,qiáo,level,xp02,level,xp04,w210b0702,nimble
屧,xiè,oblique,r16,oblique,r30,w548b0401,"wooden shoes, clogs"
舠,dāo,level,xp04,level,xp06,w213b1004,"long, narrow, knife-shaped boat"
貙,chū,level,sp07,level,sp10,w134a1007,a kind of animal like a tiger
晰,xī,oblique,r09|q08|r12,,,,"clear, evident"
圄,yǔ,oblique,s06,oblique,s08,w312b0302,"prison, jail"
鹞,yào,oblique|level,q18|xp02,level,xp04,w209b1003,sparrow hawk
嫣,yān,level,xp01,level,xp02,w205a0105,"charming, fascinating"
欷,xī,oblique|level,q05|sp05,level,sp08,w129a1001,sob
踉,liáng,level,xp07,level,xp10,w221b0505,"hop, jump"
鹖,hé,oblique,r07,oblique,r12,w518b1004,"crossbill, species of nightingale"
裕,yù,oblique,q07,oblique,q10,w414a0305,"abundant, rich, plentiful"
蓊,wěng,oblique,s01,level,sp01,w112a0203,luxuriant vegetation
邢,xíng,level,xp09,level,xp15,w232a1003,surname
椰,yē,level,xp06,level,xp09,w218a0401,"palm tree, coconut palm"
刬,chǎn,,,oblique,s26,w328a0806,to level off
阏,è,oblique,r06|r07,level,xp01,w202b0304,"block, obstruct, stop up"
晻,àn,oblique,s27|s28,oblique,s48,w349b0804,unclear
劬,qú,level,sp07,level,sp10,w133b0601,"be diligent, toil, endeavor"
糺,jiū,,,,,,to collaborate
蘧,qú,level,sp06,level,sp09,w130a0601,Dianthus superbus
诳,kuáng,oblique,q23,oblique,q41,w444b0804,"deceive, lie, delude, cheat"
囧,jiǒng,,,oblique,s38,w342b0806,-
旸,yáng,level,xp07,level,xp10,w220b0801,rising sun
揣,chuāi,oblique,s04|s20,oblique,s04,w307b0302,put things under clothes
酆,fēng,level,sp01,level,sp01,w110a0201,Zhou-era state in modern Sichuan
诠,quán,level,xp01,level,xp02,w206a0603,"explain, expound, comment on"
崭,zhǎn,level,xp15,,,,"high, steep, precipitous"
黻,fú,oblique,r05,oblique,r08,w515a0405,special pattern of embroidery
稗,bài,oblique,q10,oblique,q15,w423b0204,"darnels, weeds, tares small"
舣,yǐ,oblique,s04,oblique,s04,w306a0503,to moor a boat to the bank
蛬,qióng,oblique|level,s02|sp02,level,sp03,w115a0805,-
铘,yé,,,,,,sword
铨,quán,level,xp01,level,xp02,w206a0604,"weigh, measure"
翚,huī,level,sp05,level,sp08,w128a0903,pheasant
舲,líng,level,xp09,level,xp15,w233a0704,small boat with windows
猫,māo,level,xp02,level,xp04,w210b0401,cat
榱,cuī,level,sp04,level,sp06,w124a0801,rafter
扳,bān,level,sp15,level,sp27,w160b0503,pull
嫠,lí,level,sp04,level,sp07,w127a1003,a widow
鹴,shuāng,,,level,xp10,w223b0702,eagle
蘩,fán,level,sp13,level,sp22,w153b0303,Artemisia stelleriana
蒜,suàn,oblique,q15,oblique,q29,w433b0301,garlic
喣,xǔ,oblique,s07,oblique,s09,w315b1005,to breathe upon
髑,dú,oblique,r01,oblique,r01,w502a0203,skull
剉,cuò,oblique,q21,oblique,q39,w441b0701,"cut, file, trim"
核,hé,oblique,r06|r09|r11,oblique,r21,w535a0109,"seed, kernel, core, nut"
蹠,zhí,oblique,r11,oblique,r22,w536b0704,"step on, tread on"
谠,dǎng,oblique,s22,oblique,s37,w341b0801,"counsel, advice"
茭,jiāo,level,xp03,level,xp05,w211b0203,"Zizania latifolia, Manchurian wild rice"
揶,yé,level,xp06,,,,"make fun of, ridicule"
锻,duàn,oblique|level,q15|xp06,oblique,q29,w433a1004,forge metal
塼,zhuān,,,,,,brick
它,tā,,,level,xp07,w215b0803,it
瘁,cuì,oblique,q04,oblique,q06,w409a0507,"feel tired, be weary, be worn out"
灺,xiè,oblique,s21,oblique,s35,w338b0601,candle-end
盎,àng,oblique,q23|s22,oblique,s37,w342a0102,cup
搢,jìn,oblique,q12,oblique,q21,w428a0702,to stick into
饴,yí,level,sp04,level,sp07,w125b0902,sweet-meats
匍,pú,level,sp07,level,sp11,w136b1001,crawl
掺,càn,oblique|level,s29|xp15|xp12|xp04|xp14,level,xp26,w250a0905,"mix, blend, adulterate"
皛,xiǎo,oblique,s17,oblique,s29,w332b0708,-
俜,pīng,level,xp09,level,xp15,w233a0403,to trust to
譊,náo,level,xp03,level,xp05,w211b0805,wrangling
殳,shū,level,sp07,level,sp10,w134b0202,name of old weapon
撰,zhuàn,oblique,q17|s15|s16,oblique,s25,w328a0206,"compose, write, compile"
键,jiàn,oblique|level,q14|s16|xp01,level,xp02,w206b0702,"door bolt, lock bolt"
粢,zī,level,sp04,level,sp06,w122b0804,grain offered in ritual sacrifice
醯,xī,level,sp08,level,sp12,w141b0106,vinegar
恺,kǎi,oblique,s10,oblique,s15,w321a0903,"enjoy, be contented, joyful"
殽,xiáo,level,xp03,level,xp05,w211a0905,"mixed up, confused"
肴,yáo,level,xp03,level,xp05,w211a0901,cooked or prepared meat
暍,yē,oblique,r06|r07,oblique,r10,w517a0501,sunstroke
媛,yuàn,oblique|level,q17|sp13,level,sp22,w153a1003,"beauty, beautiful woman"
鬯,chàng,oblique,q23,oblique,q41,w444a0501,sacrificial wine
袷,jiá,oblique,r17|r15,oblique,r31,w549a0605,lined garment
督,dū,oblique,r02,oblique,r02,w507b0101,"supervise, oversee, direct"
剔,tī,oblique,r12,oblique,r23,w538b0704,pick out
钲,zhēng,level,xp08,level,xp14,w231b0405,kind of gong used in ancient times by troops on the march
觱,bì,oblique,r04,oblique,r05,w513a0301,tartar horn
跛,bǒ,oblique,q04|s20,oblique,s34,w338a0104,lame
贩,fàn,oblique,q14,oblique,q25,w430a0703,"peddler, hawker, street merchant"
囹,líng,level,xp09,level,xp15,w233a0804,"prison, enclosure"
崤,xiáo,level,xp03,level,xp05,w211a0903,mountain in Henan
酱,jiàng,oblique,q23,oblique,q41,w444b0405,any jam-like or paste-like food
糜,mí,level,sp04,level,sp05,w117b0601,"rice gruel, congee"
桄,guāng,oblique|level,xp07|q23,level,xp11,w226a0903,a coir-palm
薨,hōng,level,xp10,level,xp17,w236a0905,death of prince
蚓,yǐn,oblique,s11,oblique,s16,w322b0702,earthworm
篚,fěi,oblique,s05,oblique,s07,w312a0401,round or oval covered-baskets with short legs
诲,huì,oblique,q11,oblique,q18,w425b0202,"teach, instruct"
詹,zhān,level,xp14,level,xp24,w248b0406,surname
庠,xiáng,level,xp07,level,xp10,w221a0701,village school
镬,huò,oblique,r10,oblique,r19,w532a0606,"cauldron, large iron pot"
庳,bì,oblique|level,sp04|s04|q04,oblique,s04,w307a0702,a low-built house
槲,hú,oblique,r01,oblique,r01,w502a0901,type of oak
髅,lóu,level,xp11,level,xp19,w242a0801,skull
嘻,xī,level,sp04,level,sp07,w127b0705,"mirthful, happy"
枰,píng,level,xp08,level,xp12,w228b0101,smooth board
鹔,sù,oblique,r01,oblique,r01,w506b0904,turquoise kingfisher
倜,tì,oblique,r12,oblique,r23,w538b0701,raise high
樛,jiū,level,xp11,level,xp20,w243b0303,"bending branches, bent limbs"
鸧,cāng,level,xp07,level,xp11,w225b0301,oriole
堡,bǎo,oblique,s19,oblique,s32,w336a0501,"fort, fortress"
醲,nóng,level,sp02,level,sp03,w114b0503,strong wine
胼,pián,level,xp01,level,xp01,w203a0803,"callus, calluses"
蓐,rù,oblique,r02,oblique,r03,w508b0302,straw bed mat
琮,cóng,level,sp02,level,sp02,w113a0204,octagonal piece of jade with hole in middle
芃,péng,level,sp01,level,sp01,w109b0703,luxuriant growth
湔,jiān,level,xp01,level,xp01,w201b0803,"wash, cleanse"
澶,chán,level,xp01,level,xp02,w204b0901,"still water, placid, tranquil"
玠,jiè,oblique,q10,oblique,q16,w424a0103,large jade tablet used by officials at court to indicate their ranks
椠,qiàn,oblique,s27|q29,level,xp24,w248b0305,wooden tablet
氐,dī,oblique|level,s08|sp08,level,sp06,w125b0404,name of an ancient tribe
纁,xūn,level,sp12,level,sp20,w152a0606,"light red, pink"
俪,lì,oblique,q08,oblique,q12,w418b0504,"spouse, couple, pair"
侪,chái,level,sp09,level,sp14,w144a0401,"a company, companion"
姨,yí,level,sp04,level,sp06,w122a0204,mother/wife's sister
挝,wō,level,xp06,,,,to beat
璿,xuán,level,xp01,level,xp02,w206a0106,fine jade
殄,tiǎn,oblique,s16,oblique,s27,w328b0901,to end
醨,lí,level,sp04,level,sp05,w119a0902,dregs of wine
菹,jū,level,sp06,level,sp09,w132a1001,salted or pickled vegetables
赜,zé,oblique,r11,oblique,r21,w534b0105,"abstruse, deep, profound"
轗,kǎn,oblique,s27|q28,oblique,s48,w350a0704,fail
掞,shàn,oblique,q29,oblique,q55,w453a1002,"easy, smooth"
跹,xiān,level,xp01,level,xp01,w201b0702,"wander about, walk around"
泚,cǐ,oblique,s08|s04,oblique,s04,w306b0101,clear
耄,mào,oblique,q20,oblique,q37,w440a0802,elderly person
僶,mǐn,,,oblique,s16,w323a0204,forcefully
叵,pǒ,oblique,s20,oblique,s34,w338a0202,"cannot, be unable do, improbable"
咛,níng,,,level,xp15,w234a0302,"enjoin, instruct"
傞,suō,level,xp05,level,xp07,w215a0501,unsteady
澡,zǎo,oblique,s19,oblique,s32,w335b0606,"wash, bathe"
柑,gān,level,xp13,level,xp23,w247b0201,"tangerine, loose-skinned orange"
恽,yùn,oblique,s12,oblique,s18,w324a0204,"devise, plan, deliberate"
蔑,miè,oblique,q17|r09,oblique,r16,w524b1002,"disdain, disregard"
钤,qián,level,xp14,level,xp24,w249b0305,"lock, latch"
纥,gē,oblique,r06,oblique,r11,w518b0604,inferior silk
跌,diē,oblique,r09,oblique,r16,w524a0306,"stumble, slip, fall down"
雘,wò,,,oblique,r19,w532a0506,dye made from red soil
锢,gù,oblique,q07,oblique,q11,w415b0701,run metal into cracks
詈,lì,oblique,q04,oblique,q05,w404b0501,"scold, abuse verbally, curse"
籯,yíng,level,xp08,,,,bamboo chest
嗢,wà,oblique,r06,oblique,r11,w518a0205,"a loud, prolonged laugh"
脯,pú,oblique,s07,oblique,s09,w314b0801,dried meat
穟,suì,oblique,q04,oblique,q06,w406b0805,ear of grain
昃,zè,oblique,r13,,,,afternoon
筜,dāng,level,xp07,level,xp11,w225a1002,tall bamboo
孛,bèi,oblique,r06|q11,oblique,q18,w425a0702,comet
栴,zhān,level,xp01,level,xp02,w204b0102,sandalwood
髫,tiáo,level,xp02,level,xp03,w207b1002,children's hair style
鈇,fū,level,sp07,level,sp10,w136a0604,an ax
犒,kào,oblique,q20,oblique,q37,w440b0904,entertain victorious soldiers
筼,yún,level,sp12,level,sp20,w151b0306,tall bamboo
噤,jìn,oblique,s26|q27,oblique,s47,w349a0704,close
訾,zī,oblique|level,sp04|s04,level,sp05,w119b0705,bad-mouth
哢,lòng,oblique,q01,oblique,q01,w402b0702,syllable
牝,pìn,oblique,s11,oblique,s05,w309a0202,female of species
琚,jū,level,sp06,level,sp09,w130a0104,girdle ornaments
浒,hǔ,oblique,s07|s06,oblique,s10,w317b0903,"riverbank, shore"
睽,kuí,level,sp08,level,sp12,w142b0107,to squint
矍,jué,oblique,r10,oblique,r18,w529b0102,look about in fright or alarm
铗,jiá,oblique,r16,oblique,r30,w548a0402,"tongs, pincers"
绻,quǎn,oblique,s13|q14,oblique,s20,w325a0805,"affectionate, solicitous"
谖,xuān,oblique|level,s13|sp13,level,sp22,w153b1006,forget
饬,chì,oblique,r13,oblique,r24,w540a0102,order
妪,yù,oblique,q07|s07,oblique,q10,w413b0204,"old woman, hag"
唼,shà,oblique,r17,,,,speaking evil
黥,qíng,level,xp08,level,xp12,w229a0401,to tattoo
斿,yóu,level,xp11,level,xp18,w237b0907,to swim
豗,huī,level,sp10,level,sp15,w144b0204,clamor
菅,jiān,level,sp15,level,sp27,w160b0901,"coarse grass, Themedia forskalii"
挲,sā,,,level,xp07,w215a0603,to feel or fondle with the fingers
侏,zhū,level,sp07,level,sp10,w135a0502,"small, little, tiny, dwarf"
桷,jué,oblique,r03,oblique,r04,w509b0301,rafter
瘳,chōu,level,xp11,level,xp18,w238b0107,to be healed
需,xū,level,sp07,level,sp10,w134a0801,"need, require, must"
摈,bìn,oblique,q12,,,,"exclude, expel, reject"
莅,lì,oblique,q04,oblique,q06,w407b0803,"attend, be present"
湎,miǎn,oblique,s16,oblique,s28,w331a0101,"flushed with drink, drunk"
嶓,bō,oblique|level,xp05|q21,level,xp08,w217a0604,"Boshan, mountain in Shaanxi"
摭,zhí,oblique,r11,oblique,r22,w536b0702,"pick up, gather"
秧,yāng,level,xp07,level,xp10,w224a0903,"rice seedlings, young rice plants"
渑,miǎn,level,xp10,level,xp16,w235a0803,name of a river in Shandong
簏,lù,oblique,r01,oblique,r01,w503a0103,"a box, a basket"
鲠,gěng,oblique,s23,oblique,s38,w342a0906,fish bones
麑,ní,level,sp08,level,sp12,w141a1004,"fawn, young deer"
畤,zhì,oblique,q04|s04,oblique,s06,w309b0902,place for worshipping heaven
鼐,nài,oblique,s10|q11,oblique,s15,w321b0402,incense tripod
漕,cáo,oblique|level,xp04|q20,level,xp06,w214b0706,transport by water
纽,niǔ,oblique,s25,oblique,s44,w345a1001,knot
璅,suǒ,oblique,s19,oblique,s32,w335b0801,gem
筏,fá,oblique,r06|q11,oblique,r10,w516a0801,raft
洟,tì,level,sp04,level,sp06,w122a0905,"snivel, mucus from nose"
韭,jiǔ,oblique,s25,oblique,s44,w345b0501,"scallion, leek"
很,hěn,oblique,s13,oblique,s22,w326a0701,"very, quite, much"
腓,féi,level,sp05,level,sp08,w128b0704,calf
阇,dū,level,xp06|sp07,level,sp11,w139b0402,a Buddhist high priest
瘢,bān,level,sp14,level,sp26,w159b0509,"scar, mole"
捩,liè,oblique,r09|q08,oblique,q12,w418b0702,twist with hands
悖,bèi,oblique,r06|q11,oblique,q18,w425a0804,"be contradictory to, go counter"
璁,cōng,level,sp01,,,,turquoise
簦,dēng,level,xp10,level,xp17,w236a0103,"large umbrella with a long handle, used for street stalls"
篥,lì,oblique,r04,oblique,r05,w512a1005,bugle
艅,yú,,,level,sp09,w130b0301,a despatch boat
企,qǐ,oblique,q04|s04,oblique,s04,w307b1005,plan a project
鬃,zōng,level,sp02,level,sp02,w113a0305,mane
醢,hǎi,oblique,s10,oblique,s15,w321a0901,minced pickled meat
剸,tuán,oblique|level,q17|sp14|s16|xp01,level,sp26,w158b0903,cut
偪,bī,oblique,r01,oblique,r01,w504a0307,"compel, pressure, force"
菉,lù,oblique,r02,oblique,r03,w508b0904,the green bamboo
隧,suì,oblique,q04,oblique,q06,w406b0601,"tunnel, underground passageway, path to a tomb"
橛,jué,oblique,r06|q08,,,,"a post, a stake"
陁,tuó,,,,,,"a steep bank, a declivity"
钜,jù,,,oblique,s08,w313b0502,"steel, iron"
咀,jǔ,oblique|level,sp06|s06,oblique,s08,w314a0102,suck
戡,kān,level,xp13,level,xp22,w247a0103,"subjugate, subdue, quell"
膊,bó,oblique,r10,oblique,r19,w531a0304,"shoulders, upper arms"
豳,bīn,level,sp11,level,sp17,w149b0402,a Zhou-dynasty state
喙,huì,oblique,q11,oblique,q20,w427a0604,"beak, bill, snout"
丕,pī,level,sp04,level,sp06,w125a1002,"great, grand, glorious, distinguished"
诟,gòu,oblique,q26|s25,oblique,s45,w347b0406,"abuse, scold, berate, insult"
筛,shāi,level,sp04,level,sp06,w122b0303,"sieve, filter, screen"
搭,dā,oblique,r15,oblique,r28,w546a0507,"join together, attach to"
瘠,jí,oblique,r11,oblique,r22,w537a0302,"thin, emaciated"
禳,ráng,level,xp07,level,xp10,w222b0702,"pray or sacrifice, exorcise"
摽,biāo,oblique|level,s17|q18|xp02,level,xp04,w211a0507,throw out
砑,yà,oblique,q22,oblique,q40,w442b0202,"to grind, to calender, to polish"
矮,ǎi,oblique,s09,oblique,s12,w320a0104,"short, dwarf"
箠,chuí,oblique|level,sp04|s04,level,sp05,w121b0602,horse whip
莳,shí,oblique|level,sp04|q04,level,sp07,w126a0405,transplant
瀁,yàng,oblique,q23|s22,oblique,s36,w339b0404,"waves, ripples, rapids"
疋,pǐ,oblique|level,sp06|s21,level,sp09,w131a0507,"roll, bolt of cloth"
捽,zuó,oblique,r06|r04,oblique,r06,w514a0703,"clutch, grasp"
缱,qiǎn,oblique,q17|s16,oblique,s28,w330a0605,"attached to, inseparable"
檠,qíng,oblique|level,xp08|q24,level,xp12,w229a0406,stand for lamp
猾,huá,oblique,r08,oblique,r14,w521b0501,"crafty, cunning, shrewd"
镰,lián,level,xp14,level,xp24,w248a0604,sickle
颉,jié,oblique,r09|r08,oblique,r14,w522a0406,"fly upward, soar"
靃,huò,oblique,r10,oblique,s04,w305b0702,-
叆,ài,oblique,s10|q11,oblique,s07,w312a0101,cloudy sky
糁,sǎn,oblique,s27,oblique,s48,w350a0501,a grain of rice
觚,gū,level,sp07,level,sp11,w137b0207,"jug, winecup, goblet"
赩,xì,oblique,r13,oblique,r24,w540a0908,-
隤,tuí,level,sp10,level,sp15,w145a0507,to fall in ruins
技,jì,oblique,s04,oblique,s04,w305b0902,"skill, ability, talent, ingenuity"
浍,huì,oblique,q10|q09,oblique,q14,w422a1003,"irrigation ditch, trench"
壬,rén,level,xp12,level,xp21,w244b0403,ninth heavenly stem
溥,pǔ,oblique,s07,oblique,s10,w318a1001,"big, great, vast, wide"
靸,sǎ,oblique,r15|r14,oblique,r27,w544b1008,a child's shoes
涿,zhuō,oblique,r03,oblique,r04,w510a0206,"drip, dribble, trickle"
搓,cuō,level,xp05,level,xp07,w215a0404,to rub or roll between the hands
龉,yǔ,oblique|level,sp06|s06|sp07,level,sp09,w129b0701,uneven teeth
轶,yì,oblique,r09|r04,oblique,r05,w512a0504,rush forth
繄,yī,oblique|level,q08|sp08,level,sp12,w141a0801,be
酋,qiú,level,xp11,level,xp18,w238a0707,"chief of tribe, chieftain"
龊,chuò,oblique,r03,oblique,r04,w511a0902,"narrow, small"
踠,wǎn,oblique,s13,oblique,s20,w325a0502,"to writhe, struggle, squirm, wriggle"
缔,dì,oblique|level,q08|sp08,level,sp12,w140b0206,"tie, join, connect"
抡,lūn,level,sp11|sp13,level,sp18,w150a0901,"swing, brandish, flourish"
郴,chēn,level,xp12,level,xp21,w244a0601,county in Hunan province
憨,hān,oblique|level,xp13|q28,level,xp23,w248a0204,"foolish, silly, coquettish"
蚯,qiū,level,xp11,level,xp18,w239b0203,earthworm
蝎,xiē,oblique,r06|r07,oblique,r12,w518b1005,scorpion
骘,zhì,oblique,r04,oblique,r05,w511b0104,stallion
邴,bǐng,oblique,s23|q24,oblique,s38,w342b0103,"name of a city in the ancient state of Song, in what is now Shandong"
怖,bù,oblique,q07,oblique,q11,w416a0901,"terror, fear"
瞒,mán,level,sp14,level,sp26,w159b0806,"deceive, lie"
勍,qíng,level,xp08,level,xp12,w229a0306,"strong, powerful, mighty"
骕,sù,oblique,r01,oblique,r01,w506b1003,name of a famous horse
垦,kěn,oblique,s13,oblique,s22,w326a0703,"cultivate, reclaim, to farm land"
泡,pào,oblique|level,xp03|q19,level,xp05,w212a0801,"bubbles, suds"
鷇,kòu,oblique,q26,oblique,q50,w450a1003,"chicks, fledglings"
栝,guā,oblique,r07,oblique,s51,w352a0803,a builder's frame for measuring
醽,líng,level,xp09,level,xp15,w233a0901,kind of wine
槟,bīn,level,sp11,,,,"betel-nut, areca nut"
盻,xì,oblique,q08,oblique,q12,w417b0605,glare
届,jiè,oblique,q10,oblique,q16,w424a0101,"numerary adjunct for time, term"
峋,xún,level,sp11,level,sp18,w149b1003,ranges of hills stretching on beyond another irregular peaks
跗,fū,oblique,q07,level,sp10,w136a0507,the instep
吮,shǔn,oblique,s11|s16,oblique,s17,w323b0405,"suck with mouth, sip, lick"
簴,jù,,,,,,-
顼,xū,oblique,r02,oblique,r03,w508a0602,grieved
颣,lèi,oblique,q11,oblique,q18,w426a0306,knot
掊,póu,oblique|level,sp10|xp11|xp03|s25,level,xp05,w212b0407,to extract
啅,zhuó,,,oblique,r04,w510a0402,-
脏,zàng,oblique,q23|s22,oblique,s37,w341b0105,"internal organs, viscera"
溽,rù,oblique,r02,oblique,r03,w508b0402,"moist, humid, muggy"
眦,zì,oblique,q04|q08,oblique,q15,w423b0303,"corner of the eyes, eye sockets"
硗,qiāo,oblique|level,xp03|s17|q19,level,xp05,w212a0904,barren land
蟒,mǎng,oblique,s22,oblique,s37,w341b0703,"python, boa constrictor"
炜,wěi,oblique,s05,oblique,s07,w312a0601,brilliant red
骦,shuāng,level,xp07,level,xp10,w223b0705,horse
嵫,zī,level,sp04,level,sp07,w128a0401,a hill in Shantung
惫,bèi,oblique,q10,oblique,q16,w424b0203,"tired, weary, fatigued"
伧,cāng,level,xp08,level,xp12,w228a0504,"vulgar person, country man"
苴,jū,oblique|level,xp06|sp06|s06,level,sp09,w130b0904,sackcloth
袋,dài,oblique,q11,oblique,q19,w426a0901,"pocket, bag, sack, pouch"
纣,zhòu,oblique,s25,oblique,s44,w346a0803,name of an emperor
膜,mó,oblique|level,r10|sp07,level,sp11,w136b0901,membrane
娩,miǎn,oblique,s13|s16,oblique,s20,w325a0102,give birth child
蔫,niān,level,xp01,level,sp22,w154a1006,"withered, faded, decayed"
嚇,xià,oblique,q22|r11,oblique,q40,w442a1003,"scare, frighten"
瓷,cí,level,sp04,level,sp06,w123a0701,"crockery, porcelain, chinaware"
秕,bǐ,oblique,s04,oblique,s05,w308b0401,"empty grain or rice husk, chaff"
縆,gēng,,,level,xp17,w236b0404,a rope
媪,ǎo,oblique,s19,oblique,s32,w336a0702,old woman
讫,qì,oblique,r05,oblique,r09,w516a0301,finish
沔,miǎn,oblique,s16,oblique,s28,w330b1002,flood
霢,mài,oblique,r11,oblique,r21,w534a0503,dust
慊,qiàn,oblique,r16|s28,oblique,s51,w352b0104,to resent
恙,yàng,oblique,q23,oblique,q41,w443b0602,"illness, sickness"
迓,yà,oblique,q22,oblique,q40,w442b0105,"to go to meet, to receive, as a guest"
肓,huāng,level,xp07,level,xp11,w226a0101,region between heart and diaphragm
瞽,gǔ,oblique,s07,oblique,s10,w317a1002,blind
堙,yīn,level,sp11,level,sp17,w147a1001,bury
胃,wèi,oblique,q05,oblique,q08,w411a0103,stomach
螂,láng,,,,,,"mantis, dung beetle"
阯,zhǐ,oblique,s04,oblique,s06,w310a0103,foundation
螟,míng,level,xp09,level,xp15,w234a0605,snout moth's larva
篾,miè,oblique,r09,oblique,r16,w525a0103,bamboo splints or slats
仔,zǎi,oblique|level,sp04|xp11|s04,level,sp07,w128a0504,"small thing, child"
赘,zhuì,oblique,q08,oblique,q13,w419a0902,"unnecessary, superfluous"
硉,lù,oblique,r06,oblique,r11,w518a1004,bones of a thin horse
徬,páng,oblique,q23,oblique,q42,w445a1001,"to wander about, walk along side of"
睐,lài,oblique,q11,oblique,q19,w426b1002,squint at
洑,fú,oblique,r01,oblique,r01,w504a0801,"whirlpool, undercurrent"
苹,píng,level,xp08|sp11,level,xp12,w228a1002,artemisia
噀,xùn,,,,,,spurt out of the mouth
楯,dùn,oblique,s11,level,sp18,w149b0801,shield
袄,ǎo,oblique,s19,oblique,s32,w336a0604,outer garments
狷,juàn,oblique|level,q17|s16|xp01,oblique,q32,w435a0307,"rash, impetuous, impulsive"
悁,yuān,oblique|level,q17|xp01,level,xp02,w206a0401,"irritable, nervous, impatient"
楷,kǎi,oblique|level,sp09|s09,level,sp14,w143b0406,model style of Chinese writing
殡,bìn,oblique,q12,,,,encoffin
梏,gù,oblique,r02,oblique,r02,w507b0701,"handcuffs, manacles, fetters"
砀,dàng,oblique|level,xp07|q23,level,xp11,w224b1002,brilliantly colored stone with veined patterns in it
颛,zhuān,level,xp01,level,xp02,w206a0904,"good, honest"
灸,jiǔ,oblique,q26,oblique,s44,w345b0402,cauterize with moxa
螫,shì,oblique,r11,oblique,r22,w536a1002,poison
霂,mù,oblique,r01,oblique,r01,w503b1004,"fine rain, drizzle"
侃,kǎn,oblique,q15|s14,oblique,s23,w326b0901,upright and strong
裒,póu,level,xp11,,,,"collect, gather, assemble"
辑,jí,oblique,r14,oblique,r26,w543a1001,"gather up, collect"
崛,jué,oblique,r05|r06,oblique,r08,w515b0501,"towering, eminent"
愀,qiǎo,oblique|level,xp11|s17|s25,oblique,s30,w334a0203,"to change one's countenance, be anxious"
襆,fú,,,oblique,r01,w503b0702,hood or cowl
烜,xuǎn,oblique,s13|s04,oblique,s04,w305a0905,light of the sun
稊,tí,level,sp08,level,sp12,w140b0301,"darnels, tares"
拶,zā,,,oblique,r13,w520a0804,"press, squeeze hard"
卨,xiè,,,,,,used in old names
蕺,jí,oblique,r14,oblique,r26,w544a0701,"Houttuynia cordata, fish mint"
柢,dǐ,oblique,s08|q08,level,sp12,w140a0902,"root, base"
栩,xǔ,oblique|level,xp08|s07,oblique,s09,w314b0504,species of oak
缋,huì,oblique,q11,oblique,q18,w425b1003,"draw, sketch, paint"
欸,āi,oblique|level,sp10|s10,level,sp16,w146a0205,sigh
殆,dài,oblique,s10,oblique,s15,w321b0202,"dangerous, perilous"
霪,yín,level,xp12,level,xp21,w244b0601,long and heavy rain
绤,xì,oblique,r11,oblique,r20,w533a0401,cloth
氎,dié,,,,,,fine cotton cloth
跬,kuǐ,oblique,s04,oblique,s04,w307b0706,to step
嫫,mó,level,sp07,level,sp11,w136b0704,Huangdi's ugly concubine
瓴,líng,level,xp09,level,xp15,w233a1001,concave channels of tiling a long-necked jar
疴,kē,level,xp05,oblique,q40,w442b0705,"illness, sickness, disease"
踬,zhì,oblique,q04|r04,oblique,q06,w408a0104,"stumble, totter"
榾,gǔ,oblique,r06,oblique,r11,w517b0206,pieces of wood
爬,pá,level,xp06,level,xp09,w220a0305,"crawl, creep"
撝,huī,level,sp04,level,sp05,w117b0402,"wave, brandish"
歔,xū,level,sp06,level,sp09,w131a0602,"blow through nose, snort"
悚,sǒng,oblique,s02,oblique,s02,w304a0603,"afraid, scared, frightened"
蜴,yì,oblique,r11,oblique,r22,w536a0602,lizard
壈,lǎn,oblique,s27,oblique,s48,w350b0102,disappointed
棨,qǐ,oblique,s08,oblique,s11,w319a0804,tally or wooden pass
珩,háng,level,xp08,level,xp12,w229a0605,the top gem of a pendant
赉,lài,oblique,q11|q09,oblique,q19,w426b0904,"give, present, confer"
暨,jì,oblique,q04|q05,,,,and
溷,hùn,oblique|level,q14|sp13,oblique,q26,w431a0202,"privy, latrine"
儋,dān,level,xp13,level,xp23,w247b0301,a small jar
悌,tì,oblique,s08|q08,oblique,s11,w319a0402,"brotherly, respectful"
礴,bó,,,oblique,r19,w531a0603,"fill, extend"
乂,yì,oblique,q11,oblique,q20,w427a0707,"govern, control, manage"
闬,hàn,oblique,q15,oblique,q28,w431b0803,village
阒,qù,,,oblique,r23,w539a0901,alone
陉,xíng,oblique|level,xp09|q25,level,xp15,w232b0206,"defile, mountain pass, gorge"
桦,huà,oblique|level,xp06|q22,level,xp09,w218b0101,type of birch
奫,yūn,level,sp11,level,sp17,w149b0301,deep and broad (expanse of water)
慝,tè,oblique,r13,oblique,r25,w542a0605,do evil in secret
蒯,kuǎi,oblique,q10,oblique,q16,w424a0802,a rush
聃,dān,level,xp13,level,xp23,w247b0707,ears without rims
鳅,qiū,level,xp11,level,xp18,w237b0403,loach
垤,dié,oblique,r09|r04,oblique,r16,w524a0303,"ant-hill, small mound"
搥,chuí,level,sp10,level,sp15,w145a0907,"beat, pound, strike, throw"
祟,suì,oblique,q04,oblique,q06,w407a0101,evil spirit
瘤,liú,oblique|level,xp11|q26,level,xp18,w237a0604,"tumor, lump, goiter"
奼,chà,oblique,q07|q22|s21,oblique,s35,w339b0204,"beautiful, colorful"
訇,hōng,level,xp08,level,xp01,w203b0804,the sound of a crash
铉,xuàn,oblique,s16,oblique,s27,w329a0803,device for carrying a tripod
苻,fú,level,sp07,level,sp10,w135b0303,Angelica anomala
赡,shàn,oblique,q29,oblique,q55,w453a0703,"support, aid"
洳,rù,oblique|level,sp06|q06,level,sp09,w132a0403,"damp, boggy, marshy"
轘,huán,oblique|level,q16|sp15,level,sp27,w160b0103,tear asunder between chariots
剿,jiǎo,oblique,s17,,,,"destroy, exterminate, annihilate"
戌,xū,,,oblique,r06,w514b0106,eleventh earthly branch
荄,gāi,level,sp10|sp09,level,sp14,w143b0403,roots of grasses
彪,biāo,level,xp11,level,xp20,w243b0203,tiger
炰,páo,,,level,xp05,w212b0403,"roast, broil"
榕,róng,level,sp02,,,,banyan tree
狈,bèi,oblique,q09,oblique,q14,w422a0401,a legendary animal with short forelegs which rode a wolf
埼,qí,oblique|level,sp04|sp05|s04,,,,headland
螗,táng,level,xp07,level,xp11,w224b0904,cicadas of the genus Tanna
刓,wán,level,sp14,level,sp26,w158b0206,trim
硖,xiá,oblique,r17,oblique,r31,w548b1008,(archaic) town in Hebei province
抖,dǒu,oblique,s25,oblique,s45,w347b0105,"tremble, shake, rouse"
雊,gòu,oblique,q26,oblique,q50,w451a0505,the crow of a male pheasant
茝,chǎi,,,oblique,s06,w309b1002,(archaic) an aromatic grass
桎,zhì,oblique,r04,oblique,r05,w511b0101,"fetters, shackles, handcuffs"
猬,wèi,oblique,q05,oblique,q08,w411a0303,vulgar
坱,yǎng,oblique,s22,oblique,s37,w341b1001,dust
绚,xuàn,oblique,q17,oblique,q32,w434b0901,"variegated, adorned"
貉,háo,oblique,r10,oblique,r19,w531b0201,badger
瑀,yǔ,oblique,s07,oblique,s09,w314b0502,stone resembling jade
陔,gāi,level,sp10,level,sp16,w146a0701,"a step, a terrace, a grade a ledge"
筲,shāo,level,xp03,level,xp05,w211b1007,"basket, bucket"
孳,zī,oblique|level,sp04|q04,level,sp07,w128a0304,breed in large numbers
昉,fǎng,oblique,s22,oblique,s36,w341a0102,"bright dawn, daybreak"
潾,lín,level,sp11,level,sp17,w148a1001,clear water
跧,quán,level,sp15|xp01,level,sp18,w150b0201,crouch
鬒,zhěn,oblique,q12|s11,oblique,s16,w322a0401,"black, glossy hair"
栱,gǒng,oblique,s02,oblique,s02,w304a0601,"large peg, stake"
縢,téng,level,xp10,level,xp17,w236b0102,"bind, tie up, restrain"
逖,tì,oblique,r12,oblique,r23,w538b0607,"far, distant"
洎,jì,oblique,q04,oblique,q06,w408a0806,until
鲔,wěi,oblique,s04,oblique,s05,w308b0903,"kind of sturgeon, tuna"
谲,jué,oblique,r09,oblique,r16,w523b0603,"cunning, crafty, sly, wily"
矿,kuàng,oblique,s23,oblique,s38,w343a0103,mine
彴,zhuó,oblique,r10,oblique,r18,w528a0902,bridge
剽,piāo,oblique|level,q18|xp02,level,xp04,w210b0101,"rob, plunder"
懔,lǐn,oblique,s26,oblique,s47,w348b0603,"be afraid of, to be in awe of"
簌,sù,oblique,r01,,,,(of flower petals) falling
绷,bēng,level,xp08,level,xp13,w230a0606,"bind, draw firmly, strap"
洸,guāng,level,xp07,level,xp11,w226a0902,"sparkle, glitter"
狻,suān,level,sp14,level,sp26,w158b0804,a fabulous beast
胯,kuà,oblique|level,q07|xp06|q22,level,xp09,w218b0502,pelvis
詶,zhòu,level,xp11,level,xp18,w238b0904,-
皦,jiǎo,oblique,s17,oblique,s29,w332a0802,bright white
雇,gù,oblique,q07|s07,oblique,s10,w318a0607,"employ, to hire"
洏,ér,level,sp04,level,sp07,w127a0208,tears
尅,kè,,,,,,"subdue, destroy, overcome"
踣,bó,oblique|level,xp11|r13,oblique,q50,w450b0401,to stumble and fall prone
猥,wěi,oblique,s10,oblique,s14,w320a1002,"vulgar, low, cheap"
跕,diǎn,oblique,r16,oblique,r30,w548a0201,"shuffle, limp"
佑,yòu,oblique,q26,oblique,q49,w448b0603,"help, protect, bless"
盍,hé,oblique,r15,oblique,r28,w545b0901,what? why not?
姒,sì,oblique,s04,oblique,s06,w310a1005,wife of elder brother
覈,hé,oblique,r09|r11,oblique,r16,w524b0407,"investigate, consider, examine"
舛,chuǎn,oblique,s16,oblique,s28,w331b0204,"oppose, deviate, be contrary to"
煤,méi,level,sp10,level,sp15,w144b0903,"coal, coke, charcoal, carbon"
杷,pá,oblique|level,xp06|q22,level,xp09,w220a0401,loquat
搰,hú,oblique,r06,oblique,r11,w518b0702,dig
阂,hé,oblique,s10|q11,oblique,q19,w426b0601,blocked or separated
痏,wěi,oblique,s04,oblique,s05,w308b0904,a bruise or contusion
逤,suò,,,,,,-
蜒,yán,oblique|level,s16|xp01,level,xp02,w204a0904,millipede
枌,fén,level,sp12,level,sp20,w151b0904,variety of elm with small seeds
娅,yà,oblique,q22|s21,oblique,q40,w442a0907,mutual term of address used by sons-in-law
豢,huàn,oblique,q16,oblique,q30,w434a0605,domestic animals
徯,xī,oblique|level,s08|sp08,level,sp12,w141a0402,"wait for, await, expect, hope"
巑,cuán,level,sp14,,,,-
蓧,diào,oblique,q18,level,xp03,w207b0505,bamboo basket
赆,jìn,oblique,q12,,,,farewell present
塌,tā,oblique,r15,,,,"fall in ruins, collapse"
騣,zōng,level,sp01,level,sp01,w112a1002,mane
觋,xí,oblique,r12,oblique,r23,w538a0905,wizard
鄢,yān,oblique|level,s13|xp01,level,xp02,w207a0604,name of a district in Honan
串,chuàn,oblique,q16|q17,oblique,q30,w434a0707,string
膂,lǚ,oblique,s06,oblique,s08,w312b0601,"backbone, spinal column"
儗,nǐ,oblique,q04|q11|s04,oblique,s06,w311b0206,"compare with, draw analogy with"
橦,tóng,level,sp02|sp03|sp01,level,sp01,w108a1002,tree
擐,huàn,oblique|level,q16|sp15,level,sp27,w160a0702,to put on
粼,lín,level,sp11,level,sp17,w148a0703,clear like water
辋,wǎng,oblique,s22,oblique,s36,w340b1002,"exterior rim of wheel, felly"
喁,yóng,level,sp07|sp02,level,sp03,w114b0201,"the mouth of a fish at the surface of the water, gasping for breath"
觇,chān,oblique|level,q29|xp14,level,xp24,w249a0403,peek
鲋,fù,oblique,q07,oblique,q10,w413b0601,"carp, Carassius auratus"
鳃,sāi,level,sp10,level,sp16,w146b1001,fish gills
溘,kè,oblique,r15,oblique,q14,w422b0805,"abruptly, suddenly, unexpectedly"
龃,jǔ,oblique,s06,oblique,s08,w313b1006,irregular teeth
纺,fǎng,oblique,s22,oblique,s36,w340b0804,"spin, reel, weave"
胞,bāo,level,xp03,level,xp05,w212a0601,"womb, placenta, fetal membrane"
崚,léng,level,xp10,level,xp16,w235a0107,"hilly, steep, rugged"
贸,mào,oblique,q26,oblique,q50,w450b0105,"trade, barter"
瘥,chài,oblique|level,q10|xp05,level,xp07,w215b0207,to recover from any disease
肋,lē,oblique,r13,oblique,r25,w542a0405,ribs
巂,guī,level,sp08,level,sp12,w142b0506,place name
裈,kūn,level,sp13,level,sp23,w154b1001,"trousers, pants, shorts, drawers"
撄,yīng,level,xp08,level,xp14,w231a0303,"oppose, offend, run counter to"
痹,bì,,,oblique,q06,w409a0402,"paralysis, numbness"
榇,chèn,oblique,q12,oblique,q21,w428b0203,coffin
剜,wān,level,sp14,level,sp26,w158b0602,"cut, cut out, pick out, scoop out"
疹,zhěn,oblique,s11,oblique,s16,w322a0301,measles
笞,chī,level,sp04,level,sp07,w127b0907,bamboo rod used for beatings
阛,huán,level,sp15,level,sp27,w160a1003,wall around market place
啬,sè,oblique,r13,oblique,r24,w540b0506,"miserly, thrifty"
杆,gān,level,sp14,oblique,q28,w432a0504,pole
挞,tà,oblique,r07,oblique,r12,w519a0406,"flog, whip"
鲊,zhǎ,oblique,s21,oblique,s35,w339a0703,minced and salted fish
嚚,yín,level,sp11,level,sp17,w149a0402,"argumentative, talkative"
魇,yǎn,oblique,r16|s28,oblique,s50,w351b0604,"nightmare, bad dreams"
龌,wò,oblique,r03,oblique,r04,w511a0105,"narrow, small"
濮,pú,oblique,r01,oblique,r01,w503b0404,county in Henan province
瓒,zàn,oblique,q15|s14,,,,ceremonial libation cup
雩,yú,level,sp07,level,sp10,w133a1001,offer sacrifice for rain
騧,guā,level,xp06|sp09,level,sp13,w143a0307,tan or piebald horse
洿,wū,level,sp07,level,sp11,w139a0302,stagnant water
耋,dié,oblique,r09|r04,oblique,r16,w524a0304,aged
虮,jǐ,oblique,s05,level,sp06,w123a0103,"louse eggs, nits"
屩,juē,oblique,r10,oblique,r18,w528a0805,straw sandals
菟,tú,oblique|level,q07|sp07,level,sp11,w137b0902,dodder
郛,fú,level,sp07,level,sp10,w135b1001,outer walls of city
藟,lěi,oblique|level,sp04|s04,oblique,s05,w309a0601,"vine, creeper"
浼,měi,oblique,s10,oblique,s14,w320b0602,to request
愕,è,oblique,r10,oblique,r19,w530b0901,"startled, alarmed, astonished"
歉,qiàn,oblique,s29|s28,oblique,s51,w352b0103,"deficient, lacking, insufficient"
殖,zhí,oblique,r13,oblique,r24,w540a0706,"breed, spawn"
陴,pí,level,sp04,level,sp05,w120a0405,a parapet on a city wall
嶒,céng,level,xp10,level,xp16,w235b0503,"towering, lofty, steep"
驔,diàn,level,xp13,oblique,s51,w352a1006,black horse
啰,luō,level,xp05,level,xp07,w216a0103,phonetic
郅,zhì,oblique,r04,oblique,r05,w511a1003,to go up to
饔,yōng,level,sp02,level,sp03,w114b0404,breakfast
圹,kuàng,oblique,q23,oblique,q42,w445b0602,"tomb, grave: prairie"
伉,kàng,oblique,q23,oblique,q42,w445b0204,"compare, match"
鳊,biān,,,level,sp27,w160b0502,bream
癸,guǐ,oblique,s04,oblique,s05,w309a0904,10th heavenly stem
亟,jí,oblique,q04|r13,oblique,q07,w410b0803,"urgently, immediately, extremely"
颡,sǎng,oblique,s22,oblique,s37,w341a0904,the forehead
笭,líng,,,level,xp15,w233b0207,bamboo screen
煨,wēi,level,sp10,level,sp15,w144b0405,"to stew, simmer"
购,gòu,oblique,q26,oblique,q50,w451a0503,"buy, purchase"
簳,gǎn,,,oblique,s23,w326b0701,-
枷,jiā,level,xp06|xp05,level,xp08,w217b0506,cangue scaffold
莞,guǎn,oblique|level,s15|sp14|s14,level,sp26,w158a1002,smiling
韫,yùn,oblique,s12,level,sp23,w155a0407,"secrete, hide, conceal"
阪,bǎn,oblique,s13|s15,oblique,s20,w325a0204,hillside farmland
叇,dài,oblique,s10|q11,oblique,q19,w426a1001,cloudy sky
晁,cháo,oblique,s17,level,xp04,w209a0303,"morning, dawn"
芗,xiāng,level,xp07,level,xp10,w221b0702,fragrant smell of grain
丐,gài,oblique,q09,,,,beggar
疫,yì,oblique,r11,oblique,r22,w537a0603,"epidemic, plague, pestilence"
榈,lǘ,level,sp06,level,sp09,w131b0501,palm
岏,wán,level,sp14,level,sp26,w158b0205,-
曀,yì,oblique,q04|q08,oblique,q12,w418a0402,stormy
莸,yóu,level,xp11,level,xp18,w237b0704,Caryopteris divaricata
渟,tíng,level,xp09,level,xp15,w232b0603,(of water) not flowing
矹,wù,oblique,r06,oblique,r11,w518a0705,-
箵,xīng,oblique,s23,oblique,s41,w344b0407,bamboo screen used in fishing
觊,jì,oblique,q04,oblique,q06,w408a0802,"covet, long for, desire"
砢,kē,oblique,s20,oblique,s33,w336b0706,pile of stones
奎,kuí,level,sp08,level,sp12,w142b0201,stride of man
毋,wú,level,sp07,level,sp10,w132b1001,do not
甬,yǒng,oblique,s02,oblique,s02,w303b0801,path
诙,huī,level,sp10,level,sp15,w144b0303,"tease, joke with"
艑,biàn,oblique,s16,oblique,s27,w329b0202,small boat
爚,yuè,oblique,r10,oblique,r18,w528a0302,bright
雎,jū,level,sp04|sp06,level,sp09,w130b1004,"osprey, fishhawk"
渗,shèn,oblique|level,xp12|q27,oblique,q52,w452a0307,"soak through, infiltrate"
蝮,fù,oblique,r01,oblique,r01,w506a1002,"venomous snake, viper"
彀,gòu,oblique,q26,oblique,q50,w451a0506,"enough, adequate fully, quite"
俚,lǐ,oblique,s04,oblique,s06,w310b0902,"rustic, vulgar, unpolished"
嗥,háo,level,xp04,,,,"roar, call out, wail"
懋,mào,oblique,q26,oblique,q50,w450b0205,"splendid, grand, majestic"
侨,qiáo,level,xp02,level,xp04,w210b0703,"sojourn, lodge"
殂,cú,level,sp07,level,sp11,w139a0104,to die
恧,nǜ,oblique,r13|r01,oblique,r01,w506a0901,ashamed
枇,pí,level,sp04,level,sp06,w122b0604,loquat
黮,dǎn,oblique,s26|s27,oblique,s48,w349b0604,"black, dark"
璈,áo,level,xp04,,,,ancient musical instrument
噞,yǎn,oblique|level,q29|s28|xp14,oblique,s50,w351b0401,the movement of a fish's mouth at the surface of the water
挍,jiào,oblique,q19,,,,collate
蝥,máo,level,xp11|xp03,level,sp10,w133a0407,Chinese blister beetle
爻,yáo,level,xp03,level,xp05,w211a1006,diagrams for divination
簋,guǐ,oblique,s04,oblique,s05,w308b0602,a square basket of bamboo for holding grain used at sacrifices
怵,chù,oblique,r04,oblique,r06,w514b0501,"fear, be afraid"
黳,yī,level,sp08,level,sp12,w141a0704,-
呷,gā,oblique,r17,oblique,r32,w550a0108,"suck, swallow, drink"
篘,chōu,level,xp11,level,xp18,w239b1002,a utensil used to filter wine
鄜,fū,,,level,sp10,w135b1002,county in Shanxi province
曚,méng,oblique|level,s01|sp01,oblique,s01,w302b0302,twilight just before sun rises
厮,sī,level,sp04,level,sp05,w120b0102,servant
崟,yín,level,xp12,level,xp21,w245a0804,cliffs
骼,gé,oblique,r11,oblique,r20,w533b0403,bone
琏,liǎn,oblique,s16,oblique,s28,w330b0603,vessel used to hold grain offerings
狴,bì,level,sp08,level,sp12,w140b1005,a kind of tapir
诧,chà,oblique,q22,oblique,q40,w442b0203,"be surprised, be shocked"
欻,chuā,oblique,r05,oblique,r08,w515b0801,"sudden, abrupt, quick"
锧,zhì,oblique,r04,oblique,r05,w511b0204,"chopping block, executioner's block"
枨,chéng,level,xp08,level,xp12,w228b0601,"door stop, door jam"
谍,dié,oblique,r16,oblique,r30,w548a0606,an intelligence report
髀,bì,oblique,s08|s04,oblique,s04,w307a0202,buttocks
缶,fǒu,oblique,s07|s25,oblique,s44,w346a0105,earthen crock or jar
隩,ào,oblique,q20,oblique,q37,w440b0702,"profound, subtle"
篡,cuàn,oblique,q16,oblique,q30,w434a0803,usurp
酢,cù,oblique,r10,oblique,r19,w531b0304,toast one's host with wine
邠,bīn,level,sp11,level,sp17,w149b0403,county in Shaanxi province
圈,quān,oblique|level,s13|q14|sp13,oblique,s20,w325a0302,to circle
祅,yāo,level,xp01,level,xp01,w203b0805,"calamities, disasters"
噭,jiào,oblique,q18|r12,oblique,q34,w437b0907,shout
嶪,yè,oblique,r17,oblique,r33,w550a0501,-
皖,wǎn,oblique|level,s15|sp14,oblique,s25,w327b1007,Anhui province
鞶,pán,level,sp14,level,sp26,w159b0701,big leather belt
驩,huān,level,sp14,level,sp26,w159b0202,"happy, pleased, glad"
谆,zhūn,oblique|level,q12|sp11,level,sp18,w149b0701,"patient, earnest"
捞,lāo,level,xp04,level,xp06,w213a0901,scoop out of water
锱,zī,level,sp04,level,sp07,w127b0501,an ancient unit of weight (one-eighth of a tael)
裌,jiá,oblique,r16|r17,oblique,r31,w549a0606,lined garment
玞,fū,,,level,sp10,w136a0607,an inferior agate
蔌,sù,oblique,r01,oblique,r01,w502b0601,vegetables
罡,gāng,,,,,,"the stars making up the handle of the Big Dipper (Alkaid, Mizar, and Alioth)"
港,gǎng,oblique,s03,oblique,s03,w304b0202,"port, harbor"
棒,bàng,oblique,s03,oblique,s03,w304b0301,"stick, club, truncheon"
燬,huǐ,oblique,s04,oblique,s04,w305a0802,burn down
貐,yǔ,oblique,s07,oblique,s09,w316a0307,䝟貐 a legendary man-eating monster
兑,duì,oblique,q09,,,,cash
徉,yáng,level,xp07,level,xp10,w221a0301,"wonder, rove, stray"
訚,yín,level,sp12|sp11,level,sp17,w149a0307,speak gently
幨,chān,oblique|level,q29|xp14,level,xp24,w248b0903,curtain
荟,huì,oblique,q09,oblique,q14,w422b0505,"luxuriant, flourishing, abundant"
澎,pēng,level,xp08,level,xp12,w227b1001,splatter
郦,lì,oblique,r12,level,sp05,w119a1003,place in today's Henan province
佚,yì,oblique,r04,oblique,r05,w512a0501,indulge in pleasures
桹,láng,level,xp07,level,xp11,w225a0401,palm
轹,lì,oblique,r12,oblique,r12,w519a0901,run over something with vehicle
宕,dàng,oblique,q23,oblique,q42,w445a0501,stone quarry
癫,diān,level,xp01,level,xp01,w203a0103,"crazy, mad"
苌,cháng,level,xp07,level,xp10,w222b0304,"star fruit, Averrhoa carambola"
缫,sāo,oblique|level,s19|xp04,level,xp06,w214a0104,"draw, reel"
嫱,qiáng,level,xp07,level,xp10,w223b0805,lady
汧,qiān,oblique|level,q17|xp01,level,xp01,w203a0302,name of a river in Shangdong
轭,è,oblique,r11,,,,"yoke, collar"
琬,wǎn,oblique,s13,oblique,s20,w325a0603,the virtue of a gentleman
瑙,nǎo,oblique,s19,,,,agate
槠,zhū,level,sp06,level,sp09,w131b0801,Oak
褫,chǐ,oblique|level,sp04|s04,level,sp05,w121a0703,"strip, tear off, undress"
陡,dǒu,oblique,s25,oblique,s45,w347b0104,"steep, sloping"
赂,lù,oblique,q07,oblique,q11,w415b0102,bribe
妩,wǔ,oblique,s07,oblique,s09,w315a0902,"charming, enchanting"
胚,pēi,level,sp10,,,,embryo
辒,wēn,level,sp12|sp13,,,,hearse
铲,chǎn,oblique,q16|s15,oblique,s26,w328a0901,"spade, shovel, trowel, scoop"
嘴,zuǐ,,,,,,"mouth, lips"
玛,mǎ,oblique,s21,,,,agate
淝,féi,level,sp05,level,sp08,w128b0706,name of an affluent of the Poyang Lake
阓,huì,oblique,q11,oblique,q18,w425b1006,gate of a market
栲,kǎo,oblique|level,s19|xp04,oblique,s32,w336a0902,mangrove
汁,zhī,oblique,r14,oblique,r26,w543a0501,"juice, liquor, fluid, sap, gravy, sauce"
颤,chàn,oblique,q17|s16,oblique,q33,w436a0404,"shiver, tremble"
尰,zhǒng,,,oblique,s02,w304a0105,"swell, swelling of the legs"
砰,pēng,level,xp08,level,xp13,w230a0409,"sound of crashing stones, bang!"
辐,fú,oblique,q26|r01,oblique,q49,w449a1005,spokes of wheel
疣,yóu,level,xp11,level,xp18,w236b0604,wart
牂,zāng,level,xp07,,,,"female sheep, ewe"
赧,nǎn,oblique,s15,,,,"blush, turn red"
鞲,gōu,oblique|level,xp11|q26,level,xp19,w242b0202,leather arm guard
皞,hào,oblique,s19,,,,"bright, brilliant"
蹐,jí,oblique,r11,oblique,r22,w535b0701,take short steps
璘,lín,level,sp11,level,sp17,w148a0803,luster of jade
疼,téng,,,level,sp02,w112b0901,"aches, pains"
荛,ráo,level,xp02,level,xp04,w209b0501,"fuel, firewood"
咳,ké,level,sp10,level,sp16,w146b0902,cough
诋,dǐ,oblique|level,s08|sp08,level,sp12,w140a1009,"slander, condemn, reproach"
漼,cuǐ,oblique|level,sp10|s10,oblique,s14,w321a0503,having the appearance of depth
酽,yàn,oblique,q29,oblique,q57,w454a0101,"thick, strong (beverage)"
楮,chǔ,oblique,s06,oblique,s08,w313a1001,mulberry
鲫,jì,oblique,r09|r13|r11,oblique,r22,w535b0902,"Carassius auratus, crucian carp"
跣,xiǎn,oblique|level,s16|xp01,oblique,s27,w328b0303,bare footed
勌,juàn,,,,,,to labor
圯,yí,oblique,s04,level,sp07,w126a0101,"bridge, bank"
捶,chuí,oblique,s04,oblique,s04,w307b0203,"strike with stick, lash, beat"
惛,hūn,oblique|level,q14|sp13,level,sp23,w156b0207,"confused, stupid, dull, senile"
帼,guó,oblique,r11,oblique,q18,w425b0807,women's headgear
靳,jìn,oblique,q13,oblique,q24,w430a0207,strap on a horse's breast
杠,gāng,level,sp03,level,sp04,w115b0802,"lever, pole, crowbar"
趯,tì,oblique,r12,oblique,r23,w538b0702,jump
傩,nuó,oblique|level,xp05|s20,level,xp07,w216a0302,rich
摴,chū,level,sp06,level,sp09,w131a0304,"to stretch out, to unroll"
鬇,zhēng,,,level,xp12,w228a0507,-
妲,dá,oblique,r07,oblique,r12,w519a0303,concubine of last ruler of the Shang dynasty
婪,lán,level,xp13,level,xp22,w246b0502,covet
惴,zhuì,oblique,q04,oblique,q05,w404b0406,"afraid, apprehensive, nervous"
焘,dào,oblique|level,xp04|q20,level,xp06,w214a0602,"shine, illuminate"
侥,jiǎo,oblique|level,s17|xp02,level,xp03,w208b0404,be lucky
脰,dòu,oblique,q26,oblique,q50,w450b0605,the neck
獒,áo,level,xp04,level,xp06,w214b0203,"mastiff, large fierce dog"
獐,zhāng,,,level,xp10,w222a0702,"roebuck, hornless river deer"
拉,lā,oblique,r15,oblique,r27,w545a1001,"pull, drag"
墩,dūn,level,sp13,level,sp23,w156a0104,"heap, mound, block of stone"
痼,gù,oblique,q07,oblique,q11,w415b0605,chronic disease
躧,xǐ,,,oblique,s04,w306b0806,sandal
椅,yǐ,level,sp04,level,sp05,w121a0302,"chair, seat"
漙,tuán,level,sp14,level,sp26,w158b1001,dewy
镒,yì,oblique,r04,oblique,r05,w512a0505,measure of weight for gold
沨,fēng,level,sp01,level,sp01,w109b0801,pleasant sound
殉,xùn,oblique,q12,oblique,q22,w429a0102,"die for cause, be martyr for"
劾,hé,oblique,r13|q11|q06,oblique,q16,w424b0504,"examine into, impeach, charge"
藐,miǎo,oblique,s17|r03,oblique,s30,w333b0407,"disregard, slight, disdain"
磋,cuō,oblique|level,xp05|q21,level,xp07,w215a0405,"polish, buff"
胙,zuò,oblique,q07,oblique,q11,w416a0506,meat offered in sacrifice to one's ancestors
绋,fú,oblique,r05,oblique,r08,w515a0407,large rope
缡,lí,level,sp04,level,sp05,w119b0105,a bridal veil
犷,guǎng,oblique,s23|s22,oblique,s36,w340b0402,"fierce, rude, uncivilized"
券,quàn,oblique,q14,oblique,q25,w430a0705,"certificate, ticket"
睒,shǎn,oblique,q28|s28,oblique,s50,w351b0902,"to glance at, to peep"
漩,xuán,oblique|level,q17|xp01,,,,"eddy, whirlpool"
塿,lǒu,oblique|level,xp11|s25,oblique,s45,w348a0307,small mound
粽,zòng,,,oblique,q01,w402b1002,dumpling made of glutinous rice
厖,páng,level,sp03,level,sp04,w115b1004,bulky
玖,jiǔ,oblique,s25,oblique,s44,w345b0401,black-colored jade
朣,tóng,,,,,,the rising moon
搬,bān,,,,,,"transfer, move, remove, shift"
抨,pēng,level,xp08,level,xp13,w230a0408,"impeach, censure"
俞,yú,level,sp07,level,sp10,w134b0507,surname
稿,gǎo,,,,,,"draft, manuscript, rough copy"
鬡,níng,,,level,xp13,w230a0207,-
湃,pài,oblique,q10,oblique,q16,w424a1003,sound of waves
箙,fú,oblique,r01,oblique,r01,w504a0802,quiver
褓,bǎo,oblique,s19,oblique,s32,w336a0502,swaddling cloth
艨,méng,level,sp01,level,sp01,w111a0802,long and narrow war-boat
晌,shǎng,,,,,,"noon, midday"
嵲,niè,oblique,r09,oblique,r16,w524b0803,towering mountain
稂,láng,level,xp07,level,xp11,w225a0304,grass
潴,zhū,level,sp06,level,sp09,w131a1001,pond
狺,yín,level,sp12|sp11,level,sp17,w149a0302,the snarling of dogs
跚,shān,level,sp14,,,,"stagger, limp"
荈,chuǎn,oblique,s16,oblique,s28,w331b0302,-
搒,bàng,oblique|level,xp08|q23,level,xp12,w228a0105,pole
毸,sāi,level,sp10,level,sp15,w145b0102,-
漦,chí,level,sp04,level,sp07,w128a0601,saliva
蛴,qí,level,sp08,level,sp12,w139b1001,"maggots, grubs"
漘,chún,level,sp11,level,sp18,w150a0503,bank
笮,zé,oblique,r10|q22,oblique,q40,w442b0502,boards which support tiles on roof
褪,tuì,oblique,q14,,,,"strip, undress"
辎,zī,level,sp04,level,sp07,w126a1006,"a supply cart, covered wagon, dray"
淀,diàn,oblique,q17,oblique,q32,w435a0503,"shallow water, swamp"
岿,kuī,oblique,q04|s04,level,sp06,w125b0506,"grand, stately"
踔,chuō,oblique,q19|r03,oblique,q36,w439b0406,to get ahead
鷕,yǎo,oblique,s17,oblique,s30,w334a0102,call
藋,diào,oblique,q18,oblique,q34,w438a0102,-
鲭,qīng,level,xp08,level,xp14,w231b0402,mackerel
僰,bó,oblique,r13,oblique,r25,w542b0603,ancient aboriginal tribe
闯,chuǎng,oblique,q27,oblique,q52,w452a0401,"rush in, burst in, charge in"
籀,zhòu,oblique,q26,oblique,q49,w449a0106,"recite, read"
鹙,qiū,level,xp11,level,xp18,w237b0402,large waterfowl with naked head
芮,ruì,oblique,q08,oblique,q13,w419a0802,"tiny, small"
鲧,gǔn,oblique,s13,oblique,s21,w325b1003,giant fish
阨,è,oblique,r11,,,,in distress
袪,qū,level,sp06,level,sp09,w132a0804,sleeves
怿,yì,oblique,r11,oblique,r22,w536a0302,"enjoy, be glad, be pleased"
毹,shū,level,sp07,level,sp10,w136b0603,rug
鸩,zhèn,oblique,q27|q28,oblique,q52,w451b0805,a bird resembling the secretary falcon
罛,gū,level,sp07,level,sp11,w137b0405,large fishing net
怙,hù,oblique,s07,oblique,s10,w318a0501,"rely on, presume on"
鍪,móu,level,xp11,level,xp18,w241a0803,an iron pan
毓,yù,oblique,r01,oblique,r01,w505a0801,give birth to
牸,zì,oblique,q04,oblique,q07,w410a0303,the female of certain animals
铍,pī,level,sp04,level,sp05,w118a0205,"beryllium (element 4, Be)"
幛,zhàng,,,,,,scroll of silk or cloth bearing a congratulatory message
渼,měi,,,oblique,s05,w308a0601,ripples
摸,mō,oblique,r10,level,sp11,w136b0703,gently touch with hand
螳,táng,level,xp07,level,xp11,w224b0907,mantis
觳,hú,oblique,r03|r01,oblique,r01,w502a1001,an ancient measure
滢,yíng,oblique,q25,oblique,q46,w447b0706,"clear, pure water"
祼,guàn,oblique,q15,oblique,q29,w432b1006,libation
歙,shè,oblique,r16|r14,oblique,r26,w544a0408,to suck
遝,tà,oblique,r15,oblique,r27,w545a0301,"mixed, abundant, assorted"
侦,zhēn,oblique|level,xp08|q24,level,xp14,w231a0502,"spy, reconnoiter"
戺,shì,oblique,s04,oblique,s06,w311a0604,stone boarder
饘,zhān,oblique|level,s16|xp01,level,xp02,w204a1004,gruel
侑,yòu,oblique,q26,oblique,q49,w448b0708,"help, assist, repay kindness"
滇,diān,level,xp01,level,xp01,w202b0901,Yunnan province
跏,jiā,level,xp06,level,xp09,w218b0906,sit cross-legged
赣,gàn,oblique,s27|q28|q01,oblique,s48,w349b0501,Jiangxi province
窸,xī,,,oblique,r05,w511b0705,"faint sound, whisper"
荭,hóng,,,level,sp01,w111b0801,herb
摊,tān,oblique|level,q15|sp14,level,sp25,w157b0106,"spread out, open"
盾,dùn,oblique,s13|s11,oblique,s17,w323b0403,"shield, shield-shaped object"
倔,jué,oblique,r05,oblique,r08,w515b0404,"stubborn, obstinate, intransigent"
笱,gǒu,oblique,s25,oblique,s45,w347b0403,"a basket trap for fish, placed in the opening of a weir"
凸,tū,oblique,r06|r09,oblique,r11,w518a0105,"protrude, bulge out, convex"
骰,tóu,oblique|level,xp11|r01,level,xp19,w242b0702,"die, dice"
悢,liàng,oblique,q23,oblique,q41,w443b0803,-
岗,gǎng,,,level,xp11,w225b0402,post
牁,kē,level,xp05,level,xp07,w215a0303,mooring stake
蔺,lìn,oblique,q12,oblique,q21,w427b0802,rush used for making mats
絙,huán,,,level,sp26,w158a0904,-
倭,wō,level,sp04|xp05,level,sp05,w117b0506,dwarf
鐍,jué,oblique,r09,oblique,r16,w523b0702,hasp of a lock
靺,mò,,,oblique,r13,w520a0303,stocking
栌,lú,level,sp07,level,sp11,w138b0604,supporting block
哕,huì,oblique,r06|q09|q08,oblique,q14,w422b0302,belch
懑,mèn,oblique,s13|s14,oblique,s21,w326a0502,"be sick at heart, sorrowful, sad"
刎,wěn,oblique,s12,oblique,s18,w323b0803,"behead, cut throat"
畛,zhěn,oblique|level,sp11|s11,level,sp17,w147a0505,"border, boundary"
澨,shì,oblique,q08,oblique,q13,w420a0902,shore
砉,huò,oblique,r12|r11,oblique,r20,w533b0603,"the sound of flaying, separating skin and bone"
毰,péi,,,level,sp15,w145b0406,-
粕,pò,oblique,r10,oblique,r19,w531a0303,"lees, dregs, sediments left after distilling liquor"
阈,yù,oblique,r13,oblique,r24,w541b0303,threshold
搀,chān,level,xp15,level,xp26,w250b0701,give helping hand
禖,méi,level,sp10,level,sp15,w144b1002,sacrifice
兖,yǎn,oblique,s16,oblique,s28,w331a0403,establish
沩,wéi,level,sp04,level,sp05,w117b0102,name of a river in Hunan
蓁,zhēn,level,sp11,level,sp19,w150b1002,"abundant, luxuriant vegetation"
崷,qiú,,,level,xp18,w238a0804,-
诩,xǔ,oblique,s07,oblique,s09,w315b0803,"boast, brag"
憾,hàn,oblique,q28,oblique,q53,w452a1002,"to regret, remorse"
忸,niǔ,oblique,s25,oblique,r01,w506a0903,"blush, be bashful, be ashamed"
柞,zhà,oblique,r10|r11,oblique,r19,w530b0402,oak
鶋,jū,level,sp06,level,sp09,w130a0106,a sea-bird with a white breast
壹,yī,oblique,r04,oblique,r05,w511b0802,number one
鶢,yuán,,,level,sp22,w153a1002,a bird which frequents the sea-shore
枋,fāng,level,xp07,level,xp10,w223a0205,sandalwood
璆,qiú,level,xp11,level,xp18,w240b0605,beautiful jade
醋,cù,oblique,q07,oblique,q11,w416a1002,vinegar
韨,fú,oblique,r05,oblique,r08,w515a0503,a leather knee-pad worn during sacrifices
龆,tiáo,level,xp02,,,,lose baby teeth and get adult teeth
彘,zhì,oblique,q08,oblique,q13,w420b0602,swine
唅,hán,oblique|level,xp13|q28,level,xp22,w247a0301,a sound
憯,cǎn,oblique,s27,oblique,s48,w350a0203,"sorrowful, sad"
艮,gěn,oblique,q14,oblique,q27,w431b0402,Kangxi radical 138
囝,jiǎn,,,,,,"baby, infant"
饕,tāo,level,xp04,level,xp06,w213b0406,"gluttonous, greedy, covetous"
灂,zhuó,oblique,r03,oblique,r04,w509b0801,-
诔,lěi,oblique,s04,oblique,s05,w309a0602,"eulogize, praise the dead"
苣,jù,oblique,s06,oblique,s08,w313b0503,kind of lettuce
袿,guī,,,level,sp12,w142a0904,gown
囋,zá,,,,,,-
迕,wù,oblique,q07|s07,oblique,q11,w415b0806,"obstinate, perverse"
跑,pǎo,level,xp03,level,xp05,w212b0504,"run, flee, leave in hurry"
甓,pì,oblique,r12,oblique,r23,w539a0602,"glazed tiles, bricks"
纆,mò,oblique,r13,oblique,r25,w542a1004,cord
馘,guó,oblique,r11,oblique,r21,w534a0802,cut off left ear
鳜,guì,oblique,r06|q08,oblique,q13,w420a0103,mandarin fish
璎,yīng,level,xp08,level,xp14,w231a0301,a necklace made of precious stones
肮,āng,,,level,xp11,w226b0903,dirty
喟,kuì,oblique,q10|q04,oblique,q06,w407b0304,"heave sigh, sigh"
咋,zǎ,oblique,r11,oblique,q40,w442b0501,"question-forming particle, why? how? what?"
氂,máo,level,sp04|xp04,level,sp07,w127a1002,tail
瓣,bàn,oblique,q16,oblique,q31,w434b0204,petal
讦,jié,oblique,r06|r09,oblique,q13,w421a0401,"expose other's secrets, pry"
蜷,quán,level,xp01,level,xp02,w207a0306,creep like a worm
彯,piāo,oblique|level,q18|xp02,level,xp04,w211a0506,-
睟,suì,oblique,q04,oblique,q06,w407a0104,clear-eyed
龁,hé,oblique,r06,oblique,r11,w518b0603,"gnaw, bite, nibble"
嵽,dié,,,oblique,r16,w524a0402,towering
抓,zhuā,oblique|level,xp06|s18|xp03|q19,level,xp05,w212b0105,scratch
眈,dān,oblique|level,xp13|s27,level,xp22,w246a0404,"gloat, stare at"
棉,mián,level,xp01,level,xp02,w205a0902,cotton
眢,yuān,level,sp14|sp13,level,sp22,w154a0507,eyes without brightness
礧,léi,oblique,s10|q11,oblique,s14,w320b0203,name of a place in Shanxi province
嗾,sǒu,oblique,q26|s25|r01,oblique,s45,w347b0804,to set a dog on
钢,gāng,level,xp07,level,xp11,w225b0501,steel
洫,xù,oblique,r13,oblique,r24,w541b0207,to ditch
噆,zǎn,oblique,s27|r15,oblique,s48,w350a0303,to hold in the mouth
歠,chuò,oblique,r09,oblique,r17,w527a0302,"sip, drink, suck"
仿,fǎng,oblique,s22,oblique,s36,w340b0803,"imitate, copy"
蟊,máo,,,level,xp18,w241a1002,grain-eating grub
捺,nà,oblique,r07,oblique,r12,w519b0907,to press down heavily with the fingers
韡,wěi,oblique,s05,oblique,s07,w312a0607,gorgeous
谌,chén,level,xp12,level,xp21,w244b0203,"sincere, faithful"
惝,chǎng,oblique,s22,,,,"alarmed, agitated"
籴,dí,oblique,r12,oblique,r23,w538b0402,purchase grains
揎,xuān,level,xp01,level,xp02,w205b0402,to pull up the sleeves and stretch out the arms
糅,róu,oblique,q26,oblique,q49,w449b0804,"blend, mix"
腠,còu,oblique,q26,oblique,q50,w451a0707,the tissue between the skin and the flesh
缵,zuǎn,oblique,s14,,,,"continue, carry on, succeed"
嗈,yōng,,,level,sp03,w114b0302,the call of a bird
肪,fáng,level,xp07,level,xp10,w222a0404,animal fat
爝,jué,oblique,r10|q18,oblique,q35,w438b0903,torch
胪,lú,level,sp06,level,sp09,w131a1004,arrange in order
怃,wǔ,oblique|level,s07|sp07,level,sp10,w133a0603,"regretful, disappointed"
钞,chāo,oblique|level,xp03|q19,level,xp05,w212b0302,"paper money, bank notes"
赳,jiū,oblique,s25,oblique,s46,w348b0104,"grand, valiant"
箑,shà,oblique,r16|r17,oblique,r29,w547b0901,fan
枸,gǒu,oblique|level,s07|s25|xp11|sp07,level,xp19,w243a0205,kind of aspen found in Sichuan
殛,jí,oblique,r13,oblique,r24,w540b0801,to put to death to imprison for life
昕,xīn,level,sp12,level,sp21,w152b0403,dawn
躄,bì,oblique,r11,oblique,r22,w537a0902,"cripple, lame"
诹,zōu,level,xp11|sp07,level,sp10,w136a0406,"consult, confer"
擭,wò,oblique,r11,oblique,q11,w416a0201,"trap catch animals, snare"
鬲,gé,oblique,r12|r11,oblique,r21,w535a0305,type of caldron with three hollow legs
窖,jiào,oblique,q19,oblique,q36,w439a0602,"pit, cellar"
硙,wéi,oblique,q11,level,sp15,w145b0702,stone mill
嬖,bì,oblique,q04|q08,oblique,q12,w418a0702,favorite
椑,bēi,level,sp04|sp08,level,sp05,w120a0203,oval
祧,tiāo,level,xp02,level,xp03,w207b0401,an ancestral hall
麸,fū,level,sp07,level,sp10,w135b0903,bran
娭,āi,level,sp04,level,sp07,w127b0707,amuse
氍,qú,level,sp07,level,sp10,w133b0603,fine woollen cloth
嗽,sòu,oblique,q26,oblique,q50,w451a0106,"cough, gargle, clear throat"
鬘,mán,level,sp15,level,sp27,w160b0603,beautiful hair
葚,rèn,oblique,s26,oblique,s47,w349a0505,mulberry fruit
鳍,qí,level,sp04,level,sp06,w123b0802,fin
怛,dá,oblique,r07,oblique,r12,w519a0301,"grieved, saddened"
苾,bì,oblique,r04,oblique,r05,w513a0703,"smell, fragrance, aroma"
蒱,pú,level,sp07,level,sp11,w137a0301,gambling game with dice
犍,jiān,oblique|level,s13|sp13|xp01,level,sp22,w154a0906,a bullock
酴,tú,level,sp07,level,sp11,w137b0702,"leaven, yeast"
溧,lì,oblique,r04,oblique,r05,w512a0904,river in Anhui and Jiangsu provinces
镪,qiāng,oblique,s22,oblique,s36,w340a1004,"coins, money, wealth"
菂,dì,oblique,r12,,,,lotus seeds
哓,xiāo,level,xp02,level,xp03,w208b0504,garrulous
蚨,fú,level,sp07,level,sp10,w135b0401,water-beetle
屃,xì,,,oblique,q06,w409a0704,gigantic strength
羖,gǔ,oblique,s07,oblique,s10,w317b0201,a black ram
趍,chí,level,sp04,level,sp05,w121a0501,-
緺,guā,level,xp06|sp09|xp05,level,sp13,w143a0303,"anciently, a blue-green ribbon attached as a seal"
挚,zhì,oblique,q04,oblique,q06,w406a1002,"sincere, warm, cordial"
髽,zhuā,level,xp06,level,xp09,w220a0206,to dress the hair
剋,kè,oblique,r13,oblique,r25,w542a0704,"subdue, overcome"
驸,fù,oblique,q07,oblique,q10,w413b0504,extra horse
擂,léi,,,,,,"rub, grind"
賨,cóng,level,sp02,level,sp02,w113a0203,tribute paid in cloth by the tribes in Szechwan and Yunnan under the Han dynasty
谮,zèn,oblique,q27,oblique,q52,w452a0501,to slander
湜,shí,oblique,r13,oblique,r24,w540a0705,"transparent, clear"
衩,chǎ,oblique|level,xp06|q22,oblique,q15,w423b0102,the open seam of a garment which allows freedom of movement
斮,cuò,oblique,r10|r03,oblique,r04,w509b1001,cut off
艓,dié,oblique,r16,,,,-
械,xiè,oblique,q10,oblique,q16,w424a0507,weapons
苶,nié,oblique,r16|r09,oblique,r16,w524b0506,weary
翙,huì,oblique,q09,oblique,q14,w422b0303,whir
薾,ěr,,,oblique,s11,w319a0607,luxuriant growth of flower
忖,cǔn,oblique,s13,oblique,s21,w325b0307,"guess, suppose, conjecture"
挤,jǐ,oblique|level,s08|q08|sp08,level,sp12,w142a0305,"crowd, squeeze, push against"
蠕,rú,,,,,,"to squirm, wriggle"
昳,dié,oblique,r09,oblique,r16,w524a0206,the declining sun in the west
髟,biāo,level,xp11|xp02|xp15,level,xp04,w210a0806,hair
嘐,xiāo,level,xp03,level,xp05,w211b0601,final exclamatory particle
帱,chóu,level,xp04|xp11,level,xp18,w240a0704,cover up
膋,liáo,level,xp02,level,xp03,w208a0801,fat
瑗,yuàn,oblique,q17|q14,oblique,q33,w436a0902,large ring of fine jade
鹒,gēng,level,xp08,level,xp12,w227a1002,oriole
枞,cōng,level,sp03|sp02,level,sp03,w115a0404,fir tree
僾,ài,oblique,s10|q11,oblique,s07,w311b1005,like
倅,cuì,oblique,r06|q11,oblique,q18,w425b0504,"deputy, vice-"
裋,shù,oblique,q07|s14,oblique,s09,w316a0201,cotton clothes of a boy servant
町,tīng,oblique|level,xp09|s24,level,xp15,w234a0405,raised path between fields
柮,duò,oblique,r06,oblique,r11,w517b0608,"flat pieces of wood, scraps of wood"
蠚,hē,,,oblique,r18,w528b1005,to sting
阀,fá,oblique,r06,oblique,r10,w516a0804,powerful and influential group
杕,dì,oblique,q08,oblique,q12,w417b0102,alone
笃,dǔ,oblique,r02,oblique,r02,w507a1006,"deep, true, sincere, genuine"
筦,guǎn,,,oblique,s24,w327a0702,a key
璚,qióng,,,level,xp14,w232a0106,splendid
媾,gòu,oblique,q26,oblique,q50,w451a0406,marry
疚,jiù,oblique,q26,oblique,q49,w448b0903,"chronic disease, chronic illness"
茁,zhuó,oblique,r09|r08|r04,oblique,r05,w514a0105,"to sprout, flourish"
駉,jiōng,level,xp09,level,xp15,w234b0304,big
滚,gǔn,oblique,s13,,,,turn
拦,lán,level,sp14,level,sp25,w158a0402,"obstruct, impede, bar, hinder"
掎,jǐ,oblique,q04|s04,level,sp05,w119b1005,"drag aside, pull"
凹,āo,level,xp03,oblique,r31,w549b0302,"concave, hollow, depressed"
怊,chāo,level,xp02,level,xp04,w209a0201,"sad, disappointed"
諵,nán,level,xp13,level,xp26,w250b0504,mutter
趺,fū,level,sp07,level,sp10,w136a0508,sit cross-legged
秫,shú,oblique,r04,oblique,r06,w514a0303,glutinous variety of millet
鸤,shī,level,sp04,level,sp06,w123b0402,"turtledove, cuckoo"
苋,xiàn,oblique,q16,oblique,q31,w434b0201,amaranth
蕈,xùn,oblique,s26|q27,oblique,s47,w349a0803,"mushrooms, fungus"
饤,dìng,oblique,q25,oblique,q46,w447b0401,display food for show only
吭,kēng,oblique|level,q23|xp07|s22,level,xp11,w226b1001,throat
磅,bàng,level,xp07,level,xp11,w226b0308,pound
蟢,xǐ,oblique,s04,oblique,s06,w310a0602,caulk
洧,wěi,oblique,s04,oblique,s05,w308b0902,name of a river in Honan
喋,dié,oblique,r16|r17,oblique,r30,w548a0604,nag
呗,bei,oblique,q10,oblique,q17,w424b1003,final particle of assertion
佺,quán,level,xp01,level,xp02,w206a0701,fairy
蚬,xiǎn,oblique,q17|s16,oblique,s27,w329a0205,a variety of bivalves
祆,xiān,,,,,,"Ormazda, god of the Zoroastrians"
螬,cáo,level,xp04,level,xp06,w214b0603,grubs in fruit
玃,jué,oblique,r10,oblique,r18,w529a1001,a large ape found in western China
臲,niè,oblique,r09,oblique,r16,w524b0902,jumpy
鏦,cōng,level,sp03|sp02,level,sp03,w115b0404,a short spear
玻,bō,,,level,xp08,w217a0705,glass
遄,chuán,level,xp01,level,xp02,w206b0202,to hurry
桩,zhuāng,level,sp03,level,sp04,w116b0601,"stake, post"
拌,bàn,oblique|level,sp14|s14,level,sp26,w160a0302,mix
蹻,juē,oblique|level,s17|r10|xp02,level,xp04,w210b0903,to raise the feet
臕,biāo,level,xp02,level,xp04,w210a0903,fat
阚,hǎn,oblique,q28|s29|q30,oblique,s53,w353a0103,"glance, peep"
觿,xī,level,sp08,level,sp05,w117b0804,"a bodkin made of ivory, horn"
祔,fù,oblique,q07,oblique,q10,w413b0502,worship one's ancestors
螓,qín,level,sp11,level,sp17,w148b0701,a small cicada with a square head
喓,yāo,level,xp02,level,xp04,w210b0503,"chirping, buzzing"
靫,chá,,,level,sp13,w143a0605,"strong and pliable, resilient"
霶,pāng,,,level,xp11,w226b0305,downpouring of rain
嘷,háo,,,,,,the roaring of wild beasts
哽,gěng,oblique,s23,oblique,s38,w342a0903,choke (with grief)
眙,yí,oblique|level,sp04|q04,level,sp07,w126a0302,to gaze at
郧,yún,level,sp12,level,sp20,w151b0205,county in Hubei province
溱,qín,level,sp11,level,sp19,w150b1004,river in Henan
甔,dān,oblique|level,xp13|q28,level,xp22,w246b0905,big jar
磕,kē,oblique,r15|q09|r07,oblique,q14,w422b0801,hit
笆,bā,oblique|level,xp06|s21,level,xp09,w219a0702,bamboo fence
戋,jiān,level,xp01,level,sp25,w157b0807,"small, narrow, tiny, little"
螽,zhōng,level,sp01,level,sp01,w109a0104,katydid
嵷,sǒng,oblique|level,s01|sp01,,,,-
穸,xī,oblique,r11,oblique,r22,w537a0102,the gloom of the grave
蛭,zhì,oblique,r09|r04,oblique,r05,w511b0103,leech
蠓,měng,oblique|level,s01|sp01,level,sp01,w111a1002,midges
帑,tǎng,oblique|level,s22|sp07,level,sp11,w138a0201,a treasury
窒,zhì,oblique,r04,oblique,r05,w512b0201,"stop up, obstruct"
擪,yè,,,oblique,s50,w351b0606,"to tuck in, to put the finger into, to put in, to stow away"
蟛,péng,level,xp08,,,,a land-crab
垞,chá,,,,,,small mound
斁,yì,oblique,q07|r11,oblique,q11,w415a0506,dislike
悫,què,oblique,r03,oblique,r04,w510b0402,"sincerity, honesty"
嶰,xiè,,,oblique,s12,w319b0802,gorge
壒,ài,oblique,q09,oblique,q14,w421b0304,dust
黤,yǎn,oblique,s27|s29,oblique,s48,w349b0905,blue-black
猘,zhì,oblique,q08,oblique,q13,w421a0204,fierce dog
缒,zhuì,oblique,q04,oblique,q05,w405b0406,climb down rope
髇,xiāo,level,xp03,level,xp05,w212a0307,-
囤,dùn,oblique|level,s13|sp13,oblique,s21,w325b0707,"grain basket, bin for grain"
镃,zī,,,level,sp07,w128a0406,hoe
绐,dài,oblique,s10,oblique,s15,w321b0302,"cheat, fool, pretend"
蟭,jiāo,level,xp02,level,xp04,w209b0301,very small bug
塑,sù,oblique,q07,oblique,q11,w416a0405,"model in clay, sculpt"
傀,guī,oblique|level,sp10|s10|s04,level,sp15,w145a0102,"great, gigantic"
腼,miǎn,oblique,s16,oblique,s27,w328b0508,modest
恁,nèn,oblique,s26|q27,level,xp21,w244b0402,"that, like this, thus, so, such"
挨,āi,oblique|level,sp09|s09,oblique,s13,w320a0805,"near, close by, next to, towards, against"
醭,bú,oblique,r01,oblique,r01,w503b0205,molds on liquids
做,zuò,,,,,,"work, make"
楗,jiàn,oblique,s13,oblique,s20,w324b0805,"bar of door, bolt of lock"
堇,jǐn,oblique,s12,level,sp17,w148a1004,yellow loam
秭,zǐ,oblique,s04,oblique,s05,w308b0105,one billion
猃,xiǎn,oblique,q29|s28,level,xp24,w248a0902,dog
裆,dāng,level,xp07,level,xp11,w225a1003,crotch or seat of pants
葹,shī,level,sp04,level,sp05,w120a0803,"kind of chrysanthemum, xanthium"
邳,pī,level,sp04,level,sp06,w125a0802,"a department in the state of Lu, modern Shandong"
燐,lín,oblique|level,q12|sp11,level,sp17,w148a0603,"phosphorus (element 15, P)"
靮,dí,oblique,r12,oblique,r23,w538a0604,bridle
黧,lí,level,sp04|sp08,level,sp12,w140a0203,"a dark, yellowish colour"
瓅,lì,,,oblique,r23,w537b0907,-
赑,bì,oblique,q04,oblique,q06,w407b0107,strong
鬉,zōng,,,level,sp01,w112b0203,-
蹂,róu,oblique|level,xp11|q26|s25,level,xp18,w239a0105,"trample under foot, tread on"
锼,sōu,,,,,,to engrave (metal or wood)
埴,zhí,oblique,q04|r13,oblique,q07,w410b0507,soil with large clay content
刜,fú,oblique,r05,oblique,r08,w515b0704,chop
袨,xuàn,oblique,q17,oblique,q32,w435a0102,-
珷,wǔ,,,oblique,s09,w315a1001,an inferior gem
箩,luó,level,xp05,level,xp07,w215b1002,bamboo basket
劘,mó,level,sp04|xp05,level,xp08,w216b1003,make into mince
潞,lù,oblique,q07,oblique,q11,w415a0801,a county in Yunnan
撅,juē,oblique,r06,oblique,r10,w516b0605,protrude
襫,shì,oblique,r11,oblique,r22,w536b0101,raincoat
捃,jùn,oblique,q13,oblique,q23,w429b0805,"to pick up, collect"
薅,hāo,level,xp04,level,xp06,w213b0104,to weed
哆,duō,oblique|level,q04|s04|s21|xp06|s20,level,xp09,w220a0602,"tremble, shiver, shudder, quiver"
鞿,jī,level,sp05,level,sp08,w129a0605,-
崱,zè,oblique,r13,oblique,r24,w540a1005,lofty
沲,tuó,,,,,,float
圉,yǔ,oblique,s06,oblique,s08,w312b0204,"stable, corral, enclosure"
饩,xì,oblique,q05,oblique,q08,w412a0503,sacrificial victim
嫡,dí,oblique,r12,oblique,r20,w532b0306,"legal wife, child of legal wife"
寘,zhì,oblique,q04,oblique,q05,w404b0301,"put aside, put down"
稹,zhěn,oblique|level,sp11|s11,level,sp17,w147a0503,"detailed, fine"
枘,ruì,oblique,q08,oblique,q13,w419a0804,the handle of tools
瑛,yīng,level,xp08,level,xp12,w228a0702,luster of gem
睆,huàn,oblique,s15,oblique,s25,w327b1002,bright
锅,guō,level,xp05,level,xp08,w216b0201,"cooking-pot, saucepan"
揩,kāi,level,sp09,level,sp14,w144a0803,"rub and wipe, dust, clean"
佶,jí,oblique,r04,oblique,r05,w513a0601,"strong, robust"
醵,jù,oblique|level,r10|sp06|q06,level,sp09,w130a0404,contribute for drinks
筤,láng,level,xp07,level,xp11,w225a0807,young bamboo
粔,jù,,,oblique,s08,w313b0401,cakes made from rice flour twisted into rings
抔,póu,level,sp10|xp11,level,sp15,w145b0606,take or hold up in both hands
偲,cāi,level,sp10|sp04,level,sp07,w126a1004,talented
臬,niè,oblique,r09,oblique,r16,w524b0805,"law, rule"
瑾,jǐn,oblique,q12|s12,oblique,q21,w428b0103,brilliance of gems
榷,què,oblique,r03,oblique,r04,w509b0402,footbridge
瘖,yīn,level,xp12,level,xp21,w245b0501,"dumb, mute, unable speak"
仡,gē,oblique,r05,oblique,r09,w516a0102,strong
椁,guǒ,,,oblique,r19,w532a0404,outer-coffin
綖,yán,level,xp01,level,xp02,w204a0903,the hanging flap in the front of a hat
駬,ěr,oblique,s04,oblique,s06,w310b0503,name of a legendary swift horse
齾,yà,oblique,r08|r07,oblique,r12,w519b0502,-
卼,wù,oblique,r06,,,,unsteady
礿,yuè,oblique,r10,oblique,r18,w528a0103,sacrifice
郝,hǎo,oblique,r10,oblique,r19,w531a0804,surname
襁,qiǎng,oblique,s22,oblique,s36,w340a1005,swaddling clothes
疽,jū,oblique|level,sp06|s06,level,sp09,w130b0806,"ulcer, carbuncle, abscess"
痈,yōng,level,sp02,level,sp03,w114b0401,"carbuncle, sore, ulcer, abscess"
谜,mí,oblique,q08,oblique,q12,w418a0604,"riddle, conundrum"
褧,jiǒng,oblique,s24,oblique,s41,w344b0502,unlined clothes
荞,qiáo,level,xp02,level,xp04,w209a0903,buckwheat
邽,guī,level,sp08,level,sp12,w142a0902,name of a place in Shaanxi province
坌,bèn,oblique,q14,oblique,q26,w431a1003,"dust, earth"
虓,xiāo,level,xp03,level,xp05,w212a0305,roar
揾,wèn,oblique,s12|q14,oblique,s18,w324a0402,wipe off
悱,fěi,oblique,s05,oblique,s07,w312a0302,to be desirous of speaking
顗,yǐ,oblique,s05,oblique,s07,w312a0806,quiet
饪,rèn,oblique,s26,oblique,s47,w348b0806,cooked food
嘏,gǔ,oblique,s21,oblique,s35,w338b0303,"felicity, prosperity"
洙,zhū,level,sp07,level,sp10,w134b0104,name of a river in Shandong
眊,mào,oblique,q04|r03|q20,oblique,q37,w440a0901,dim-sighted
醾,mí,level,sp04,,,,a kind of liquor
觫,sù,oblique,r01,,,,"to start, tremble with fear"
簠,fǔ,oblique,s07,level,sp10,w136a0703,an ancient vessel used for holding boiled grain
捏,niē,oblique,r09,,,,pick with fingers
镵,chán,oblique|level,xp15|q30,level,xp27,w250b1003,"spade, trowel"
墠,shàn,oblique,s16,oblique,s28,w330a1002,"smooth, hard spot made level for sacrificial altar"
芾,fèi,oblique,q05,oblique,q08,w411a0802,flower
咂,zā,,,,,,"to suck, to smack the lips"
楖,zhì,oblique,s22,oblique,r05,w512b0802,-
俩,liǎ,,,,,,"two, pair"
麚,jiā,level,xp06,level,xp09,w218b0802,-
颃,háng,oblique|level,xp07|q23,level,xp11,w226b0705,fly down or downward
蜚,fēi,oblique,q05|s05,oblique,s07,w312a0503,cockroach
碗,wǎn,,,,,,"bowl, small dish"
痰,tán,level,xp13,level,xp23,w247a0804,"phlegm, mucus, spittle"
橑,lǎo,oblique|level,s19|xp02,level,xp03,w208a0903,-
篑,kuì,oblique,q10|q04,oblique,q06,w407a0805,a bamboo basket for carrying earth
艟,chōng,oblique|level,q03|sp01,level,sp03,w113b1002,ancient warship
菀,wǎn,oblique,r05|s13,oblique,s20,w325a0403,luxuriance of growth
嫭,hù,oblique,q07,oblique,q11,w415b1002,beautiful woman
杌,wù,oblique,r06,oblique,r11,w518a0703,"the stump of a tree, hence, sterility"
棽,shēn,,,level,xp21,w244a0503,-
髹,xiū,level,xp11,,,,red lacquer
鼗,táo,,,level,xp06,w214a0702,small revolving drum with knobs
媲,pì,oblique,q08,oblique,q12,w418b0206,"marry off, pair, match"
赃,zāng,level,xp07,level,xp11,w227a0302,"booty, loot, stolen goods"
蛆,qū,level,sp06,level,sp09,w130b1003,maggots
贿,huì,oblique,s10,oblique,s14,w320a0901,bribe
墐,jìn,oblique|level,q12|sp11,level,sp17,w148a1005,"to build with soil, plaster over with mud"
窭,jù,oblique,s07,oblique,s09,w316a0805,"poor, impoverished"
弰,shāo,level,xp03,level,xp05,w211b1005,ends of bow
擿,tī,oblique,r11,oblique,r22,w536b0805,"to select, to pick out from, to discard"
鹠,liú,level,xp11,level,xp18,w237a0501,the owl
恪,kè,oblique,r10,oblique,r19,w530b0803,"respectful, reverent"
圮,pǐ,oblique|level,sp04|s04,,,,"destroyed, ruined"
辫,biàn,oblique,s16,oblique,s27,w329b0201,braid
糇,hóu,level,xp11,level,xp19,w241b0709,"dried rice, dry provisions"
焜,kūn,oblique,s13,oblique,s21,w325b0105,"fire, flames"
莩,fú,level,sp07,level,sp10,w136a0203,membrane lining inside of reed
俶,chù,oblique,r01,oblique,r01,w505a0605,"start, begin"
讪,shàn,oblique|level,q16|sp15,level,sp27,w160a0502,"abuse, slander"
糗,qiǔ,oblique,q26|s25,oblique,s44,w346a0305,parched wheat or rice
褴,lán,level,xp13,level,xp23,w247b0601,"ragged, tattered, threadbare"
臑,nào,level,xp04|sp07,level,sp10,w134a0503,soft
歃,shà,oblique,r16|r17,oblique,r29,w547b0902,smear one's mouth with blood of a victim when taking an oath
綷,cuì,oblique,q11,oblique,q18,w425b0701,-
筚,bì,oblique,r04,oblique,r05,w512b1002,"wicker, bamboo"
啑,shà,oblique,r17|r15,oblique,q12,w416b1003,to gobble
蠛,miè,oblique,r09,oblique,r16,w525a0102,"flies, small insects produced in damp places"
岨,qū,level,sp06,level,sp09,w130b0807,uneven
嘎,gā,oblique,r08,oblique,r14,w522a0308,sound of laughter
唏,xī,oblique,s05,oblique,s07,w312a1001,weep or sob
袯,bó,oblique,r07,oblique,r13,w520a0705,raincoat
悸,jì,oblique,q04,oblique,q06,w408a1001,"fearful, apprehensive, perturbed"
挦,xián,level,xp14,level,xp21,w244a0205,"pull out, pluck"
籹,nǚ,oblique,s06,oblique,s08,w313b0102,cake
齰,zé,,,oblique,q40,w442b0604,to bite
鏖,áo,level,xp04,level,xp06,w214b0802,"to fight to the end, engage in a fierce battle"
昵,nì,oblique,s08|r04,oblique,r05,w512a0401,"intimate, close"
蟉,liú,oblique|level,xp11|s25,level,xp20,w243b0201,-
躩,jué,oblique,r10,oblique,r18,w529b0105,"take quick, short steps"
篝,gōu,level,xp11,level,xp19,w243a0102,bamboo basket
喑,yīn,oblique|level,xp12|q27|q28,level,xp21,w245b0504,to be dumb
癯,qú,,,level,sp10,w133b0703,"thin, emaciated"
瞠,chēng,level,xp08|xp07,level,xp12,w228a0306,"look at, stare at, gaze at"
璪,zǎo,oblique,s19,oblique,s32,w335b0705,pearl pendants on coronet
怩,ní,level,sp04,level,sp06,w123a0803,"shy, timid, bashful"
闿,kǎi,oblique,s10,oblique,s15,w321a1005,open
獍,jìng,oblique,q24,oblique,q43,w446a0201,a mythical animal that eats its mother when it is born
郐,kuài,oblique,q09,oblique,q14,w422b0101,state in today's Henan province
姐,jiě,oblique,s21,oblique,s35,w339a0203,"elder sister, young lady"
蚳,chí,level,sp04,level,sp06,w123b0102,ant eggs
蠙,pín,level,sp11|xp01,level,sp17,w149a0103,oyster
媮,tōu,level,xp11,level,sp10,w134b0901,"handsome, cheerful"
涝,lào,oblique|level,s19|xp04|q20,level,xp06,w213a0701,"inundate, flood"
驲,rì,oblique,r04,oblique,r05,w511b0305,"post horse, relay horse"
觎,yú,oblique|level,q07|sp07,level,sp10,w134b0505,"desire strongly, covet, long for"
燖,xún,level,xp12|xp14,level,xp24,w249b0505,reheat food
腿,tuǐ,oblique,s10,oblique,s14,w320b0703,"legs, thighs"
楩,pián,oblique|level,s16|xp01,level,xp02,w205a0702,tree
灏,hào,oblique,s19,oblique,s32,w335a0501,"vast, large, grand, expansive"
椟,dú,oblique,r01,oblique,r01,w502a0207,"cabinet, wardrobe"
枹,bāo,level,xp11|xp03|sp07,level,sp10,w135b0502,drumstick
挣,zhēng,,,,,,"strive, endeavor, struggle"
嚘,yōu,level,xp11,level,xp18,w236b1002,-
缜,zhěn,oblique|level,sp11|s11,level,sp17,w147a0703,"detailed, fine"
殍,piǎo,oblique,s17,level,sp10,w136a0101,to starve to death
燀,chǎn,oblique|level,s16|xp01,level,xp02,w207a0802,to make a fire
柂,yí,,,,,,helm
蹩,bié,oblique,r09,oblique,r16,w525a1003,to limp
烨,yè,oblique,r16,oblique,r29,w547b0802,"bright, glorious, splendid, flame"
桠,yā,oblique|level,xp06|s20,level,xp09,w219a0601,the forking branch of a tree
屼,wù,oblique,r06,oblique,r11,w518a0704,mountain
窑,yáo,level,xp02,level,xp04,w209b0604,kiln
伋,jí,oblique,r14,oblique,r26,w543b1002,deceptive
泌,mì,oblique,q04|r04,oblique,q06,w407a0506,"to seep out, excrete"
蝝,yuán,oblique|level,q17|xp01,level,xp02,w205b1005,the larva of locust
慅,sāo,level,xp04,level,xp06,w214a0206,agitated
磥,lěi,oblique,s10,oblique,s14,w320b0106,a heap of stones
燉,dùn,level,sp13,level,sp23,w156a0201,heat with fire
魃,bá,oblique,r07,oblique,r13,w521a0506,drought demon
幞,fú,,,oblique,r03,w509a0503,turban
亵,xiè,oblique,r09,oblique,r17,w525b0701,"slight, insult, treat with disrespect"
悛,quān,level,xp01,level,xp02,w206a0702,"repent, reform"
牷,quán,level,xp01,level,xp02,w205b0304,"cow or ox of one color, perfect"
耰,yōu,level,xp11,level,xp18,w236b1003,toothless rake for drawing earth over newly sown grain
砭,biān,oblique|level,q29|xp14,level,xp24,w248a1005,stone probe
侗,dòng,oblique|level,s01|sp01,level,sp01,w108a1001,big
赈,zhèn,oblique,q12|s11,oblique,s16,w322a0303,"relieve, aid distressed"
缮,shàn,oblique,q17,oblique,q33,w436a0405,"repair, mend"
柙,xiá,oblique,r17,oblique,r32,w549b0601,"cage, pen for wild animals"
鬖,sān,level,xp13,level,xp23,w247b0504,wild hair
拚,pàn,oblique|level,q13|q17|sp14,oblique,q23,w429b0603,"risk, disregard"
扎,zhā,oblique,r08,oblique,r14,w521b0105,pull up
搪,táng,level,xp07,level,xp11,w224b0801,"ward off, evade"
豉,shì,oblique,q04,oblique,q05,w404b0603,fermented beans
糈,xǔ,oblique|level,sp06|s06,oblique,s08,w313a0906,sacrificial rice
菘,sōng,level,sp01,level,sp01,w109a0503,"celery, cabbage"
嫜,zhāng,level,xp07,,,,husband's father
猰,yà,oblique,r09,oblique,r14,w522a0506,a legendary man-eating animal
寖,jìn,,,,,,"gradually, step by step, little"
羝,dī,level,sp08,level,sp12,w140a0801,"ram, he-goat"
耍,shuǎ,oblique,s21,,,,"frolic, play, amuse, play with"
糯,nuò,oblique,q21,,,,glutinous rice
毚,chán,level,xp15,level,xp26,w250b0604,cunning
凊,qìng,oblique,q24,oblique,q45,w446b0703,surname
哇,wa,level,xp06|sp09,level,sp13,w143a1005,vomit
澳,ào,oblique,q20|r01,oblique,q37,w440b0801,"inlet, bay"
徜,cháng,level,xp07,level,xp10,w223b0606,walking and fro
妫,guī,level,sp04,level,sp05,w117b0203,family name
踦,yǐ,oblique|level,sp04|s04|q04,level,sp05,w118b1001,the shin
掐,qiā,oblique,r17,oblique,r31,w549a0206,hold
瓘,guàn,oblique,q15,oblique,q29,w433a0102,jade
佽,cì,oblique,q04,oblique,q06,w408b0401,aid
棁,zhuō,oblique,r06|r09,oblique,r11,w517b0704,joist
镡,chán,oblique|level,xp13|xp12|q27,level,xp21,w243b1002,dagger
呱,gū,level,xp06|sp07,level,sp11,w137b0204,"wail, crying of child"
忭,biàn,oblique,q17,oblique,q33,w437a0406,delighted
粜,tiào,oblique,q18,oblique,q34,w437b0506,sell grain
璺,wèn,oblique,q13,oblique,q23,w429a0802,"a crack, as in porcelain"
岣,gǒu,level,sp07,level,sp10,w136b0406,a hill in Hunan
芼,mào,oblique|level,xp04|q20,level,xp06,w213b0202,to choose
鸒,yù,oblique,q06,level,sp09,w130b0601,eastern jackdaw
襹,shī,level,sp04,level,sp05,w121a1004,-
诅,zǔ,oblique,s06|q06,oblique,q09,w413a0205,curse
奭,shì,oblique,r11,oblique,r22,w536a0902,red
珣,xún,level,sp11,level,sp18,w149b1004,name of a kind of jade
巃,lóng,,,level,sp01,w111b0407,lofty
腔,qiāng,level,sp03,level,sp04,w116b0106,chest cavity
髵,ér,,,level,sp07,w127a0106,"whiskers, bristles on the jaws of an animal"
埭,dài,oblique,q11,oblique,q19,w426a0805,"a dam, a jock"
犴,àn,oblique|level,q15|sp14,level,sp25,w157a0303,"a wild dog, a not very large lock-up"
柹,shì,,,,,,persimmon
铰,jiǎo,oblique,s18,level,xp05,w211b0504,hinge
怎,zěn,oblique,s26,,,,what? why? how?
倢,jié,oblique,r16,oblique,r29,w547a0501,"beautiful, handsome"
橤,ruǐ,oblique,s04,,,,stamen
躠,sǎ,oblique,r07,oblique,r12,w519b0704,to limp
眯,mī,oblique,s08|s04,oblique,s11,w319b0201,be blinded
赒,zhōu,level,xp11,level,xp18,w238b0701,give for charity
蜥,xī,oblique,r12,,,,lizard
睚,yá,level,sp09,oblique,q15,w423b0107,corner of eye
屺,qǐ,oblique,s04,oblique,s06,w311a0401,a hill with trees or grass-- some give the opposite meaning
襭,xié,oblique,r09,oblique,r16,w524b0204,tuck up hem of garment and wrap
薿,nǐ,oblique,s04,oblique,s06,w311b0301,flower
刲,kuī,level,sp08,level,sp12,w142b0203,"cut, slice off"
唁,yàn,oblique,q17,oblique,q33,w436a0603,express condolence
纚,lí,oblique|level,sp04|s09|s04,oblique,s04,w306b0903,long
煴,yūn,oblique|level,q13|sp12,level,sp20,w151b0503,"sultriness, stuffiness"
瓿,bù,oblique|level,s25|xp11|sp07,level,sp10,w135b0503,"jar, pot"
虻,méng,,,,,,"horsefly, gadfly"
闳,hóng,level,xp08,level,xp13,w229b0403,"gate, barrier"
箦,zé,oblique,r11,oblique,r21,w534b0303,bed mat
痗,mèi,oblique,s10|q11,oblique,q18,w425a1004,ill
寀,cǎi,oblique,s10,oblique,s15,w321b0605,feudal estate
琇,xiù,oblique,q26|s25,oblique,s44,w346b0304,coarse variety of jasper or jade
窀,zhūn,level,sp11,level,sp18,w150a0904,to bury
窞,dàn,oblique,s27,oblique,s48,w349b0605,pit
逑,qiú,level,xp11,level,xp18,w240b0603,"collect, unite"
趠,chuò,oblique,q19,oblique,q36,w439b0405,-
羾,gòng,oblique,q01,oblique,q01,w402b0503,-
阘,dá,oblique,r15,oblique,r28,w546a0705,upper-story door or window
瞭,liǎo,oblique|level,s17|xp02,level,xp03,w208b0201,"bright, clear"
偓,wò,oblique,r03,oblique,r04,w510b0906,to fuss
讷,nè,oblique,r06,oblique,r11,w518b0208,slow of speech
惇,dūn,level,sp11|sp13,level,sp18,w149b0702,"be kind, cordial, sincere"
桅,wéi,oblique|level,sp10|s04,level,sp15,w145b0608,mast of ship
诐,bì,oblique|level,sp04|q04,level,sp05,w118a0406,argue
痿,wěi,oblique|level,sp04|s10,level,sp05,w117b0505,paralysis
邗,hán,level,sp14,level,sp25,w157a0201,an ancient place in the state of Wu
圞,luán,,,,,,"entire, complete"
炱,tái,level,sp10,level,sp16,w146a0402,soot
栳,lǎo,oblique,s19,oblique,s32,w335a0803,a basket
堋,péng,oblique|level,xp10|q25,level,xp17,w236a0703,bury
纴,rèn,oblique|level,xp12|q27,level,xp21,w244b0404,"weave, lay warp"
秸,jiē,oblique,r08,oblique,r14,w522a0303,"stalks of millet, corn"
儆,jǐng,oblique,s23|q24,oblique,s38,w342b0303,warn
窿,lóng,level,sp01,level,sp01,w110a0501,mine shaft
亳,bó,oblique,r10,oblique,r19,w531a0505,name of district in Anhui
惄,nì,oblique,r12,oblique,r23,w539a0107,long for
鲐,tái,level,sp10,level,sp16,w146b0802,"globefish, tetraodon"
絣,bēng,level,xp08,level,xp13,w230a0701,to baste for sewing
嫪,lào,oblique,q20,level,xp06,w213a1002,hanker
嗄,á,oblique,q22,oblique,q17,w425a0205,hoarse of voice
埤,pí,level,sp04,,,,"add, increase, attach"
锒,láng,level,xp07,level,xp11,w225a0404,lock
徕,lái,oblique|level,sp10|q11,level,sp16,w146b0501,"induce, encourage to come"
岝,zuò,oblique,r10,oblique,r19,w531b0502,name of a mountain in Shandong
莘,shēn,level,sp11,level,sp19,w151a0107,long
祃,mà,oblique,q22,oblique,q40,w442a0501,a sacrifice at the beginning of a military campaign
翿,dào,oblique|level,xp04|q20,level,xp06,w214a0803,streamer adorned with feathers
颀,qí,level,sp05,level,sp08,w129a0104,tall and slim
咥,xì,oblique,q04|r09|r04,oblique,r05,w512a0805,sound of a cat
丫,yā,level,xp06,level,xp09,w219a0602,forked
楝,liàn,oblique,q17,oblique,q32,w435a0806,Melia japonica
黝,yǒu,oblique,s25,level,sp06,w123b1003,black
屴,lì,oblique,r13,oblique,r24,w539b0905,lofty
贽,zhì,oblique,q04,oblique,q06,w406a1003,gift superior
婑,ruí,,,,,,-
倨,jù,oblique,q06,oblique,q09,w412a1003,"arrogant, haughty, rude"
輀,ér,,,level,sp07,w127a0203,hearse
枲,xǐ,oblique,s04,oblique,s06,w310b0904,male nettle-hemp
鞴,bèi,,,oblique,q06,w407b0105,saddle up horse
嵝,lǒu,oblique,s07|q26|s25,oblique,s09,w316b0301,Goulou mountain peak in Hunan
遛,liú,level,xp11,level,xp18,w237b0104,"take walk, stroll"
蚍,pí,,,level,sp06,w122b0602,mussels
槚,jiǎ,oblique,s21,oblique,s35,w338b0301,small evergreen shrub
迮,zé,oblique,r10|r11,oblique,r19,w530b0401,to rise
镗,tāng,level,xp07,level,xp11,w226b0105,boring tool
膴,hū,oblique|level,s07|sp07,level,sp10,w133a0202,fine
萁,qí,level,sp04,level,sp07,w126b0504,"beakstalk, stalks of pulse"
纾,shū,oblique|level,sp06|s06,level,sp09,w129b1002,"loosen, relax, relieve"
揠,yà,oblique,r08,oblique,r14,w522a0503,"to pull up, to eradicate"
爟,guàn,oblique,q15,oblique,q29,w433a0304,fire
剂,jì,oblique|level,sp04|q08,level,sp05,w121b0404,medicinal preparation
阉,yān,oblique|level,s28|xp14,level,xp24,w249a0505,castrate
霮,dàn,oblique,s27,,,,-
濞,bì,oblique,q04|q08,oblique,q06,w407a0807,a county in Yunnan
歜,chù,oblique,s27|r02,oblique,s48,w350a0104,furious
讟,dú,oblique,r01,oblique,r01,w502a0202,"slander, utter evil words"
儡,lěi,oblique|level,sp10|s10,level,sp15,w145a0303,"puppet, dummy"
蛚,liè,oblique,r09,oblique,r17,w525b1003,-
蜮,yù,oblique,r13,oblique,r24,w541b0102,a fabulous creature like a turtle
慌,huāng,oblique|level,xp07|s22,oblique,s37,w342a0501,"nervous, panicky, frantic"
绞,jiǎo,oblique,s18|q19,oblique,s31,w334b0405,"twist, wring"
倬,zhuō,oblique,r03,oblique,r04,w510a0406,"noticeable, large"
恹,yān,,,,,,"feeble, sickly"
笴,gǎn,oblique,s19|s14|s20,oblique,s23,w326b0603,an arrow shaft
勷,ráng,level,xp07,level,xp10,w222b0904,urgent
揲,dié,oblique,r09,oblique,r17,w526a0901,to sort out the stalks used in divination
炒,chǎo,oblique,s18,oblique,s31,w335a0104,"fry, saute, roast, boil, cook"
蹁,pián,level,xp01,level,xp01,w203a0704,to walk with a limp
劄,zhā,oblique,r17,oblique,r31,w549b0203,brief note
铏,xíng,level,xp09,level,xp15,w232b0204,sacrificial cauldron
籺,hé,,,oblique,r16,w524b0404,-
萑,huán,level,sp14,level,sp06,w125a0703,grass used for making mats
芣,fú,level,xp11,level,xp18,w241a0306,medicinal plant
鄣,zhāng,level,xp07,level,xp10,w222a0703,"name of an ancient city in N. Jiangsu, near Shandong"
螾,yǐn,,,level,sp17,w148b0804,the earthworm
霙,yīng,level,xp08,level,xp10,w224a0904,sleet
黐,chī,level,sp04,level,sp05,w119b0404,to stick
偬,zǒng,,,oblique,s01,w302b0903,urgent
趼,jiǎn,oblique|level,q17|s16|xp01,level,xp01,w203a0507,callous skin on hands or feet
颾,sōu,level,xp04,level,xp06,w214a0201,blowing of the wind
駪,shēn,level,sp11,level,sp19,w151a0203,crowd
暵,hàn,oblique,q15|s14,oblique,s23,w327a0101,dry by exposing sun
坯,pī,,,,,,"dam, embankment"
菇,gū,,,,,,mushrooms
楢,yóu,,,level,xp18,w237b0905,tinder
铫,diào,oblique|level,q18|xp02,level,xp03,w207b0502,large hoe
陊,duò,oblique,s20,oblique,s04,w306b0202,-
瑱,zhèn,oblique,q17|q12,oblique,q21,w428a1001,a gem used as ear plug
磹,tán,oblique,q29,oblique,q56,w453b0806,-
皈,guī,,,,,,"follow, comply with"
褶,zhě,oblique,r16|r14,oblique,r26,w543a0404,"pleat, crease, wrinkles"
扌,shou,,,,,,hand
蘤,huā,oblique,s04,oblique,s04,w306a0705,"flower, blossoms"
忪,sōng,level,sp02,level,sp03,w113b0203,"quiet, calm, tranquil, peaceful"
倥,kōng,level,sp01,level,sp01,w110a0705,"boorish, ignorant"
艚,cáo,level,xp04,level,xp06,w214b0701,ship
灊,qián,level,xp12|xp14,level,xp21,w245a0106,-
熔,róng,,,,,,"melt, smelt, fuse"
垩,è,oblique,r10,oblique,r19,w531a0502,"holy, sacred, sage"
蒻,ruò,oblique,r10,oblique,r18,w528b0304,rushes
搉,què,oblique,r03,oblique,r04,w509b0404,knock
篴,dí,,,oblique,r01,w504b0804,bamboo flute
坷,kě,oblique,q21|s20,oblique,s33,w337a0203,"clod of earth, lump of soil"
窾,kuǎn,oblique,s14,oblique,s24,w327a1003,hole
尪,wāng,,,level,xp11,w226b0404,lame
讣,fù,oblique,q07,oblique,q10,w414a0606,obituary
瑳,cuō,oblique|level,xp05|s20,level,xp07,w215a0403,luster of gem
睬,cǎi,,,,,,notice
硫,liú,level,xp11,level,xp18,w237b0103,"sulfur (element 16, S)"
郏,jiá,oblique,r17,oblique,r31,w549a0504,county in Henan province
褾,biǎo,oblique,s17,oblique,s30,w333b0904,-
厂,chǎng,oblique,s22|s14,oblique,s23,w326b1002,"factory, workshop"
鯈,tiáo,level,xp11,level,xp18,w240a0903,freshwater minnow
绌,chù,,,oblique,r06,w514b0602,"sew, stitch"
躏,lìn,oblique,q12,,,,"trample down, oppress, overrun"
潆,yíng,level,xp08,,,,tiny stream
砦,zhài,oblique,q10,oblique,q17,w425a0404,"stockade, fort, military outpost"
楛,hù,oblique,s07,oblique,s10,w318a0402,"coarse, crude"
颏,kē,oblique|level,sp10|s10,level,sp16,w146b0903,chin
郇,huán,level,sp11,level,sp18,w149b0903,an ancient feudal State in Shaanxi
圠,yà,,,oblique,r14,w522a0502,-
絁,shī,level,sp04,level,sp05,w120a0801,"rough, indelicate silk"
瓈,lí,,,level,sp12,w140a0401,glass
朐,qú,level,sp07,,,,warm
茄,jiā,level,xp06|xp05,level,xp08,w217b0505,eggplant
墄,cè,,,oblique,r25,w543a0104,the steps of a stairway
姱,kuā,level,xp06,level,xp09,w218b0407,"beautiful, handsome, elegant"
窳,yǔ,,,oblique,s09,w316a0203,"dirty, useless, weak, powerless"
耎,ruǎn,oblique,s16,oblique,s28,w331b0104,"weak, pliable, soft, yielding"
牯,gǔ,oblique,s07,oblique,s10,w317b0204,cow
迪,dí,oblique,r12,oblique,r23,w538b0301,"enlighten, advance"
竁,cuì,oblique,q17|q08,oblique,q13,w419b0101,bore
沪,hù,oblique,s07,oblique,s10,w318a0902,Shanghai
鳐,yáo,level,xp02,level,xp04,w209b0702,the nautilus
浯,wú,,,level,sp11,w138a0901,name of a river in Shandong
糕,gāo,level,xp04,,,,"cakes, pastry"
旓,shāo,level,xp03,level,xp05,w211b1004,serrated edges on a Chinese flag
輧,píng,,,,,,curtained carriage used by women
蛉,líng,level,xp09,level,xp15,w233a0807,"dragonfly, Libellulidae"
秬,jù,oblique,s06,oblique,s08,w313b0303,black millet
碇,dìng,,,,,,anchor
洹,huán,level,sp14|sp13,level,sp22,w153a1004,river in Henan province
惷,chǔn,oblique,s11|q02|q03,oblique,s17,w323b0302,wriggle
哙,kuài,oblique,q10,oblique,q17,w424b0801,"swallow, gulp down"
廖,liào,oblique|level,q18|q26|xp02,level,xp03,w208a0906,surname
劻,kuāng,level,xp07,level,xp10,w224a0306,"flurried, be in flurry, zealous"
眨,zhǎ,oblique,r17,oblique,r31,w549a0706,wink
醄,táo,level,xp04,,,,drunk
惙,chuò,oblique,r09|q08,oblique,r17,w527a0306,"sad, melancholy, grieving, mournful"
瀺,chán,oblique,s29,oblique,s53,w352b0905,sound
颒,huì,,,oblique,q18,w425b0207,wash
嵏,zōng,,,,,,a mountain in Shenxi
熇,hè,oblique|level,r10|xp02|r02|r01,oblique,r01,w503a0801,bake
泆,yì,oblique,r04,oblique,r05,w512a0601,"licentious, libertine, dissipated"
颅,lú,level,sp07,level,sp11,w138b0504,skull
胛,jiǎ,oblique,r17,oblique,r32,w549b0902,"the shoulder, shoulder blade"
啐,cuì,oblique,q10|q11|r04,oblique,q17,w425a0402,"to taste, to sip"
劖,chán,level,xp15,level,xp27,w250b1001,make into mince
麰,móu,level,xp11,level,xp18,w241a0902,barley
黕,dǎn,oblique,s27,oblique,s48,w350b0203,red
狯,kuài,oblique,q10|q09,oblique,q14,w422b0204,"sly, cunning, crafty"
勚,yì,oblique,q04,oblique,q06,w409a0903,work hard
骭,gàn,oblique,q15|q16,oblique,q28,w432a0601,shin bone
郯,tán,level,xp13,level,xp23,w247a0702,a county in Shandong
腷,bì,oblique,r13,oblique,r24,w541b0803,-
菶,běng,oblique,s01,oblique,s01,w303a0204,species of water plant
毾,tà,,,oblique,r28,w546a0403,"a coarse, woollen serge"
夬,guài,oblique,q10,oblique,q17,w424b0701,parted
靶,bǎ,oblique,q22,oblique,q40,w443a0704,target
獗,jué,,,,,,"unruly, wild, violent, lawless"
岈,yá,level,xp06,level,xp09,w220a0804,"嵖岈山, a mountain in Suìpíng county, Hénán"
茇,bá,oblique,r07,oblique,r13,w520a0604,"grass, thatch"
侁,shēn,level,sp11,level,sp19,w151a0301,crowd
疥,jiè,oblique,q10,oblique,q16,w424a0102,"scabies, itch"
穜,zhǒng,level,sp01,level,sp01,w108b0206,rice
槱,yǒu,oblique|level,xp11|q26|s25,oblique,s44,w346b0104,firewood for sacrifice
濙,yíng,,,oblique,s41,w344b0205,to revolve
鳄,è,oblique,r10,,,,alligator
卬,áng,level,xp07,level,xp11,w227a0603,lofty
黟,yī,level,sp04,level,sp06,w123b1004,black and shining
莉,lì,oblique,q04,level,sp06,w123b0204,white jasmine
俣,yǔ,oblique,s07,oblique,s09,w314a1002,big
禘,dì,oblique,q08,oblique,q12,w417a1003,imperial ancestor worship
堧,ruán,level,xp01,level,xp02,w205b0706,adjoin
憬,jǐng,oblique,s23,oblique,s38,w342b0805,"rouse, awaken"
愞,nuò,,,oblique,s28,w331b0101,"timid, apprehensive"
畯,jùn,oblique,q12,oblique,q22,w429a0204,rustic
郫,pí,level,sp04,level,sp05,w119a0403,a county in Sichuan
垲,kǎi,oblique,s10,oblique,s15,w321a1002,high and dry place
佥,qiān,level,xp14,level,xp24,w248b0402,"all, together, unanimous"
趄,jū,level,sp06,level,sp09,w130b0903,"weak, lame"
媵,yìng,oblique,q25,oblique,q47,w447b0906,a maid who accompanies bride to her new home
鹁,bó,oblique,r06,oblique,r11,w517b0606,species of pigeon
砯,pīng,,,,,,to make a loud sound
腒,jū,level,sp06,level,sp09,w130a0205,game
滁,chú,level,sp06,level,sp09,w132a0105,district in Anhui province
隮,jī,,,level,sp12,w142a0401,to rise up
擉,chuò,oblique,r03,oblique,r04,w511a0806,to pierce
蠃,luǒ,oblique,s20,level,xp08,w217a0404,the solitary wasp
嗫,niè,oblique,r16,oblique,r29,w547b0103,move lips as when speaking
焯,chāo,oblique,r10,oblique,r18,w528a1003,boil vegetables for a very short time
睍,xiàn,oblique,q17|s16,oblique,s27,w329a0304,to look at fearfully
酕,máo,,,level,xp06,w213b0404,drunk
罻,wèi,oblique,q05,oblique,q08,w411b0205,net
廌,zhì,oblique,s09|s04,,,,unicorn
衎,kàn,oblique,q15|s14,oblique,s23,w326b0902,to give pleasure
黈,tǒu,oblique,s25,oblique,s45,w347b0202,yellow
迄,qì,oblique,r05,oblique,r09,w516a0101,"extend, reach"
嵊,shèng,,,,,,"district in Shaohsing, Chekiang"
帨,shuì,oblique,q08,oblique,q13,w419a1005,"handkerchief, kerchief, shawl"
笯,nú,oblique|level,q07|xp06|sp07,level,sp11,w138a0203,a bird-cage
厝,cuò,oblique,q07|r10|r11,oblique,q11,w416a0906,cut or engrave
浏,liú,oblique|level,xp11|s25,level,xp18,w237a0901,clear
韛,bài,,,oblique,q16,w424b0205,bellows
碨,wèi,,,level,sp14,w144a0702,millstone
艖,chā,level,xp06|xp05,level,xp07,w215b0402,raft
窌,jiào,oblique|level,q26|xp03|q19,level,xp05,w212b0803,"pit, vault"
捭,bǎi,,,oblique,s12,w320a0201,to open
潬,shàn,,,oblique,s23,w326b0405,a rapid
瘉,yù,oblique|level,s07|sp07,level,sp10,w134b1002,"get well, recover"
跞,lì,oblique,r10|r03|r12,oblique,r19,w530a0705,"walk, move"
桉,ān,,,,,,eucalyptus
庀,pǐ,oblique,s04,oblique,s04,w307b0505,to prepare
唫,jìn,,,level,xp21,w245a0803,"to hum, to intone, etc. to close, to shut"
黁,nún,,,level,sp23,w156b0403,-
鞓,tīng,,,level,xp15,w234a0409,leather belt
軏,yuè,oblique,r06,oblique,r10,w516a0701,cross-bar at the end of the poles of a cart
慆,tāo,level,xp04,level,xp06,w213b0603,"excessive, dissolute"
蹡,qiāng,level,xp07,level,xp10,w224a0101,to limp
抒,shū,oblique,s06,oblique,s08,w314a0601,express
窝,wō,level,xp05,,,,nest
锉,cuò,oblique|level,xp05|q21,level,xp08,w216b1009,"carpenter's file, file smooth"
骹,qiāo,level,xp03,level,xp05,w212a0901,(Cant.) a joint
栟,bēn,level,xp08,level,xp14,w231b0901,hemp palm
腭,è,oblique,r10,oblique,r19,w531a0106,"palate, roof of mouth"
啀,ái,level,sp09,level,sp13,w143a0905,gnaw
蜞,qí,level,sp04,,,,a kind of crab
佁,yǐ,,,oblique,s06,w310a0902,-
玎,dīng,level,xp09,level,xp13,w229b0704,"jingling, tinkling"
庥,xiū,level,xp11,level,xp18,w240a0406,shade
桤,qī,level,sp04,,,,alder
袤,mào,oblique,q26,oblique,q50,w450b0203,"longitude, lengthwise"
郾,yǎn,oblique,q14,oblique,s20,w324b0601,county in Henan province
瞎,xiā,oblique,r08,oblique,r15,w522b0504,"blind, reckless"
酦,pò,,,,,,"fermentation, brewing"
瞍,sǒu,oblique,s25,level,xp03,w207b0304,blind
骃,yīn,level,sp11,level,sp17,w147a0806,grey horse
磈,wěi,oblique,s10|s05,oblique,s07,w312a1002,an uneven rock
痡,fū,level,sp07,level,sp10,w135b1006,a disease
晬,zuì,oblique,q11,oblique,q18,w425b0603,first birthday of a child
淦,gàn,oblique|level,xp13|s07|q28,level,xp22,w247a0402,river in Jiangxi province
蚴,yòu,oblique|level,xp11|s25,oblique,s46,w348a1004,larva
怍,zuò,oblique,r10,oblique,r19,w531b0402,to be ashamed
牗,yǒu,,,,,,-
跟,gēn,level,sp13,level,sp24,w156b0601,heel
鞳,tà,oblique,r15,oblique,r28,w546a0505,-
涖,lì,,,oblique,q06,w407b0804,river in Hebei province
嚭,pǐ,oblique,s04,oblique,s05,w309b0202,"mound, lump"
餗,sù,oblique,r01,oblique,r01,w502b0602,a pot of cooked rice
嚄,huō,oblique,r11,oblique,r20,w533a0102,roar
氃,tóng,level,sp01,,,,-
睎,xī,level,sp05,level,sp08,w129a0902,to long for
瓤,ráng,level,xp07,level,xp10,w222b0905,"flesh, core, pulp, pith"
懈,xiè,oblique,q10,oblique,q15,w423a0605,"idle, relaxed, remiss"
檿,yǎn,,,oblique,s50,w351b0602,mulberry
哳,zhā,oblique,r08,oblique,r15,w523a0401,to twitter
跽,jì,oblique,s04,oblique,s05,w309b0703,"to kneel for a long time, to go down on hands and knees"
蛀,zhù,oblique,q07,oblique,q10,w413b0906,"insects that eat books, clothes"
殪,yì,oblique,q08,oblique,q12,w418a0502,die
鬅,péng,level,xp10,level,xp17,w236a0803,unkempt hair
鲕,ér,level,sp04,level,sp07,w127a0209,roe
嚅,rú,level,sp07,level,sp10,w134a0402,talk indistinctly and falteringly
氋,méng,,,,,,-
楥,xuàn,,,oblique,q25,w430b0904,a last for making shoes
狠,hěn,,,,,,"vicious, cruel"
噏,xī,,,oblique,r26,w544a0407,"inhale, absorb, imbibe"
呿,qù,oblique|level,sp06|q06,level,xp08,w217b0602,to yawn
鯹,xīng,,,level,xp15,w233a0301,-
茀,fú,oblique,r05,oblique,q08,w411a0803,"overgrown with grass, weedy"
柩,jiù,oblique,q26,oblique,q49,w449a0701,coffin which contains corpse
鹬,yù,oblique,r04,oblique,r06,w514a0804,"snipe, kingfisher"
搊,chōu,level,xp11,level,sp10,w135b0901,pluck
郿,méi,level,sp04,level,sp06,w125a0403,county in Shaanxi province
霣,yǔn,oblique,s11,oblique,s16,w323a0404,fall
詟,zhé,oblique,r16,oblique,r29,w547b0105,fear
鹕,hú,level,sp07,level,sp11,w137a0801,pelican
唶,zé,oblique,q22|r11,oblique,q40,w443a0302,"sigh, groan"
狝,xiǎn,oblique,s16,oblique,s28,w329b0501,hunt
摹,mó,level,sp07,,,,"trace, copy, duplicate"
锜,qí,oblique|level,sp04|s04,level,sp05,w118b0103,a kind of pen
茉,mò,,,,,,white jasmine
蝘,yǎn,oblique,s13,oblique,s20,w324b0701,"gecko, kind of cicada"
巽,xùn,oblique,q14,oblique,q26,w431a0304,south-east
弮,quān,oblique|level,q17|xp01,level,xp02,w207a0501,a crossbow which discharged several bolts in succession
岵,hù,oblique,s07,oblique,s10,w318a0605,hill
缌,sī,level,sp04,level,sp07,w126a0901,coarse cotton cloth used for mourning
筥,jǔ,oblique,s06,oblique,s08,w314a0303,round-shaped bamboo basket for holding rice
铤,dìng,oblique,s24,oblique,s41,w344a0903,"ingots, bars of metal"
漻,liáo,level,xp02,level,xp03,w208b0107,-
硝,xiāo,level,xp02,level,xp04,w208b0904,"saltpeter, niter"
逭,huàn,oblique,q15|s14,oblique,q29,w432b0802,to escape from
珙,gǒng,oblique|level,s02|sp02,level,sp03,w115b0201,precious stone
诎,qū,oblique,r05|r04,oblique,r08,w515b0402,"bend, stoop, crouch"
刿,guì,oblique,q08,oblique,q13,w420a0102,"to cut, injure, stab, stick on"
硠,láng,oblique|level,xp07|s22,level,xp11,w225a0405,-
羜,zhù,oblique,s06,oblique,s08,w312b0903,lamb
抶,chì,oblique,r04,oblique,r05,w512a0804,beat
崧,sōng,level,sp01,level,sp01,w109a0405,high mountain
鬌,tuǒ,oblique,s20,level,sp05,w117b0904,tufts of hair left on the heads of children after shaving
帢,qià,oblique,r17,oblique,r31,w549a0210,a silk hat worn by ancient scholars
腆,tiǎn,oblique,s16,oblique,s27,w328b0501,prosperous
饎,chì,oblique,q04,oblique,q07,w410b0501,wine and food eaten with wine
摋,sà,oblique,r07,oblique,r12,w519b0801,to strike with the hand
杮,fèi,,,oblique,q20,w427a0404,wood shavings
扯,chě,,,,,,"rip up, tear down"
胀,zhàng,oblique,q23,oblique,q41,w444a0401,"swell, inflate, expand"
踆,cūn,level,sp11,level,sp18,w150b0104,squat
胔,zì,oblique|level,sp04|q04,level,sp05,w119b0602,rotten meat
蒌,lóu,oblique|level,s07|xp11|sp07,level,sp10,w135a0703,Artemisia stelleriana
鷾,yì,,,oblique,q07,w410b0602,swallow
筳,tíng,level,xp09,level,xp15,w232b0504,-
蓖,bì,,,level,sp12,w140b0907,"castor-oil plant, Ricinus communis"
瀌,biāo,level,xp11|xp02,level,xp04,w210a0905,plenty
荍,qiáo,level,xp11|xp02,level,xp04,w211a0701,buckwheat
稑,lù,oblique,r01,oblique,r01,w504b0404,rice
喤,huáng,level,xp08|xp07,level,xp12,w227b0504,ah
轾,zhì,oblique,q04,oblique,q06,w408a0106,low rear portion of cart
拲,gǒng,oblique,s02,oblique,s02,w304a0204,-
钮,niǔ,oblique,s25,oblique,s44,w345a1002,"button, knob"
洚,jiàng,oblique|level,q03|sp03|sp01,level,sp01,w111b0903,a flood
碱,jiǎn,,,level,xp24,w248b0304,"alkaline, alkali, lye, salt"
洺,míng,level,xp08,level,xp14,w231b0701,river in Hebei province
症,zhèng,level,xp10,,,,"disease, illness, ailment"
拷,kǎo,oblique,s19,,,,torture and interrogate
匦,guǐ,oblique,s04,oblique,s05,w308b0704,small box
呆,dāi,level,sp10,,,,dull
桕,jiù,,,,,,tallow tree
尿,niào,oblique,q18,oblique,q34,w437b1006,urine
渫,xiè,oblique,r17|r09,oblique,r17,w525b0704,beating of ocean
苢,yǐ,,,oblique,s06,w310a0901,barley
僇,lù,oblique,r01,oblique,q49,w449b0401,humiliate
棫,yù,oblique,r13,oblique,r24,w541b0104,thorny shrub with yellow flowers
蛑,móu,level,xp11,level,xp18,w241b0103,a marine crab
瘆,shèn,,,oblique,s47,w349a0904,to shiver
咻,xiū,oblique|level,s07|xp11,level,xp18,w240a0505,shout
肾,shèn,oblique,s11,oblique,s16,w322a0606,kidneys
籊,tì,oblique,r12,oblique,r23,w538b0203,long
轪,dài,oblique,q09|q08,oblique,q12,w417a1004,a hubcap
矬,cuó,level,xp05,level,xp08,w216b1007,a dwarf
踧,cù,oblique,r12|r01,oblique,r01,w506a0503,"level, as a road"
咙,lóng,level,sp01,level,sp01,w111b0403,throat
嚱,xì,,,oblique,q05,w405b0701,a shrill noise
鵔,jùn,,,,,,-
鸸,ér,level,sp04,level,sp07,w127a0305,swallow
弇,yǎn,oblique|level,xp13|s28,level,xp22,w247a0307,"cover over, hide"
狨,róng,level,sp01,level,sp01,w109a0705,monkey with gold-colored hair
蠋,zhú,oblique,r02,oblique,r03,w508a0403,caterpillar
皃,mào,,,oblique,q36,w439b0204,"countenance, appearance"
鍧,hōng,level,xp08,level,xp13,w230a0601,-
泐,lè,oblique,r13,oblique,r25,w542a0507,to write
抠,kōu,level,xp11,level,sp10,w135a0305,"raise, lift up"
筴,cè,oblique,r17|r11,oblique,r21,w534b0604,type of grass used in divination
翏,liù,,,level,xp03,w208b0206,the sound of the wind
箘,jùn,oblique|level,sp11|s11,level,sp17,w149a0704,fine bamboo
汊,chà,oblique,q22,,,,a branching stream
诽,fěi,oblique|level,q05|sp05|s05,level,sp08,w128b0701,"slander, vilify, condemn"
簨,sǔn,oblique,s11,oblique,s17,w323b0101,a beam for hanging bells or drums
薹,tái,level,sp10,level,sp16,w146a0404,"Cyperus rotundus, nut grass"
癣,xuǎn,oblique|level,s16|xp01,oblique,s28,w329b0507,ringworms
輠,guǒ,oblique,s21|s20,oblique,s14,w320b0904,grease pot hung under axle of cart
眚,shěng,,,oblique,s38,w342b0601,disease of the eyes
殴,ōu,oblique,s25,oblique,s45,w348a0302,"beat, fight with fists, hit"
踝,huái,oblique,s21,oblique,s35,w339a0301,ankle
翌,yì,oblique,r13,oblique,r24,w541a0102,bright
靠,kào,oblique,q20,oblique,q37,w440b0906,"lean on, trust, depend on"
窊,wā,oblique|level,xp06|q22,level,xp09,w220a0105,"pit, vault"
穾,yào,,,,,,-
祺,qí,level,sp04,level,sp07,w126b0803,"good luck, good fortune"
廑,jǐn,oblique|level,sp12|q12,oblique,q21,w428b0106,a hut
矇,méng,oblique|level,s01|sp01,level,sp01,w111a0804,"stupid, ignorant"
紬,chóu,level,xp11,level,xp18,w240a0802,kind of thin silk
恇,kuāng,level,xp07,level,xp10,w224a0305,fear
哜,jì,oblique,q08,oblique,q12,w417a0304,sip
嫚,mān,oblique,q16,oblique,q30,w434a0405,"scorn, despise"
跜,ní,level,sp04,level,sp06,w123a0805,-
堄,nì,oblique,q08,oblique,s11,w319b0404,parapet
餍,yàn,oblique|level,q29|xp14,level,xp24,w249b0403,"be satiated, eat one's full"
轫,rèn,oblique,q12,oblique,q21,w427b0404,a block that keeps a wheel from moving
荩,jìn,oblique,q12|s11,oblique,q21,w428a0503,a kind of weed
姞,jí,oblique,r04,oblique,r05,w513a0506,concubine
鼷,xī,level,sp08,level,sp12,w141a0602,a mouse
颟,mān,level,sp14,level,sp26,w159b0901,dawdling
鞨,hé,oblique,r07,oblique,r12,w519a0106,tribe
衱,jié,oblique,r16|r15,oblique,r29,w547b0505,-
鼌,cháo,,,level,xp04,w209a0401,-
梼,táo,level,xp04|xp11,level,xp06,w214a0707,block of wood
棰,chuí,,,,,,"a mallet, bludgeon, pestle"
谹,hóng,,,,,,-
佼,jiǎo,oblique|level,s18|xp03,level,xp05,w211b0505,"beautiful, handsome, good-looking"
蕞,zuì,,,oblique,q14,w422b0605,"little, small, tiny"
呫,tiè,,,oblique,r30,w548a0204,whisper
蜾,guǒ,oblique,s20,oblique,s34,w337a0705,the solitary wasp
戕,qiāng,level,xp07,level,xp07,w215a0304,"kill, slay"
莛,tíng,oblique|level,xp09|s24,level,xp15,w232b0502,"stalks of grasses, etc."
瘕,jiǎ,oblique|level,xp06|s21,level,xp09,w218b1004,asthma
趵,bào,oblique,r10|q19|r03,oblique,r04,w510a0704,noise of tramping feet
镔,bīn,,,level,sp17,w148a0507,high quality iron
汐,xī,oblique,r11,oblique,r22,w537a0103,"night tides, evening ebb tide"
剞,jī,oblique|level,sp04|s04,oblique,s04,w306a0103,carving or engraving knife
蕝,jué,oblique,r09,oblique,q13,w421a0702,handful
黴,méi,oblique|level,sp04|q11,level,sp06,w125a0306,"mold, mildew"
圳,zhèn,,,,,,"furrow in field, small drainage ditch"
壝,wěi,oblique|level,sp04|s04,level,sp06,w124a1001,"a mound, embankment"
鬨,hòng,oblique,q03|q01,,,,boisterous
酃,líng,level,xp09,level,xp15,w233b0605,a county in Hunan
翀,chōng,level,sp01,level,sp01,w108b0904,fly upward
餫,yùn,oblique,q13,level,sp23,w154b0505,dumpling
鸺,xiū,level,xp11,level,xp18,w240a0403,"horned owl, scops chinensis"
畸,jī,level,sp04,level,sp05,w119b1003,"odd, fractional, remainder, odds"
瑽,cōng,level,sp03|sp02,level,sp03,w115b0503,tinkling of jade pendants
菭,tái,,,level,sp06,w123b0202,-
暹,xiān,level,xp14,level,xp24,w248b0101,rise
幖,biāo,,,level,xp04,w210a0703,-
胾,zì,oblique,q04,oblique,q07,w410a0105,minced meat
傫,lěi,,,,,,"tired, exhausted"
佻,tiāo,oblique|level,s17|xp02,level,xp03,w207b0402,frivolous
韔,chàng,oblique,q23,oblique,q41,w444a0502,a wrapper or case for bow
靘,qìng,oblique,q25,level,xp15,w232a0801,-
瀡,suǐ,,,oblique,q05,w406a0604,"slippery, smooth"
踖,jí,oblique,r10|r11,oblique,r18,w529a0505,"trample on, tread on"
矾,fán,level,sp13,level,sp22,w153b0507,alum
枑,hù,oblique,q07,oblique,q11,w416a0104,"anciently, a wooden fence in front of a yamen"
鎞,bī,level,sp08,level,sp12,w141a0102,plowshare
瀹,yuè,oblique,r10,oblique,r18,w528a0205,to boil
膑,bìn,oblique,s11,oblique,s16,w322b0304,the kneecap
鳗,mán,level,sp14,level,sp26,w159b1008,eel
焮,xìn,oblique,q13,oblique,q24,w430a0201,"heat, radiate heat"
虩,xì,oblique,r11,oblique,r20,w533a0802,fright
騊,táo,level,xp04,level,xp06,w214a0801,-
幪,méng,oblique|level,s01|sp01|q01,level,sp01,w111a0905,"cover, shelter, screen"
泅,qiú,level,xp11,level,xp18,w240a0602,"swim, float, wade"
搽,chá,,,,,,smear
珈,jiā,level,xp06,level,xp09,w218b1003,an ornament attached to a woman's hairpin
嚏,tì,oblique,q08,,,,sneeze
苯,běn,,,oblique,s21,w325b0505,benzene
愡,zǒng,,,oblique,q01,w403a0201,"absent-minded, confused"
鞺,tāng,,,,,,the sound of drums
叚,jiǎ,,,oblique,s35,w338b0305,false
盩,zhōu,level,xp11,level,xp18,w240b0103,callus
剺,lí,,,level,sp07,w127a1004,mark
绉,zhòu,oblique,q26,oblique,q36,w439b0804,"crepe, crape, wrinkles, creases"
幮,chú,level,sp07,level,sp10,w136b0307,a screen used to make a temporary kitchen
纑,lú,level,sp07,level,sp11,w138b0702,to soften hemp by boiling
髬,pī,,,level,sp06,w125b0106,-
脝,hēng,,,level,xp12,w228a0303,distend
輗,ní,level,sp08,level,sp12,w141a1001,the cross-bar at the end of a carriage pole
掫,zhōu,oblique|level,xp11|s25,level,sp10,w136a0506,be on night watch
澍,shù,oblique,q07,oblique,q10,w413b0302,"timely rain, life-giving rain"
怦,pēng,level,xp08,level,xp13,w230a0304,"eager, ardent, impulsive"
駼,tú,level,sp07,level,sp11,w137b0703,-
萚,tuò,oblique,r10,oblique,r19,w530b0204,falling leaves and barks
薋,cí,,,level,sp06,w123a0601,-
粻,zhāng,,,level,xp10,w222b0602,provisions
综,zōng,oblique,q02,oblique,q02,w403b0601,arrange threads for weaving
泜,zhī,level,sp04,level,sp06,w123a1003,a river in Hebei province
闑,niè,oblique,r09,oblique,r16,w524b0906,the doorsill
鞟,kuò,,,,,,skin
槜,zuì,,,,,,wooden rammer or pestle
吷,xuè,oblique,r09,oblique,r17,w527b0401,a soft sound made by blowing through the mouth
垛,duǒ,oblique|level,xp05|s20,oblique,s34,w337b0301,"heap, pile"
蹢,dí,oblique,r12,oblique,r22,w536b0808,pig's hoof
龀,chèn,oblique,q12|s12,oblique,s19,w324b0202,lose baby teeth and get adult teeth
恚,huì,oblique,q04,oblique,q05,w406a0401,"anger, rage"
淰,niǎn,oblique,s26|s29|s28,oblique,s47,w349a0404,fish
伾,pī,level,sp04,level,sp06,w125a1004,mighty
盒,hé,oblique,r15,oblique,r27,w544b0601,small box or case
筈,kuò,oblique,r07,oblique,r13,w520b0207,arrow end
瘃,zhú,oblique,r02,oblique,r03,w509a0301,sores from cold
抆,wěn,oblique,q13|s12,oblique,s18,w323b0804,"wipe, rub off"
劭,shào,oblique|level,q18|xp02,oblique,q35,w438b0104,encourage
咷,táo,level,xp04,level,xp06,w214a0503,"howl, cry loudly"
镏,liú,,,level,xp18,w237a1001,distil
鲑,guī,oblique|level,sp09|sp08|s21,level,sp12,w142a1002,salmon
呴,xǔ,oblique,q07,oblique,s45,w348a0103,breathe on
劂,jué,oblique,r06,oblique,r10,w516b0502,chisel for engraving
谂,shěn,oblique,s26,oblique,s47,w349a0401,"consult carefully with, counsel"
熛,biāo,level,xp02,level,xp04,w210a0704,blaze
梃,tǐng,oblique,s24,oblique,s41,w344a0904,a club
祏,shí,oblique,r11,oblique,r22,w536b0502,shrine
塈,jì,oblique,q04|q05,,,,"paint, decorate"
儜,níng,,,level,xp13,w230a0205,weak
鲟,xún,,,,,,sturgeon
蔯,chén,,,,,,a variety of artemisia
瀵,fèn,oblique,q13,oblique,q23,w429b0507,-
蝤,qiú,level,xp11,level,xp18,w238a0603,"grub, maggot"
拇,mǔ,oblique,s25,oblique,s45,w347a0603,thumb
洵,xún,level,sp11,level,sp18,w149b1006,"true, real, truly, really"
楦,xuàn,oblique,q14,oblique,q25,w430b0905,a last for making shoes
撺,cuān,oblique,q15,,,,hurry
禼,xiè,,,oblique,r17,w525b0801,used in personal names
姣,jiāo,oblique|level,s18|xp03,level,xp05,w211a1003,"beautiful, handsome, pretty"
膈,gé,oblique,r11,oblique,r21,w535a0303,diaphragm
嗉,sù,oblique,q07,oblique,q11,w416a0402,bird's crop
禜,yǒng,oblique|level,xp08|q24,level,xp12,w228b0705,sacrifice
汛,xùn,oblique,q12,oblique,q15,w423b0601,"high water, flood tides"
饾,dòu,oblique,q26,oblique,q50,w450b0701,food item set out for show only
卺,jǐn,oblique,s12|s04,,,,(nuptial) winecups
欂,bó,oblique,r10,oblique,r19,w531b0904,-
齁,hōu,level,xp11,level,xp19,w242b0301,snore loudly
犄,jī,,,level,sp05,w121a0403,animal horns
袽,rú,level,sp06,level,sp09,w132b0102,clothes
舵,duò,oblique,s20,oblique,s33,w336b0502,"rudder, helm"
盬,gǔ,oblique,s07,level,sp11,w137b0403,salt pit
辣,là,,,,,,"peppery, pungent, hot"
泂,jiǒng,oblique,s24,oblique,s41,w344a0404,clear and deep (of water)
俳,pái,level,sp09,level,sp14,w143b0901,actor
榉,jǔ,oblique,s06,oblique,s08,w314a0302,type of elm
谽,hān,level,xp13,level,xp22,w247a0208,a mouth or opening
嵂,lǜ,oblique,r04,,,,lofty
杙,yì,oblique,r13,oblique,r24,w541a0303,a tiny wooden post
腯,tú,oblique,r06|s13|q14,oblique,r11,w517b0902,strong
忾,kài,oblique,q05|q11,level,sp06,w125b0604,"anger, wrath, hatred, enmity"
彖,tuàn,oblique,q15,oblique,q29,w433b0101,a hog
娣,dì,oblique,s08|q08,oblique,s11,w319a0401,"younger sister, sister-in-law"
濉,suī,level,sp04,level,sp06,w124b0701,a river in Anui
仳,pǐ,oblique,s04,level,sp06,w122b0605,"separate, part company"
跱,zhì,oblique,s04,oblique,s06,w311a0104,stop
埂,gěng,oblique,s23,level,xp12,w227b0202,ditches for irrigation
蟫,yín,level,xp13|xp12,level,xp21,w244b0604,silverfish
耇,gǒu,oblique,s25,oblique,s45,w347b0405,wrinkled face of the elderly
癃,lóng,level,sp01,level,sp01,w110a0405,"weakness, infirmity retention of urine"
躨,kuí,,,level,sp06,w124b1001,-
箐,qìng,level,xp08,level,xp14,w230b0702,to draw a bamboo bow or crossbow
簉,zào,oblique,q26,oblique,q49,w449a1001,"deputy, subordinate"
杻,chǒu,oblique,s25,oblique,s44,w345a1003,"Ligustrum sinense, tree"
杈,chā,oblique|level,xp06|q22,level,xp09,w219a0807,fork of a tree
襕,lán,level,sp14,,,,a one-piece garment
矼,gāng,level,sp03,level,sp04,w115b0903,stone bridge
絇,qú,oblique|level,q07|sp07,level,sp10,w134a0202,-
髧,dàn,oblique,s27,oblique,s48,w349b0701,long hair
鴐,gē,level,xp06,level,xp09,w218b0902,-
纼,zhèn,oblique,s11,oblique,s16,w322a1006,a rope for leading cattle or horse
阽,diàn,level,xp14,level,xp24,w248a0405,wall ready to fall
邬,wū,oblique|level,s07|sp07,level,sp11,w139a0503,various place names
蟺,shàn,,,oblique,s28,w330a1004,earthworm
蕾,lěi,oblique,s10,oblique,s14,w320b0302,"buds, unopened flowers"
埘,shí,oblique|level,sp04|s04,level,sp07,w126a0402,roost
凘,sī,level,sp04,level,sp05,w120b0104,ice floating in freshly-melted water
忱,chén,level,xp12,level,xp21,w244b0206,"truth, sincerity"
煅,duàn,,,,,,forge metal
轕,gé,oblique,r07,,,,great array of spears and chariots
醥,piǎo,oblique,s17,oblique,s30,w333b0206,-
啴,chǎn,oblique|level,sp14|s16|xp01,level,sp25,w157b0101,pant
鬙,sēng,level,xp10,level,xp17,w236a0301,matted hair
馑,jǐn,oblique,q12,oblique,q21,w428b0104,time of famine or crop failure
惣,zǒng,,,oblique,s01,w302b0701,overall [questionable variant]
砍,kǎn,,,,,,"hack, chop, cut, fell"
敔,yǔ,oblique,s06,oblique,s08,w312b0301,gavel
煽,shān,oblique|level,q17|xp01,level,xp02,w204b0506,"stir up, incite, agitate, provoke"
趑,zī,,,level,sp06,w123a0401,can't move
阄,jiū,oblique|level,xp11|s25,,,,lots (to be drawn)
僩,xiàn,oblique,s15,oblique,s25,w327b0904,courageous
箾,shuò,oblique|level,xp02|r03,level,xp03,w207b0206,"musical instrument like pan-pipes, bamboo flute"
铠,kǎi,oblique|level,sp10|s10|q11,oblique,s15,w321a1004,"armor, chain mail"
祊,bēng,level,xp08|xp07,level,xp12,w227b0702,river in Shāndōng
郜,gào,oblique,r02|q20,oblique,q37,w440a0506,surname
峞,wéi,,,level,sp15,w145b0703,high and uneven
鼟,tēng,,,level,xp17,w236b0501,"onomatopoeic, drumming sound"
禧,xǐ,level,sp04,level,sp07,w127b0604,happiness
焱,yàn,oblique,q29|r12,oblique,q55,w453a0605,flames
黉,hóng,level,xp08,level,xp12,w227b0405,school
狃,niǔ,oblique,q26|s25,oblique,s44,w345a0906,to covet
劼,jié,oblique,r08|r04,oblique,r14,w521b0205,"be discreet, prudent, cautious"
膨,péng,level,xp08,level,xp12,w227b1002,to swell
枒,yā,level,xp06,level,xp09,w219b0502,the coconut tree
莪,é,level,xp05,level,xp07,w215b0505,artemisia
綟,lì,oblique,q08,oblique,q12,w418b0601,-
靷,yǐn,oblique,q12|s11,oblique,s16,w322b0903,the leather belt that connects a horse with a cart
鳀,tí,oblique,q08,level,sp12,w140b0809,anchovy
瞀,mào,oblique|level,xp11|q26|r03,oblique,q50,w450b0206,to look at closely
馗,kuí,level,sp04|xp11,level,sp06,w124b0901,cheekbone
涬,xìng,oblique,s24,oblique,s41,w344b0307,watery expanse
璟,jǐng,oblique,s23,oblique,s38,w342b0406,luster of gem
黪,cǎn,oblique,s27,oblique,s48,w350a0205,grey black
挐,ná,level,sp06,level,sp09,w132b0202,drag
蒀,yūn,,,level,sp20,w151b0507,-
愎,bì,oblique,r13,oblique,r24,w541b0802,"obstinate, stubborn, headstrong"
猢,hú,level,sp07,level,sp11,w137a0802,a kind of monkey found in western China
怫,fú,oblique,r05,oblique,q08,w411b0602,"sorry, anxious"
憸,xiān,oblique|level,s28|xp14,level,xp24,w248b0203,to flatter
骜,ào,oblique|level,xp04|q20,level,xp06,w214b0106,"wild horse, mustang"
憝,duì,oblique,q11,oblique,q18,w425a0504,"to dislike, to abhor, to hate"
辊,gǔn,oblique,s13,oblique,s21,w325b1004,"turn round, revolve"
怗,tiē,oblique,r16,oblique,r30,w548a0101,observant
撕,sī,level,sp04|sp08,level,sp12,w141b0702,"rip, tear"
踸,chěn,oblique,s26,oblique,s47,w348b0704,-
胖,pàng,oblique|level,q15|sp14,,,,"fat, obese"
酗,xù,oblique,q07,oblique,q10,w414a0106,"drunk, to become violent under the influence of alcohol"
紊,wěn,oblique,q13,oblique,q23,w429a0901,"confused, disorder"
狵,máng,,,level,sp04,w115b1006,blend
蹒,pán,level,sp14,level,sp26,w159b0606,to jump over
馌,yè,oblique,r16,oblique,r29,w547b0801,carry meal to workers in field
鸹,guā,oblique,r08|r07,oblique,r13,w520a1003,the crow
噱,jué,oblique,r10,oblique,r18,w529a0602,"laugh heartily, laugh aloud"
梐,bì,,,level,sp12,w140b1002,fence
檞,jiě,,,oblique,s12,w320a0204,a kind of oak
飂,liù,oblique|level,q26|xp11|xp02,level,xp18,w237a0602,wind in high places
窆,biǎn,oblique,q29,oblique,q55,w453a0805,to put a coffin in a grave
糒,bèi,oblique,q10|q04,oblique,q06,w407b0102,food for a journey
玼,cǐ,oblique|level,sp04|s04,level,sp05,w119b0506,beautiful color of gem
鸨,bǎo,oblique,s19,oblique,s32,w336a0504,bustard
滆,gé,oblique,r11,oblique,r21,w535a0202,a lake in Jiangxu
鲨,shā,level,xp06,level,xp09,w219a0908,shark
幺,yāo,,,level,xp03,w208b0603,one
煼,chǎo,,,oblique,s31,w335a0101,"to fry, sauté"
奰,bì,,,,,,anger
噩,è,oblique,r10,oblique,r19,w531a0104,"bad, ill-omened, unlucky"
轿,jiào,oblique|level,q18|xp02,level,xp04,w210b0806,"sedan-chair, palanquin"
奡,ào,oblique,q20,oblique,q37,w440a0705,arrogant
镈,bó,oblique,r10,oblique,r19,w531b0704,large bell
虙,fú,oblique,r01,oblique,r01,w504a0601,-
扛,káng,level,sp03,level,sp04,w115b0801,carry on shoulders
顸,hān,oblique|level,q15|sp14,level,sp25,w158a0602,"large face, flat face"
眶,kuàng,level,xp07,level,xp10,w224a0402,eye socket
弑,shì,,,oblique,q07,w410a0102,to kill one's superior
滦,luán,,,level,sp26,w159b0101,river and county in Hebei province
榰,zhī,level,sp04,level,sp05,w117a0203,-
惔,tán,level,xp13,level,xp23,w247a0801,cheerful
茙,róng,level,sp01,level,sp01,w109a0604,-
痔,zhì,oblique,s04,oblique,s06,w311a0201,"hemorrhoids, piles"
帤,rú,level,sp06,level,sp09,w132b0103,-
搂,lǒu,level,xp11,level,sp10,w135a0807,"hug, embrace"
莴,wō,,,,,,lettuce
狲,sūn,level,sp13,level,sp23,w155b0704,monkey
僦,jiù,oblique,q26,oblique,q49,w449b0604,to heir
蓺,yì,,,oblique,q13,w420b0502,art
錞,chún,oblique|level,s10|sp11|q11,level,sp18,w150a0304,instrument
礒,yǐ,,,oblique,s04,w306a0501,-
欬,kài,oblique,q10|q04|q11,oblique,q17,w425a0301,cough
甒,wǔ,oblique,s07,oblique,s09,w315a1005,jar
芑,qǐ,oblique,s04,oblique,s06,w311a0403,white millet
碻,què,,,oblique,r04,w510b0405,solid
肄,yì,oblique,q04,oblique,q06,w409a0803,"learn, practice, study"
阼,zuò,oblique,q07,oblique,q11,w416a0507,the steps leading to the eastern door
猺,yáo,level,xp02,level,xp04,w210a0203,jackal
憺,dàn,oblique,s27|q28,oblique,s49,w351a0103,peace
摺,zhé,oblique,r16,oblique,r27,w545a1004,"fold, bend"
犗,jiè,oblique,q10,oblique,q17,w425a0105,castrated bull
拮,jié,oblique,r09|r04,oblique,r05,w512a0302,"laboring hard, occupied"
緉,liǎng,oblique,q23|s22,oblique,s36,w339b1001,a pair
渰,yǎn,oblique|level,xp13|s28,oblique,s50,w352a0302,(of cloud) forming or rising
蝌,kē,level,xp05,level,xp08,w217b0104,tadpole
簬,lù,oblique,q07,oblique,q11,w415b0103,-
脁,tiǎo,oblique|level,s17|q18|xp02,oblique,q35,w439a0202,to offer flesh in sacrifice
瑿,yī,,,,,,a black stone like jade
噂,zǔn,oblique,s13,oblique,s21,w325b0605,meet
掴,guāi,oblique,r11,oblique,r21,w534a0901,"box one's ears, slap"
侲,zhèn,oblique|level,q12|sp11,level,sp17,w147a0601,-
槩,gài,,,oblique,q19,w426b0305,"generally, approximately"
氄,rǒng,oblique,s02,oblique,s02,w303b0305,down
蝈,guō,oblique,r11,oblique,r21,w534a0801,small green frog
螃,páng,level,xp07,level,xp11,w227a0505,crab
戳,chuō,,,,,,"prick, stab"
臄,jué,oblique,r10,oblique,r18,w529a0703,palate
駏,jù,oblique,s06,oblique,s08,w313b0504,offspring of a stallion and a she-mule
甋,dì,,,oblique,r23,w538a0603,a jar without ears
鳝,shàn,oblique,s16,,,,eel
韅,xiǎn,oblique,s16,oblique,s27,w329a0402,harness
羵,fén,level,sp12,level,sp20,w151b0902,spirit
蟨,jué,oblique,r06,oblique,r10,w516b0504,the Siberian jerboa
嵎,yú,level,sp07,level,sp10,w132b0601,mountain recess
礰,lì,,,,,,-
匌,gé,,,oblique,r27,w544b0704,-
溔,yǎo,oblique,s17,oblique,s30,w334a0103,-
酖,zhèn,level,xp13,level,xp22,w246b0903,wine with bird poison added
濊,huì,oblique,q11|q09|r07,oblique,q14,w422b0306,"vast, expansive, deep"
蚝,háo,oblique,q04,oblique,q07,w409b1001,oyster
矐,huò,oblique,r10,oblique,r19,w531a0903,-
坨,tuó,,,,,,"a lump, heap"
綀,shū,level,sp06,level,sp09,w131a0402,a kind of sackcloth
礜,yù,oblique,q06,oblique,q09,w413a0601,-
邱,qiū,level,xp11,level,xp18,w239b0301,surname
禨,jī,oblique,q05,level,sp08,w129a0607,pray for good fortune
轵,zhǐ,oblique,s04,oblique,s04,w304b0804,end of axle
龈,kěn,oblique,s13,level,sp21,w152b1002,gums
愐,miǎn,oblique,s16,oblique,s28,w331a0102,bashful
畇,yún,level,sp11,level,sp18,w150a0102,land
皲,jūn,oblique|level,q13|sp12,level,sp20,w152a1001,"crack, chap"
鲇,nián,,,level,xp25,w250a0402,"sheatfish, Parasilurus asotus"
蓣,yù,oblique,q06,oblique,q09,w413a0705,yam
祎,yī,level,sp04|sp05,level,sp05,w121a0304,excellent
剁,duò,oblique,q21,,,,"chop by pounding, mince, hash"
霔,zhù,,,oblique,q10,w413b0806,-
鎝,dā,,,,,,"(TC) technetium (element 43, Tc)"
脽,shuí,level,sp04,level,sp06,w125a0707,(Cant.) a child's penis
鴥,yù,,,,,,swoop
蚿,xián,level,xp01,level,xp01,w202a1001,millipede
鼾,hān,level,sp14,level,sp25,w158a0603,snore loudly
尨,máng,level,sp03,level,sp04,w116a0101,shaggy haired dog
盝,lù,oblique,r01,oblique,r01,w503a0204,drip
琫,běng,oblique,s01,oblique,s01,w303a0203,ornament
蓻,zí,oblique,q08,oblique,r26,w543b0405,(Cant.) classifier for hair
嶭,niè,oblique,r09|r07,oblique,r12,w519b0303,"elevated, lofty"
跫,qióng,oblique|level,sp03|r02|sp02,level,sp04,w116b0206,sound of footsteps
韧,rèn,oblique,q12,oblique,q21,w427b0402,"strong and pliable, resilient"
羑,yǒu,oblique,s25,oblique,s44,w346b0203,a guide to goodness
扅,yí,,,level,sp05,w117a0702,"gate bar, bolt"
舕,tàn,,,oblique,q54,w453a0104,to stick out the tongue
擦,cā,,,,,,"wipe, scrub, rub, scour"
哨,shào,oblique|level,q18|xp02,level,xp04,w208b1002,"whistle, blow whistle"
窎,diào,,,oblique,q34,w437b0801,deep
瀩,duì,,,,,,-
驵,zǎng,oblique|level,sp06|s22,oblique,s10,w317b0604,"excellent horse, noble steed"
僛,qī,level,sp04,level,sp07,w127a0502,tipsy reel
谡,sù,oblique,r01,oblique,r01,w504b0104,rise up
蘙,yì,oblique,q08,oblique,q12,w418a0506,-
骴,cī,oblique|level,sp04|q04,level,sp05,w119b0505,a putrid carcase
嘬,chuài,oblique,q10,oblique,q17,w425a0101,to lap
绖,dié,oblique,r09,oblique,r16,w524a0307,white hempen cloth worn by mourners
铚,zhì,oblique,r04,oblique,r05,w511b0202,a sickle
黡,yǎn,oblique,s28,oblique,s50,w351b0503,"mole, scar, blemish"
篓,lǒu,oblique|level,s07|xp11|s25,level,xp19,w242a0902,bamboo basket
剟,duō,oblique,r05|r09|r07,oblique,r13,w521a0304,to prick
馏,liú,oblique,q26,level,xp18,w237a1006,"distill, distillation"
蛹,yǒng,oblique,s02,oblique,s02,w303b1002,"chrysalis, larva"
妷,zhí,,,oblique,r05,w511b0507,brother's child
罼,bì,oblique,r04,oblique,r05,w513a0505,-
糖,táng,,,level,xp11,w224b0504,sugar
漰,pēng,level,xp10,level,xp17,w236b0505,roar
矱,yuē,,,,,,"measure, standard, criterion"
僝,chán,oblique|level,sp15|s15,level,sp28,w161a0903,to revile
焄,xūn,level,sp12,level,sp20,w152a0702,rising flames or fumes
柬,jiǎn,oblique,q17|s15,oblique,s26,w328a0803,"letter, invitation"
韎,mèi,oblique,r07,oblique,r13,w520a0304,red
悝,kuī,oblique|level,sp10|s04,level,sp15,w144b0304,to laugh at to pity
瀜,róng,level,sp01,level,sp01,w109b0203,-
娴,xián,level,sp15,level,sp28,w161a0601,"elegant, refined"
逌,yōu,,,,,,please
璊,mén,level,sp13,level,sp23,w155a0904,reddish
覼,luó,,,level,xp08,w217a0501,to explain in detail
碯,nǎo,,,oblique,s32,w335b0203,"agate, cornelian"
滀,chù,oblique,r01,oblique,r01,w507a0602,a body of water
鹾,cuó,level,sp04|xp05,level,xp07,w215b0303,salty
璐,lù,oblique,q07,oblique,q11,w415b0101,beautiful variety of jade
蛣,qī,oblique,r09|r04,oblique,r05,w512a0701,(dung) beetle
舋,xìn,,,oblique,q21,w428a0904,split
廿,niàn,oblique,r14,oblique,r26,w543b0204,"twenty, twentieth"
斨,qiāng,level,xp07,level,xp10,w224a0103,axe
扩,kuò,oblique,r10,oblique,q42,w445b0704,"expand, enlarge, stretch"
觯,zhì,oblique|level,sp04|q04,level,sp05,w117a0202,wine goblet made from horn
趟,tàng,level,xp08,level,xp12,w228b0702,"time, occasion"
龠,yuè,oblique,r10,oblique,r18,w528a0304,flute
駃,jué,oblique,q10|r09,oblique,q17,w424b0803,gallop
狶,xī,,,,,,-
蛜,yī,,,level,sp06,w123b1002,-
襮,bó,oblique,r02,oblique,r02,w507b1007,collar
刌,cǔn,oblique,s13,oblique,s21,w325b0402,cut up small
螵,piāo,level,xp02,level,xp04,w210b0104,a chrysalis
噍,jiào,,,level,xp04,w209b0202,chew
洌,liè,oblique,r09,oblique,q13,w420b1007,clear
屝,fèi,oblique,q05,oblique,q08,w411b0604,straw shoes
榝,shā,oblique,r08,oblique,r14,w522a0702,-
軨,líng,level,xp09,level,xp15,w233b0205,wooden cross-piece on front inside of carriage box
髿,suō,,,level,xp08,w216b0503,-
絓,guà,oblique,q10,level,sp13,w143a0404,obstructed
佪,huí,,,level,sp15,w144b0705,hesitate
樕,sù,oblique,r01,oblique,r01,w502b0605,shrub
僖,xī,level,sp04,level,sp07,w127b0509,"joy, gladness, delight"
隃,shù,level,sp07,level,sp10,w134a0806,to exceed
韣,dú,oblique,r01,oblique,r01,w502a0403,bow-bag
琲,bèi,oblique,s10|q11,oblique,s14,w321a0601,necklace
餮,tiè,oblique,r09|s16,oblique,r16,w524a1001,a legendary animal
洴,píng,,,level,xp15,w234b0103,sound
锹,qiāo,,,,,,shovel
戽,hù,oblique,q07,oblique,s10,w317b0902,to bale out water
旺,wàng,oblique,q23,oblique,q41,w444b0904,prosper
鮹,shāo,level,xp03,level,xp04,w208b1004,"an octopus, devilfish"
偾,fèn,oblique,q13,oblique,q23,w429b0604,"ruin, cause fail"
蓓,bèi,oblique,s10,oblique,s15,w322a0103,bud
痁,shān,oblique|level,q29|xp14,level,xp24,w248b0803,chronic malaria
赶,gǎn,,,level,sp22,w154b0204,"pursue, follow"
缢,yì,oblique,q04,oblique,q05,w405b0803,"hang, strangle"
峿,yǔ,oblique,s06,level,sp11,w138b0101,mountain
怔,zhēng,level,xp08,level,xp14,w231b0406,a disease resembling neurosis
滍,zhì,oblique,s04,oblique,s05,w309a0102,place in Henan
柈,bàn,,,level,sp26,w159b0508,container
皠,cuǐ,,,oblique,s14,w321a0405,-
麂,jǐ,oblique,s04,oblique,s05,w308a1001,"muntjac, barking deer"
榑,fú,,,level,sp10,w135b0302,-
犨,chōu,level,xp11,level,xp18,w238b0301,panting of cow
枮,xiān,level,xp14,level,xp21,w244b0201,-
綮,qǐ,oblique,s08,oblique,s11,w319a0805,embroidered banner
拼,pīn,,,level,xp13,w230a0703,"join together, link, incorporate"
釂,jiào,oblique,q18,oblique,q35,w438b0808,drain
曭,tǎng,oblique,s22,oblique,s37,w341b0302,overcast day
巀,jié,oblique,r09,oblique,r12,w519b0202,-
磁,cí,level,sp04,,,,magnetic
阋,xì,oblique,r12,,,,"feud, fight, quarrel"
晛,xiàn,oblique,s16,oblique,s27,w329a0203,sunlight
蔀,bù,oblique,s25,oblique,s45,w347a0907,screen
鬔,péng,,,,,,-
蔿,wěi,,,oblique,s04,w306a0701,surname
椤,luó,,,level,xp07,w216a0102,tree
眹,zhèn,oblique,s11,oblique,s16,w322b0103,pupil
櫑,léi,oblique,s10,level,sp15,w145a0402,-
懂,dǒng,oblique,s01,,,,"understand, comprehend"
楔,xiē,oblique,r09|r08,oblique,r14,w522a0302,wedge
珞,luò,oblique,r10,oblique,r19,w530a0404,kind of necklace
蓛,cè,,,,,,-
矑,lú,,,level,sp11,w138b0806,the pupil of the eye
棓,bàng,level,xp11,level,sp15,w145b0405,"hit, strike"
櫩,yán,,,level,xp24,w248a0501,-
韺,yīng,level,xp08,level,xp12,w228a0604,music
昶,chǎng,oblique,s22,oblique,s36,w340b0303,a long day. bright. extended. clear
鬋,jiǎn,oblique|level,q17|s16|xp01,level,xp02,w204a0504,"forelock, bangs"
懡,mǒ,,,oblique,s34,w337b0701,-
眴,xuàn,oblique|level,q17|sp11,level,sp18,w149b1002,dazzled
袗,zhěn,oblique|level,q12|sp11|s11,oblique,s16,w322a0407,unlined garments
跷,qiāo,level,xp02,level,xp04,w211a0204,raise one's foot
胏,zǐ,oblique,s04,oblique,s06,w311b0505,meat
藷,shǔ,level,sp06,level,sp09,w131b0902,"yam, tuber, potato"
莆,pú,oblique,s07,oblique,s09,w315a0103,a kind of legendary tree
蚑,qí,oblique|level,sp04|q04,level,sp05,w118b0305,tip-toe
滫,xiǔ,oblique|level,xp11|s25,oblique,s44,w346b0702,water in which rice has been boiled
桶,tǒng,oblique,s01,oblique,s01,w302b0601,"pail, bucket, tub"
斌,bīn,level,sp11,level,sp17,w149b0305,"refined, having both appearance"
钁,jué,oblique,r10,oblique,r18,w529a1004,a mattock
陜,xiá,oblique,s28,,,,narrow
蝛,wēi,level,sp05,level,sp08,w128b1004,"the sow-bug, wood-louse"
姆,mǔ,oblique,q26|s25,oblique,q50,w450b0302,child's governess
簜,dàng,oblique,s22,level,xp11,w226b0104,bamboo
碡,dú,oblique,r01,oblique,r01,w502a0305,stone roller used to level fields
磝,áo,level,xp03,level,xp05,w212b0101,-
鄞,yín,level,sp12|sp11,level,sp17,w149a0305,county in Zhejiang province
诪,zhōu,level,xp11,level,xp18,w240b0202,"deceive, cheat"
泖,mǎo,oblique,s18,oblique,s31,w334b0401,still waters
镠,liú,level,xp11,level,xp18,w237b0202,pure gold
嫄,yuán,level,sp13,level,sp22,w153a0402,"an ancient emperor's mother's name, Qiang Yuan, consort to Gu"
餦,zhāng,,,level,xp10,w222b0601,"candy, pastry"
谳,yàn,oblique,q17|r09|s16,oblique,s28,w330b0706,"to decide, judge"
涞,lái,,,level,sp16,w146b0207,river in Hebei province
谫,jiǎn,oblique,s16,,,,shallow
鄯,shàn,oblique,q17,oblique,s28,w330b0103,district in Gansu during the Tang dynasty
媠,tuǒ,,,oblique,s34,w337b0504,-
倕,chuí,oblique|level,sp04|q04,level,sp05,w117b1005,-
蔂,léi,,,level,sp06,w124b0201,"basket, hod"
芄,wán,level,sp14,level,sp26,w158a0905,a sedgy plant
蝓,yú,level,xp11|sp07,level,sp10,w134b0706,snail
憍,jiāo,oblique|level,s17|xp02,level,xp04,w209a0808,"be haughty, proud, arrogant"
禬,guì,oblique,q09,oblique,q14,w422a0904,-
煜,yù,oblique,r14|r01,oblique,r01,w505a0905,"bright, shining, brilliant"
舔,tiǎn,,,,,,lick with tongue
臈,là,,,oblique,r28,w545b1007,year end sacrifice
埳,kǎn,,,oblique,s48,w350a0705,"a pit, a hole, a snare, a danger"
瞆,kuì,oblique,q10,oblique,q06,w409b0301,dim
銙,kuǎ,oblique,s21,oblique,s35,w339b0102,-
忲,tài,,,,,,extravagant
蜇,zhē,,,oblique,r17,w526a0404,jellyfish
揵,qián,oblique|level,s13|xp01,level,xp02,w206b0703,carry
缞,cuī,level,sp10,level,sp15,w145a0802,sackcloth worn on breast during
殣,jìn,oblique,q12,oblique,q21,w428b0102,die
舚,tiàn,,,level,xp25,w249b0804,to put out the tongue
羚,líng,level,xp09,level,xp15,w233b1007,species of antelope
冁,chǎn,,,,,,smile
柤,zhā,,,level,xp09,w219b0505,hawthorn
疢,chèn,oblique,q12,oblique,q21,w428b0504,"aching of limbs, muscular pains"
豝,bā,level,xp06,level,xp09,w219a0801,sow (female pig)
瀔,gǔ,,,oblique,r01,w502a0701,river name in Henan province
碟,dié,,,,,,"small dish, plate"
榄,lǎn,oblique,s27,oblique,s49,w350b0702,olive
澴,huán,level,sp15,level,sp27,w160b0203,river in Hubei province
宄,guǐ,oblique|level,xp11|s04,oblique,s05,w308b0703,a traitor
谞,xū,oblique|level,sp06|s06,level,sp09,w130b0801,knowledge
罐,guàn,oblique,q15,,,,"jar, jug, pitcher, pot"
哤,máng,level,sp03,level,sp04,w116a0103,jargon
姤,gòu,oblique,q26,oblique,q50,w451a0502,mate
膰,fán,level,sp13,level,sp22,w153b0404,to cook meat for a sacrifice or offering
滏,fǔ,,,oblique,s09,w315b0305,river in Hebei
咦,yí,,,level,sp06,w125b0603,exclamation of surprise
鲰,zōu,oblique|level,xp11|s25,level,sp10,w135a0701,small fish
鼛,gāo,level,xp04,level,xp06,w213a0501,drum
罦,fú,level,xp11|sp07,level,sp10,w136a0109,net
礌,léi,,,,,,roll a stone downhill
廋,sōu,oblique|level,xp11|s25,level,xp18,w239b0802,"conceal, hide"
喊,hǎn,oblique,s27|s29,oblique,s49,w351a0304,"shout, call out, yell"
捡,jiǎn,oblique,s28,oblique,s50,w351a0803,to pick up
咈,fú,oblique,r05,oblique,r08,w515b0702,oppose
嘑,hū,,,level,sp11,w138a0301,to menace
芿,rèng,,,oblique,q47,w448a0106,grass which has been cut and regrown
磾,dī,level,sp08,level,sp12,w140a0703,dyestuff (black-colored mineral)
竣,jùn,level,sp11|xp01,level,sp18,w150a1003,"terminate, end, finish"
滃,wēng,oblique,s01,oblique,s01,w302b1006,"swelling, rising, dispersing"
浟,yóu,level,xp11,level,xp18,w237b0705,-
烱,jiǒng,,,,,,"bright, brilliant, clear"
窬,yú,oblique|level,q26|sp07,level,sp10,w134b0403,a small door or window
躐,liè,oblique,r16,oblique,r29,w547a0103,to stride over
蜑,dàn,oblique,s14,oblique,s23,w326b0401,egg
疃,tuǎn,,,oblique,s24,w327a0505,hamlet
轇,jiāo,level,xp03,level,xp05,w211b0404,"complicated, confused"
绒,róng,level,sp01,level,sp01,w109a0801,"silk, cotton, or woolen fabric"
馒,mán,level,sp14,level,sp26,w159b0905,steamed bread
篯,jiān,oblique|level,s16|xp01,level,xp01,w202a0205,surname
蔘,shēn,level,xp12,level,xp21,w245b0605,ginseng
壸,kǔn,oblique,s13,oblique,s21,w326a0202,palace corridor or passageway
硪,wò,oblique|level,xp05|s20,level,xp07,w215b0704,a tool for making rammed earth
憁,còng,,,,,,-
呰,zǐ,oblique,s04,oblique,s04,w307b0201,"to slander, revile"
诂,gǔ,oblique,q07|s07,oblique,s10,w317b0203,"exegesis, explanation"
澼,pì,oblique,r12|r11,oblique,r23,w537b0709,bleach
臡,ní,level,xp05|sp08,level,sp12,w142a0701,-
鞫,jū,oblique,r01,oblique,r01,w505a0105,"interrogate, question"
耔,zǐ,oblique|level,sp04|s04,oblique,s06,w311b0104,to hoe up the earth around plants
汕,shàn,oblique,q16|s15,oblique,s26,w328a0502,basket for catching fish
桫,suō,level,xp05,level,xp07,w215a0703,horse chestnut
稏,yà,,,oblique,q40,w442a0904,a kind of rice plant
薶,mái,,,level,sp14,w144a0601,"to bury, to stop up"
猵,biān,,,level,xp01,w203b0405,-
憃,chōng,level,sp03|sp02,level,sp03,w113b0705,"foolish, stupid, dull, silly"
咢,è,oblique,r10,oblique,r19,w530b0806,sound
蒟,jǔ,oblique,q07|s07,oblique,s09,w316b0104,betel pepper
噣,zhòu,oblique,r03,oblique,q49,w449a0302,a beak
珓,jiào,oblique,q19,oblique,q36,w439a0704,two hemispherical objects used in divination
莨,làng,level,xp07,level,xp11,w225a0801,"herb, Scopolia japonica"
衄,nǜ,oblique,r01,oblique,r01,w505b0404,"epistaxis, nosebleed"
诼,zhuó,oblique,r03,oblique,r04,w510a0207,slander
懜,měng,,,level,sp01,w109b0402,"dull, stupid, doltish"
浈,zhēn,,,level,xp13,w230a0804,river in Guangdong province
餭,huáng,level,xp07,level,xp11,w226a0505,dried sweetmeat
亶,dǎn,oblique,s14,oblique,s23,w326a0906,sincere
咡,èr,oblique,q04,level,sp07,w127a0302,side of mouth
弨,chāo,level,xp02,level,xp04,w211a0302,bow
忼,kāng,,,level,xp11,w226b0605,ardent
澉,gǎn,oblique,s27,oblique,s49,w350b0601,to wash name of a place
婐,wǒ,oblique,s20,level,xp09,w218b0303,maid
吰,hóng,level,xp08,level,xp13,w229b0602,clang
锈,xiù,oblique,q26,,,,"rust, corrode"
髋,kuān,level,sp14,level,sp23,w156b0204,hipbone
齯,ní,level,sp08,level,sp12,w141a0904,teeth grown in old age
鸃,yí,level,sp04,,,,-
渣,zhā,level,xp06,level,xp09,w219b0607,"refuse, dregs, lees, sediment"
嬿,yàn,oblique,q17,oblique,s27,w328b0807,lovely
碜,chěn,,,oblique,s47,w349a0702,gritty
鞑,dá,,,,,,the Tatars
扊,yǎn,,,oblique,s50,w351a0703,upright bar for fastening door
迒,háng,,,level,xp11,w225b0604,footprints of passing animals
餤,tán,level,xp13,level,xp23,w247a0902,incite
篿,tuán,level,xp01,level,sp26,w158b0902,-
篂,xīng,,,level,xp15,w233a0305,-
弸,péng,level,xp08,level,xp13,w230a0404,a bow stretched to the full
泔,gān,level,xp13,level,xp23,w247b0204,"water from washing rice to boil thick, as gruel"
芫,yán,level,sp13,level,sp22,w153a0602,Daphne genkwa
裼,tì,oblique,q08|r12,oblique,r23,w537b0502,to take off one's top
朘,zuī,level,xp01,level,xp02,w205b0602,"wane, reduce, contract"
闶,kāng,oblique,q23,oblique,q42,w445b0201,door
媕,ān,level,xp13,level,xp22,w246a1002,undecided
娵,jū,level,xp11|sp07,level,sp10,w136a0503,star
型,xíng,level,xp09,level,xp15,w232b0205,"pattern, model, type"
彍,guō,,,oblique,r19,w532a0204,to draw a bow to the full
葐,pén,,,level,sp20,w151b1006,-
趿,tā,oblique,r15,oblique,r27,w544b1006,to tread on
赝,yàn,oblique,q16,oblique,q30,w434a0104,false
箳,píng,,,level,xp14,w231b0902,bamboo mat used to protect carriage passengers from dust (vulgar form)
獝,xù,oblique,r04,oblique,r05,w514a0203,devil
谚,yàn,oblique,q17,oblique,q33,w436a0701,"proverb, maxim"
鴽,rú,level,sp06,level,sp09,w132a0404,a species of bird resembling quail
匊,jū,oblique,r01,oblique,r01,w505a0102,handful
鸴,xué,oblique,r03,oblique,r04,w511a0101,"oriental bullfinch, weaver bird"
郓,yùn,oblique,q13,oblique,q23,w429b0105,surname
薯,shǔ,oblique,q06,oblique,q09,w412b0406,"yam, tuber, potato"
枵,xiāo,level,xp02,level,xp04,w209a0405,hollow stump of a tree
溲,sōu,oblique|level,xp11|s25,,,,urinate
樏,lěi,oblique|level,sp04|s04,oblique,s04,w305b0802,sedan
罿,chōng,level,sp01,level,sp01,w108a0805,net catch birds
聂,niè,oblique,r16,oblique,r29,w547a0606,whisper
疱,pào,oblique,q19,oblique,q36,w439b0403,acne
柅,nǐ,oblique|level,sp04|s04,level,sp06,w123a0802,flourish
某,mǒu,oblique,s07|s25,oblique,s45,w347a0602,certain thing or person
踢,tī,oblique,r12,oblique,r23,w538b0802,kick
眵,chī,level,sp04,level,sp05,w117a0303,eyes diseased and dim
谺,xiā,,,level,xp09,w220a0802,the mouth of a valley
诖,guà,oblique,q10,oblique,q15,w423a0602,"error, mistake"
颧,quán,level,xp01,level,xp02,w207a0102,cheek bones
枅,jī,level,sp08|xp01,level,sp12,w141a0201,-
獧,juàn,,,oblique,q32,w435a0306,rash
瘝,guān,,,,,,illness
頫,fǔ,,,oblique,s09,w314b0901,bow
狌,shēng,level,xp08,level,xp12,w229a0203,livestock
儳,chán,oblique|level,xp15|q30,level,xp26,w250b0704,obstinate
磳,zēng,level,xp10,level,xp16,w235b0903,-
薍,wàn,oblique,q16,oblique,q30,w434a0804,-
稆,lǚ,,,oblique,s08,w312b0701,wild grain
俏,qiào,oblique,q18,oblique,q35,w438b0601,"like, similar"
柷,chù,oblique,r01,oblique,r01,w505a0701,instrument
熹,xī,level,sp04,level,sp07,w127b0704,"dim light, glimmer"
顑,kǎn,,,oblique,s48,w350a0706,yellow
虡,jù,oblique,s06,oblique,s08,w313b0403,support structure for bell
呢,ne,level,sp04,level,sp06,w123a0901,interrogative or emphatic final
淖,nào,oblique,q19,oblique,q36,w439b0605,slush
酾,shāi,oblique|level,sp04|s04,level,sp05,w121a1001,strain
锣,luó,level,xp05,level,xp07,w216a0104,gong
蓱,píng,,,level,xp15,w234a1005,-
椮,sēn,oblique|level,s27|xp12,level,xp21,w245b0701,leafless
蚪,dǒu,oblique,s25,oblique,s45,w347b0102,tadpole
昱,yù,oblique,r01,oblique,r01,w505a1001,"bright light, sunlight"
摏,chōng,,,level,sp03,w113b0702,pound
诒,yí,oblique|level,sp04|s10|q04,level,sp07,w126a0202,"bequeath, pass on to future generations"
纕,rǎng,level,xp07,level,xp10,w223a0504,belt
猳,jiā,,,level,xp09,w218b0805,-
忺,xiān,level,xp14,,,,happy
琭,lù,oblique,r01,oblique,r01,w503a0102,jade like stone
蕡,fén,level,sp12,level,sp20,w151b1001,"luxurious, abundant"
豭,jiā,level,xp06,level,xp09,w218b0804,"boar, male pig"
嬛,huán,level,xp08|xp01,level,xp02,w205b0702,"apt, clever"
仑,lún,level,sp11|sp13,level,sp18,w150a0804,"logical reasons, logical order"
癞,lài,oblique,q09,oblique,q14,w422b1005,"leprosy, scabies, mange"
淜,píng,level,xp10,level,xp16,w235a0503,roar of dashing waves
槥,huì,oblique,q08,oblique,q13,w419a0706,coffin
橄,gǎn,oblique,s27,oblique,s49,w350b0505,olive
耙,bà,,,,,,rake
堮,è,oblique,r10,oblique,r19,w531a0204,a boundary
聱,áo,level,xp03,level,xp05,w212a1003,bent and twisted
鬈,quán,level,xp01,level,xp02,w207a0303,fine growth of hair
镣,liào,oblique|level,q18|xp02,level,xp03,w208a1003,fetters
牣,rèn,oblique,q12,oblique,q21,w427b0405,"fill, stuff"
饙,fēn,level,sp12,level,sp20,w152a0302,-
漶,huàn,oblique,q15,oblique,q29,w432b0807,indecipherable
浡,bó,oblique,r06,oblique,r11,w517b0502,burst forth
